<?xml version="1.0" encoding="utf-8"?>
<COLLADA xmlns="http://www.collada.org/2005/11/COLLADASchema" version="1.4.1" xmlns:xsi="http://www.w3.org/2001/XMLSchema-instance">
  <asset>
    <contributor>
      <author>Blender User</author>
      <authoring_tool>Blender 4.4.3 commit date:2025-04-29, commit time:14:09, hash:802179c51ccc</authoring_tool>
    </contributor>
    <created>2025-07-02T16:35:16</created>
    <modified>2025-07-02T16:35:16</modified>
    <unit name="meter" meter="1"/>
    <up_axis>Z_UP</up_axis>
  </asset>
  <library_effects>
    <effect id="Material_001-effect">
      <profile_COMMON>
        <technique sid="common">
          <lambert>
            <emission>
              <color sid="emission">0 0 0 1</color>
            </emission>
            <diffuse>
              <color sid="diffuse">0.09577408 0.8001648 0.3885356 1</color>
            </diffuse>
            <index_of_refraction>
              <float sid="ior">1.5</float>
            </index_of_refraction>
          </lambert>
        </technique>
      </profile_COMMON>
    </effect>
  </library_effects>
  <library_images/>
  <library_materials>
    <material id="Material_001-material" name="Material.001">
      <instance_effect url="#Material_001-effect"/>
    </material>
  </library_materials>
  <library_geometries>
    <geometry id="Cube_001-mesh" name="Cube.001">
      <mesh>
        <source id="Cube_001-mesh-positions">
          <float_array id="Cube_001-mesh-positions-array" count="11784">-0.6352034 -0.6352034 -1 -0.6352034 -1 -0.6352034 -1 -0.6352034 -0.6352034 -0.6352034 -1 0.6352034 -0.6352034 -0.6352034 1 -1 -0.6352034 0.6352034 -0.6352034 0.6352034 -1 -1 0.6352034 -0.6352034 -0.6352034 1 -0.6352034 -0.6352034 0.6352034 1 -0.6352034 1 0.6352034 -1 0.6352034 0.6352034 0.6352034 -0.6352034 -1 1 -0.6352034 -0.6352034 0.6352034 -1 -0.6352034 0.6352034 -0.6352034 1 0.6352034 -1 0.6352034 1 -0.6352034 0.6352034 0.6352034 0.6352034 -1 0.6352034 1 -0.6352034 1 0.6352034 -0.6352034 0.6352034 0.6352034 1 1 0.6352034 0.6352034 0.6352034 1 0.6352034 0.007483899 0.3456903 1.008521 0.1859679 0.1253765 -0.5582113 -0.1710001 0.1253765 -0.5582113 0.02815479 0.3008214 0.9784165 0.05112302 0.2580893 0.8892593 0.07550597 0.2191361 0.7444782 0.1003667 0.1854588 0.5496359 -0.01318693 0.3008214 0.9784165 0.007250368 0.2662084 0.8893595 0.02913075 0.2320936 0.8089676 0.0515998 0.2011119 0.6868525 0.07333612 0.1747822 0.5165939 -0.03615522 0.2580893 0.8892593 -0.01457154 0.2328734 0.7974911 0.00739634 0.2075672 0.7181349 0.0286529 0.1847389 0.6155453 0.04764968 0.1651402 0.4719324 -0.06053817 0.2191361 0.7444782 -0.03686547 0.2017356 0.6776705 -0.01374351 0.184895 0.6132498 0.007483899 0.1701116 0.5316525 0.02441805 0.1569436 0.4132099 0.007483899 0.1520377 0.3513384 0.1477178 0.1211882 -0.5582113 0.1040787 0.1180762 -0.5582113 0.05672752 0.1161597 -0.5582113 0.007483899 0.1155126 -0.5582113 0.1683887 0.1277221 -0.2525582 0.1289611 0.1294413 -0.2592716 0.09010034 0.1269325 -0.260272 0.04928159 0.124756 -0.2615891 0.007637083 0.1238002 -0.2623272 0.1477178 0.1388562 0.04135036 0.1113316 0.139792 0.02795886 0.07629555 0.1370615 0.021142 0.04176366 0.1341959 0.01168251 0.007522165 0.1327414 0.006291389 0.1247496 0.1583517 0.3122177 0.09301829 0.1546238 0.2917719 0.06283795 0.1495226 0.2695046 0.03466027 0.1449484 0.2382507 0.007483899 0.142793 0.2203779 -0.1534209 0.1277221 -0.2525582 -0.13275 0.1388562 0.04135036 -0.1097818 0.1583517 0.3122177 -0.08539879 0.1854588 0.5496359 -0.13275 0.1211882 -0.5582113 -0.1137597 0.1282587 -0.2554689 -0.09677928 0.1377711 0.03366374 -0.07842963 0.1532437 0.2955752 -0.05852144 0.174593 0.5152493 -0.08911091 0.1180762 -0.5582113 -0.07430815 0.1268835 -0.2593217 -0.06124013 0.136618 0.02256774 -0.04796493 0.1491776 0.2704544 -0.03272014 0.165093 0.4715948 -0.04175966 0.1161597 -0.5582113 -0.033701 0.1249535 -0.2615891 -0.02664268 0.1342453 0.01168251 -0.01969242 0.1449484 0.2382507 -0.009450197 0.1569436 0.4132099 0.007483899 0.3456903 -17.04811 -0.1710001 0.1253765 -15.48137 0.1859679 0.1253765 -15.48137 -0.01318693 0.3008214 -17.018 -0.03615522 0.2580893 -16.92885 -0.06053817 0.2191361 -16.78406 -0.08539879 0.1854588 -16.58922 0.02815479 0.3008214 -17.018 0.00771743 0.2662084 -16.92894 -0.01416295 0.2320936 -16.84855 -0.03663194 0.2011119 -16.72644 -0.05836826 0.1747822 -16.55618 0.05112302 0.2580893 -16.92885 0.02953934 0.2328734 -16.83708 0.007571458 0.2075672 -16.75772 -0.0136851 0.1847389 -16.65513 -0.03268182 0.1651402 -16.51152 0.07550597 0.2191361 -16.78406 0.05183333 0.2017356 -16.71726 0.02871131 0.184895 -16.65284 0.007483899 0.1701116 -16.57124 -0.009450197 0.1569436 -16.4528 0.007483899 0.1520377 -16.39092 -0.13275 0.1211882 -15.48137 -0.08911091 0.1180762 -15.48137 -0.04175966 0.1161597 -15.48137 0.007483899 0.1155126 -15.48137 -0.1534209 0.1277221 -15.78703 -0.1139932 0.1294413 -15.78031 -0.07513254 0.1269325 -15.77931 -0.03431379 0.124756 -15.778 0.007330715 0.1238002 -15.77726 -0.13275 0.1388562 -16.08094 -0.09636372 0.139792 -16.06754 -0.06132769 0.1370615 -16.06073 -0.0267958 0.1341959 -16.05127 0.007445573 0.1327414 -16.04588 -0.1097818 0.1583517 -16.3518 -0.07805043 0.1546238 -16.33136 -0.04787009 0.1495226 -16.30909 -0.01969242 0.1449484 -16.27784 0.007483899 0.142793 -16.25996 0.1683887 0.1277221 -15.78703 0.1477178 0.1388562 -16.08094 0.1247496 0.1583517 -16.3518 0.1003667 0.1854588 -16.58922 0.1477178 0.1211882 -15.48137 0.1287275 0.1282587 -15.78412 0.1117472 0.1377711 -16.07325 0.09339749 0.1532437 -16.33516 0.0734893 0.174593 -16.55484 0.1040787 0.1180762 -15.48137 0.08927601 0.1268835 -15.78026 0.07620799 0.136618 -16.06215 0.06293272 0.1491776 -16.31004 0.047688 0.165093 -16.51118 0.05672752 0.1161597 -15.48137 0.04866886 0.1249535 -15.778 0.04161047 0.1342453 -16.05127 0.03466027 0.1449484 -16.27784 0.02441805 0.1569436 -16.4528 -0.158982 0.3679003 1.008521 -0.01565629 0.1046503 -0.5582113 -0.3657655 0.198989 -0.5582113 -0.1451701 0.3184306 0.9784165 -0.1287973 0.2704494 0.8892593 -0.1104928 0.2258008 0.7444782 -0.0909599 0.1862007 0.5496359 -0.1857177 0.3293563 0.9784165 -0.1706578 0.2900072 0.8893595 -0.1541109 0.2507656 0.8089676 -0.1365355 0.2144409 0.6868525 -0.1190087 0.1828727 0.5165939 -0.2143987 0.2935152 0.8892593 -0.1968613 0.2630798 0.7974911 -0.1789599 0.2324544 0.7181349 -0.1613994 0.2044471 0.6155453 -0.1455901 0.1802043 0.4719324 -0.243923 0.2617544 0.7444782 -0.2232112 0.238432 0.6776705 -0.2029588 0.2158044 0.6132498 -0.1842682 0.1956952 0.5316525 -0.1695559 0.1783049 0.4132099 -0.1868712 0.1779687 0.3513384 -0.05377453 0.1106514 -0.5582113 -0.09702342 0.1191319 -0.5582113 -0.1437408 0.1297661 -0.5582113 -0.1921314 0.1421453 -0.5582113 -0.03255987 0.1115965 -0.2525582 -0.07098233 0.1237028 -0.2592716 -0.1094577 0.1315122 -0.260272 -0.1498056 0.1401649 -0.2615891 -0.1907876 0.1502332 -0.2623272 -0.05123001 0.1279797 0.04135036 -0.08678251 0.1385135 0.02795886 -0.1215385 0.1450951 0.021142 -0.1558195 0.1514103 0.01168251 -0.1896126 0.1590329 0.006291389 -0.07094931 0.1531703 0.3122177 -0.1026078 0.1579002 0.2917719 -0.132943 0.1608729 0.2695046 -0.161238 0.1638334 0.2382507 -0.1882027 0.1689015 0.2203779 -0.3481864 0.1966435 -0.2525582 -0.3263091 0.2021012 0.04135036 -0.3009745 0.2151519 0.3122177 -0.2731562 0.2352943 0.5496359 -0.3288536 0.1847728 -0.5582113 -0.3092098 0.1866885 -0.2554689 -0.2911857 0.1915305 0.03366374 -0.2709604 0.2018564 0.2955752 -0.24836 0.2175344 0.5152493 -0.2865011 0.1701877 -0.5582113 -0.2707144 0.1749137 -0.2593217 -0.2564955 0.1810077 0.02256774 -0.2416664 0.1898174 0.2704544 -0.2244226 0.2013981 0.4715948 -0.2403357 0.1557941 -0.5582113 -0.2311655 0.1622891 -0.2615891 -0.2229045 0.1695369 0.01168251 -0.2145464 0.1781975 0.2382507 -0.2027735 0.1872556 0.4132099 -0.158982 0.3679003 -17.04811 -0.3657655 0.198989 -15.48137 -0.01565629 0.1046503 -15.48137 -0.1857177 0.3293563 -17.018 -0.2143987 0.2935152 -16.92885 -0.243923 0.2617544 -16.78406 -0.2731562 0.2352943 -16.58922 -0.1451701 0.3184306 -17.018 -0.1701996 0.2898839 -16.92894 -0.1965728 0.2622073 -16.84855 -0.2230719 0.2377587 -16.72644 -0.2481825 0.2176793 -16.55618 -0.1287973 0.2704494 -16.92885 -0.1535977 0.2514223 -16.83708 -0.1787881 0.2324082 -16.75772 -0.202924 0.2156361 -16.65513 -0.2243783 0.2014343 -16.51152 -0.1104928 0.2258008 -16.78406 -0.1362165 0.2149909 -16.71726 -0.1613196 0.2045844 -16.65284 -0.1842682 0.1956952 -16.57124 -0.2027735 0.1872556 -16.4528 -0.1868712 0.1779687 -16.39092 -0.3288536 0.1847728 -15.48137 -0.2865011 0.1701877 -15.48137 -0.2403357 0.1557941 -15.48137 -0.1921315 0.1421453 -15.48137 -0.3481864 0.1966435 -15.78703 -0.3092685 0.1879103 -15.78031 -0.2715158 0.1751797 -15.77931 -0.2317948 0.1622574 -15.778 -0.1910881 0.1503142 -15.77726 -0.3263091 0.2021012 -16.08094 -0.2904871 0.1934027 -16.06754 -0.2565175 0.1814657 -16.06073 -0.2230618 0.169529 -16.05127 -0.1896878 0.1590532 -16.04588 -0.3009745 0.2151519 -16.3518 -0.2703897 0.2031099 -16.33136 -0.2415238 0.1901308 -16.30909 -0.2145464 0.1781977 -16.27784 -0.1882027 0.1689015 -16.25996 -0.03255987 0.1115965 -15.78703 -0.05123007 0.1279797 -16.08094 -0.07094931 0.1531703 -16.3518 -0.0909599 0.1862007 -16.58922 -0.05377459 0.1106514 -15.48137 -0.07138168 0.1226044 -15.78412 -0.08666586 0.1364216 -16.07325 -0.1024347 0.1564464 -16.33516 -0.1188856 0.1826467 -16.55484 -0.09702342 0.1191319 -15.48137 -0.1102732 0.131682 -15.78026 -0.1216883 0.1446831 -16.06215 -0.1328997 0.1605097 -16.31004 -0.1455594 0.1801477 -16.51118 -0.1437408 0.1297661 -15.48137 -0.1503782 0.1405204 -15.778 -0.1559627 0.1514991 -16.05127 -0.161238 0.1638334 -16.27784 -0.1695559 0.1783049 -16.4528 -0.319051 0.4336767 1.008521 -0.2163915 0.1376074 -0.5582113 -0.5461871 0.3226593 -0.5582113 -0.3126289 0.3815076 0.9784165 -0.3034808 0.3301214 0.8892593 -0.291958 0.2814933 0.7444782 -0.2785035 0.2374918 0.5496359 -0.3508238 0.4029391 0.9784165 -0.3417202 0.3603664 0.8893595 -0.3311427 0.3175054 0.8089676 -0.3191363 0.2772341 0.6868525 -0.3064927 0.2416405 0.5165939 -0.3841154 0.3753665 0.8892593 -0.3712981 0.3408812 0.7974911 -0.3581514 0.3061133 0.7181349 -0.3449618 0.2740032 0.6155453 -0.3329476 0.2460482 0.4719324 -0.4176465 0.3520185 0.7444782 -0.4006915 0.3236708 0.6776705 -0.384087 0.2961257 0.6132498 -0.3686516 0.2714634 0.5316525 -0.3567264 0.2505189 0.4132099 -0.3737574 0.2547653 0.3513393 -0.2529131 0.1535668 -0.5582128 -0.2941095 0.173314 -0.5582128 -0.3383978 0.1960902 -0.5582128 -0.3840757 0.2210203 -0.5582128 -0.2319698 0.1488875 -0.2525582 -0.2679105 0.1709151 -0.2592726 -0.3045219 0.1887426 -0.260272 -0.3428484 0.2078921 -0.2615891 -0.3815929 0.2285975 -0.2623277 -0.2479219 0.1698899 0.04135036 -0.2812741 0.189617 0.02795886 -0.3144145 0.205257 0.021142 -0.3471273 0.2205108 0.01168251 -0.3791732 0.2369178 0.006291389 -0.2636344 0.199808 0.3122177 -0.2940034 0.2128133 0.2917719 -0.3233274 0.223746 0.2695046 -0.3506525 0.2341271 0.2382507 -0.3763691 0.246224 0.2203779 -0.5292835 0.3157132 -0.2525582 -0.5070406 0.3152841 0.04135036 -0.4803133 0.3213889 0.3122177 -0.4501286 0.3337926 0.5496359 -0.5120317 0.2989611 -0.5582128 -0.4924896 0.2956487 -0.2554689 -0.4741146 0.2956344 0.03366374 -0.4527907 0.300417 0.2955752 -0.4283666 0.3098208 0.5152493 -0.4725936 0.2734635 -0.5582128 -0.4564296 0.2739267 -0.2593217 -0.4416063 0.2761459 0.02256774 -0.4257935 0.2808675 0.2704544 -0.4072132 0.2876684 0.4715948 -0.4293882 0.247146 -0.5582128 -0.4194587 0.2510927 -0.2615891 -0.4103127 0.2560183 0.01168251 -0.4008679 0.2623037 0.2382507 -0.3880167 0.2680762 0.4132099 -0.319051 0.4336767 -17.04811 -0.546187 0.3226593 -15.48137 -0.2163915 0.1376074 -15.48137 -0.3508238 0.402939 -17.018 -0.3841155 0.3753663 -16.92885 -0.4176467 0.3520185 -16.78406 -0.4501287 0.3337925 -16.58922 -0.3126289 0.3815076 -17.018 -0.3412888 0.3601241 -16.92894 -0.3711409 0.3399489 -16.84855 -0.400652 0.3229733 -16.72644 -0.4281717 0.3099159 -16.55618 -0.3034809 0.3301214 -16.92885 -0.330545 0.318014 -16.83708 -0.3579897 0.3060224 -16.75772 -0.3840771 0.2959513 -16.65513 -0.4071645 0.2876922 -16.51152 -0.291958 0.2814933 -16.78406 -0.3187444 0.2776893 -16.71726 -0.3448638 0.274117 -16.65284 -0.3686516 0.2714634 -16.57124 -0.3880167 0.2680762 -16.4528 -0.3737574 0.2547653 -16.39092 -0.5120317 0.2989613 -15.48137 -0.4725936 0.2734636 -15.48137 -0.4293882 0.2471461 -15.48137 -0.3840757 0.2210204 -15.48137 -0.5292835 0.3157132 -15.78703 -0.4923713 0.2968625 -15.78031 -0.4571773 0.2743994 -15.77931 -0.4200806 0.2512281 -15.778 -0.3818761 0.2287564 -15.77726 -0.5070406 0.3152841 -16.08094 -0.4731597 0.297286 -16.06754 -0.4415619 0.276601 -16.06073 -0.4104682 0.2560521 -16.05127 -0.379244 0.2369575 -16.04588 -0.4803133 0.3213889 -16.3518 -0.4520505 0.3014953 -16.33136 -0.4256086 0.281137 -16.30909 -0.4008679 0.2623037 -16.27784 -0.3763692 0.246224 -16.25996 -0.2319698 0.1488875 -15.78703 -0.2479219 0.1698899 -16.08094 -0.2636344 0.199808 -16.3518 -0.2785037 0.2374918 -16.58922 -0.2529131 0.1535669 -15.48137 -0.2684605 0.1699435 -15.78412 -0.281461 0.1875345 -16.07325 -0.2940429 0.2113418 -16.33516 -0.3064046 0.2413865 -16.55484 -0.2941096 0.1733142 -15.48137 -0.3052973 0.1891248 -15.78026 -0.3146207 0.2048928 -16.06215 -0.3233374 0.2233781 -16.31004 -0.3329257 0.2459847 -16.51118 -0.3383979 0.1960904 -15.48137 -0.3433588 0.2083922 -15.778 -0.347255 0.2206358 -16.05127 -0.3506526 0.2341271 -16.27784 -0.3567265 0.2505189 -16.4528 -0.4665715 0.5404919 1.008521 -0.4085232 0.2229808 -0.5582113 -0.7053313 0.4916344 -0.5582113 -0.4677859 0.4876279 0.9784165 -0.466214 0.4348115 0.8892593 -0.4619159 0.3840726 0.7444782 -0.4550569 0.3373609 0.5496359 -0.5021606 0.5187417 0.9784165 -0.4993629 0.4745809 0.8893595 -0.4951612 0.4297483 0.8089676 -0.4891853 0.3870778 0.6868525 -0.4819107 0.3488267 0.5165939 -0.5387835 0.5004971 0.8892593 -0.5311788 0.463287 0.7974911 -0.5232917 0.4257127 0.7181349 -0.5149799 0.390734 0.6155453 -0.5072226 0.3601412 0.4719324 -0.5750327 0.4864593 0.7444782 -0.5624859 0.4541754 0.6776705 -0.5501674 0.4227712 0.6132498 -0.5385802 0.3945036 0.5316525 -0.5299006 0.3708102 0.4132099 -0.5459929 0.3794757 0.3513384 -0.4420445 0.2482852 -0.5582113 -0.4796056 0.2785404 -0.5582113 -0.5197626 0.3125833 -0.5582113 -0.5609726 0.349106 -0.5582113 -0.4221777 0.2381609 -0.2525582 -0.4542554 0.2692639 -0.2592716 -0.4875959 0.2964245 -0.260272 -0.5224281 0.3253348 -0.2615891 -0.5574463 0.3558817 -0.2623272 -0.4347985 0.2629758 0.04135036 -0.4646689 0.2911381 0.02795886 -0.49492 0.315236 0.021142 -0.5248076 0.3388417 0.01168251 -0.5538749 0.3634025 0.006291389 -0.4459005 0.2964715 0.3122177 -0.4738128 0.3172528 0.2917719 -0.5009991 0.335725 0.2695046 -0.5263041 0.3531282 0.2382507 -0.5497844 0.3717889 0.2203779 -0.6897531 0.4803546 -0.2525582 -0.6679993 0.4740554 0.04135036 -0.6409064 0.4729794 0.3122177 -0.6095154 0.4771677 0.5496359 -0.6752453 0.459365 -0.5582113 -0.6565557 0.4509517 -0.2554689 -0.6385359 0.4460816 0.03366374 -0.6169328 0.4451368 0.2955752 -0.5916239 0.4479053 0.5152493 -0.640237 0.4239347 -0.5582113 -0.6243168 0.4201173 -0.2593217 -0.6094589 0.4183763 0.02256774 -0.5932699 0.4188283 0.2704544 -0.5740671 0.4205881 0.4715948 -0.6016519 0.3867047 -0.5582113 -0.5913448 0.3879516 -0.2615891 -0.5816652 0.3903654 0.01168251 -0.5714967 0.3940339 0.2382507 -0.5580611 0.3962994 0.4132099 -0.4665715 0.5404919 -17.04811 -0.7053313 0.4916344 -15.48137 -0.4085232 0.2229808 -15.48137 -0.5021606 0.5187417 -17.018 -0.5387835 0.5004971 -16.92885 -0.5750327 0.4864593 -16.78406 -0.6095154 0.4771677 -16.58922 -0.4677859 0.4876279 -17.018 -0.4989746 0.4742295 -16.92894 -0.5311589 0.4623311 -16.84855 -0.5625475 0.4534808 -16.72644 -0.5914189 0.4479473 -16.55618 -0.466214 0.4348115 -16.92885 -0.4945017 0.4300891 -16.83708 -0.5231462 0.4255809 -16.75772 -0.5501828 0.4225975 -16.65513 -0.5740159 0.4205986 -16.51152 -0.4619159 0.3840726 -16.78406 -0.4887353 0.3874207 -16.71726 -0.5148673 0.3908197 -16.65284 -0.5385802 0.3945036 -16.57124 -0.5580611 0.3962993 -16.4528 -0.5459929 0.3794757 -16.39092 -0.6752453 0.459365 -15.48137 -0.640237 0.4239347 -15.48137 -0.6016519 0.3867047 -15.48137 -0.5609726 0.349106 -15.48137 -0.6897531 0.4803546 -15.78703 -0.6562648 0.452111 -15.78031 -0.6249822 0.4207784 -15.77931 -0.5919352 0.3882487 -15.778 -0.557701 0.3561121 -15.77726 -0.6679993 0.4740554 -16.08094 -0.6373615 0.4474491 -16.06754 -0.6093498 0.418811 -16.06073 -0.5818129 0.3904396 -16.05127 -0.5539386 0.3634602 -16.04588 -0.6409064 0.4729794 -16.3518 -0.6160516 0.445999 -16.33136 -0.5930495 0.4190438 -16.30909 -0.5714967 0.3940338 -16.27784 -0.5497844 0.3717889 -16.25996 -0.4221777 0.2381609 -15.78703 -0.4347985 0.2629758 -16.08094 -0.4459005 0.2964715 -16.3518 -0.4550569 0.3373609 -16.58922 -0.4420445 0.2482852 -15.48137 -0.4549346 0.2684561 -15.78412 -0.4651521 0.289145 -16.07325 -0.4740635 0.31582 -16.33516 -0.4818608 0.3485543 -16.55484 -0.4796056 0.2785404 -15.48137 -0.4883015 0.297004 -15.78026 -0.4951747 0.3149332 -16.06215 -0.5010618 0.3353669 -16.31004 -0.5072101 0.3600731 -16.51118 -0.5197626 0.3125833 -15.48137 -0.5228567 0.3259599 -15.778 -0.5249147 0.3389981 -16.05127 -0.5263041 0.3531282 -16.27784 -0.5299006 0.3708102 -16.4528 -0.595874 0.6842408 1.008521 -0.5846679 0.3574898 -0.5582113 -0.8370825 0.699421 -0.5582113 -0.6046785 0.6327134 0.9784165 -0.6107432 0.5804966 0.8892593 -0.613835 0.5295967 0.7444782 -0.613835 0.4819697 0.5496359 -0.6339117 0.6723139 0.9784165 -0.6375278 0.6282624 0.8893595 -0.6398635 0.5831809 0.8089676 -0.6401476 0.5397509 0.6868525 -0.6385215 0.5003122 0.5165939 -0.6724582 0.6640984 0.8892593 -0.6703587 0.6255936 0.7974911 -0.6680345 0.5866569 0.7181349 -0.6649199 0.5501537 0.6155453 -0.6617175 0.5180987 0.4719324 -0.7100328 0.6599101 0.7444782 -0.7023764 0.6249306 0.6776705 -0.6948174 0.5908744 0.6132498 -0.687524 0.5600879 0.5316525 -0.6824233 0.5345558 0.4132099 -0.6969583 0.5473077 0.3513384 -0.613901 0.3911672 -0.5582113 -0.646383 0.4307674 -0.5582113 -0.6808658 0.4747689 -0.5582113 -0.716024 0.5214807 -0.5582113 -0.595874 0.3759869 -0.2525582 -0.622856 0.4149696 -0.2592716 -0.6516444 0.4504193 -0.260272 -0.6816436 0.4879797 -0.2615891 -0.7115897 0.527194 -0.2623272 -0.6046785 0.4036603 0.04135036 -0.6299191 0.4391755 0.02795886 -0.6561186 0.4708051 0.021142 -0.6820321 0.5018559 0.01168251 -0.7070037 0.5336265 0.006291389 -0.6107432 0.4394463 0.3122177 -0.6351264 0.4672052 0.2917719 -0.6591299 0.492507 0.2695046 -0.6814423 0.5162633 0.2382507 -0.701784 0.5407706 0.2203779 -0.8234279 0.6842408 -0.2525582 -0.8029994 0.6723139 0.04135036 -0.776582 0.6640984 0.3122177 -0.7451911 0.6599101 0.5496359 -0.8122219 0.6598206 -0.5582113 -0.795103 0.6466298 -0.2554689 -0.7781307 0.6370911 0.03366374 -0.757079 0.6304552 0.2955752 -0.7318575 0.6264818 0.5152493 -0.7829889 0.6158192 -0.5582113 -0.7679243 0.6078678 -0.2593217 -0.7536025 0.6022336 0.02256774 -0.7376595 0.5983985 0.2704544 -0.7185723 0.5950497 0.4715948 -0.7505068 0.5691075 -0.5582113 -0.7402182 0.5676063 -0.2615891 -0.730377 0.5674156 0.01168251 -0.7198755 0.5683264 0.2382507 -0.7063718 0.5669975 0.4132099 -0.595874 0.6842408 -17.04811 -0.8370825 0.699421 -15.48137 -0.5846679 0.3574898 -15.48137 -0.6339117 0.6723139 -17.018 -0.6724582 0.6640984 -16.92885 -0.7100328 0.6599101 -16.78406 -0.7451911 0.6599101 -16.58922 -0.6046785 0.6327134 -17.018 -0.6371974 0.6278149 -16.92894 -0.6704767 0.6246508 -16.84855 -0.7025369 0.624266 -16.72644 -0.7316506 0.6264687 -16.55618 -0.6107432 0.5804966 -16.92885 -0.6391675 0.5833408 -16.83708 -0.6679107 0.5864892 -16.75772 -0.6948575 0.5907084 -16.65513 -0.7185206 0.5950465 -16.51152 -0.613835 0.5295967 -16.78406 -0.639657 0.5399683 -16.71726 -0.6647973 0.550208 -16.65284 -0.687524 0.5600879 -16.57124 -0.7063719 0.5669975 -16.4528 -0.6969584 0.5473079 -16.39092 -0.8122219 0.6598206 -15.48137 -0.7829889 0.6158192 -15.48137 -0.7505068 0.5691075 -15.48137 -0.716024 0.5214807 -15.48137 -0.8234279 0.6842408 -15.78703 -0.7946508 0.6476898 -15.78031 -0.7684817 0.608692 -15.77931 -0.7407546 0.5680537 -15.778 -0.7118064 0.5274876 -15.77726 -0.8029994 0.6723139 -16.08094 -0.776782 0.6381219 -16.06754 -0.7534329 0.602631 -16.06073 -0.7305111 0.5675275 -16.05127 -0.7070579 0.5336999 -16.04588 -0.776582 0.6640984 -16.3518 -0.7560904 0.6310678 -16.33136 -0.7374125 0.5985518 -16.30909 -0.7198755 0.5683264 -16.27784 -0.7017841 0.5407708 -16.25996 -0.595874 0.3759869 -15.78703 -0.6046785 0.4036603 -16.08094 -0.6107432 0.4394463 -16.3518 -0.613835 0.4819697 -16.58922 -0.613901 0.3911672 -15.48137 -0.6236386 0.414357 -15.78412 -0.6306801 0.4373485 -16.07325 -0.6355787 0.465866 -16.33516 -0.6385118 0.500032 -16.55484 -0.646383 0.4307674 -15.48137 -0.6522528 0.4511744 -15.78026 -0.656412 0.4705753 -16.06215 -0.659243 0.4921724 -16.31004 -0.6617151 0.5180287 -16.51118 -0.6808658 0.4747689 -15.48137 -0.6819739 0.4887061 -15.778 -0.6821147 0.5020376 -16.05127 -0.6814423 0.5162633 -16.27784 -0.6824233 0.534556 -16.4528 -0.7019898 0.8593993 1.008521 -0.7380566 0.5359655 -0.5582113 -0.9363775 0.9380338 -0.5582113 -0.7180459 0.8111889 0.9784165 -0.7315142 0.761578 0.8892593 -0.7418769 0.7124733 0.7444782 -0.748736 0.6657616 0.5496359 -0.7410143 0.8577541 0.9784165 -0.750905 0.8155046 0.8893595 -0.7596884 0.7719066 0.8089676 -0.7662217 0.7293862 0.6868525 -0.7703066 0.6902759 0.5165939 -0.7800035 0.8598835 0.8892593 -0.7834895 0.8215638 0.7974911 -0.7868175 0.7827609 0.7181349 -0.7890199 0.746136 0.6155453 -0.7904954 0.7138506 0.4719324 -0.8174591 0.8657059 0.7444782 -0.8149875 0.8293752 0.6776705 -0.8124783 0.7939757 0.6132498 -0.8097589 0.7618532 0.5316525 -0.8084333 0.7354637 0.4132099 -0.8208525 0.7518118 0.3513384 -0.761878 0.5767212 -0.5582113 -0.7880328 0.6241449 -0.5582113 -0.8155161 0.6764138 -0.5582113 -0.8432715 0.7315196 -0.5582113 -0.7463834 0.5570684 -0.2525582 -0.7672329 0.602433 -0.2592716 -0.7903628 0.6448096 -0.260272 -0.8143763 0.6895764 -0.2615891 -0.8380995 0.7359515 -0.2623272 -0.7510335 0.586537 0.04135036 -0.7706744 0.6280401 0.02795886 -0.7918151 0.6659859 0.021142 -0.8127589 0.7032886 0.01168251 -0.8326752 0.7410482 0.006291389 -0.7518278 0.6232381 0.3122177 -0.7717448 0.6569074 0.2917719 -0.7916432 0.6880669 0.2695046 -0.8101057 0.7172632 0.2382507 -0.8265269 0.7466757 0.2203779 -0.9251714 0.9195368 -0.2525582 -0.9068531 0.9024402 0.04135036 -0.8821265 0.887401 0.3122177 -0.8519418 0.8749973 0.5496359 -0.9176977 0.8926244 -0.5582113 -0.9028075 0.875163 -0.2554689 -0.8875349 0.861322 0.03366374 -0.8678434 0.8492501 0.2955752 -0.8436788 0.8386876 0.5152493 -0.8953632 0.8417427 -0.5582113 -0.8817334 0.8299629 -0.2593217 -0.868498 0.8206521 0.02256774 -0.8534138 0.8126772 0.2704544 -0.8351755 0.8043486 0.4715948 -0.8702327 0.7873443 -0.5582113 -0.860358 0.7831529 -0.2615891 -0.8507332 0.7803652 0.01168251 -0.8403024 0.7784831 0.2382507 -0.8272495 0.773611 0.4132099 -0.7019898 0.8593993 -17.04811 -0.9363775 0.9380338 -15.48137 -0.7380566 0.5359655 -15.48137 -0.7410143 0.8577541 -17.018 -0.7800035 0.8598835 -16.92885 -0.8174591 0.8657059 -16.78406 -0.8519418 0.8749973 -16.58922 -0.7180459 0.8111889 -17.018 -0.7506456 0.8149785 -16.92894 -0.7837411 0.8206703 -16.84855 -0.8152406 0.8287656 -16.72644 -0.8434777 0.8386201 -16.55618 -0.7315142 0.761578 -16.92885 -0.7589828 0.7718795 -16.83708 -0.7867202 0.7825638 -16.75772 -0.8125416 0.7938233 -16.65513 -0.8351253 0.8043316 -16.51152 -0.7418769 0.7124733 -16.78406 -0.7657091 0.7294697 -16.71726 -0.7888916 0.7461568 -16.65284 -0.8097589 0.7618532 -16.57124 -0.8272495 0.773611 -16.4528 -0.8208525 0.7518118 -16.39092 -0.9176977 0.8926244 -15.48137 -0.8953632 0.8417427 -15.48137 -0.8702327 0.7873443 -15.48137 -0.8432715 0.7315196 -15.48137 -0.9251714 0.9195368 -15.78703 -0.9022112 0.876083 -15.78031 -0.8821611 0.8309187 -15.77931 -0.8608195 0.7837336 -15.778 -0.8382697 0.7362965 -15.77726 -0.9068531 0.9024402 -16.08094 -0.8860636 0.8619765 -16.06754 -0.8682745 0.8209972 -16.06073 -0.8508487 0.7805103 -16.05127 -0.8327178 0.7411345 -16.04588 -0.8821265 0.887401 -16.3518 -0.8667857 0.8495898 -16.33136 -0.8531494 0.8127622 -16.30909 -0.8403024 0.7784831 -16.27784 -0.8265269 0.7466757 -16.25996 -0.7463834 0.5570684 -15.78703 -0.7510335 0.586537 -16.08094 -0.7518278 0.6232381 -16.3518 -0.748736 0.6657616 -16.58922 -0.761878 0.5767212 -15.48137 -0.7680886 0.6020388 -15.78412 -0.7716838 0.6264493 -16.07325 -0.7723813 0.6557136 -16.33516 -0.7703375 0.6899982 -16.55484 -0.7880328 0.6241449 -15.48137 -0.7908508 0.645711 -15.78026 -0.792136 0.6658382 -16.06215 -0.7918024 0.6877684 -16.31004 -0.7905032 0.7137813 -16.51118 -0.8155161 0.6764138 -15.48137 -0.8145956 0.6903762 -15.778 -0.8128137 0.7034885 -16.05127 -0.8101056 0.7172632 -16.27784 -0.8084332 0.7354637 -16.4528 -0.7808411 1.059236 1.008521 -0.8627946 0.7515488 -0.5582113 -0.9994003 1.198303 -0.5582113 -0.8035319 1.016196 0.9784165 -0.823886 0.9710974 0.8892593 -0.8411215 0.9256747 0.7444782 -0.854576 0.8816733 0.5496359 -0.8193526 1.067936 0.9784165 -0.8351379 1.029112 0.8893595 -0.8500314 0.9886733 0.8089676 -0.8625628 0.9486964 0.6868525 -0.8722018 0.9114171 0.5165939 -0.857286 1.080328 0.8892593 -0.8662237 1.043666 0.7974911 -0.8750759 1.006489 0.7181349 -0.8825105 0.9711495 0.6155453 -0.8886074 0.9398744 0.4719324 -0.8931834 1.095938 0.7444782 -0.8959915 1.059652 0.6776705 -0.8986287 1.024269 0.6132498 -0.9005876 0.9920455 0.5316525 -0.9030879 0.9658127 0.4132099 -0.9129141 0.9851289 0.3513384 -0.8802885 0.7978169 -0.5582113 -0.899111 0.8512414 -0.5582113 -0.9185386 0.9097692 -0.5582113 -0.9378247 0.9711514 -0.5582113 -0.8679222 0.774447 -0.2525582 -0.8818379 0.8244498 -0.2592716 -0.8984202 0.8721249 -0.260272 -0.9155253 0.9223776 -0.2615891 -0.932114 0.974131 -0.2623272 -0.8682389 0.8045782 0.04135036 -0.8815252 0.8504744 0.02795886 -0.8967949 0.8932783 0.021142 -0.9119641 0.935399 0.01168251 -0.9260598 0.9776965 0.006291389 -0.8637324 0.840784 0.3122177 -0.8784179 0.8790699 0.2917719 -0.8934464 0.9148892 0.2695046 -0.9073492 0.948404 0.2382507 -0.9192193 0.9815909 0.2203779 -0.9910734 1.1772 -0.2525582 -0.9755694 1.155591 0.04135036 -0.9534837 1.134306 0.3122177 -0.9256654 1.114164 0.5496359 -0.9876191 1.148829 -0.5582113 -0.9755298 1.127768 -0.2554689 -0.9625441 1.110157 0.03366374 -0.9449694 1.093113 0.2955752 -0.9227904 1.076368 0.5152493 -0.9730415 1.093023 -0.5582113 -0.9613701 1.077868 -0.2593217 -0.9497301 1.065238 0.02256774 -0.9360842 1.05343 0.2704544 -0.9193959 1.040441 0.4715948 -0.9562281 1.033028 -0.5582113 -0.9471468 1.026308 -0.2615891 -0.9381086 1.02103 0.01168251 -0.9281492 1.016428 0.2382507 -0.9160488 1.0082 0.4132099 -0.7808411 1.059236 -17.04811 -0.9994003 1.198303 -15.48137 -0.8627946 0.7515487 -15.48137 -0.8193526 1.067936 -17.018 -0.857286 1.080328 -16.92885 -0.8931834 1.095938 -16.78406 -0.9256654 1.114164 -16.58922 -0.8035318 1.016196 -17.018 -0.8349591 1.028528 -16.92894 -0.8665992 1.042856 -16.84855 -0.8963276 1.059121 -16.72644 -0.9226028 1.076248 -16.55618 -0.8238859 0.9710975 -16.92885 -0.8493431 0.9884604 -16.83708 -0.875009 1.006269 -16.75772 -0.8987127 1.024137 -16.65513 -0.919349 1.040412 -16.51152 -0.8411215 0.9256749 -16.78406 -0.8620479 0.9486429 -16.71726 -0.8823817 0.9711361 -16.65284 -0.9005876 0.9920455 -16.57124 -0.9160488 1.0082 -16.4528 -0.9129141 0.9851289 -16.39092 -0.9876192 1.14883 -15.48137 -0.9730417 1.093023 -15.48137 -0.9562282 1.033029 -15.48137 -0.9378248 0.9711514 -15.48137 -0.9910734 1.1772 -15.78703 -0.9748126 1.128513 -15.78031 -0.9616523 1.078918 -15.77931 -0.947516 1.027 -15.778 -0.9322312 0.9745146 -15.77726 -0.9755694 1.155591 -16.08094 -0.9610068 1.110411 -16.06754 -0.9494612 1.065517 -16.06073 -0.9382008 1.021203 -16.05127 -0.9260892 0.9777925 -16.04588 -0.9534837 1.134306 -16.3518 -0.9438831 1.093167 -16.33136 -0.9358126 1.053443 -16.30909 -0.9281492 1.016428 -16.27784 -0.9192193 0.9815911 -16.25996 -0.8679222 0.774447 -15.78703 -0.8682389 0.8045782 -16.08094 -0.8637324 0.840784 -16.3518 -0.8545759 0.8816734 -16.58922 -0.8802886 0.7978169 -15.48137 -0.8827339 0.8242895 -15.78412 -0.8827444 0.849181 -16.07325 -0.8792139 0.8780673 -16.33516 -0.872272 0.911153 -16.55484 -0.899111 0.8512415 -15.48137 -0.8987691 0.8731378 -15.78026 -0.8971309 0.8932181 -16.06215 -0.8936454 0.9146386 -16.31004 -0.888625 0.9398083 -16.51118 -0.9185387 0.9097692 -15.48137 -0.9156253 0.9232201 -15.778 -0.9119892 0.9356096 -16.05127 -0.9073492 0.948404 -16.27784 -0.9030879 0.9658127 -16.4528 -0.8293975 1.276072 1.008521 -0.9540883 0.9959552 -0.5582113 -1.023729 1.470227 -0.5582113 -0.8578508 1.239855 0.9784165 -0.8843088 1.201003 0.8892593 -0.9077547 1.161008 0.7444782 -0.9272876 1.121407 0.5496359 -0.8659163 1.294783 0.9784165 -0.8869895 1.260877 0.8893595 -0.9074205 1.22515 0.8089676 -0.9254684 1.189254 0.6868525 -0.9402911 1.155238 0.5165939 -0.901336 1.316962 0.8892593 -0.9153819 1.283366 0.7974911 -0.9294182 1.249242 0.7181349 -0.9417994 1.216547 0.6155453 -0.9522832 1.187484 0.4719324 -0.9342957 1.341758 0.7444782 -0.9422757 1.306911 0.6776705 -0.9499577 1.272906 0.6132498 -0.9565197 1.241819 0.5316525 -0.9627499 1.216751 0.4132099 -0.9696056 1.238293 0.3513384 -0.9645828 1.045958 -0.5582113 -0.9753496 1.10333 -0.5582113 -0.9859749 1.165868 -0.5582113 -0.9960504 1.231167 -0.5582113 -0.9558198 1.019768 -0.2525582 -0.9622667 1.072488 -0.2592716 -0.9716644 1.12363 -0.260272 -0.9812037 1.177437 -0.2615891 -0.9900202 1.23258 -0.2623272 -0.9517909 1.049404 0.04135036 -0.9582121 1.09793 0.02795886 -0.967024 1.143947 0.021142 -0.9758357 1.189267 0.01168251 -0.983569 1.234477 0.006291389 -0.9421568 1.083724 0.3122177 -0.9510462 1.125155 0.2917719 -0.9606274 1.164258 0.2695046 -0.9694365 1.200803 0.2382507 -0.976299 1.236489 0.2203779 -1.018602 1.447329 -0.2525582 -1.006507 1.422038 0.04135036 -0.9879118 1.395325 0.3122177 -0.9635286 1.368218 0.5496359 -1.019299 1.418591 -0.5582113 -1.010475 1.394739 -0.2554689 -1.000276 1.374035 0.03366374 -0.9854934 1.352674 0.2955752 -0.9661522 1.330389 0.5152493 -1.013039 1.360004 -0.5582113 -1.003774 1.342055 -0.2593217 -0.9941771 1.326592 0.02256774 -0.9824939 1.311405 0.2704544 -0.967997 1.294255 0.4715948 -1.005189 1.296719 -0.5582113 -0.99725 1.287728 -0.2615891 -0.9891455 1.280163 0.01168251 -0.9800403 1.273016 0.2382507 -0.9693574 1.261749 0.4132099 -0.8293975 1.276072 -17.04811 -1.023729 1.470227 -15.48137 -0.9540883 0.9959552 -15.48137 -0.8659163 1.294783 -17.018 -0.901336 1.316962 -16.92885 -0.9342957 1.341758 -16.78406 -0.9635286 1.368218 -16.58922 -0.8578508 1.239855 -17.018 -0.8868984 1.260256 -16.92894 -0.9158667 1.282671 -16.84855 -0.9426817 1.306479 -16.72644 -0.9659854 1.330222 -16.55618 -0.8843088 1.201003 -16.92885 -0.9067763 1.22476 -16.83708 -0.929384 1.24901 -16.75772 -0.9500592 1.272798 -16.65513 -0.9679552 1.294214 -16.51152 -0.9077547 1.161008 -16.78406 -0.9249714 1.189065 -16.71726 -0.9416751 1.2165 -16.65284 -0.9565197 1.241819 -16.57124 -0.9693574 1.261749 -16.4528 -0.9696056 1.238293 -16.39092 -1.019299 1.418591 -15.48137 -1.013039 1.360004 -15.48137 -1.005189 1.296719 -15.48137 -0.9960504 1.231167 -15.48137 -1.018602 1.447329 -15.78703 -1.009665 1.39528 -15.78031 -1.0039 1.34316 -15.77931 -0.9975124 1.288503 -15.778 -0.9900799 1.232987 -15.77726 -1.006507 1.422038 -16.08094 -0.9987314 1.373877 -16.06754 -0.9938731 1.326795 -16.06073 -0.989211 1.280357 -16.05127 -0.983584 1.234579 -16.04588 -0.9879118 1.395325 -16.3518 -0.9844202 1.352439 -16.33136 -0.9822257 1.311346 -16.30909 -0.9800403 1.273016 -16.27784 -0.976299 1.236489 -16.25996 -0.9558198 1.019768 -15.78703 -0.9517909 1.049404 -16.08094 -0.9421568 1.083724 -16.3518 -0.9272876 1.121407 -16.58922 -0.9645828 1.045958 -15.48137 -0.9631686 1.072568 -15.78412 -0.9595942 1.096984 -16.07325 -0.9519715 1.124382 -16.33516 -0.940398 1.154997 -16.55484 -0.9753496 1.10333 -15.48137 -0.9718608 1.124715 -15.78026 -0.9673622 1.143977 -16.06215 -0.9608588 1.164065 -16.31004 -0.9523099 1.187424 -16.51118 -0.9859749 1.165868 -15.48137 -0.9811803 1.17829 -15.778 -0.9758299 1.189481 -16.05127 -0.9694367 1.200803 -16.27784 -0.9627499 1.216751 -16.4528 -0.845793 1.501574 1.008521 -1.008429 1.259792 -0.5582113 -1.008429 1.743356 -0.5582113 -0.8789153 1.473572 0.9784165 -0.9104603 1.442459 0.8892593 -0.9392157 1.409428 0.7444782 -0.9640763 1.375751 0.5496359 -0.8789153 1.529576 0.9784165 -0.9044668 1.50189 0.8893595 -0.9296504 1.47225 0.8089676 -0.9525212 1.441813 0.6868525 -0.9719578 1.412368 0.5165939 -0.9104603 1.560689 0.8892593 -0.9290747 1.531451 0.7974911 -0.9477558 1.501693 0.7181349 -0.9646078 1.472898 0.6155453 -0.9790756 1.447164 0.4719324 -0.9392157 1.59372 0.7444782 -0.9520608 1.561652 0.6776705 -0.9644925 1.53033 0.6132498 -0.9754056 1.501574 0.5316525 -0.9851263 1.478634 0.4132099 -0.9887478 1.501574 0.3513384 -1.011521 1.311607 -0.5582113 -1.013818 1.370723 -0.5582113 -1.015233 1.434867 -0.5582113 -1.015711 1.501574 -0.5582113 -1.006698 1.283606 -0.2525582 -1.005429 1.337016 -0.2592716 -1.007281 1.389658 -0.260272 -1.008887 1.444953 -0.2615891 -1.009593 1.501366 -0.2623272 -0.9984785 1.311607 0.04135036 -0.9977877 1.360898 0.02795886 -0.9998034 1.408359 0.021142 -1.001919 1.455137 0.01168251 -1.002992 1.501522 0.006291389 -0.9840869 1.342721 0.3122177 -0.9868388 1.385706 0.2917719 -0.9906045 1.426589 0.2695046 -0.9939812 1.46476 0.2382507 -0.9955724 1.501574 0.2203779 -1.006698 1.719542 -0.2525582 -0.9984785 1.691541 0.04135036 -0.9840869 1.660427 0.3122177 -0.9640763 1.627397 0.5496359 -1.011521 1.691541 -0.5582113 -1.006301 1.665816 -0.2554689 -0.9992796 1.642813 0.03366374 -0.9878576 1.617956 0.2955752 -0.9720975 1.590988 0.5152493 -1.013818 1.632425 -0.5582113 -1.007317 1.612373 -0.2593217 -1.000131 1.594671 0.02256774 -0.9908592 1.576687 0.2704544 -0.9791104 1.556036 0.4715948 -1.015233 1.568281 -0.5582113 -1.008741 1.557365 -0.2615891 -1.001882 1.547803 0.01168251 -0.9939812 1.538388 0.2382507 -0.9851263 1.524514 0.4132099 -0.845793 1.501574 -17.04811 -1.008429 1.743356 -15.48137 -1.008429 1.259792 -15.48137 -0.8789153 1.529576 -17.018 -0.9104603 1.560689 -16.92885 -0.9392157 1.59372 -16.78406 -0.9640763 1.627397 -16.58922 -0.8789153 1.473572 -17.018 -0.9044668 1.501258 -16.92894 -0.9296504 1.530898 -16.84855 -0.9525212 1.561335 -16.72644 -0.9719578 1.59078 -16.55618 -0.9104603 1.442459 -16.92885 -0.9290747 1.471697 -16.83708 -0.9477558 1.501455 -16.75772 -0.9646078 1.53025 -16.65513 -0.9790756 1.555984 -16.51152 -0.9392157 1.409428 -16.78406 -0.9520608 1.441496 -16.71726 -0.9644925 1.472818 -16.65284 -0.9754056 1.501574 -16.57124 -0.9851263 1.524514 -16.4528 -0.9887478 1.501574 -16.39092 -1.011521 1.691541 -15.48137 -1.013818 1.632425 -15.48137 -1.015233 1.568281 -15.48137 -1.015711 1.501574 -15.48137 -1.006698 1.719542 -15.78703 -1.005429 1.666132 -15.78031 -1.007281 1.61349 -15.77931 -1.008887 1.558195 -15.778 -1.009593 1.501782 -15.77726 -0.9984785 1.691541 -16.08094 -0.9977877 1.64225 -16.06754 -0.9998034 1.594789 -16.06073 -1.001919 1.548011 -16.05127 -1.002992 1.501626 -16.04588 -0.9840869 1.660427 -16.3518 -0.9868388 1.617442 -16.33136 -0.9906045 1.576559 -16.30909 -0.9939812 1.538388 -16.27784 -0.9955724 1.501574 -16.25996 -1.006698 1.283606 -15.78703 -0.9984785 1.311607 -16.08094 -0.9840869 1.342721 -16.3518 -0.9640763 1.375751 -16.58922 -1.011521 1.311607 -15.48137 -1.006301 1.337332 -15.78412 -0.9992796 1.360335 -16.07325 -0.9878576 1.385192 -16.33516 -0.9720975 1.41216 -16.55484 -1.013818 1.370723 -15.48137 -1.007317 1.390775 -15.78026 -1.000131 1.408478 -16.06215 -0.9908592 1.426461 -16.31004 -0.9791104 1.447112 -16.51118 -1.015233 1.434867 -15.48137 -1.008741 1.445783 -15.778 -1.001882 1.455345 -16.05127 -0.9939812 1.46476 -16.27784 -0.9851263 1.478634 -16.4528 -0.8293975 1.727076 1.008521 -1.023729 1.532921 -0.5582113 -0.9540883 2.007193 -0.5582113 -0.8659163 1.708365 0.9784165 -0.901336 1.686186 0.8892593 -0.9342957 1.66139 0.7444782 -0.9635286 1.63493 0.5496359 -0.8578508 1.763293 0.9784165 -0.8868984 1.742892 0.8893595 -0.9158667 1.720477 0.8089676 -0.9426817 1.696669 0.6868525 -0.9659854 1.672926 0.5165939 -0.8843088 1.802145 0.8892593 -0.9067763 1.778388 0.7974911 -0.929384 1.754138 0.7181349 -0.9500592 1.73035 0.6155453 -0.9679552 1.708934 0.4719324 -0.9077547 1.84214 0.7444782 -0.9249714 1.814083 0.6776705 -0.9416751 1.786648 0.6132498 -0.9565197 1.761329 0.5316525 -0.9693574 1.741399 0.4132099 -0.9696056 1.764855 0.3513384 -1.019299 1.584557 -0.5582113 -1.013039 1.643144 -0.5582113 -1.005189 1.706429 -0.5582113 -0.9960504 1.771981 -0.5582113 -1.018602 1.555819 -0.2525582 -1.009665 1.607868 -0.2592716 -1.0039 1.659988 -0.260272 -0.9975124 1.714645 -0.2615891 -0.9900799 1.770161 -0.2623272 -1.006507 1.58111 0.04135036 -0.9987314 1.629271 0.02795886 -0.9938731 1.676353 0.021142 -0.989211 1.722792 0.01168251 -0.983584 1.768569 0.006291389 -0.9879118 1.607823 0.3122177 -0.9844202 1.650709 0.2917719 -0.9822257 1.691802 0.2695046 -0.9800403 1.730132 0.2382507 -0.976299 1.766659 0.2203779 -0.9558198 1.98338 -0.2525582 -0.9517909 1.953744 0.04135036 -0.9421568 1.919424 0.3122177 -0.9272876 1.881741 0.5496359 -0.9645828 1.95719 -0.5582113 -0.9631686 1.93058 -0.2554689 -0.9595942 1.906164 0.03366374 -0.9519715 1.878766 0.2955752 -0.940398 1.848151 0.5152493 -0.9753496 1.899818 -0.5582113 -0.9718608 1.878433 -0.2593217 -0.9673622 1.859171 0.02256774 -0.9608588 1.839083 0.2704544 -0.9523099 1.815724 0.4715948 -0.9859749 1.83728 -0.5582113 -0.9811803 1.824858 -0.2615891 -0.9758299 1.813668 0.01168251 -0.9694367 1.802345 0.2382507 -0.9627499 1.786397 0.4132099 -0.8293975 1.727076 -17.04811 -0.9540883 2.007193 -15.48137 -1.023729 1.532921 -15.48137 -0.8578508 1.763293 -17.018 -0.8843088 1.802145 -16.92885 -0.9077547 1.84214 -16.78406 -0.9272876 1.881741 -16.58922 -0.8659163 1.708365 -17.018 -0.8869895 1.742271 -16.92894 -0.9074205 1.777998 -16.84855 -0.9254684 1.813894 -16.72644 -0.9402911 1.84791 -16.55618 -0.901336 1.686186 -16.92885 -0.9153819 1.719782 -16.83708 -0.9294182 1.753906 -16.75772 -0.9417994 1.786601 -16.65513 -0.9522832 1.815664 -16.51152 -0.9342957 1.66139 -16.78406 -0.9422757 1.696237 -16.71726 -0.9499577 1.730242 -16.65284 -0.9565197 1.761329 -16.57124 -0.9627499 1.786397 -16.4528 -0.9696056 1.764855 -16.39092 -0.9645828 1.95719 -15.48137 -0.9753496 1.899818 -15.48137 -0.9859749 1.83728 -15.48137 -0.9960504 1.771981 -15.48137 -0.9558198 1.98338 -15.78703 -0.9622667 1.93066 -15.78031 -0.9716644 1.879518 -15.77931 -0.9812037 1.825711 -15.778 -0.9900202 1.770568 -15.77726 -0.9517909 1.953744 -16.08094 -0.9582121 1.905218 -16.06754 -0.967024 1.859201 -16.06073 -0.9758357 1.813881 -16.05127 -0.983569 1.768671 -16.04588 -0.9421568 1.919424 -16.3518 -0.9510462 1.877993 -16.33136 -0.9606274 1.83889 -16.30909 -0.9694365 1.802345 -16.27784 -0.976299 1.766659 -16.25996 -1.018602 1.555819 -15.78703 -1.006507 1.58111 -16.08094 -0.9879118 1.607823 -16.3518 -0.9635286 1.63493 -16.58922 -1.019299 1.584557 -15.48137 -1.010475 1.608409 -15.78412 -1.000276 1.629113 -16.07325 -0.9854934 1.650474 -16.33516 -0.9661522 1.672759 -16.55484 -1.013039 1.643144 -15.48137 -1.003774 1.661093 -15.78026 -0.9941771 1.676556 -16.06215 -0.9824939 1.691743 -16.31004 -0.967997 1.708893 -16.51118 -1.005189 1.706429 -15.48137 -0.99725 1.71542 -15.778 -0.9891455 1.722985 -16.05127 -0.9800403 1.730132 -16.27784 -0.9693574 1.741399 -16.4528 -0.7808411 1.943912 1.008521 -0.9994003 1.804845 -0.5582113 -0.8627946 2.251599 -0.5582113 -0.8193526 1.935212 0.9784165 -0.857286 1.92282 0.8892593 -0.8931834 1.90721 0.7444782 -0.9256654 1.888984 0.5496359 -0.8035318 1.986952 0.9784165 -0.8349591 1.97462 0.8893595 -0.8665992 1.960292 0.8089676 -0.8963276 1.944027 0.6868525 -0.9226028 1.9269 0.5165939 -0.8238859 2.032051 0.8892593 -0.8493431 2.014688 0.7974911 -0.875009 1.996879 0.7181349 -0.8987127 1.979011 0.6155453 -0.919349 1.962736 0.4719324 -0.8411215 2.077473 0.7444782 -0.8620479 2.054505 0.6776705 -0.8823817 2.032012 0.6132498 -0.9005876 2.011103 0.5316525 -0.9160488 1.994948 0.4132099 -0.9129141 2.018019 0.3513393 -0.9876192 1.854318 -0.5582128 -0.9730417 1.910125 -0.5582128 -0.9562282 1.970119 -0.5582128 -0.9378248 2.031997 -0.5582128 -0.9910734 1.825948 -0.2525582 -0.9748126 1.874635 -0.2592726 -0.9616523 1.92423 -0.260272 -0.947516 1.976148 -0.2615891 -0.9322312 2.028634 -0.2623277 -0.9755694 1.847557 0.04135036 -0.9610068 1.892737 0.02795886 -0.9494612 1.937631 0.021142 -0.9382008 1.981945 0.01168251 -0.9260892 2.025356 0.006291389 -0.9534837 1.868842 0.3122177 -0.9438831 1.909981 0.2917719 -0.9358126 1.949705 0.2695046 -0.9281492 1.98672 0.2382507 -0.9192193 2.021557 0.2203779 -0.8679222 2.228701 -0.2525582 -0.8682389 2.19857 0.04135036 -0.8637324 2.162364 0.3122177 -0.8545759 2.121475 0.5496359 -0.8802886 2.205331 -0.5582128 -0.8827339 2.178858 -0.2554689 -0.8827444 2.153967 0.03366374 -0.8792139 2.125081 0.2955752 -0.872272 2.091995 0.5152493 -0.899111 2.151906 -0.5582128 -0.8987691 2.13001 -0.2593217 -0.8971309 2.10993 0.02256774 -0.8936454 2.08851 0.2704544 -0.888625 2.06334 0.4715948 -0.9185387 2.093379 -0.5582128 -0.9156253 2.079928 -0.2615891 -0.9119892 2.067538 0.01168251 -0.9073492 2.054744 0.2382507 -0.9030879 2.037335 0.4132099 -0.7808411 1.943912 -17.04811 -0.8627946 2.251599 -15.48137 -0.9994003 1.804845 -15.48137 -0.8035319 1.986952 -17.018 -0.823886 2.032051 -16.92885 -0.8411215 2.077473 -16.78406 -0.854576 2.121475 -16.58922 -0.8193526 1.935212 -17.018 -0.8351379 1.974036 -16.92894 -0.8500314 2.014475 -16.84855 -0.8625628 2.054452 -16.72644 -0.8722018 2.091731 -16.55618 -0.857286 1.92282 -16.92885 -0.8662237 1.959482 -16.83708 -0.8750759 1.996659 -16.75772 -0.8825105 2.031999 -16.65513 -0.8886074 2.063274 -16.51152 -0.8931834 1.90721 -16.78406 -0.8959915 1.943496 -16.71726 -0.8986287 1.978879 -16.65284 -0.9005876 2.011103 -16.57124 -0.9030879 2.037335 -16.4528 -0.9129141 2.018019 -16.39092 -0.8802885 2.205331 -15.48137 -0.899111 2.151907 -15.48137 -0.9185386 2.093379 -15.48137 -0.9378247 2.031997 -15.48137 -0.8679222 2.228701 -15.78703 -0.8818379 2.178698 -15.78031 -0.8984202 2.131023 -15.77931 -0.9155253 2.08077 -15.778 -0.932114 2.029017 -15.77726 -0.8682389 2.19857 -16.08094 -0.8815252 2.152674 -16.06754 -0.8967949 2.10987 -16.06073 -0.9119641 2.067749 -16.05127 -0.9260598 2.025452 -16.04588 -0.8637324 2.162364 -16.3518 -0.8784179 2.124078 -16.33136 -0.8934464 2.088259 -16.30909 -0.9073492 2.054744 -16.27784 -0.9192193 2.021557 -16.25996 -0.9910734 1.825948 -15.78703 -0.9755694 1.847557 -16.08094 -0.9534837 1.868842 -16.3518 -0.9256654 1.888984 -16.58922 -0.9876191 1.854319 -15.48137 -0.9755298 1.87538 -15.78412 -0.9625441 1.892991 -16.07325 -0.9449694 1.910035 -16.33516 -0.9227904 1.92678 -16.55484 -0.9730415 1.910125 -15.48137 -0.9613701 1.92528 -15.78026 -0.9497301 1.93791 -16.06215 -0.9360842 1.949718 -16.31004 -0.9193959 1.962707 -16.51118 -0.9562281 1.97012 -15.48137 -0.9471468 1.97684 -15.778 -0.9381086 1.982118 -16.05127 -0.9281492 1.98672 -16.27784 -0.9160488 1.994948 -16.4528 -0.7019898 2.143749 1.008521 -0.9363775 2.065114 -0.5582113 -0.7380566 2.467183 -0.5582113 -0.7410143 2.145394 0.9784165 -0.7800035 2.143265 0.8892593 -0.8174591 2.137442 0.7444782 -0.8519418 2.128151 0.5496359 -0.7180459 2.191959 0.9784165 -0.7506456 2.188169 0.8893595 -0.7837411 2.182478 0.8089676 -0.8152406 2.174382 0.6868525 -0.8434777 2.164528 0.5165939 -0.7315142 2.24157 0.8892593 -0.7589828 2.231269 0.7974911 -0.7867202 2.220584 0.7181349 -0.8125416 2.209325 0.6155453 -0.8351253 2.198817 0.4719324 -0.7418769 2.290675 0.7444782 -0.7657091 2.273678 0.6776705 -0.7888916 2.256991 0.6132498 -0.8097589 2.241295 0.5316525 -0.8272495 2.229537 0.4132099 -0.8208525 2.251336 0.3513384 -0.9176977 2.110524 -0.5582113 -0.8953632 2.161405 -0.5582113 -0.8702327 2.215804 -0.5582113 -0.8432715 2.271628 -0.5582113 -0.9251714 2.083611 -0.2525582 -0.9022112 2.127065 -0.2592716 -0.8821611 2.172229 -0.260272 -0.8608195 2.219414 -0.2615891 -0.8382697 2.266851 -0.2623272 -0.9068531 2.100708 0.04135036 -0.8860636 2.141171 0.02795886 -0.8682745 2.182151 0.021142 -0.8508487 2.222638 0.01168251 -0.8327178 2.262013 0.006291389 -0.8821265 2.115747 0.3122177 -0.8667857 2.153558 0.2917719 -0.8531494 2.190386 0.2695046 -0.8403024 2.224665 0.2382507 -0.8265269 2.256472 0.2203779 -0.7463834 2.44608 -0.2525582 -0.7510335 2.416611 0.04135036 -0.7518278 2.37991 0.3122177 -0.748736 2.337387 0.5496359 -0.761878 2.426427 -0.5582113 -0.7680886 2.401109 -0.2554689 -0.7716838 2.376699 0.03366374 -0.7723813 2.347434 0.2955752 -0.7703375 2.31315 0.5152493 -0.7880328 2.379003 -0.5582113 -0.7908508 2.357437 -0.2593217 -0.792136 2.33731 0.02256774 -0.7918024 2.31538 0.2704544 -0.7905032 2.289367 0.4715948 -0.8155161 2.326734 -0.5582113 -0.8145956 2.312772 -0.2615891 -0.8128137 2.299659 0.01168251 -0.8101056 2.285885 0.2382507 -0.8084332 2.267684 0.4132099 -0.7019898 2.143749 -17.04811 -0.7380566 2.467183 -15.48137 -0.9363775 2.065114 -15.48137 -0.7180459 2.191959 -17.018 -0.7315142 2.24157 -16.92885 -0.7418769 2.290675 -16.78406 -0.748736 2.337387 -16.58922 -0.7410143 2.145394 -17.018 -0.750905 2.187644 -16.92894 -0.7596884 2.231241 -16.84855 -0.7662217 2.273762 -16.72644 -0.7703066 2.312872 -16.55618 -0.7800035 2.143265 -16.92885 -0.7834895 2.181584 -16.83708 -0.7868175 2.220387 -16.75772 -0.7890199 2.257012 -16.65513 -0.7904954 2.289298 -16.51152 -0.8174591 2.137442 -16.78406 -0.8149875 2.173773 -16.71726 -0.8124783 2.209172 -16.65284 -0.8097589 2.241295 -16.57124 -0.8084333 2.267684 -16.4528 -0.8208525 2.251336 -16.39092 -0.761878 2.426427 -15.48137 -0.7880328 2.379003 -15.48137 -0.8155161 2.326734 -15.48137 -0.8432715 2.271628 -15.48137 -0.7463834 2.44608 -15.78703 -0.7672329 2.400715 -15.78031 -0.7903628 2.358338 -15.77931 -0.8143763 2.313572 -15.778 -0.8380995 2.267197 -15.77726 -0.7510335 2.416611 -16.08094 -0.7706744 2.375108 -16.06754 -0.7918151 2.337162 -16.06073 -0.8127589 2.29986 -16.05127 -0.8326752 2.2621 -16.04588 -0.7518278 2.37991 -16.3518 -0.7717448 2.34624 -16.33136 -0.7916432 2.315081 -16.30909 -0.8101057 2.285885 -16.27784 -0.8265269 2.256472 -16.25996 -0.9251714 2.083611 -15.78703 -0.9068531 2.100708 -16.08094 -0.8821265 2.115747 -16.3518 -0.8519418 2.128151 -16.58922 -0.9176977 2.110524 -15.48137 -0.9028075 2.127985 -15.78412 -0.8875349 2.141826 -16.07325 -0.8678434 2.153898 -16.33516 -0.8436788 2.16446 -16.55484 -0.8953632 2.161405 -15.48137 -0.8817334 2.173185 -15.78026 -0.868498 2.182496 -16.06215 -0.8534138 2.190471 -16.31004 -0.8351755 2.1988 -16.51118 -0.8702327 2.215804 -15.48137 -0.860358 2.219995 -15.778 -0.8507332 2.222783 -16.05127 -0.8403024 2.224665 -16.27784 -0.8272495 2.229537 -16.4528 -0.595874 2.318907 1.008521 -0.8370825 2.303727 -0.5582113 -0.5846679 2.645658 -0.5582113 -0.6339117 2.330834 0.9784165 -0.6724582 2.33905 0.8892593 -0.7100328 2.343238 0.7444782 -0.7451911 2.343238 0.5496359 -0.6046785 2.370435 0.9784165 -0.6371974 2.375333 0.8893595 -0.6704767 2.378497 0.8089676 -0.7025369 2.378882 0.6868525 -0.7316506 2.376679 0.5165939 -0.6107432 2.422652 0.8892593 -0.6391675 2.419807 0.7974911 -0.6679107 2.416659 0.7181349 -0.6948575 2.41244 0.6155453 -0.7185206 2.408102 0.4719324 -0.613835 2.473551 0.7444782 -0.639657 2.46318 0.6776705 -0.6647973 2.45294 0.6132498 -0.687524 2.44306 0.5316525 -0.7063719 2.436151 0.4132099 -0.6969584 2.45584 0.3513384 -0.8122219 2.343327 -0.5582113 -0.7829889 2.387329 -0.5582113 -0.7505068 2.434041 -0.5582113 -0.716024 2.481667 -0.5582113 -0.8234279 2.318907 -0.2525582 -0.7946508 2.355458 -0.2592716 -0.7684817 2.394456 -0.260272 -0.7407546 2.435094 -0.2615891 -0.7118064 2.475661 -0.2623272 -0.8029994 2.330834 0.04135036 -0.776782 2.365026 0.02795886 -0.7534329 2.400517 0.021142 -0.7305111 2.435621 0.01168251 -0.7070579 2.469448 0.006291389 -0.776582 2.33905 0.3122177 -0.7560904 2.37208 0.2917719 -0.7374125 2.404596 0.2695046 -0.7198755 2.434822 0.2382507 -0.7017841 2.462377 0.2203779 -0.595874 2.627161 -0.2525582 -0.6046785 2.599488 0.04135036 -0.6107432 2.563702 0.3122177 -0.613835 2.521178 0.5496359 -0.613901 2.611981 -0.5582113 -0.6236386 2.588791 -0.2554689 -0.6306801 2.5658 0.03366374 -0.6355787 2.537282 0.2955752 -0.6385118 2.503116 0.5152493 -0.646383 2.572381 -0.5582113 -0.6522528 2.551974 -0.2593217 -0.656412 2.532573 0.02256774 -0.659243 2.510976 0.2704544 -0.6617151 2.485119 0.4715948 -0.6808658 2.528379 -0.5582113 -0.6819739 2.514442 -0.2615891 -0.6821147 2.501111 0.01168251 -0.6814423 2.486885 0.2382507 -0.6824233 2.468592 0.4132099 -0.595874 2.318907 -17.04811 -0.5846679 2.645658 -15.48137 -0.8370825 2.303727 -15.48137 -0.6046785 2.370435 -17.018 -0.6107432 2.422652 -16.92885 -0.613835 2.473551 -16.78406 -0.613835 2.521178 -16.58922 -0.6339117 2.330834 -17.018 -0.6375278 2.374886 -16.92894 -0.6398635 2.419967 -16.84855 -0.6401476 2.463397 -16.72644 -0.6385215 2.502836 -16.55618 -0.6724582 2.33905 -16.92885 -0.6703587 2.377554 -16.83708 -0.6680345 2.416491 -16.75772 -0.6649199 2.452994 -16.65513 -0.6617175 2.485049 -16.51152 -0.7100328 2.343238 -16.78406 -0.7023764 2.378217 -16.71726 -0.6948174 2.412274 -16.65284 -0.687524 2.44306 -16.57124 -0.6824233 2.468592 -16.4528 -0.6969583 2.45584 -16.39092 -0.613901 2.611981 -15.48137 -0.646383 2.572381 -15.48137 -0.6808658 2.528379 -15.48137 -0.716024 2.481667 -15.48137 -0.595874 2.627161 -15.78703 -0.622856 2.588179 -15.78031 -0.6516444 2.552729 -15.77931 -0.6816436 2.515168 -15.778 -0.7115897 2.475954 -15.77726 -0.6046785 2.599488 -16.08094 -0.6299191 2.563972 -16.06754 -0.6561186 2.532343 -16.06073 -0.6820321 2.501292 -16.05127 -0.7070037 2.469521 -16.04588 -0.6107432 2.563702 -16.3518 -0.6351264 2.535943 -16.33136 -0.6591299 2.510641 -16.30909 -0.6814423 2.486885 -16.27784 -0.701784 2.462378 -16.25996 -0.8234279 2.318907 -15.78703 -0.8029994 2.330834 -16.08094 -0.776582 2.33905 -16.3518 -0.7451911 2.343238 -16.58922 -0.8122219 2.343327 -15.48137 -0.795103 2.356518 -15.78412 -0.7781307 2.366057 -16.07325 -0.757079 2.372693 -16.33516 -0.7318575 2.376666 -16.55484 -0.7829889 2.387329 -15.48137 -0.7679243 2.39528 -15.78026 -0.7536025 2.400914 -16.06215 -0.7376595 2.40475 -16.31004 -0.7185723 2.408098 -16.51118 -0.7505068 2.434041 -15.48137 -0.7402182 2.435542 -15.778 -0.730377 2.435732 -16.05127 -0.7198755 2.434822 -16.27784 -0.7063718 2.436151 -16.4528 -0.4665715 2.462656 1.008521 -0.7053313 2.511514 -0.5582113 -0.4085232 2.780167 -0.5582113 -0.5021606 2.484406 0.9784165 -0.5387835 2.502651 0.8892593 -0.5750327 2.516689 0.7444782 -0.6095154 2.52598 0.5496359 -0.4677859 2.51552 0.9784165 -0.4989746 2.528919 0.8893595 -0.5311589 2.540817 0.8089676 -0.5625475 2.549667 0.6868525 -0.5914189 2.555201 0.5165939 -0.466214 2.568336 0.8892593 -0.4945017 2.573059 0.7974911 -0.5231462 2.577567 0.7181349 -0.5501828 2.580551 0.6155453 -0.5740159 2.58255 0.4719324 -0.4619159 2.619076 0.7444782 -0.4887353 2.615727 0.6776705 -0.5148673 2.612329 0.6132498 -0.5385802 2.608644 0.5316525 -0.5580611 2.606849 0.4132099 -0.5459929 2.623672 0.3513384 -0.6752453 2.543783 -0.5582113 -0.640237 2.579213 -0.5582113 -0.6016519 2.616443 -0.5582113 -0.5609726 2.654042 -0.5582113 -0.6897531 2.522794 -0.2525582 -0.6562648 2.551037 -0.2592716 -0.6249822 2.58237 -0.260272 -0.5919352 2.614899 -0.2615891 -0.557701 2.647036 -0.2623272 -0.6679993 2.529093 0.04135036 -0.6373615 2.555699 0.02795886 -0.6093498 2.584337 0.021142 -0.5818129 2.612709 0.01168251 -0.5539386 2.639688 0.006291389 -0.6409064 2.530169 0.3122177 -0.6160516 2.557149 0.2917719 -0.5930495 2.584104 0.2695046 -0.5714967 2.609114 0.2382507 -0.5497844 2.631359 0.2203779 -0.4221777 2.764987 -0.2525582 -0.4347985 2.740172 0.04135036 -0.4459005 2.706676 0.3122177 -0.4550569 2.665787 0.5496359 -0.4420445 2.754863 -0.5582113 -0.4549346 2.734692 -0.2554689 -0.4651521 2.714003 0.03366374 -0.4740635 2.687328 0.2955752 -0.4818608 2.654594 0.5152493 -0.4796056 2.724608 -0.5582113 -0.4883015 2.706144 -0.2593217 -0.4951747 2.688215 0.02256774 -0.5010618 2.667781 0.2704544 -0.5072101 2.643075 0.4715948 -0.5197626 2.690565 -0.5582113 -0.5228567 2.677188 -0.2615891 -0.5249147 2.66415 0.01168251 -0.5263041 2.65002 0.2382507 -0.5299006 2.632338 0.4132099 -0.4665715 2.462656 -17.04811 -0.4085232 2.780167 -15.48137 -0.7053313 2.511514 -15.48137 -0.4677859 2.51552 -17.018 -0.466214 2.568336 -16.92885 -0.4619159 2.619076 -16.78406 -0.4550569 2.665787 -16.58922 -0.5021606 2.484406 -17.018 -0.4993629 2.528567 -16.92894 -0.4951612 2.5734 -16.84855 -0.4891853 2.61607 -16.72644 -0.4819107 2.654321 -16.55618 -0.5387835 2.502651 -16.92885 -0.5311788 2.539861 -16.83708 -0.5232917 2.577435 -16.75772 -0.5149799 2.612414 -16.65513 -0.5072226 2.643007 -16.51152 -0.5750327 2.516689 -16.78406 -0.5624859 2.548973 -16.71726 -0.5501674 2.580377 -16.65284 -0.5385802 2.608644 -16.57124 -0.5299006 2.632338 -16.4528 -0.5459929 2.623672 -16.39092 -0.4420445 2.754863 -15.48137 -0.4796056 2.724608 -15.48137 -0.5197626 2.690565 -15.48137 -0.5609726 2.654042 -15.48137 -0.4221777 2.764987 -15.78703 -0.4542554 2.733884 -15.78031 -0.4875959 2.706724 -15.77931 -0.5224281 2.677813 -15.778 -0.5574463 2.647266 -15.77726 -0.4347985 2.740172 -16.08094 -0.4646689 2.71201 -16.06754 -0.49492 2.687912 -16.06073 -0.5248076 2.664306 -16.05127 -0.5538749 2.639746 -16.04588 -0.4459005 2.706676 -16.3518 -0.4738128 2.685895 -16.33136 -0.5009991 2.667423 -16.30909 -0.5263041 2.65002 -16.27784 -0.5497844 2.631359 -16.25996 -0.6897531 2.522794 -15.78703 -0.6679993 2.529093 -16.08094 -0.6409064 2.530169 -16.3518 -0.6095154 2.52598 -16.58922 -0.6752453 2.543783 -15.48137 -0.6565557 2.552196 -15.78412 -0.6385359 2.557066 -16.07325 -0.6169328 2.558011 -16.33516 -0.5916239 2.555243 -16.55484 -0.640237 2.579213 -15.48137 -0.6243168 2.583031 -15.78026 -0.6094589 2.584772 -16.06215 -0.5932699 2.58432 -16.31004 -0.5740671 2.58256 -16.51118 -0.6016519 2.616443 -15.48137 -0.5913448 2.615196 -15.778 -0.5816652 2.612783 -16.05127 -0.5714967 2.609114 -16.27784 -0.5580611 2.606849 -16.4528 -0.319051 2.569471 1.008521 -0.546187 2.680489 -0.5582113 -0.2163915 2.86554 -0.5582113 -0.3508238 2.600209 0.9784165 -0.3841155 2.627782 0.8892593 -0.4176467 2.65113 0.7444782 -0.4501287 2.669356 0.5496359 -0.3126289 2.62164 0.9784165 -0.3412888 2.643024 0.8893595 -0.3711409 2.663199 0.8089676 -0.400652 2.680175 0.6868525 -0.4281717 2.693232 0.5165939 -0.3034809 2.673027 0.8892593 -0.330545 2.685134 0.7974911 -0.3579897 2.697126 0.7181349 -0.3840771 2.707197 0.6155453 -0.4071645 2.715456 0.4719324 -0.291958 2.721655 0.7444782 -0.3187444 2.725459 0.6776705 -0.3448638 2.729031 0.6132498 -0.3686516 2.731685 0.5316525 -0.3880167 2.735072 0.4132099 -0.3737574 2.748383 0.3513384 -0.5120317 2.704187 -0.5582113 -0.4725936 2.729684 -0.5582113 -0.4293882 2.756002 -0.5582113 -0.3840757 2.782128 -0.5582113 -0.5292835 2.687435 -0.2525582 -0.4923713 2.706285 -0.2592716 -0.4571773 2.728749 -0.260272 -0.4200806 2.75192 -0.2615891 -0.3818761 2.774392 -0.2623272 -0.5070406 2.687864 0.04135036 -0.4731597 2.705862 0.02795886 -0.4415619 2.726547 0.021142 -0.4104682 2.747096 0.01168251 -0.379244 2.766191 0.006291389 -0.4803133 2.681759 0.3122177 -0.4520505 2.701653 0.2917719 -0.4256086 2.722011 0.2695046 -0.4008679 2.740844 0.2382507 -0.3763692 2.756924 0.2203779 -0.2319698 2.85426 -0.2525582 -0.2479219 2.833258 0.04135036 -0.2636344 2.80334 0.3122177 -0.2785037 2.765656 0.5496359 -0.2529131 2.849581 -0.5582113 -0.2684605 2.833204 -0.2554689 -0.281461 2.815613 0.03366374 -0.2940429 2.791806 0.2955752 -0.3064046 2.761762 0.5152493 -0.2941096 2.829834 -0.5582113 -0.3052973 2.814023 -0.2593217 -0.3146207 2.798255 0.02256774 -0.3233374 2.77977 0.2704544 -0.3329257 2.757163 0.4715948 -0.3383979 2.807058 -0.5582113 -0.3433588 2.794756 -0.2615891 -0.347255 2.782512 0.01168251 -0.3506526 2.769021 0.2382507 -0.3567265 2.752629 0.4132099 -0.319051 2.569471 -17.04811 -0.2163915 2.86554 -15.48137 -0.5461871 2.680489 -15.48137 -0.3126289 2.62164 -17.018 -0.3034808 2.673027 -16.92885 -0.291958 2.721655 -16.78406 -0.2785035 2.765656 -16.58922 -0.3508238 2.600209 -17.018 -0.3417202 2.642782 -16.92894 -0.3311427 2.685643 -16.84855 -0.3191363 2.725914 -16.72644 -0.3064927 2.761507 -16.55618 -0.3841154 2.627782 -16.92885 -0.3712981 2.662267 -16.83708 -0.3581514 2.697035 -16.75772 -0.3449618 2.729145 -16.65513 -0.3329476 2.7571 -16.51152 -0.4176465 2.65113 -16.78406 -0.4006915 2.679477 -16.71726 -0.384087 2.707022 -16.65284 -0.3686516 2.731685 -16.57124 -0.3567264 2.752629 -16.4528 -0.3737574 2.748383 -16.39092 -0.2529131 2.849581 -15.48137 -0.2941095 2.829834 -15.48137 -0.3383978 2.807058 -15.48137 -0.3840757 2.782128 -15.48137 -0.2319698 2.85426 -15.78703 -0.2679105 2.832233 -15.78031 -0.3045219 2.814405 -15.77931 -0.3428484 2.795256 -15.778 -0.3815929 2.77455 -15.77726 -0.2479219 2.833258 -16.08094 -0.2812741 2.813531 -16.06754 -0.3144145 2.797891 -16.06073 -0.3471273 2.782637 -16.05127 -0.3791732 2.76623 -16.04588 -0.2636344 2.80334 -16.3518 -0.2940034 2.790335 -16.33136 -0.3233274 2.779402 -16.30909 -0.3506525 2.769021 -16.27784 -0.3763691 2.756924 -16.25996 -0.5292835 2.687435 -15.78703 -0.5070406 2.687864 -16.08094 -0.4803133 2.681759 -16.3518 -0.4501286 2.669355 -16.58922 -0.5120317 2.704187 -15.48137 -0.4924896 2.707499 -15.78412 -0.4741146 2.707514 -16.07325 -0.4527907 2.702731 -16.33516 -0.4283666 2.693327 -16.55484 -0.4725936 2.729685 -15.48137 -0.4564296 2.729221 -15.78026 -0.4416063 2.727002 -16.06215 -0.4257935 2.72228 -16.31004 -0.4072132 2.71548 -16.51118 -0.4293882 2.756002 -15.48137 -0.4194587 2.752055 -15.778 -0.4103127 2.74713 -16.05127 -0.4008679 2.740844 -16.27784 -0.3880167 2.735072 -16.4528 -0.158982 2.635248 1.008521 -0.3657655 2.804159 -0.5582113 -0.01565629 2.898498 -0.5582113 -0.1857177 2.673792 0.9784165 -0.2143987 2.709633 0.8892593 -0.243923 2.741394 0.7444782 -0.2731562 2.767854 0.5496359 -0.1451701 2.684718 0.9784165 -0.1701996 2.713264 0.8893595 -0.1965728 2.740941 0.8089676 -0.2230719 2.765389 0.6868525 -0.2481825 2.785469 0.5165939 -0.1287973 2.732699 0.8892593 -0.1535977 2.751726 0.7974911 -0.1787881 2.77074 0.7181349 -0.202924 2.787512 0.6155453 -0.2243783 2.801714 0.4719324 -0.1104928 2.777347 0.7444782 -0.1362165 2.788157 0.6776705 -0.1613196 2.798563 0.6132498 -0.1842682 2.807453 0.5316525 -0.2027735 2.815892 0.4132099 -0.1868712 2.825179 0.3513384 -0.3288536 2.818375 -0.5582113 -0.2865011 2.83296 -0.5582113 -0.2403357 2.847354 -0.5582113 -0.1921315 2.861003 -0.5582113 -0.3481864 2.806504 -0.2525582 -0.3092685 2.815238 -0.2592716 -0.2715158 2.827968 -0.260272 -0.2317948 2.840891 -0.2615891 -0.1910881 2.852834 -0.2623272 -0.3263091 2.801047 0.04135036 -0.2904871 2.809745 0.02795886 -0.2565175 2.821682 0.021142 -0.2230618 2.833619 0.01168251 -0.1896878 2.844095 0.006291389 -0.3009745 2.787996 0.3122177 -0.2703897 2.800038 0.2917719 -0.2415238 2.813017 0.2695046 -0.2145464 2.82495 0.2382507 -0.1882027 2.834247 0.2203779 -0.03255987 2.891551 -0.2525582 -0.05123007 2.875168 0.04135036 -0.07094931 2.849978 0.3122177 -0.0909599 2.816947 0.5496359 -0.05377459 2.892497 -0.5582113 -0.07138168 2.880544 -0.2554689 -0.08666586 2.866726 0.03366374 -0.1024347 2.846702 0.2955752 -0.1188856 2.820501 0.5152493 -0.09702342 2.884016 -0.5582113 -0.1102732 2.871466 -0.2593217 -0.1216883 2.858465 0.02256774 -0.1328997 2.842638 0.2704544 -0.1455594 2.823 0.4715948 -0.1437408 2.873382 -0.5582113 -0.1503782 2.862627 -0.2615891 -0.1559627 2.851649 0.01168251 -0.161238 2.839314 0.2382507 -0.1695559 2.824843 0.4132099 -0.158982 2.635248 -17.04811 -0.01565629 2.898498 -15.48137 -0.3657655 2.804159 -15.48137 -0.1451701 2.684718 -17.018 -0.1287973 2.732699 -16.92885 -0.1104928 2.777347 -16.78406 -0.0909599 2.816947 -16.58922 -0.1857177 2.673792 -17.018 -0.1706578 2.713141 -16.92894 -0.1541109 2.752382 -16.84855 -0.1365355 2.788707 -16.72644 -0.1190087 2.820275 -16.55618 -0.2143987 2.709633 -16.92885 -0.1968613 2.740068 -16.83708 -0.1789599 2.770694 -16.75772 -0.1613994 2.798701 -16.65513 -0.1455901 2.822944 -16.51152 -0.243923 2.741394 -16.78406 -0.2232112 2.764716 -16.71726 -0.2029588 2.787343 -16.65284 -0.1842682 2.807453 -16.57124 -0.1695559 2.824843 -16.4528 -0.1868712 2.825179 -16.39092 -0.05377453 2.892497 -15.48137 -0.09702342 2.884016 -15.48137 -0.1437408 2.873382 -15.48137 -0.1921314 2.861003 -15.48137 -0.03255987 2.891551 -15.78703 -0.07098233 2.879445 -15.78031 -0.1094577 2.871636 -15.77931 -0.1498056 2.862983 -15.778 -0.1907876 2.852915 -15.77726 -0.05123001 2.875168 -16.08094 -0.08678251 2.864634 -16.06754 -0.1215385 2.858053 -16.06073 -0.1558195 2.851738 -16.05127 -0.1896126 2.844115 -16.04588 -0.07094931 2.849978 -16.3518 -0.1026078 2.845248 -16.33136 -0.132943 2.842275 -16.30909 -0.161238 2.839314 -16.27784 -0.1882027 2.834247 -16.25996 -0.3481864 2.806504 -15.78703 -0.3263091 2.801047 -16.08094 -0.3009745 2.787996 -16.3518 -0.2731562 2.767854 -16.58922 -0.3288536 2.818375 -15.48137 -0.3092098 2.81646 -15.78412 -0.2911857 2.811617 -16.07325 -0.2709604 2.801291 -16.33516 -0.24836 2.785614 -16.55484 -0.2865011 2.83296 -15.48137 -0.2707144 2.828234 -15.78026 -0.2564955 2.82214 -16.06215 -0.2416664 2.813331 -16.31004 -0.2244226 2.80175 -16.51118 -0.2403357 2.847354 -15.48137 -0.2311655 2.840859 -15.778 -0.2229045 2.833611 -16.05127 -0.2145464 2.824951 -16.27784 -0.2027735 2.815892 -16.4528 0.007483899 2.657458 1.008521 -0.1710001 2.877771 -0.5582113 0.1859679 2.877771 -0.5582113 -0.01318693 2.702327 0.9784165 -0.03615522 2.745059 0.8892593 -0.06053817 2.784012 0.7444782 -0.08539879 2.817689 0.5496359 0.02815479 2.702327 0.9784165 0.00771743 2.73694 0.8893595 -0.01416295 2.771054 0.8089676 -0.03663194 2.802036 0.6868525 -0.05836826 2.828366 0.5165939 0.05112302 2.745059 0.8892593 0.02953934 2.770275 0.7974911 0.007571458 2.795581 0.7181349 -0.0136851 2.818409 0.6155453 -0.03268182 2.838008 0.4719324 0.07550597 2.784012 0.7444782 0.05183333 2.801413 0.6776705 0.02871131 2.818253 0.6132498 0.007483899 2.833036 0.5316525 -0.009450197 2.846204 0.4132099 0.007483899 2.85111 0.3513384 -0.13275 2.88196 -0.5582113 -0.08911091 2.885072 -0.5582113 -0.04175966 2.886988 -0.5582113 0.007483899 2.887635 -0.5582113 -0.1534209 2.875426 -0.2525582 -0.1139932 2.873707 -0.2592716 -0.07513254 2.876215 -0.260272 -0.03431379 2.878392 -0.2615891 0.007330715 2.879348 -0.2623272 -0.13275 2.864292 0.04135036 -0.09636372 2.863356 0.02795886 -0.06132769 2.866086 0.021142 -0.0267958 2.868952 0.01168251 0.007445573 2.870407 0.006291389 -0.1097818 2.844796 0.3122177 -0.07805043 2.848524 0.2917719 -0.04787009 2.853625 0.2695046 -0.01969242 2.8582 0.2382507 0.007483899 2.860355 0.2203779 0.1683887 2.875426 -0.2525582 0.1477178 2.864292 0.04135036 0.1247496 2.844796 0.3122177 0.1003667 2.817689 0.5496359 0.1477178 2.88196 -0.5582113 0.1287275 2.874889 -0.2554689 0.1117472 2.865377 0.03366374 0.09339749 2.849904 0.2955752 0.0734893 2.828555 0.5152493 0.1040787 2.885072 -0.5582113 0.08927601 2.876265 -0.2593217 0.07620799 2.86653 0.02256774 0.06293272 2.853971 0.2704544 0.047688 2.838055 0.4715948 0.05672752 2.886988 -0.5582113 0.04866886 2.878195 -0.2615891 0.04161047 2.868903 0.01168251 0.03466027 2.8582 0.2382507 0.02441805 2.846204 0.4132099 0.007483899 2.657458 -17.04811 0.1859679 2.877771 -15.48137 -0.1710001 2.877771 -15.48137 0.02815479 2.702327 -17.018 0.05112302 2.745059 -16.92885 0.07550597 2.784012 -16.78406 0.1003667 2.817689 -16.58922 -0.01318693 2.702327 -17.018 0.007250368 2.73694 -16.92894 0.02913075 2.771054 -16.84855 0.0515998 2.802036 -16.72644 0.07333612 2.828366 -16.55618 -0.03615522 2.745059 -16.92885 -0.01457154 2.770275 -16.83708 0.00739634 2.795581 -16.75772 0.0286529 2.818409 -16.65513 0.04764968 2.838008 -16.51152 -0.06053817 2.784012 -16.78406 -0.03686547 2.801413 -16.71726 -0.01374351 2.818253 -16.65284 0.007483899 2.833036 -16.57124 0.02441805 2.846204 -16.4528 0.007483899 2.85111 -16.39092 0.1477178 2.88196 -15.48137 0.1040787 2.885072 -15.48137 0.05672752 2.886988 -15.48137 0.007483899 2.887635 -15.48137 0.1683887 2.875426 -15.78703 0.1289611 2.873707 -15.78031 0.09010034 2.876215 -15.77931 0.04928159 2.878392 -15.778 0.007637083 2.879348 -15.77726 0.1477178 2.864292 -16.08094 0.1113316 2.863356 -16.06754 0.07629555 2.866086 -16.06073 0.04176366 2.868952 -16.05127 0.007522165 2.870407 -16.04588 0.1247496 2.844796 -16.3518 0.09301829 2.848524 -16.33136 0.06283795 2.853625 -16.30909 0.03466027 2.8582 -16.27784 0.007483899 2.860355 -16.25996 -0.1534209 2.875426 -15.78703 -0.13275 2.864292 -16.08094 -0.1097818 2.844796 -16.3518 -0.08539879 2.817689 -16.58922 -0.13275 2.88196 -15.48137 -0.1137597 2.874889 -15.78412 -0.09677928 2.865377 -16.07325 -0.07842963 2.849904 -16.33516 -0.05852144 2.828555 -16.55484 -0.08911091 2.885072 -15.48137 -0.07430815 2.876265 -15.78026 -0.06124013 2.86653 -16.06215 -0.04796493 2.853971 -16.31004 -0.03272014 2.838055 -16.51118 -0.04175966 2.886988 -15.48137 -0.033701 2.878195 -15.778 -0.02664268 2.868903 -16.05127 -0.01969242 2.8582 -16.27784 -0.009450197 2.846204 -16.4528 0.1739498 2.635248 1.008521 0.03062415 2.898498 -0.5582113 0.3807333 2.804159 -0.5582113 0.160138 2.684718 0.9784165 0.1437652 2.732699 0.8892593 0.1254606 2.777347 0.7444782 0.1059277 2.816947 0.5496359 0.2006855 2.673792 0.9784165 0.1856256 2.713141 0.8893595 0.1690787 2.752382 0.8089676 0.1515033 2.788707 0.6868525 0.1339765 2.820275 0.5165939 0.2293666 2.709633 0.8892593 0.2118291 2.740068 0.7974911 0.1939278 2.770694 0.7181349 0.1763672 2.798701 0.6155453 0.1605579 2.822944 0.4719324 0.2588909 2.741394 0.7444782 0.238179 2.764716 0.6776705 0.2179266 2.787343 0.6132498 0.1992361 2.807453 0.5316525 0.1845237 2.824843 0.4132099 0.201839 2.825179 0.3513384 0.06874239 2.892497 -0.5582113 0.1119912 2.884016 -0.5582113 0.1587086 2.873382 -0.5582113 0.2070992 2.861003 -0.5582113 0.04752773 2.891551 -0.2525582 0.08595019 2.879445 -0.2592716 0.1244255 2.871636 -0.260272 0.1647735 2.862983 -0.2615891 0.2057555 2.852915 -0.2623272 0.06619787 2.875168 0.04135036 0.1017503 2.864634 0.02795886 0.1365063 2.858053 0.021142 0.1707873 2.851738 0.01168251 0.2045804 2.844115 0.006291389 0.08591717 2.849978 0.3122177 0.1175757 2.845248 0.2917719 0.1479108 2.842275 0.2695046 0.1762058 2.839314 0.2382507 0.2031705 2.834247 0.2203779 0.3631542 2.806504 -0.2525582 0.341277 2.801047 0.04135036 0.3159424 2.787996 0.3122177 0.288124 2.767854 0.5496359 0.3438214 2.818375 -0.5582113 0.3241777 2.81646 -0.2554689 0.3061536 2.811617 0.03366374 0.2859283 2.801291 0.2955752 0.2633278 2.785614 0.5152493 0.301469 2.83296 -0.5582113 0.2856823 2.828234 -0.2593217 0.2714634 2.82214 0.02256774 0.2566343 2.813331 0.2704544 0.2393905 2.80175 0.4715948 0.2553035 2.847354 -0.5582113 0.2461333 2.840859 -0.2615891 0.2378723 2.833611 0.01168251 0.2295142 2.824951 0.2382507 0.2177413 2.815892 0.4132099 0.1739498 2.635248 -17.04811 0.3807333 2.804159 -15.48137 0.03062415 2.898498 -15.48137 0.2006855 2.673792 -17.018 0.2293666 2.709633 -16.92885 0.2588909 2.741394 -16.78406 0.288124 2.767854 -16.58922 0.160138 2.684718 -17.018 0.1851674 2.713264 -16.92894 0.2115406 2.740941 -16.84855 0.2380398 2.765389 -16.72644 0.2631504 2.785469 -16.55618 0.1437652 2.732699 -16.92885 0.1685655 2.751726 -16.83708 0.1937559 2.77074 -16.75772 0.2178919 2.787512 -16.65513 0.2393462 2.801714 -16.51152 0.1254606 2.777347 -16.78406 0.1511844 2.788157 -16.71726 0.1762874 2.798563 -16.65284 0.1992361 2.807453 -16.57124 0.2177413 2.815892 -16.4528 0.201839 2.825179 -16.39092 0.3438214 2.818375 -15.48137 0.301469 2.83296 -15.48137 0.2553035 2.847354 -15.48137 0.2070993 2.861003 -15.48137 0.3631542 2.806504 -15.78703 0.3242364 2.815238 -15.78031 0.2864837 2.827968 -15.77931 0.2467627 2.840891 -15.778 0.206056 2.852834 -15.77726 0.341277 2.801047 -16.08094 0.305455 2.809745 -16.06754 0.2714854 2.821682 -16.06073 0.2380297 2.833619 -16.05127 0.2046556 2.844095 -16.04588 0.3159424 2.787996 -16.3518 0.2853575 2.800038 -16.33136 0.2564917 2.813017 -16.30909 0.2295142 2.82495 -16.27784 0.2031705 2.834247 -16.25996 0.04752773 2.891551 -15.78703 0.06619793 2.875168 -16.08094 0.08591717 2.849978 -16.3518 0.1059277 2.816947 -16.58922 0.06874245 2.892497 -15.48137 0.08634954 2.880544 -15.78412 0.1016337 2.866726 -16.07325 0.1174025 2.846702 -16.33516 0.1338534 2.820501 -16.55484 0.1119912 2.884016 -15.48137 0.1252411 2.871466 -15.78026 0.1366561 2.858465 -16.06215 0.1478675 2.842638 -16.31004 0.1605272 2.823 -16.51118 0.1587086 2.873382 -15.48137 0.165346 2.862627 -15.778 0.1709305 2.851649 -16.05127 0.1762058 2.839314 -16.27784 0.1845237 2.824843 -16.4528 0.3340189 2.569471 1.008521 0.2313593 2.86554 -0.5582113 0.5611549 2.680489 -0.5582113 0.3275968 2.62164 0.9784165 0.3184487 2.673027 0.8892593 0.3069259 2.721655 0.7444782 0.2934714 2.765656 0.5496359 0.3657917 2.600209 0.9784165 0.356688 2.642782 0.8893595 0.3461106 2.685643 0.8089676 0.3341042 2.725914 0.6868525 0.3214606 2.761507 0.5165939 0.3990833 2.627782 0.8892593 0.386266 2.662267 0.7974911 0.3731192 2.697035 0.7181349 0.3599296 2.729145 0.6155453 0.3479155 2.7571 0.4719324 0.4326144 2.65113 0.7444782 0.4156594 2.679477 0.6776705 0.3990548 2.707022 0.6132498 0.3836194 2.731685 0.5316525 0.3716943 2.752629 0.4132099 0.3887253 2.748383 0.3513393 0.2678809 2.849581 -0.5582128 0.3090773 2.829834 -0.5582128 0.3533656 2.807058 -0.5582128 0.3990436 2.782128 -0.5582128 0.2469376 2.85426 -0.2525582 0.2828784 2.832233 -0.2592726 0.3194898 2.814405 -0.260272 0.3578162 2.795256 -0.2615891 0.3965608 2.77455 -0.2623277 0.2628898 2.833258 0.04135036 0.296242 2.813531 0.02795886 0.3293824 2.797891 0.021142 0.3620952 2.782637 0.01168251 0.3941411 2.76623 0.006291389 0.2786023 2.80334 0.3122177 0.3089713 2.790335 0.2917719 0.3382953 2.779402 0.2695046 0.3656203 2.769021 0.2382507 0.3913369 2.756924 0.2203779 0.5442513 2.687435 -0.2525582 0.5220084 2.687864 0.04135036 0.4952812 2.681759 0.3122177 0.4650964 2.669355 0.5496359 0.5269995 2.704187 -0.5582128 0.5074574 2.707499 -0.2554689 0.4890825 2.707514 0.03366374 0.4677585 2.702731 0.2955752 0.4433345 2.693327 0.5152493 0.4875614 2.729685 -0.5582128 0.4713975 2.729221 -0.2593217 0.4565742 2.727002 0.02256774 0.4407614 2.72228 0.2704544 0.4221811 2.71548 0.4715948 0.444356 2.756002 -0.5582128 0.4344266 2.752055 -0.2615891 0.4252806 2.74713 0.01168251 0.4158357 2.740844 0.2382507 0.4029846 2.735072 0.4132099 0.3340189 2.569471 -17.04811 0.5611548 2.680489 -15.48137 0.2313593 2.86554 -15.48137 0.3657917 2.600209 -17.018 0.3990834 2.627782 -16.92885 0.4326145 2.65113 -16.78406 0.4650965 2.669356 -16.58922 0.3275968 2.62164 -17.018 0.3562567 2.643024 -16.92894 0.3861088 2.663199 -16.84855 0.4156199 2.680175 -16.72644 0.4431396 2.693232 -16.55618 0.3184487 2.673027 -16.92885 0.3455128 2.685134 -16.83708 0.3729575 2.697126 -16.75772 0.3990449 2.707197 -16.65513 0.4221323 2.715456 -16.51152 0.3069259 2.721655 -16.78406 0.3337123 2.725459 -16.71726 0.3598316 2.729031 -16.65284 0.3836194 2.731685 -16.57124 0.4029846 2.735072 -16.4528 0.3887253 2.748383 -16.39092 0.5269995 2.704187 -15.48137 0.4875615 2.729684 -15.48137 0.444356 2.756002 -15.48137 0.3990436 2.782128 -15.48137 0.5442513 2.687435 -15.78703 0.5073391 2.706285 -15.78031 0.4721451 2.728749 -15.77931 0.4350485 2.75192 -15.778 0.396844 2.774392 -15.77726 0.5220084 2.687864 -16.08094 0.4881276 2.705862 -16.06754 0.4565297 2.726547 -16.06073 0.4254361 2.747096 -16.05127 0.3942119 2.766191 -16.04588 0.4952812 2.681759 -16.3518 0.4670183 2.701653 -16.33136 0.4405764 2.722011 -16.30909 0.4158357 2.740844 -16.27784 0.391337 2.756924 -16.25996 0.2469376 2.85426 -15.78703 0.2628898 2.833258 -16.08094 0.2786023 2.80334 -16.3518 0.2934715 2.765656 -16.58922 0.267881 2.849581 -15.48137 0.2834283 2.833204 -15.78412 0.2964289 2.815613 -16.07325 0.3090108 2.791806 -16.33516 0.3213725 2.761762 -16.55484 0.3090775 2.829834 -15.48137 0.3202652 2.814023 -15.78026 0.3295885 2.798255 -16.06215 0.3383052 2.77977 -16.31004 0.3478935 2.757163 -16.51118 0.3533657 2.807058 -15.48137 0.3583267 2.794756 -15.778 0.3622229 2.782512 -16.05127 0.3656204 2.769021 -16.27784 0.3716944 2.752629 -16.4528 0.4815393 2.462656 1.008521 0.4234911 2.780167 -0.5582113 0.7202991 2.511514 -0.5582113 0.4827538 2.51552 0.9784165 0.4811818 2.568336 0.8892593 0.4768837 2.619076 0.7444782 0.4700248 2.665787 0.5496359 0.5171284 2.484406 0.9784165 0.5143308 2.528567 0.8893595 0.5101291 2.5734 0.8089676 0.5041531 2.61607 0.6868525 0.4968785 2.654321 0.5165939 0.5537513 2.502651 0.8892593 0.5461466 2.539861 0.7974911 0.5382595 2.577435 0.7181349 0.5299477 2.612414 0.6155453 0.5221904 2.643007 0.4719324 0.5900005 2.516689 0.7444782 0.5774537 2.548973 0.6776705 0.5651352 2.580377 0.6132498 0.553548 2.608644 0.5316525 0.5448684 2.632338 0.4132099 0.5609607 2.623672 0.3513384 0.4570124 2.754863 -0.5582113 0.4945734 2.724608 -0.5582113 0.5347304 2.690565 -0.5582113 0.5759404 2.654042 -0.5582113 0.4371455 2.764987 -0.2525582 0.4692233 2.733884 -0.2592716 0.5025637 2.706724 -0.260272 0.5373959 2.677813 -0.2615891 0.5724141 2.647266 -0.2623272 0.4497663 2.740172 0.04135036 0.4796367 2.71201 0.02795886 0.5098878 2.687912 0.021142 0.5397754 2.664306 0.01168251 0.5688427 2.639746 0.006291389 0.4608684 2.706676 0.3122177 0.4887807 2.685895 0.2917719 0.5159669 2.667423 0.2695046 0.5412719 2.65002 0.2382507 0.5647522 2.631359 0.2203779 0.7047209 2.522794 -0.2525582 0.6829671 2.529093 0.04135036 0.6558742 2.530169 0.3122177 0.6244832 2.52598 0.5496359 0.6902131 2.543783 -0.5582113 0.6715235 2.552196 -0.2554689 0.6535037 2.557066 0.03366374 0.6319006 2.558011 0.2955752 0.6065917 2.555243 0.5152493 0.6552048 2.579213 -0.5582113 0.6392846 2.583031 -0.2593217 0.6244267 2.584772 0.02256774 0.6082377 2.58432 0.2704544 0.5890349 2.58256 0.4715948 0.6166197 2.616443 -0.5582113 0.6063126 2.615196 -0.2615891 0.596633 2.612783 0.01168251 0.5864645 2.609114 0.2382507 0.5730289 2.606849 0.4132099 0.4815393 2.462656 -17.04811 0.7202991 2.511514 -15.48137 0.4234911 2.780167 -15.48137 0.5171284 2.484406 -17.018 0.5537513 2.502651 -16.92885 0.5900005 2.516689 -16.78406 0.6244832 2.52598 -16.58922 0.4827538 2.51552 -17.018 0.5139425 2.528919 -16.92894 0.5461267 2.540817 -16.84855 0.5775153 2.549667 -16.72644 0.6063867 2.555201 -16.55618 0.4811818 2.568336 -16.92885 0.5094695 2.573059 -16.83708 0.538114 2.577567 -16.75772 0.5651506 2.580551 -16.65513 0.5889837 2.58255 -16.51152 0.4768837 2.619076 -16.78406 0.5037032 2.615727 -16.71726 0.5298351 2.612329 -16.65284 0.553548 2.608644 -16.57124 0.5730289 2.606849 -16.4528 0.5609607 2.623672 -16.39092 0.6902131 2.543783 -15.48137 0.6552048 2.579213 -15.48137 0.6166197 2.616443 -15.48137 0.5759404 2.654042 -15.48137 0.7047209 2.522794 -15.78703 0.6712326 2.551037 -15.78031 0.63995 2.58237 -15.77931 0.606903 2.614899 -15.778 0.5726688 2.647036 -15.77726 0.6829671 2.529093 -16.08094 0.6523293 2.555699 -16.06754 0.6243176 2.584337 -16.06073 0.5967807 2.612709 -16.05127 0.5689064 2.639688 -16.04588 0.6558742 2.530169 -16.3518 0.6310194 2.557149 -16.33136 0.6080173 2.584104 -16.30909 0.5864645 2.609114 -16.27784 0.5647522 2.631359 -16.25996 0.4371455 2.764987 -15.78703 0.4497663 2.740172 -16.08094 0.4608684 2.706676 -16.3518 0.4700248 2.665787 -16.58922 0.4570124 2.754863 -15.48137 0.4699025 2.734692 -15.78412 0.48012 2.714003 -16.07325 0.4890314 2.687328 -16.33516 0.4968287 2.654594 -16.55484 0.4945734 2.724608 -15.48137 0.5032693 2.706144 -15.78026 0.5101425 2.688215 -16.06215 0.5160296 2.667781 -16.31004 0.5221779 2.643075 -16.51118 0.5347304 2.690565 -15.48137 0.5378245 2.677188 -15.778 0.5398825 2.66415 -16.05127 0.5412719 2.65002 -16.27784 0.5448684 2.632338 -16.4528 0.6108418 2.318907 1.008521 0.5996357 2.645658 -0.5582113 0.8520503 2.303727 -0.5582113 0.6196463 2.370435 0.9784165 0.625711 2.422652 0.8892593 0.6288028 2.473551 0.7444782 0.6288028 2.521178 0.5496359 0.6488795 2.330834 0.9784165 0.6524956 2.374886 0.8893595 0.6548313 2.419967 0.8089676 0.6551154 2.463397 0.6868525 0.6534893 2.502836 0.5165939 0.687426 2.33905 0.8892593 0.6853265 2.377554 0.7974911 0.6830023 2.416491 0.7181349 0.6798877 2.452994 0.6155453 0.6766853 2.485049 0.4719324 0.7250006 2.343238 0.7444782 0.7173442 2.378217 0.6776705 0.7097852 2.412274 0.6132498 0.7024918 2.44306 0.5316525 0.6973911 2.468592 0.4132099 0.7119261 2.45584 0.3513384 0.6288688 2.611981 -0.5582113 0.6613508 2.572381 -0.5582113 0.6958336 2.528379 -0.5582113 0.7309918 2.481667 -0.5582113 0.6108418 2.627161 -0.2525582 0.6378238 2.588179 -0.2592716 0.6666122 2.552729 -0.260272 0.6966114 2.515168 -0.2615891 0.7265575 2.475954 -0.2623272 0.6196463 2.599488 0.04135036 0.6448869 2.563972 0.02795886 0.6710864 2.532343 0.021142 0.6969999 2.501292 0.01168251 0.7219715 2.469521 0.006291389 0.625711 2.563702 0.3122177 0.6500942 2.535943 0.2917719 0.6740977 2.510641 0.2695046 0.6964101 2.486885 0.2382507 0.7167518 2.462378 0.2203779 0.8383957 2.318907 -0.2525582 0.8179672 2.330834 0.04135036 0.7915498 2.33905 0.3122177 0.7601589 2.343238 0.5496359 0.8271897 2.343327 -0.5582113 0.8100708 2.356518 -0.2554689 0.7930985 2.366057 0.03366374 0.7720468 2.372693 0.2955752 0.7468253 2.376666 0.5152493 0.7979567 2.387329 -0.5582113 0.7828921 2.39528 -0.2593217 0.7685703 2.400914 0.02256774 0.7526273 2.40475 0.2704544 0.7335401 2.408098 0.4715948 0.7654746 2.434041 -0.5582113 0.755186 2.435542 -0.2615891 0.7453448 2.435732 0.01168251 0.7348433 2.434822 0.2382507 0.7213396 2.436151 0.4132099 0.6108418 2.318907 -17.04811 0.8520503 2.303727 -15.48137 0.5996357 2.645658 -15.48137 0.6488795 2.330834 -17.018 0.687426 2.33905 -16.92885 0.7250006 2.343238 -16.78406 0.7601589 2.343238 -16.58922 0.6196463 2.370435 -17.018 0.6521652 2.375333 -16.92894 0.6854445 2.378497 -16.84855 0.7175047 2.378882 -16.72644 0.7466184 2.376679 -16.55618 0.625711 2.422652 -16.92885 0.6541353 2.419807 -16.83708 0.6828785 2.416659 -16.75772 0.7098253 2.41244 -16.65513 0.7334884 2.408102 -16.51152 0.6288028 2.473551 -16.78406 0.6546248 2.46318 -16.71726 0.6797651 2.45294 -16.65284 0.7024918 2.44306 -16.57124 0.7213397 2.436151 -16.4528 0.7119262 2.45584 -16.39092 0.8271897 2.343327 -15.48137 0.7979567 2.387329 -15.48137 0.7654746 2.434041 -15.48137 0.7309918 2.481667 -15.48137 0.8383957 2.318907 -15.78703 0.8096186 2.355458 -15.78031 0.7834495 2.394456 -15.77931 0.7557224 2.435094 -15.778 0.7267742 2.475661 -15.77726 0.8179672 2.330834 -16.08094 0.7917498 2.365026 -16.06754 0.7684007 2.400517 -16.06073 0.7454789 2.435621 -16.05127 0.7220257 2.469448 -16.04588 0.7915498 2.33905 -16.3518 0.7710582 2.37208 -16.33136 0.7523803 2.404596 -16.30909 0.7348433 2.434822 -16.27784 0.7167519 2.462377 -16.25996 0.6108418 2.627161 -15.78703 0.6196463 2.599488 -16.08094 0.625711 2.563702 -16.3518 0.6288028 2.521178 -16.58922 0.6288688 2.611981 -15.48137 0.6386064 2.588791 -15.78412 0.6456479 2.5658 -16.07325 0.6505465 2.537282 -16.33516 0.6534796 2.503116 -16.55484 0.6613508 2.572381 -15.48137 0.6672206 2.551974 -15.78026 0.6713798 2.532573 -16.06215 0.6742108 2.510976 -16.31004 0.6766829 2.485119 -16.51118 0.6958336 2.528379 -15.48137 0.6969417 2.514442 -15.778 0.6970825 2.501111 -16.05127 0.6964101 2.486885 -16.27784 0.6973911 2.468592 -16.4528 0.7169576 2.143749 1.008521 0.7530244 2.467183 -0.5582113 0.9513453 2.065114 -0.5582113 0.7330137 2.191959 0.9784165 0.746482 2.24157 0.8892593 0.7568447 2.290675 0.7444782 0.7637038 2.337387 0.5496359 0.7559821 2.145394 0.9784165 0.7658728 2.187644 0.8893595 0.7746562 2.231241 0.8089676 0.7811895 2.273762 0.6868525 0.7852744 2.312872 0.5165939 0.7949713 2.143265 0.8892593 0.7984573 2.181584 0.7974911 0.8017853 2.220387 0.7181349 0.8039877 2.257012 0.6155453 0.8054632 2.289298 0.4719324 0.8324269 2.137442 0.7444782 0.8299553 2.173773 0.6776705 0.8274461 2.209172 0.6132498 0.8247267 2.241295 0.5316525 0.8234011 2.267684 0.4132099 0.8358203 2.251336 0.3513384 0.7768458 2.426427 -0.5582113 0.8030006 2.379003 -0.5582113 0.8304839 2.326734 -0.5582113 0.8582393 2.271628 -0.5582113 0.7613512 2.44608 -0.2525582 0.7822007 2.400715 -0.2592716 0.8053306 2.358338 -0.260272 0.8293441 2.313572 -0.2615891 0.8530673 2.267197 -0.2623272 0.7660013 2.416611 0.04135036 0.7856422 2.375108 0.02795886 0.8067829 2.337162 0.021142 0.8277267 2.29986 0.01168251 0.847643 2.2621 0.006291389 0.7667956 2.37991 0.3122177 0.7867126 2.34624 0.2917719 0.806611 2.315081 0.2695046 0.8250735 2.285885 0.2382507 0.8414947 2.256472 0.2203779 0.9401392 2.083611 -0.2525582 0.9218209 2.100708 0.04135036 0.8970943 2.115747 0.3122177 0.8669096 2.128151 0.5496359 0.9326655 2.110524 -0.5582113 0.9177753 2.127985 -0.2554689 0.9025027 2.141826 0.03366374 0.8828112 2.153898 0.2955752 0.8586466 2.16446 0.5152493 0.910331 2.161405 -0.5582113 0.8967012 2.173185 -0.2593217 0.8834658 2.182496 0.02256774 0.8683816 2.190471 0.2704544 0.8501433 2.1988 0.4715948 0.8852005 2.215804 -0.5582113 0.8753258 2.219995 -0.2615891 0.865701 2.222783 0.01168251 0.8552702 2.224665 0.2382507 0.8422173 2.229537 0.4132099 0.7169576 2.143749 -17.04811 0.9513453 2.065114 -15.48137 0.7530244 2.467183 -15.48137 0.7559821 2.145394 -17.018 0.7949713 2.143265 -16.92885 0.8324269 2.137442 -16.78406 0.8669096 2.128151 -16.58922 0.7330137 2.191959 -17.018 0.7656134 2.188169 -16.92894 0.7987089 2.182478 -16.84855 0.8302084 2.174382 -16.72644 0.8584455 2.164528 -16.55618 0.746482 2.24157 -16.92885 0.7739506 2.231269 -16.83708 0.801688 2.220584 -16.75772 0.8275094 2.209325 -16.65513 0.8500931 2.198817 -16.51152 0.7568447 2.290675 -16.78406 0.7806769 2.273678 -16.71726 0.8038594 2.256991 -16.65284 0.8247267 2.241295 -16.57124 0.8422173 2.229537 -16.4528 0.8358203 2.251336 -16.39092 0.9326655 2.110524 -15.48137 0.910331 2.161405 -15.48137 0.8852005 2.215804 -15.48137 0.8582393 2.271628 -15.48137 0.9401392 2.083611 -15.78703 0.917179 2.127065 -15.78031 0.8971289 2.172229 -15.77931 0.8757873 2.219414 -15.778 0.8532375 2.266851 -15.77726 0.9218209 2.100708 -16.08094 0.9010314 2.141171 -16.06754 0.8832423 2.182151 -16.06073 0.8658165 2.222638 -16.05127 0.8476856 2.262013 -16.04588 0.8970943 2.115747 -16.3518 0.8817535 2.153558 -16.33136 0.8681172 2.190386 -16.30909 0.8552702 2.224665 -16.27784 0.8414947 2.256472 -16.25996 0.7613512 2.44608 -15.78703 0.7660013 2.416611 -16.08094 0.7667956 2.37991 -16.3518 0.7637038 2.337387 -16.58922 0.7768458 2.426427 -15.48137 0.7830564 2.401109 -15.78412 0.7866516 2.376699 -16.07325 0.7873491 2.347434 -16.33516 0.7853053 2.31315 -16.55484 0.8030006 2.379003 -15.48137 0.8058186 2.357437 -15.78026 0.8071038 2.33731 -16.06215 0.8067702 2.31538 -16.31004 0.805471 2.289367 -16.51118 0.8304839 2.326734 -15.48137 0.8295634 2.312772 -15.778 0.8277815 2.299659 -16.05127 0.8250734 2.285885 -16.27784 0.823401 2.267684 -16.4528 0.7958089 1.943912 1.008521 0.8777624 2.251599 -0.5582113 1.014368 1.804845 -0.5582113 0.8184997 1.986952 0.9784165 0.8388538 2.032051 0.8892593 0.8560893 2.077473 0.7444782 0.8695438 2.121475 0.5496359 0.8343204 1.935212 0.9784165 0.8501057 1.974036 0.8893595 0.8649992 2.014475 0.8089676 0.8775306 2.054452 0.6868525 0.8871695 2.091731 0.5165939 0.8722538 1.92282 0.8892593 0.8811915 1.959482 0.7974911 0.8900437 1.996659 0.7181349 0.8974783 2.031999 0.6155453 0.9035752 2.063274 0.4719324 0.9081512 1.90721 0.7444782 0.9109593 1.943496 0.6776705 0.9135965 1.978879 0.6132498 0.9155554 2.011103 0.5316525 0.9180557 2.037335 0.4132099 0.9278819 2.018019 0.3513384 0.8952563 2.205331 -0.5582113 0.9140788 2.151907 -0.5582113 0.9335064 2.093379 -0.5582113 0.9527925 2.031997 -0.5582113 0.88289 2.228701 -0.2525582 0.8968057 2.178698 -0.2592716 0.913388 2.131023 -0.260272 0.9304931 2.08077 -0.2615891 0.9470818 2.029017 -0.2623272 0.8832067 2.19857 0.04135036 0.896493 2.152674 0.02795886 0.9117627 2.10987 0.021142 0.9269319 2.067749 0.01168251 0.9410276 2.025452 0.006291389 0.8787002 2.162364 0.3122177 0.8933857 2.124078 0.2917719 0.9084142 2.088259 0.2695046 0.922317 2.054744 0.2382507 0.9341871 2.021557 0.2203779 1.006041 1.825948 -0.2525582 0.9905372 1.847557 0.04135036 0.9684515 1.868842 0.3122177 0.9406332 1.888984 0.5496359 1.002587 1.854319 -0.5582113 0.9904976 1.87538 -0.2554689 0.9775119 1.892991 0.03366374 0.9599372 1.910035 0.2955752 0.9377582 1.92678 0.5152493 0.9880093 1.910125 -0.5582113 0.9763379 1.92528 -0.2593217 0.9646979 1.93791 0.02256774 0.951052 1.949718 0.2704544 0.9343637 1.962707 0.4715948 0.9711959 1.97012 -0.5582113 0.9621146 1.97684 -0.2615891 0.9530764 1.982118 0.01168251 0.943117 1.98672 0.2382507 0.9310166 1.994948 0.4132099 0.7958089 1.943912 -17.04811 1.014368 1.804845 -15.48137 0.8777624 2.251599 -15.48137 0.8343204 1.935212 -17.018 0.8722538 1.92282 -16.92885 0.9081512 1.90721 -16.78406 0.9406332 1.888984 -16.58922 0.8184996 1.986952 -17.018 0.8499269 1.97462 -16.92894 0.881567 1.960292 -16.84855 0.9112954 1.944027 -16.72644 0.9375706 1.9269 -16.55618 0.8388537 2.032051 -16.92885 0.8643109 2.014688 -16.83708 0.8899767 1.996879 -16.75772 0.9136805 1.979011 -16.65513 0.9343168 1.962736 -16.51152 0.8560893 2.077473 -16.78406 0.8770157 2.054505 -16.71726 0.8973495 2.032012 -16.65284 0.9155554 2.011103 -16.57124 0.9310166 1.994948 -16.4528 0.9278819 2.018019 -16.39092 1.002587 1.854318 -15.48137 0.9880095 1.910125 -15.48137 0.971196 1.970119 -15.48137 0.9527926 2.031997 -15.48137 1.006041 1.825948 -15.78703 0.9897804 1.874635 -15.78031 0.9766201 1.92423 -15.77931 0.9624838 1.976148 -15.778 0.947199 2.028634 -15.77726 0.9905372 1.847557 -16.08094 0.9759746 1.892737 -16.06754 0.964429 1.937631 -16.06073 0.9531686 1.981945 -16.05127 0.941057 2.025356 -16.04588 0.9684515 1.868842 -16.3518 0.9588509 1.909981 -16.33136 0.9507804 1.949705 -16.30909 0.943117 1.98672 -16.27784 0.9341871 2.021557 -16.25996 0.88289 2.228701 -15.78703 0.8832067 2.19857 -16.08094 0.8787002 2.162364 -16.3518 0.8695437 2.121475 -16.58922 0.8952564 2.205331 -15.48137 0.8977017 2.178858 -15.78412 0.8977122 2.153967 -16.07325 0.8941817 2.125081 -16.33516 0.8872398 2.091995 -16.55484 0.9140788 2.151906 -15.48137 0.9137369 2.13001 -15.78026 0.9120987 2.10993 -16.06215 0.9086132 2.08851 -16.31004 0.9035928 2.06334 -16.51118 0.9335065 2.093379 -15.48137 0.9305931 2.079928 -15.778 0.926957 2.067538 -16.05127 0.922317 2.054744 -16.27784 0.9180557 2.037335 -16.4528 0.8443653 1.727076 1.008521 0.9690561 2.007193 -0.5582113 1.038697 1.532921 -0.5582113 0.8728186 1.763293 0.9784165 0.8992766 1.802145 0.8892593 0.9227225 1.84214 0.7444782 0.9422554 1.881741 0.5496359 0.8808841 1.708365 0.9784165 0.9019573 1.742271 0.8893595 0.9223883 1.777998 0.8089676 0.9404362 1.813894 0.6868525 0.9552589 1.84791 0.5165939 0.9163038 1.686186 0.8892593 0.9303497 1.719782 0.7974911 0.944386 1.753906 0.7181349 0.9567672 1.786601 0.6155453 0.967251 1.815664 0.4719324 0.9492635 1.66139 0.7444782 0.9572435 1.696237 0.6776705 0.9649255 1.730242 0.6132498 0.9714875 1.761329 0.5316525 0.9777177 1.786397 0.4132099 0.9845734 1.764855 0.3513384 0.9795506 1.95719 -0.5582113 0.9903174 1.899818 -0.5582113 1.000943 1.83728 -0.5582113 1.011018 1.771981 -0.5582113 0.9707876 1.98338 -0.2525582 0.9772345 1.93066 -0.2592716 0.9866322 1.879518 -0.260272 0.9961715 1.825711 -0.2615891 1.004988 1.770568 -0.2623272 0.9667587 1.953744 0.04135036 0.9731799 1.905218 0.02795886 0.9819918 1.859201 0.021142 0.9908035 1.813881 0.01168251 0.9985368 1.768671 0.006291389 0.9571246 1.919424 0.3122177 0.966014 1.877993 0.2917719 0.9755952 1.83889 0.2695046 0.9844043 1.802345 0.2382507 0.9912668 1.766659 0.2203779 1.03357 1.555819 -0.2525582 1.021475 1.58111 0.04135036 1.00288 1.607823 0.3122177 0.9784964 1.63493 0.5496359 1.034267 1.584557 -0.5582113 1.025443 1.608409 -0.2554689 1.015244 1.629113 0.03366374 1.000461 1.650474 0.2955752 0.98112 1.672759 0.5152493 1.028007 1.643144 -0.5582113 1.018742 1.661093 -0.2593217 1.009145 1.676556 0.02256774 0.9974617 1.691743 0.2704544 0.9829648 1.708893 0.4715948 1.020157 1.706429 -0.5582113 1.012218 1.71542 -0.2615891 1.004113 1.722985 0.01168251 0.9950081 1.730132 0.2382507 0.9843252 1.741399 0.4132099 0.8443653 1.727076 -17.04811 1.038697 1.532921 -15.48137 0.9690561 2.007193 -15.48137 0.8808841 1.708365 -17.018 0.9163038 1.686186 -16.92885 0.9492635 1.66139 -16.78406 0.9784964 1.63493 -16.58922 0.8728186 1.763293 -17.018 0.9018662 1.742892 -16.92894 0.9308345 1.720477 -16.84855 0.9576495 1.696669 -16.72644 0.9809532 1.672926 -16.55618 0.8992766 1.802145 -16.92885 0.9217441 1.778388 -16.83708 0.9443518 1.754138 -16.75772 0.965027 1.73035 -16.65513 0.982923 1.708934 -16.51152 0.9227225 1.84214 -16.78406 0.9399392 1.814083 -16.71726 0.9566429 1.786648 -16.65284 0.9714875 1.761329 -16.57124 0.9843252 1.741399 -16.4528 0.9845734 1.764855 -16.39092 1.034267 1.584557 -15.48137 1.028007 1.643144 -15.48137 1.020157 1.706429 -15.48137 1.011018 1.771981 -15.48137 1.03357 1.555819 -15.78703 1.024633 1.607868 -15.78031 1.018868 1.659988 -15.77931 1.01248 1.714645 -15.778 1.005048 1.770161 -15.77726 1.021475 1.58111 -16.08094 1.013699 1.629271 -16.06754 1.008841 1.676353 -16.06073 1.004179 1.722792 -16.05127 0.9985518 1.768569 -16.04588 1.00288 1.607823 -16.3518 0.999388 1.650709 -16.33136 0.9971935 1.691802 -16.30909 0.9950081 1.730132 -16.27784 0.9912668 1.766659 -16.25996 0.9707876 1.98338 -15.78703 0.9667587 1.953744 -16.08094 0.9571246 1.919424 -16.3518 0.9422554 1.881741 -16.58922 0.9795506 1.95719 -15.48137 0.9781364 1.93058 -15.78412 0.974562 1.906164 -16.07325 0.9669393 1.878766 -16.33516 0.9553658 1.848151 -16.55484 0.9903174 1.899818 -15.48137 0.9868286 1.878433 -15.78026 0.98233 1.859171 -16.06215 0.9758266 1.839083 -16.31004 0.9672777 1.815724 -16.51118 1.000943 1.83728 -15.48137 0.9961481 1.824858 -15.778 0.9907977 1.813668 -16.05127 0.9844045 1.802345 -16.27784 0.9777177 1.786397 -16.4528 0.8607608 1.501574 1.008521 1.023397 1.743356 -0.5582113 1.023397 1.259792 -0.5582113 0.8938831 1.529576 0.9784165 0.9254281 1.560689 0.8892593 0.9541835 1.59372 0.7444782 0.9790441 1.627397 0.5496359 0.8938831 1.473572 0.9784165 0.9194346 1.501258 0.8893595 0.9446182 1.530898 0.8089676 0.967489 1.561335 0.6868525 0.9869256 1.59078 0.5165939 0.9254281 1.442459 0.8892593 0.9440425 1.471697 0.7974911 0.9627236 1.501455 0.7181349 0.9795756 1.53025 0.6155453 0.9940434 1.555984 0.4719324 0.9541835 1.409428 0.7444782 0.9670286 1.441496 0.6776705 0.9794603 1.472818 0.6132498 0.9903734 1.501574 0.5316525 1.000094 1.524514 0.4132099 1.003716 1.501574 0.3513384 1.026489 1.691541 -0.5582113 1.028786 1.632425 -0.5582113 1.030201 1.568281 -0.5582113 1.030679 1.501574 -0.5582113 1.021666 1.719542 -0.2525582 1.020396 1.666132 -0.2592716 1.022248 1.61349 -0.260272 1.023855 1.558195 -0.2615891 1.024561 1.501782 -0.2623272 1.013446 1.691541 0.04135036 1.012755 1.64225 0.02795886 1.014771 1.594789 0.021142 1.016887 1.548011 0.01168251 1.01796 1.501626 0.006291389 0.9990547 1.660427 0.3122177 1.001807 1.617442 0.2917719 1.005572 1.576559 0.2695046 1.008949 1.538388 0.2382507 1.01054 1.501574 0.2203779 1.021666 1.283606 -0.2525582 1.013446 1.311607 0.04135036 0.9990547 1.342721 0.3122177 0.9790441 1.375751 0.5496359 1.026489 1.311607 -0.5582113 1.021269 1.337332 -0.2554689 1.014247 1.360335 0.03366374 1.002825 1.385192 0.2955752 0.9870653 1.41216 0.5152493 1.028786 1.370723 -0.5582113 1.022285 1.390775 -0.2593217 1.015099 1.408478 0.02256774 1.005827 1.426461 0.2704544 0.9940782 1.447112 0.4715948 1.030201 1.434867 -0.5582113 1.023709 1.445783 -0.2615891 1.01685 1.455345 0.01168251 1.008949 1.46476 0.2382507 1.000094 1.478634 0.4132099 0.8607608 1.501574 -17.04811 1.023397 1.259792 -15.48137 1.023397 1.743356 -15.48137 0.8938831 1.473572 -17.018 0.9254281 1.442459 -16.92885 0.9541835 1.409428 -16.78406 0.9790441 1.375751 -16.58922 0.8938831 1.529576 -17.018 0.9194346 1.50189 -16.92894 0.9446182 1.47225 -16.84855 0.967489 1.441813 -16.72644 0.9869256 1.412368 -16.55618 0.9254281 1.560689 -16.92885 0.9440425 1.531451 -16.83708 0.9627236 1.501693 -16.75772 0.9795756 1.472898 -16.65513 0.9940434 1.447164 -16.51152 0.9541835 1.59372 -16.78406 0.9670286 1.561652 -16.71726 0.9794603 1.53033 -16.65284 0.9903734 1.501574 -16.57124 1.000094 1.478634 -16.4528 1.003716 1.501574 -16.39092 1.026489 1.311607 -15.48137 1.028786 1.370723 -15.48137 1.030201 1.434867 -15.48137 1.030679 1.501574 -15.48137 1.021666 1.283606 -15.78703 1.020396 1.337016 -15.78031 1.022248 1.389658 -15.77931 1.023855 1.444953 -15.778 1.024561 1.501366 -15.77726 1.013446 1.311607 -16.08094 1.012755 1.360898 -16.06754 1.014771 1.408359 -16.06073 1.016887 1.455137 -16.05127 1.01796 1.501522 -16.04588 0.9990547 1.342721 -16.3518 1.001807 1.385706 -16.33136 1.005572 1.426589 -16.30909 1.008949 1.46476 -16.27784 1.01054 1.501574 -16.25996 1.021666 1.719542 -15.78703 1.013446 1.691541 -16.08094 0.9990547 1.660427 -16.3518 0.9790441 1.627397 -16.58922 1.026489 1.691541 -15.48137 1.021269 1.665816 -15.78412 1.014247 1.642813 -16.07325 1.002825 1.617956 -16.33516 0.9870653 1.590988 -16.55484 1.028786 1.632425 -15.48137 1.022285 1.612373 -15.78026 1.015099 1.594671 -16.06215 1.005827 1.576687 -16.31004 0.9940782 1.556036 -16.51118 1.030201 1.568281 -15.48137 1.023709 1.557365 -15.778 1.01685 1.547803 -16.05127 1.008949 1.538388 -16.27784 1.000094 1.524514 -16.4528 0.8443653 1.276072 1.008521 1.038697 1.470227 -0.5582113 0.9690561 0.9959552 -0.5582113 0.8808841 1.294783 0.9784165 0.9163038 1.316962 0.8892593 0.9492635 1.341758 0.7444782 0.9784964 1.368218 0.5496359 0.8728186 1.239855 0.9784165 0.9018662 1.260256 0.8893595 0.9308345 1.282671 0.8089676 0.9576495 1.306479 0.6868525 0.9809532 1.330222 0.5165939 0.8992766 1.201003 0.8892593 0.9217441 1.22476 0.7974911 0.9443518 1.24901 0.7181349 0.965027 1.272798 0.6155453 0.982923 1.294214 0.4719324 0.9227225 1.161008 0.7444782 0.9399392 1.189065 0.6776705 0.9566429 1.2165 0.6132498 0.9714875 1.241819 0.5316525 0.9843252 1.261749 0.4132099 0.9845734 1.238293 0.3513384 1.034267 1.418591 -0.5582113 1.028007 1.360004 -0.5582113 1.020157 1.296719 -0.5582113 1.011018 1.231167 -0.5582113 1.03357 1.447329 -0.2525582 1.024633 1.39528 -0.2592716 1.018868 1.34316 -0.260272 1.01248 1.288503 -0.2615891 1.005048 1.232987 -0.2623272 1.021475 1.422038 0.04135036 1.013699 1.373877 0.02795886 1.008841 1.326795 0.021142 1.004179 1.280357 0.01168251 0.9985518 1.234579 0.006291389 1.00288 1.395325 0.3122177 0.999388 1.352439 0.2917719 0.9971935 1.311346 0.2695046 0.9950081 1.273016 0.2382507 0.9912668 1.236489 0.2203779 0.9707876 1.019768 -0.2525582 0.9667587 1.049404 0.04135036 0.9571246 1.083724 0.3122177 0.9422554 1.121407 0.5496359 0.9795506 1.045958 -0.5582113 0.9781364 1.072568 -0.2554689 0.974562 1.096984 0.03366374 0.9669393 1.124382 0.2955752 0.9553658 1.154997 0.5152493 0.9903174 1.10333 -0.5582113 0.9868286 1.124715 -0.2593217 0.98233 1.143977 0.02256774 0.9758266 1.164065 0.2704544 0.9672777 1.187424 0.4715948 1.000943 1.165868 -0.5582113 0.9961481 1.17829 -0.2615891 0.9907977 1.189481 0.01168251 0.9844045 1.200803 0.2382507 0.9777177 1.216751 0.4132099 0.8443653 1.276072 -17.04811 0.9690561 0.9959552 -15.48137 1.038697 1.470227 -15.48137 0.8728186 1.239855 -17.018 0.8992766 1.201003 -16.92885 0.9227225 1.161008 -16.78406 0.9422554 1.121407 -16.58922 0.8808841 1.294783 -17.018 0.9019573 1.260877 -16.92894 0.9223883 1.22515 -16.84855 0.9404362 1.189254 -16.72644 0.9552589 1.155238 -16.55618 0.9163038 1.316962 -16.92885 0.9303497 1.283366 -16.83708 0.944386 1.249242 -16.75772 0.9567672 1.216547 -16.65513 0.967251 1.187484 -16.51152 0.9492635 1.341758 -16.78406 0.9572435 1.306911 -16.71726 0.9649255 1.272906 -16.65284 0.9714875 1.241819 -16.57124 0.9777177 1.216751 -16.4528 0.9845734 1.238293 -16.39092 0.9795506 1.045958 -15.48137 0.9903174 1.10333 -15.48137 1.000943 1.165868 -15.48137 1.011018 1.231167 -15.48137 0.9707876 1.019768 -15.78703 0.9772345 1.072488 -15.78031 0.9866322 1.12363 -15.77931 0.9961715 1.177437 -15.778 1.004988 1.23258 -15.77726 0.9667587 1.049404 -16.08094 0.9731799 1.09793 -16.06754 0.9819918 1.143947 -16.06073 0.9908035 1.189267 -16.05127 0.9985368 1.234477 -16.04588 0.9571246 1.083724 -16.3518 0.966014 1.125155 -16.33136 0.9755952 1.164258 -16.30909 0.9844043 1.200803 -16.27784 0.9912668 1.236489 -16.25996 1.03357 1.447329 -15.78703 1.021475 1.422038 -16.08094 1.00288 1.395325 -16.3518 0.9784964 1.368218 -16.58922 1.034267 1.418591 -15.48137 1.025443 1.394739 -15.78412 1.015244 1.374035 -16.07325 1.000461 1.352674 -16.33516 0.98112 1.330389 -16.55484 1.028007 1.360004 -15.48137 1.018742 1.342055 -15.78026 1.009145 1.326592 -16.06215 0.9974617 1.311405 -16.31004 0.9829648 1.294255 -16.51118 1.020157 1.296719 -15.48137 1.012218 1.287728 -15.778 1.004113 1.280163 -16.05127 0.9950081 1.273016 -16.27784 0.9843252 1.261749 -16.4528 0.7958089 1.059236 1.008521 1.014368 1.198303 -0.5582113 0.8777624 0.7515487 -0.5582113 0.8343204 1.067936 0.9784165 0.8722538 1.080328 0.8892593 0.9081512 1.095938 0.7444782 0.9406332 1.114164 0.5496359 0.8184996 1.016196 0.9784165 0.8499269 1.028528 0.8893595 0.881567 1.042856 0.8089676 0.9112954 1.059121 0.6868525 0.9375706 1.076248 0.5165939 0.8388537 0.9710975 0.8892593 0.8643109 0.9884604 0.7974911 0.8899767 1.006269 0.7181349 0.9136805 1.024137 0.6155453 0.9343168 1.040412 0.4719324 0.8560893 0.9256749 0.7444782 0.8770157 0.9486429 0.6776705 0.8973495 0.9711361 0.6132498 0.9155554 0.9920455 0.5316525 0.9310166 1.0082 0.4132099 0.9278819 0.9851289 0.3513393 1.002587 1.14883 -0.5582128 0.9880095 1.093023 -0.5582128 0.971196 1.033029 -0.5582128 0.9527926 0.9711514 -0.5582128 1.006041 1.1772 -0.2525582 0.9897804 1.128513 -0.2592726 0.9766201 1.078918 -0.260272 0.9624838 1.027 -0.2615891 0.947199 0.9745146 -0.2623277 0.9905372 1.155591 0.04135036 0.9759746 1.110411 0.02795886 0.964429 1.065517 0.021142 0.9531686 1.021203 0.01168251 0.941057 0.9777925 0.006291389 0.9684515 1.134306 0.3122177 0.9588509 1.093167 0.2917719 0.9507804 1.053443 0.2695046 0.943117 1.016428 0.2382507 0.9341871 0.9815911 0.2203779 0.88289 0.774447 -0.2525582 0.8832067 0.8045782 0.04135036 0.8787002 0.840784 0.3122177 0.8695437 0.8816734 0.5496359 0.8952564 0.7978169 -0.5582128 0.8977017 0.8242895 -0.2554689 0.8977122 0.849181 0.03366374 0.8941817 0.8780673 0.2955752 0.8872398 0.911153 0.5152493 0.9140788 0.8512415 -0.5582128 0.9137369 0.8731378 -0.2593217 0.9120987 0.8932181 0.02256774 0.9086132 0.9146386 0.2704544 0.9035928 0.9398083 0.4715948 0.9335065 0.9097692 -0.5582128 0.9305931 0.9232201 -0.2615891 0.926957 0.9356096 0.01168251 0.922317 0.948404 0.2382507 0.9180557 0.9658127 0.4132099 0.7958089 1.059236 -17.04811 0.8777624 0.7515488 -15.48137 1.014368 1.198303 -15.48137 0.8184997 1.016196 -17.018 0.8388538 0.9710974 -16.92885 0.8560893 0.9256747 -16.78406 0.8695438 0.8816733 -16.58922 0.8343204 1.067936 -17.018 0.8501057 1.029112 -16.92894 0.8649992 0.9886733 -16.84855 0.8775306 0.9486964 -16.72644 0.8871695 0.9114171 -16.55618 0.8722538 1.080328 -16.92885 0.8811915 1.043666 -16.83708 0.8900437 1.006489 -16.75772 0.8974783 0.9711495 -16.65513 0.9035752 0.9398744 -16.51152 0.9081512 1.095938 -16.78406 0.9109593 1.059652 -16.71726 0.9135965 1.024269 -16.65284 0.9155554 0.9920455 -16.57124 0.9180557 0.9658127 -16.4528 0.9278819 0.9851289 -16.39092 0.8952563 0.7978169 -15.48137 0.9140788 0.8512414 -15.48137 0.9335064 0.9097692 -15.48137 0.9527925 0.9711514 -15.48137 0.88289 0.774447 -15.78703 0.8968057 0.8244498 -15.78031 0.913388 0.8721249 -15.77931 0.9304931 0.9223776 -15.778 0.9470818 0.974131 -15.77726 0.8832067 0.8045782 -16.08094 0.896493 0.8504744 -16.06754 0.9117627 0.8932783 -16.06073 0.9269319 0.935399 -16.05127 0.9410276 0.9776965 -16.04588 0.8787002 0.840784 -16.3518 0.8933857 0.8790699 -16.33136 0.9084142 0.9148892 -16.30909 0.922317 0.948404 -16.27784 0.9341871 0.9815909 -16.25996 1.006041 1.1772 -15.78703 0.9905372 1.155591 -16.08094 0.9684515 1.134306 -16.3518 0.9406332 1.114164 -16.58922 1.002587 1.148829 -15.48137 0.9904976 1.127768 -15.78412 0.9775119 1.110157 -16.07325 0.9599372 1.093113 -16.33516 0.9377582 1.076368 -16.55484 0.9880093 1.093023 -15.48137 0.9763379 1.077868 -15.78026 0.9646979 1.065238 -16.06215 0.951052 1.05343 -16.31004 0.9343637 1.040441 -16.51118 0.9711959 1.033028 -15.48137 0.9621146 1.026308 -15.778 0.9530764 1.02103 -16.05127 0.943117 1.016428 -16.27784 0.9310166 1.0082 -16.4528 0.7169576 0.8593993 1.008521 0.9513453 0.9380338 -0.5582113 0.7530244 0.5359655 -0.5582113 0.7559821 0.8577541 0.9784165 0.7949713 0.8598835 0.8892593 0.8324269 0.8657059 0.7444782 0.8669096 0.8749973 0.5496359 0.7330137 0.8111889 0.9784165 0.7656134 0.8149785 0.8893595 0.7987089 0.8206703 0.8089676 0.8302084 0.8287656 0.6868525 0.8584455 0.8386201 0.5165939 0.746482 0.761578 0.8892593 0.7739506 0.7718795 0.7974911 0.801688 0.7825638 0.7181349 0.8275094 0.7938233 0.6155453 0.8500931 0.8043316 0.4719324 0.7568447 0.7124733 0.7444782 0.7806769 0.7294697 0.6776705 0.8038594 0.7461568 0.6132498 0.8247267 0.7618532 0.5316525 0.8422173 0.773611 0.4132099 0.8358203 0.7518118 0.3513384 0.9326655 0.8926244 -0.5582113 0.910331 0.8417427 -0.5582113 0.8852005 0.7873443 -0.5582113 0.8582393 0.7315196 -0.5582113 0.9401392 0.9195368 -0.2525582 0.917179 0.876083 -0.2592716 0.8971289 0.8309187 -0.260272 0.8757873 0.7837336 -0.2615891 0.8532375 0.7362965 -0.2623272 0.9218209 0.9024402 0.04135036 0.9010314 0.8619765 0.02795886 0.8832423 0.8209972 0.021142 0.8658165 0.7805103 0.01168251 0.8476856 0.7411345 0.006291389 0.8970943 0.887401 0.3122177 0.8817535 0.8495898 0.2917719 0.8681172 0.8127622 0.2695046 0.8552702 0.7784831 0.2382507 0.8414947 0.7466757 0.2203779 0.7613512 0.5570684 -0.2525582 0.7660013 0.586537 0.04135036 0.7667956 0.6232381 0.3122177 0.7637038 0.6657616 0.5496359 0.7768458 0.5767212 -0.5582113 0.7830564 0.6020388 -0.2554689 0.7866516 0.6264493 0.03366374 0.7873491 0.6557136 0.2955752 0.7853053 0.6899982 0.5152493 0.8030006 0.6241449 -0.5582113 0.8058186 0.645711 -0.2593217 0.8071038 0.6658382 0.02256774 0.8067702 0.6877684 0.2704544 0.805471 0.7137813 0.4715948 0.8304839 0.6764138 -0.5582113 0.8295634 0.6903762 -0.2615891 0.8277815 0.7034885 0.01168251 0.8250734 0.7172632 0.2382507 0.823401 0.7354637 0.4132099 0.7169576 0.8593993 -17.04811 0.7530244 0.5359655 -15.48137 0.9513453 0.9380338 -15.48137 0.7330137 0.8111889 -17.018 0.746482 0.761578 -16.92885 0.7568447 0.7124733 -16.78406 0.7637038 0.6657616 -16.58922 0.7559821 0.8577541 -17.018 0.7658728 0.8155046 -16.92894 0.7746562 0.7719066 -16.84855 0.7811895 0.7293862 -16.72644 0.7852744 0.6902759 -16.55618 0.7949713 0.8598835 -16.92885 0.7984573 0.8215638 -16.83708 0.8017853 0.7827609 -16.75772 0.8039877 0.746136 -16.65513 0.8054632 0.7138506 -16.51152 0.8324269 0.8657059 -16.78406 0.8299553 0.8293752 -16.71726 0.8274461 0.7939757 -16.65284 0.8247267 0.7618532 -16.57124 0.8234011 0.7354637 -16.4528 0.8358203 0.7518118 -16.39092 0.7768458 0.5767212 -15.48137 0.8030006 0.6241449 -15.48137 0.8304839 0.6764138 -15.48137 0.8582393 0.7315196 -15.48137 0.7613512 0.5570684 -15.78703 0.7822007 0.602433 -15.78031 0.8053306 0.6448096 -15.77931 0.8293441 0.6895764 -15.778 0.8530673 0.7359515 -15.77726 0.7660013 0.586537 -16.08094 0.7856422 0.6280401 -16.06754 0.8067829 0.6659859 -16.06073 0.8277267 0.7032886 -16.05127 0.847643 0.7410482 -16.04588 0.7667956 0.6232381 -16.3518 0.7867126 0.6569074 -16.33136 0.806611 0.6880669 -16.30909 0.8250735 0.7172632 -16.27784 0.8414947 0.7466757 -16.25996 0.9401392 0.9195368 -15.78703 0.9218209 0.9024402 -16.08094 0.8970943 0.887401 -16.3518 0.8669096 0.8749973 -16.58922 0.9326655 0.8926244 -15.48137 0.9177753 0.875163 -15.78412 0.9025027 0.861322 -16.07325 0.8828112 0.8492501 -16.33516 0.8586466 0.8386876 -16.55484 0.910331 0.8417427 -15.48137 0.8967012 0.8299629 -15.78026 0.8834658 0.8206521 -16.06215 0.8683816 0.8126772 -16.31004 0.8501433 0.8043486 -16.51118 0.8852005 0.7873443 -15.48137 0.8753258 0.7831529 -15.778 0.865701 0.7803652 -16.05127 0.8552702 0.7784831 -16.27784 0.8422173 0.773611 -16.4528 0.6108418 0.6842408 1.008521 0.8520503 0.699421 -0.5582113 0.5996357 0.3574898 -0.5582113 0.6488795 0.6723139 0.9784165 0.687426 0.6640984 0.8892593 0.7250006 0.6599101 0.7444782 0.7601589 0.6599101 0.5496359 0.6196463 0.6327134 0.9784165 0.6521652 0.6278149 0.8893595 0.6854445 0.6246508 0.8089676 0.7175047 0.624266 0.6868525 0.7466184 0.6264687 0.5165939 0.625711 0.5804966 0.8892593 0.6541353 0.5833408 0.7974911 0.6828785 0.5864892 0.7181349 0.7098253 0.5907084 0.6155453 0.7334884 0.5950465 0.4719324 0.6288028 0.5295967 0.7444782 0.6546248 0.5399683 0.6776705 0.6797651 0.550208 0.6132498 0.7024918 0.5600879 0.5316525 0.7213397 0.5669975 0.4132099 0.7119262 0.5473079 0.3513384 0.8271897 0.6598206 -0.5582113 0.7979567 0.6158192 -0.5582113 0.7654746 0.5691075 -0.5582113 0.7309918 0.5214807 -0.5582113 0.8383957 0.6842408 -0.2525582 0.8096186 0.6476898 -0.2592716 0.7834495 0.608692 -0.260272 0.7557224 0.5680537 -0.2615891 0.7267742 0.5274876 -0.2623272 0.8179672 0.6723139 0.04135036 0.7917498 0.6381219 0.02795886 0.7684007 0.602631 0.021142 0.7454789 0.5675275 0.01168251 0.7220257 0.5336999 0.006291389 0.7915498 0.6640984 0.3122177 0.7710582 0.6310678 0.2917719 0.7523803 0.5985518 0.2695046 0.7348433 0.5683264 0.2382507 0.7167519 0.5407708 0.2203779 0.6108418 0.3759869 -0.2525582 0.6196463 0.4036603 0.04135036 0.625711 0.4394463 0.3122177 0.6288028 0.4819697 0.5496359 0.6288688 0.3911672 -0.5582113 0.6386064 0.414357 -0.2554689 0.6456479 0.4373485 0.03366374 0.6505465 0.465866 0.2955752 0.6534796 0.500032 0.5152493 0.6613508 0.4307674 -0.5582113 0.6672206 0.4511744 -0.2593217 0.6713798 0.4705753 0.02256774 0.6742108 0.4921724 0.2704544 0.6766829 0.5180287 0.4715948 0.6958336 0.4747689 -0.5582113 0.6969417 0.4887061 -0.2615891 0.6970825 0.5020376 0.01168251 0.6964101 0.5162633 0.2382507 0.6973911 0.534556 0.4132099 0.6108418 0.6842408 -17.04811 0.5996357 0.3574898 -15.48137 0.8520503 0.699421 -15.48137 0.6196463 0.6327134 -17.018 0.625711 0.5804966 -16.92885 0.6288028 0.5295967 -16.78406 0.6288028 0.4819697 -16.58922 0.6488795 0.6723139 -17.018 0.6524956 0.6282624 -16.92894 0.6548313 0.5831809 -16.84855 0.6551154 0.5397509 -16.72644 0.6534893 0.5003122 -16.55618 0.687426 0.6640984 -16.92885 0.6853265 0.6255936 -16.83708 0.6830023 0.5866569 -16.75772 0.6798877 0.5501537 -16.65513 0.6766853 0.5180987 -16.51152 0.7250006 0.6599101 -16.78406 0.7173442 0.6249306 -16.71726 0.7097852 0.5908744 -16.65284 0.7024918 0.5600879 -16.57124 0.6973911 0.5345558 -16.4528 0.7119261 0.5473077 -16.39092 0.6288688 0.3911672 -15.48137 0.6613508 0.4307674 -15.48137 0.6958336 0.4747689 -15.48137 0.7309918 0.5214807 -15.48137 0.6108418 0.3759869 -15.78703 0.6378238 0.4149696 -15.78031 0.6666122 0.4504193 -15.77931 0.6966114 0.4879797 -15.778 0.7265575 0.527194 -15.77726 0.6196463 0.4036603 -16.08094 0.6448869 0.4391755 -16.06754 0.6710864 0.4708051 -16.06073 0.6969999 0.5018559 -16.05127 0.7219715 0.5336265 -16.04588 0.625711 0.4394463 -16.3518 0.6500942 0.4672052 -16.33136 0.6740977 0.492507 -16.30909 0.6964101 0.5162633 -16.27784 0.7167518 0.5407706 -16.25996 0.8383957 0.6842408 -15.78703 0.8179672 0.6723139 -16.08094 0.7915498 0.6640984 -16.3518 0.7601589 0.6599101 -16.58922 0.8271897 0.6598206 -15.48137 0.8100708 0.6466298 -15.78412 0.7930985 0.6370911 -16.07325 0.7720468 0.6304552 -16.33516 0.7468253 0.6264818 -16.55484 0.7979567 0.6158192 -15.48137 0.7828921 0.6078678 -15.78026 0.7685703 0.6022336 -16.06215 0.7526273 0.5983985 -16.31004 0.7335401 0.5950497 -16.51118 0.7654746 0.5691075 -15.48137 0.755186 0.5676063 -15.778 0.7453448 0.5674156 -16.05127 0.7348433 0.5683264 -16.27784 0.7213396 0.5669975 -16.4528 0.4815393 0.5404919 1.008521 0.7202991 0.4916344 -0.5582113 0.4234911 0.2229808 -0.5582113 0.5171284 0.5187417 0.9784165 0.5537513 0.5004971 0.8892593 0.5900005 0.4864593 0.7444782 0.6244832 0.4771677 0.5496359 0.4827538 0.4876279 0.9784165 0.5139425 0.4742295 0.8893595 0.5461267 0.4623311 0.8089676 0.5775153 0.4534808 0.6868525 0.6063867 0.4479473 0.5165939 0.4811818 0.4348115 0.8892593 0.5094695 0.4300891 0.7974911 0.538114 0.4255809 0.7181349 0.5651506 0.4225975 0.6155453 0.5889837 0.4205986 0.4719324 0.4768837 0.3840726 0.7444782 0.5037032 0.3874207 0.6776705 0.5298351 0.3908197 0.6132498 0.553548 0.3945036 0.5316525 0.5730289 0.3962993 0.4132099 0.5609607 0.3794757 0.3513384 0.6902131 0.459365 -0.5582113 0.6552048 0.4239347 -0.5582113 0.6166197 0.3867047 -0.5582113 0.5759404 0.349106 -0.5582113 0.7047209 0.4803546 -0.2525582 0.6712326 0.452111 -0.2592716 0.63995 0.4207784 -0.260272 0.606903 0.3882487 -0.2615891 0.5726688 0.3561121 -0.2623272 0.6829671 0.4740554 0.04135036 0.6523293 0.4474491 0.02795886 0.6243176 0.418811 0.021142 0.5967807 0.3904396 0.01168251 0.5689064 0.3634602 0.006291389 0.6558742 0.4729794 0.3122177 0.6310194 0.445999 0.2917719 0.6080173 0.4190438 0.2695046 0.5864645 0.3940338 0.2382507 0.5647522 0.3717889 0.2203779 0.4371455 0.2381609 -0.2525582 0.4497663 0.2629758 0.04135036 0.4608684 0.2964715 0.3122177 0.4700248 0.3373609 0.5496359 0.4570124 0.2482852 -0.5582113 0.4699025 0.2684561 -0.2554689 0.48012 0.289145 0.03366374 0.4890314 0.31582 0.2955752 0.4968287 0.3485543 0.5152493 0.4945734 0.2785404 -0.5582113 0.5032693 0.297004 -0.2593217 0.5101425 0.3149332 0.02256774 0.5160296 0.3353669 0.2704544 0.5221779 0.3600731 0.4715948 0.5347304 0.3125833 -0.5582113 0.5378245 0.3259599 -0.2615891 0.5398825 0.3389981 0.01168251 0.5412719 0.3531282 0.2382507 0.5448684 0.3708102 0.4132099 0.4815393 0.5404919 -17.04811 0.4234911 0.2229808 -15.48137 0.7202991 0.4916344 -15.48137 0.4827538 0.4876279 -17.018 0.4811818 0.4348115 -16.92885 0.4768837 0.3840726 -16.78406 0.4700248 0.3373609 -16.58922 0.5171284 0.5187417 -17.018 0.5143308 0.4745809 -16.92894 0.5101291 0.4297483 -16.84855 0.5041531 0.3870778 -16.72644 0.4968785 0.3488267 -16.55618 0.5537513 0.5004971 -16.92885 0.5461466 0.463287 -16.83708 0.5382595 0.4257127 -16.75772 0.5299477 0.390734 -16.65513 0.5221904 0.3601412 -16.51152 0.5900005 0.4864593 -16.78406 0.5774537 0.4541754 -16.71726 0.5651352 0.4227712 -16.65284 0.553548 0.3945036 -16.57124 0.5448684 0.3708102 -16.4528 0.5609607 0.3794757 -16.39092 0.4570124 0.2482852 -15.48137 0.4945734 0.2785404 -15.48137 0.5347304 0.3125833 -15.48137 0.5759404 0.349106 -15.48137 0.4371455 0.2381609 -15.78703 0.4692233 0.2692639 -15.78031 0.5025637 0.2964245 -15.77931 0.5373959 0.3253348 -15.778 0.5724141 0.3558817 -15.77726 0.4497663 0.2629758 -16.08094 0.4796367 0.2911381 -16.06754 0.5098878 0.315236 -16.06073 0.5397754 0.3388417 -16.05127 0.5688427 0.3634025 -16.04588 0.4608684 0.2964715 -16.3518 0.4887807 0.3172528 -16.33136 0.5159669 0.335725 -16.30909 0.5412719 0.3531282 -16.27784 0.5647522 0.3717889 -16.25996 0.7047209 0.4803546 -15.78703 0.6829671 0.4740554 -16.08094 0.6558742 0.4729794 -16.3518 0.6244832 0.4771677 -16.58922 0.6902131 0.459365 -15.48137 0.6715235 0.4509517 -15.78412 0.6535037 0.4460816 -16.07325 0.6319006 0.4451368 -16.33516 0.6065917 0.4479053 -16.55484 0.6552048 0.4239347 -15.48137 0.6392846 0.4201173 -15.78026 0.6244267 0.4183763 -16.06215 0.6082377 0.4188283 -16.31004 0.5890349 0.4205881 -16.51118 0.6166197 0.3867047 -15.48137 0.6063126 0.3879516 -15.778 0.596633 0.3903654 -16.05127 0.5864645 0.3940339 -16.27784 0.5730289 0.3962994 -16.4528 0.3340189 0.4336767 1.008521 0.5611548 0.3226593 -0.5582113 0.2313593 0.1376074 -0.5582113 0.3657917 0.402939 0.9784165 0.3990834 0.3753663 0.8892593 0.4326145 0.3520185 0.7444782 0.4650965 0.3337925 0.5496359 0.3275968 0.3815076 0.9784165 0.3562567 0.3601241 0.8893595 0.3861088 0.3399489 0.8089676 0.4156199 0.3229733 0.6868525 0.4431396 0.3099159 0.5165939 0.3184487 0.3301214 0.8892593 0.3455128 0.318014 0.7974911 0.3729575 0.3060224 0.7181349 0.3990449 0.2959513 0.6155453 0.4221323 0.2876922 0.4719324 0.3069259 0.2814933 0.7444782 0.3337123 0.2776893 0.6776705 0.3598316 0.274117 0.6132498 0.3836194 0.2714634 0.5316525 0.4029846 0.2680762 0.4132099 0.3887253 0.2547653 0.3513384 0.5269995 0.2989613 -0.5582113 0.4875615 0.2734636 -0.5582113 0.444356 0.2471461 -0.5582113 0.3990436 0.2210204 -0.5582113 0.5442513 0.3157132 -0.2525582 0.5073391 0.2968625 -0.2592716 0.4721451 0.2743994 -0.260272 0.4350485 0.2512281 -0.2615891 0.396844 0.2287564 -0.2623272 0.5220084 0.3152841 0.04135036 0.4881276 0.297286 0.02795886 0.4565297 0.276601 0.021142 0.4254361 0.2560521 0.01168251 0.3942119 0.2369575 0.006291389 0.4952812 0.3213889 0.3122177 0.4670183 0.3014953 0.2917719 0.4405764 0.281137 0.2695046 0.4158357 0.2623037 0.2382507 0.391337 0.246224 0.2203779 0.2469376 0.1488875 -0.2525582 0.2628898 0.1698899 0.04135036 0.2786023 0.199808 0.3122177 0.2934715 0.2374918 0.5496359 0.267881 0.1535669 -0.5582113 0.2834283 0.1699435 -0.2554689 0.2964289 0.1875345 0.03366374 0.3090108 0.2113418 0.2955752 0.3213725 0.2413865 0.5152493 0.3090775 0.1733142 -0.5582113 0.3202652 0.1891248 -0.2593217 0.3295885 0.2048928 0.02256774 0.3383052 0.2233781 0.2704544 0.3478935 0.2459847 0.4715948 0.3533657 0.1960904 -0.5582113 0.3583267 0.2083922 -0.2615891 0.3622229 0.2206358 0.01168251 0.3656204 0.2341271 0.2382507 0.3716944 0.2505189 0.4132099 0.3340189 0.4336767 -17.04811 0.2313593 0.1376074 -15.48137 0.5611549 0.3226593 -15.48137 0.3275968 0.3815076 -17.018 0.3184487 0.3301214 -16.92885 0.3069259 0.2814933 -16.78406 0.2934714 0.2374918 -16.58922 0.3657917 0.4029391 -17.018 0.356688 0.3603664 -16.92894 0.3461106 0.3175054 -16.84855 0.3341042 0.2772341 -16.72644 0.3214606 0.2416405 -16.55618 0.3990833 0.3753665 -16.92885 0.386266 0.3408812 -16.83708 0.3731192 0.3061133 -16.75772 0.3599296 0.2740032 -16.65513 0.3479155 0.2460482 -16.51152 0.4326144 0.3520185 -16.78406 0.4156594 0.3236708 -16.71726 0.3990548 0.2961257 -16.65284 0.3836194 0.2714634 -16.57124 0.3716943 0.2505189 -16.4528 0.3887253 0.2547653 -16.39092 0.2678809 0.1535668 -15.48137 0.3090773 0.173314 -15.48137 0.3533656 0.1960902 -15.48137 0.3990436 0.2210203 -15.48137 0.2469376 0.1488875 -15.78703 0.2828784 0.1709151 -15.78031 0.3194898 0.1887426 -15.77931 0.3578162 0.2078921 -15.778 0.3965608 0.2285975 -15.77726 0.2628898 0.1698899 -16.08094 0.296242 0.189617 -16.06754 0.3293824 0.205257 -16.06073 0.3620952 0.2205108 -16.05127 0.3941411 0.2369178 -16.04588 0.2786023 0.199808 -16.3518 0.3089713 0.2128133 -16.33136 0.3382953 0.223746 -16.30909 0.3656203 0.2341271 -16.27784 0.3913369 0.246224 -16.25996 0.5442513 0.3157132 -15.78703 0.5220084 0.3152841 -16.08094 0.4952812 0.3213889 -16.3518 0.4650964 0.3337926 -16.58922 0.5269995 0.2989611 -15.48137 0.5074574 0.2956487 -15.78412 0.4890825 0.2956344 -16.07325 0.4677585 0.300417 -16.33516 0.4433345 0.3098208 -16.55484 0.4875614 0.2734635 -15.48137 0.4713975 0.2739267 -15.78026 0.4565742 0.2761459 -16.06215 0.4407614 0.2808675 -16.31004 0.4221811 0.2876684 -16.51118 0.444356 0.247146 -15.48137 0.4344266 0.2510927 -15.778 0.4252806 0.2560183 -16.05127 0.4158357 0.2623037 -16.27784 0.4029846 0.2680762 -16.4528 0.1739498 0.3679003 1.008521 0.3807333 0.198989 -0.5582113 0.03062415 0.1046503 -0.5582113 0.2006855 0.3293563 0.9784165 0.2293666 0.2935152 0.8892593 0.2588909 0.2617544 0.7444782 0.288124 0.2352943 0.5496359 0.160138 0.3184306 0.9784165 0.1851674 0.2898839 0.8893595 0.2115406 0.2622073 0.8089676 0.2380398 0.2377587 0.6868525 0.2631504 0.2176793 0.5165939 0.1437652 0.2704494 0.8892593 0.1685655 0.2514223 0.7974911 0.1937559 0.2324082 0.7181349 0.2178919 0.2156361 0.6155453 0.2393462 0.2014343 0.4719324 0.1254606 0.2258008 0.7444782 0.1511844 0.2149909 0.6776705 0.1762874 0.2045844 0.6132498 0.1992361 0.1956952 0.5316525 0.2177413 0.1872556 0.4132099 0.201839 0.1779687 0.3513384 0.3438214 0.1847728 -0.5582113 0.301469 0.1701877 -0.5582113 0.2553035 0.1557941 -0.5582113 0.2070993 0.1421453 -0.5582113 0.3631542 0.1966435 -0.2525582 0.3242364 0.1879103 -0.2592716 0.2864837 0.1751797 -0.260272 0.2467627 0.1622574 -0.2615891 0.206056 0.1503142 -0.2623272 0.341277 0.2021012 0.04135036 0.305455 0.1934027 0.02795886 0.2714854 0.1814657 0.021142 0.2380297 0.169529 0.01168251 0.2046556 0.1590532 0.006291389 0.3159424 0.2151519 0.3122177 0.2853575 0.2031099 0.2917719 0.2564917 0.1901308 0.2695046 0.2295142 0.1781977 0.2382507 0.2031705 0.1689015 0.2203779 0.04752773 0.1115965 -0.2525582 0.06619793 0.1279797 0.04135036 0.08591717 0.1531703 0.3122177 0.1059277 0.1862007 0.5496359 0.06874245 0.1106514 -0.5582113 0.08634954 0.1226044 -0.2554689 0.1016337 0.1364216 0.03366374 0.1174025 0.1564464 0.2955752 0.1338534 0.1826467 0.5152493 0.1119912 0.1191319 -0.5582113 0.1252411 0.131682 -0.2593217 0.1366561 0.1446831 0.02256774 0.1478675 0.1605097 0.2704544 0.1605272 0.1801477 0.4715948 0.1587086 0.1297661 -0.5582113 0.165346 0.1405204 -0.2615891 0.1709305 0.1514991 0.01168251 0.1762058 0.1638334 0.2382507 0.1845237 0.1783049 0.4132099 0.1739498 0.3679003 -17.04811 0.03062415 0.1046503 -15.48137 0.3807333 0.198989 -15.48137 0.160138 0.3184306 -17.018 0.1437652 0.2704494 -16.92885 0.1254606 0.2258008 -16.78406 0.1059277 0.1862007 -16.58922 0.2006855 0.3293563 -17.018 0.1856256 0.2900072 -16.92894 0.1690787 0.2507656 -16.84855 0.1515033 0.2144409 -16.72644 0.1339765 0.1828727 -16.55618 0.2293666 0.2935152 -16.92885 0.2118291 0.2630798 -16.83708 0.1939278 0.2324544 -16.75772 0.1763672 0.2044471 -16.65513 0.1605579 0.1802043 -16.51152 0.2588909 0.2617544 -16.78406 0.238179 0.238432 -16.71726 0.2179266 0.2158044 -16.65284 0.1992361 0.1956952 -16.57124 0.1845237 0.1783049 -16.4528 0.201839 0.1779687 -16.39092 0.06874239 0.1106514 -15.48137 0.1119912 0.1191319 -15.48137 0.1587086 0.1297661 -15.48137 0.2070992 0.1421453 -15.48137 0.04752773 0.1115965 -15.78703 0.08595019 0.1237028 -15.78031 0.1244255 0.1315122 -15.77931 0.1647735 0.1401649 -15.778 0.2057555 0.1502332 -15.77726 0.06619787 0.1279797 -16.08094 0.1017503 0.1385135 -16.06754 0.1365063 0.1450951 -16.06073 0.1707873 0.1514103 -16.05127 0.2045804 0.1590329 -16.04588 0.08591717 0.1531703 -16.3518 0.1175757 0.1579002 -16.33136 0.1479108 0.1608729 -16.30909 0.1762058 0.1638334 -16.27784 0.2031705 0.1689015 -16.25996 0.3631542 0.1966435 -15.78703 0.341277 0.2021012 -16.08094 0.3159424 0.2151519 -16.3518 0.288124 0.2352943 -16.58922 0.3438214 0.1847728 -15.48137 0.3241777 0.1866885 -15.78412 0.3061536 0.1915305 -16.07325 0.2859283 0.2018564 -16.33516 0.2633278 0.2175344 -16.55484 0.301469 0.1701877 -15.48137 0.2856823 0.1749137 -15.78026 0.2714634 0.1810077 -16.06215 0.2566343 0.1898174 -16.31004 0.2393905 0.2013981 -16.51118 0.2553035 0.1557941 -15.48137 0.2461333 0.1622891 -15.778 0.2378723 0.1695369 -16.05127 0.2295142 0.1781975 -16.27784 0.2177413 0.1872556 -16.4528</float_array>
          <technique_common>
            <accessor source="#Cube_001-mesh-positions-array" count="3928" stride="3">
              <param name="X" type="float"/>
              <param name="Y" type="float"/>
              <param name="Z" type="float"/>
            </accessor>
          </technique_common>
        </source>
        <source id="Cube_001-mesh-normals">
          <float_array id="Cube_001-mesh-normals-array" count="23313">0 -1 0 1 0 0 0 0 1 -1 0 0 0 1 0 -0.5773503 -0.5773503 -0.5773503 -0.5773503 -0.5773503 0.5773503 -0.5773503 0.5773503 -0.5773503 -0.5773503 0.5773503 0.5773503 0.5773503 -0.5773503 -0.5773503 0.5773503 -0.5773503 0.5773503 0.5773503 0.5773503 -0.5773503 0.5773503 0.5773503 0.5773503 -0.7071069 0 -0.7071067 -0.7071069 -0.7071067 0 -0.7071069 0 0.7071067 -0.7071069 0.7071067 0 0 0.7071069 -0.7071067 0 0.7071069 0.7071067 0.7071067 0.7071069 0 0.7071069 0 -0.7071067 0.7071069 0 0.7071067 0.7071069 -0.7071067 0 0 -0.7071069 -0.7071067 0 -0.7071069 0.7071067 0 0 -1 0.1322496 -0.9912165 0 -0.5864742 -0.8099679 0 -0.7434782 -0.6687602 0 -0.8552858 -0.5181565 0 -0.9302057 -0.3670388 0 -0.9758327 -0.2185193 0 -0.9973673 -0.0725165 0 -0.9973674 0.0725153 0 -0.9758328 0.2185188 0 -0.9302057 0.3670386 0 -0.8552861 0.5181561 0 -0.7434782 0.6687602 0 -0.5864739 0.8099681 0 -0.3800848 0.9249516 0 -0.1322496 0.9912165 0 0.1322496 0.9912165 0 0.3800847 0.9249517 0 0.5864739 0.8099681 0 0.7434782 0.6687602 0 0.8552858 0.5181566 0 0.9302057 0.3670386 0 0.9758327 0.2185194 0 0.9973673 0.0725165 0 0.9973674 -0.0725153 0 0.9758327 -0.2185193 0 0.9302058 -0.3670385 0 0.8552865 -0.5181555 0 0.7434782 -0.6687602 0 0.5864747 -0.8099675 0 0.3800861 -0.9249511 0 -0.3800861 -0.9249511 0 -0.1322496 -0.9912165 0 0 0.5571588 -0.8304061 0.1666272 0.9052109 -0.3909333 -0.1179808 0.9537516 -0.2764754 -0.2752079 0.9441648 -0.181145 -0.168401 0.9051024 -0.390424 0.1116499 0.9253537 -0.362291 -0.1027911 0.9662272 -0.236303 -0.1984067 0.9672606 -0.158246 0.01369702 0.9649882 -0.2619357 0.002743601 0.9677251 -0.2519935 -0.07409006 0.9777182 -0.1964124 -0.1564612 0.9789309 -0.1312034 0.1527732 0.9703665 -0.1872143 0.06850385 0.9824807 -0.1733179 -3.90473e-4 0.9903774 -0.1383926 -0.07591879 0.9921424 -0.09944814 -0.1088367 0.9939627 -0.0138871 -0.07109689 0.9969565 -0.0319848 -0.04041892 0.9986836 -0.03158241 -0.01313579 0.9994845 -0.02929538 0.04937338 0.9981898 -0.03434199 -0.06335449 0.9971963 -0.03982371 -0.05196595 0.9979078 -0.0384674 -0.02230936 0.9991339 -0.03512758 0.05044764 0.9964471 -0.06744086 -0.06583708 0.9959906 -0.06056559 -0.06797301 0.9962428 -0.05366754 -0.0347709 0.9982196 -0.048464 -0.04087048 0.9922333 -0.1174853 -0.0957244 0.9906502 -0.09720575 -0.0704469 0.9941408 -0.08198505 -0.03285545 0.9969863 -0.07027661 0.1088367 0.9939627 -0.01388704 -0.01621186 0.9991945 -0.03671222 0.01448416 0.9972266 -0.07300287 0.09584462 0.9878141 -0.1226266 0.07110589 0.9970828 -0.02774679 0.03142994 0.9989031 -0.03470963 0.01367592 0.9981094 -0.05992233 0.049308 0.9936599 -0.1010388 0.0404191 0.9986885 -0.03142988 0.0454052 0.9982987 -0.03657919 0.05162191 0.9972438 -0.05329185 0.0544638 0.9950716 -0.0828638 0.01313549 0.999464 -0.02998703 0.02725118 0.9990271 -0.03467309 0.03632318 0.9981738 -0.04826802 0.03285533 0.9969863 -0.07027673 0 0.5571709 0.8303979 -0.1666415 0.9052095 0.3909304 0.1180006 0.9537493 0.2764747 0.275218 0.9441619 0.1811448 0.1684154 0.9051008 0.3904212 -0.1116184 0.9253557 0.3622956 0.1027662 0.9662297 0.2363036 0.1984226 0.9672574 0.1582453 -0.01372915 0.9649878 0.2619355 -0.002810895 0.9677246 0.2519946 0.07412457 0.9777159 0.1964111 0.1564573 0.9789315 0.1312035 -0.1527726 0.9703666 0.1872146 -0.06852537 0.982479 0.1733192 4.08796e-4 0.9903775 0.1383922 0.07594203 0.9921407 0.09944748 0.1088377 0.9939625 0.0138871 0.07109576 0.9969566 0.0319848 0.04041743 0.9986836 0.03158241 0.01313686 0.9994845 0.02929538 -0.04937297 0.9981899 0.03434187 0.0633527 0.9971963 0.03982388 0.0519675 0.9979077 0.03846758 0.02230787 0.9991339 0.03512752 -0.05044925 0.996447 0.0674408 0.06583398 0.9959908 0.06056559 0.06797862 0.9962424 0.05366742 0.03476959 0.9982197 0.04846382 0.04085779 0.9922339 0.1174845 0.09572988 0.9906498 0.09720557 0.07045108 0.9941405 0.08198541 0.03286677 0.996986 0.07027673 -0.1088371 0.9939626 0.01388704 0.01621234 0.9991944 0.03671222 -0.01448786 0.9972265 0.07300311 -0.09584563 0.9878141 0.1226257 -0.07110559 0.9970828 0.02774673 -0.03142803 0.9989032 0.03470951 -0.01367568 0.9981094 0.05992251 -0.04932308 0.9936591 0.1010385 -0.04042053 0.9986883 0.03142976 -0.04540407 0.9982988 0.03657925 -0.05161899 0.997244 0.05329173 -0.05446529 0.9950715 0.08286327 -0.01313662 0.999464 0.02998703 -0.02725249 0.9990271 0.03467309 -0.03632402 0.9981737 0.04826796 -0.03286826 0.9969859 0.07027685 0.1465256 0.5437756 -0.8263404 0.3908819 0.8385635 -0.3795033 0.1362016 0.9514059 -0.2761813 -0.02075487 0.982645 -0.1843319 0.07441931 0.9167481 -0.3924726 0.3452937 0.8694426 -0.3533297 0.1540746 0.9595615 -0.2355902 0.06154048 0.9852706 -0.1595452 0.2641742 0.929395 -0.2577538 0.2545986 0.93464 -0.2482494 0.1845018 0.9632672 -0.1951297 0.105576 0.9856641 -0.1316062 0.3937779 0.9011179 -0.1814543 0.3194993 0.9323172 -0.1694252 0.2573827 0.95665 -0.1362907 0.1864898 0.9774778 -0.09878724 0.1555038 0.9877383 -0.01384729 0.192323 0.9808179 -0.03175079 0.2218423 0.9745821 -0.03123861 0.2477353 0.9683971 -0.02888435 0.3056887 0.9515377 -0.03362256 0.1997466 0.9790513 -0.03949576 0.2107207 0.9768036 -0.03810065 0.239027 0.9703937 -0.03467226 0.306243 0.9496611 -0.06602346 0.1970863 0.9785431 -0.0600869 0.1951078 0.979335 -0.05325549 0.2270525 0.9727036 -0.04790508 0.2197768 0.9686014 -0.1162312 0.1671959 0.9811614 -0.09678739 0.1922218 0.977971 -0.08138465 0.2285466 0.9710525 -0.06945323 0.3593713 0.933097 -0.01350837 0.2447653 0.968906 -0.03621101 0.2730143 0.9593301 -0.07175695 0.345975 0.9306039 -0.1194897 0.3254889 0.9451574 -0.02710038 0.2892104 0.9566598 -0.03404992 0.2724723 0.9603589 -0.05890321 0.3044971 0.9473608 -0.09893935 0.2975095 0.9542219 -0.03080195 0.3020371 0.9526227 -0.03582924 0.3075413 0.9501039 -0.05216354 0.3096302 0.947393 -0.0810911 0.2723156 0.9617565 -0.02947783 0.2853595 0.9578163 -0.03402996 0.2935764 0.9547635 -0.04732573 0.2900547 0.954524 -0.06893599 0.1465145 0.5437886 0.8263338 0.07618141 0.9164183 0.3929046 0.3580173 0.8940835 0.2691437 0.4979168 0.8496636 0.1736397 0.3925045 0.8380607 0.378939 0.1348544 0.9224427 0.3618202 0.3470743 0.9091234 0.2302912 0.4343886 0.8876924 0.1526724 0.2384359 0.9361129 0.2585363 0.2493926 0.936001 0.2484057 0.3235125 0.9265567 0.1919178 0.3991767 0.9080265 0.127067 0.1068936 0.9763875 0.1877265 0.1910171 0.9663891 0.17206 0.2581348 0.9564492 0.1362772 0.3287312 0.9394188 0.09709823 0.3593723 0.9330966 0.01350837 0.3254487 0.9450436 0.03124028 0.2975097 0.954217 0.03095155 0.2723199 0.9617757 0.0287978 0.2132424 0.9764075 0.03400379 0.3183621 0.9471696 0.03892916 0.3080189 0.950635 0.03765082 0.280784 0.9591509 0.03449583 0.21179 0.9750306 0.0667873 0.3203564 0.945446 0.05919319 0.3224034 0.9451489 0.05243796 0.2921525 0.9551902 0.04752653 0.2963116 0.9481237 0.1151568 0.3465603 0.9332343 0.09470903 0.3241589 0.9426062 0.08009147 0.2900664 0.9545207 0.06893521 0.1555044 0.9877381 0.01384723 0.2751211 0.9607325 0.03607678 0.2458989 0.9666182 0.07199412 0.1663537 0.9784767 0.122107 0.1923467 0.9809404 0.02754318 0.2303848 0.9724951 0.03429526 0.2468835 0.9672421 0.05908799 0.2121416 0.9721036 0.1000537 0.2218449 0.9745863 0.03108757 0.2170269 0.9754942 0.03620249 0.210881 0.9760858 0.05278182 0.2076284 0.9747564 0.08210045 0.24773 0.968378 0.02956622 0.2343489 0.9715493 0.03424286 0.2255784 0.9730556 0.04772055 0.2285384 0.9710543 0.06945353 0.283497 0.5052481 -0.815079 0.5776132 0.7314907 -0.3623319 0.3741325 0.8876932 -0.2683759 0.2362955 0.9544857 -0.1819931 0.3087377 0.8700324 -0.3843499 0.5437729 0.7681589 -0.3379984 0.3923986 0.8909806 -0.2284229 0.313744 0.936594 -0.1560662 0.4847253 0.8389055 -0.2475463 0.4773467 0.8457088 -0.2385725 0.4208776 0.8873023 -0.1885654 0.3543891 0.9262802 -0.1281149 0.5934635 0.7861638 -0.1724752 0.5346469 0.8294366 -0.1618266 0.4848313 0.8647743 -0.1307823 0.4259968 0.899683 -0.09537887 0.4003872 0.916248 -0.01340723 0.4320468 0.9013309 -0.03063118 0.4571304 0.8888917 -0.03005445 0.4788879 0.8774383 -0.02772587 0.5266372 0.8494831 -0.03211957 0.4383174 0.8980135 -0.03807759 0.4476658 0.8934478 -0.03669393 0.4715569 0.8812064 -0.03330701 0.5267191 0.847696 -0.06307637 0.4357976 0.8981774 -0.0579462 0.4342124 0.8993449 -0.05136787 0.4613733 0.8860093 -0.04606896 0.4538959 0.8840025 -0.1118854 0.4094375 0.907522 -0.09361994 0.43128 0.8987944 -0.07852709 0.462332 0.8841881 -0.06678801 0.570011 0.8215366 -0.01285368 0.4763507 0.8785677 -0.0347675 0.4993716 0.8636568 -0.06873923 0.5576711 0.8222164 -0.113857 0.5427495 0.8394968 -0.02584958 0.5131667 0.8576707 -0.03257036 0.4991183 0.8646948 -0.0564261 0.5246669 0.8460407 -0.09455132 0.5199889 0.8536655 -0.02944391 0.5236496 0.8512456 -0.03423786 0.5279646 0.8478034 -0.04982727 0.5292142 0.8449457 -0.07745498 0.4992916 0.8659739 -0.02823585 0.5100057 0.8595545 -0.03256207 0.5166196 0.8550183 -0.04525595 0.5134488 0.8555828 -0.06594246 0.2835339 0.5052535 0.8150629 0.3102957 0.8693196 0.3847079 0.5604268 0.7873957 0.2567684 0.6740914 0.7201688 0.1641877 0.5789221 0.7307369 0.3617635 0.3659387 0.861468 0.3520821 0.553996 0.8030037 0.2197121 0.6262723 0.7660523 0.1447305 0.4631894 0.8506106 0.2488316 0.4730105 0.8480708 0.2388243 0.5369312 0.8234714 0.1833028 0.5996502 0.791113 0.1206647 0.3533394 0.9174629 0.1827925 0.427516 0.8886111 0.1661338 0.4854571 0.8644263 0.1307612 0.5443667 0.8337184 0.09262102 0.5700099 0.8215373 0.01285326 0.5426939 0.8394019 0.0297982 0.5199857 0.8536624 0.02958691 0.4992991 0.8659905 0.02758461 0.4498403 0.8925088 0.03274101 0.5368902 0.8428337 0.03715354 0.5285035 0.8481692 0.03596186 0.5062442 0.8617578 0.03301972 0.4482094 0.8916116 0.06432163 0.5382779 0.8408723 0.05648738 0.5400287 0.8401582 0.05003142 0.5154429 0.8557177 0.04545241 0.5175719 0.8485223 0.1101331 0.5587601 0.8244071 0.09022378 0.5410172 0.8375327 0.07641696 0.5134631 0.8555743 0.06594228 0.400388 0.9162477 0.01340711 0.5015552 0.8644355 0.03454923 0.4768426 0.8762665 0.06912583 0.4080326 0.905292 0.1181356 0.4320973 0.9014355 0.02657204 0.464309 0.8850594 0.03297048 0.477865 0.8765999 0.05672585 0.4478514 0.8888992 0.09637099 0.4571358 0.8888939 0.02990943 0.4530217 0.8908182 0.03484612 0.4476361 0.8927698 0.05083459 0.4444045 0.8923268 0.07910555 0.4788752 0.8774242 0.02838015 0.4676372 0.8833077 0.03290838 0.4601331 0.8866629 0.04589706 0.4623224 0.8841931 0.06678855 0.4034867 0.4457703 -0.799054 0.720906 0.6017608 -0.3437712 0.5732965 0.7784027 -0.2557744 0.4654798 0.8675795 -0.175027 0.5112625 0.7762445 -0.3688567 0.6982093 0.640143 -0.3205009 0.5901024 0.7775355 -0.2172964 0.53048 0.8344805 -0.1491091 0.660418 0.713338 -0.2345145 0.6553302 0.7207294 -0.2260342 0.6143588 0.7684604 -0.1789746 0.5641563 0.8166031 -0.1220129 0.7451162 0.6467818 -0.1627119 0.7021341 0.6954548 -0.1528083 0.6656851 0.7359166 -0.1236542 0.6214115 0.7782509 -0.09040719 0.602438 0.7980644 -0.01272249 0.6270354 0.7784501 -0.02901625 0.6463874 0.7624794 -0.02843338 0.6630356 0.7481292 -0.02620321 0.699055 0.7144256 -0.03030103 0.6318323 0.774266 -0.03605759 0.6390559 0.7683759 -0.03473091 0.6574092 0.7528758 -0.03148788 0.6987756 0.7128612 -0.05951231 0.6296688 0.7749226 -0.05488443 0.6285152 0.776274 -0.04865598 0.6495032 0.7591092 -0.04357665 0.642575 0.7588674 -0.1059143 0.608538 0.7885379 -0.08882308 0.6258473 0.7763886 -0.074404 0.6499688 0.7573304 -0.06317746 0.7313636 0.6818804 -0.01211124 0.6610532 0.7496191 -0.03286206 0.6781262 0.7320725 -0.06491988 0.7207757 0.6848006 -0.1073804 0.7111197 0.7026484 -0.02437341 0.6889413 0.7241651 -0.03073984 0.6781105 0.7330257 -0.0532875 0.6966711 0.7118191 -0.08923536 0.6940882 0.7193537 -0.02778267 0.6967989 0.7165389 -0.03230178 0.699878 0.712714 -0.04700702 0.7004132 0.7099863 -0.07308042 0.6785131 0.7341043 -0.02666288 0.6865645 0.726419 -0.03073537 0.6914243 0.7211856 -0.04270869 0.6887792 0.7222941 -0.06224608 0.4034669 0.4457852 0.7990558 0.5125116 0.7752758 0.3691602 0.7165231 0.6539428 0.2428036 0.803434 0.5748841 0.154926 0.7219213 0.6008587 0.343218 0.5603762 0.7568579 0.3363698 0.713914 0.6687532 0.2075961 0.769966 0.6233243 0.1364528 0.6439147 0.7278074 0.2359455 0.6519969 0.7236583 0.226316 0.7029744 0.6898196 0.1731358 0.7514127 0.6499564 0.1137349 0.5613385 0.8090447 0.1742007 0.6204473 0.7682541 0.1575784 0.6661562 0.7354938 0.1236317 0.7114052 0.697331 0.08736282 0.7313656 0.6818782 0.01211118 0.7110515 0.7025784 0.02809774 0.6940837 0.7193529 0.02791732 0.678523 0.7341173 0.02604806 0.6407634 0.7671129 0.03098529 0.7066732 0.706672 0.03503865 0.7004157 0.7129285 0.03392374 0.6837258 0.729073 0.03117167 0.6391645 0.7666562 0.06088536 0.7074988 0.7047036 0.053276 0.7088818 0.7037474 0.04718321 0.6905404 0.7220208 0.04289567 0.6909835 0.715353 0.1039804 0.7221364 0.6865 0.08506959 0.7092441 0.7012689 0.07207453 0.6887857 0.7222879 0.0622453 0.602437 0.7980651 0.01272249 0.6801801 0.7323189 0.03262227 0.6610195 0.7475181 0.06534588 0.6068447 0.7868735 0.1121147 0.6270999 0.7785322 0.02517056 0.651869 0.7576903 0.03118079 0.661978 0.747603 0.05361807 0.6382875 0.7643714 0.0912441 0.6463913 0.7624813 0.02829557 0.6431971 0.7649904 0.0329734 0.6388907 0.7677913 0.04811704 0.6359855 0.7680577 0.07490056 0.6630224 0.748119 0.02682137 0.6544209 0.75549 0.0311172 0.6485503 0.7599328 0.04341679 0.6499679 0.7573311 0.0631777 0.5021375 0.3706802 -0.7813158 0.8239672 0.4627249 -0.3270534 0.7260636 0.6437078 -0.24181 0.6493596 0.7422051 -0.1657223 0.6711912 0.653251 -0.3503794 0.8105444 0.5004786 -0.304202 0.7405753 0.6398776 -0.2051949 0.6994889 0.7006382 -0.1407886 0.7902683 0.5712791 -0.2216219 0.7871354 0.5786371 -0.2135349 0.7600387 0.6275609 -0.1688446 0.7253423 0.678703 -0.1150682 0.8530546 0.4986019 -0.1539293 0.8236304 0.5484728 -0.1442586 0.7988809 0.590084 -0.1165763 0.7679654 0.6348028 -0.08517342 0.7551257 0.6554706 -0.0119822 0.7728862 0.633956 -0.02732485 0.7868155 0.6166071 -0.02677649 0.798734 0.601178 -0.02468043 0.8242109 0.5655624 -0.02856075 0.7762912 0.6294593 -0.03395754 0.7815073 0.6230382 -0.03270792 0.7946819 0.6063013 -0.029657 0.8236979 0.5642466 -0.05610376 0.7745302 0.6304214 -0.05169272 0.7737789 0.6317963 -0.04582464 0.7889189 0.6131252 -0.04104197 0.7828537 0.6141495 -0.0998032 0.7586631 0.646086 -0.08368504 0.7714773 0.6323851 -0.07008612 0.7890092 0.6114925 -0.05951029 0.8468803 0.531661 -0.01142805 0.7972733 0.6028244 -0.0309531 0.8090389 0.5845629 -0.06117457 0.8381137 0.5359963 -0.101358 0.832715 0.5532249 -0.02298206 0.8170827 0.5757924 -0.02896761 0.809194 0.5853924 -0.05020886 0.8216804 0.5637032 -0.08414375 0.8207321 0.570713 -0.02618312 0.8226073 0.5677944 -0.03044527 0.8246327 0.5639303 -0.04431205 0.8246303 0.5614597 -0.06890535 0.8097317 0.5862627 -0.02511912 0.8154025 0.5781695 -0.02896153 0.8187273 0.5727702 -0.04025065 0.8166124 0.5741972 -0.0586667 0.5021528 0.3706866 0.7813029 0.6720767 0.6521846 0.3506684 0.8291115 0.50962 0.2299167 0.8928257 0.4256819 0.1471635 0.8247137 0.4617578 0.326538 0.7106286 0.627166 0.3188573 0.8293641 0.5230769 0.196331 0.8710566 0.473884 0.129207 0.7784309 0.5868127 0.2229267 0.7847471 0.5817767 0.2137939 0.8233879 0.5434062 0.1635306 0.8591206 0.5003502 0.1075247 0.7214611 0.6726506 0.1644236 0.7652982 0.6262887 0.1485971 0.7992191 0.5896303 0.1165546 0.8320544 0.5485379 0.08241319 0.8468814 0.5316592 0.01142817 0.8326424 0.553177 0.02649331 0.8207277 0.5707135 0.02631008 0.8097438 0.5862702 0.0245397 0.7827586 0.6216411 0.0291804 0.829521 0.5574979 0.03303509 0.8251397 0.564023 0.03197759 0.8133918 0.5809743 0.02937114 0.7812884 0.6215304 0.0573467 0.8299074 0.5556351 0.05023449 0.8309457 0.5545718 0.04449009 0.8181021 0.5736503 0.04042637 0.8173348 0.567759 0.09804958 0.8395906 0.5372552 0.08027917 0.8308383 0.552347 0.0679751 0.8166218 0.574184 0.05866605 0.7551241 0.6554724 0.01198214 0.8108708 0.5844177 0.03073561 0.7968702 0.601006 0.06156116 0.7568882 0.6449473 0.1056576 0.7729586 0.6340137 0.02370315 0.7907236 0.6114686 0.02936625 0.7977199 0.6009094 0.05050873 0.780125 0.6196898 0.08596402 0.7868195 0.6166078 0.02664721 0.7844955 0.6193568 0.03105235 0.7812603 0.6225582 0.04531759 0.7787824 0.6233137 0.07055509 0.7987227 0.6011689 0.02526307 0.7925483 0.6091046 0.02930682 0.7882412 0.6140064 0.0408917 0.7890027 0.611501 0.05951088 0.5779005 0.2850519 -0.7647068 0.8932397 0.3217718 -0.3139839 0.8357611 0.4990282 -0.2290726 0.7857723 0.5984362 -0.1563206 0.7889735 0.516565 -0.3326883 0.8872057 0.3579732 -0.2910692 0.847903 0.493263 -0.1942995 0.8222086 0.5534608 -0.1328696 0.8805409 0.4245494 -0.2107268 0.878955 0.4315804 -0.2029204 0.8629995 0.4792336 -0.159897 0.8410785 0.5298894 -0.1086476 0.9252038 0.349817 -0.1470584 0.9066092 0.3990188 -0.1372724 0.8912244 0.4398739 -0.1105898 0.871171 0.4843239 -0.08056938 0.8632886 0.5045838 -0.01131922 0.8753637 0.4827739 -0.0258429 0.8848203 0.4652425 -0.0253489 0.8928656 0.4497154 -0.02338671 0.9098116 0.4141339 -0.02712827 0.8776285 0.478264 -0.03212314 0.8811804 0.4717659 -0.03095263 0.890107 0.454885 -0.02809375 0.9091483 0.4130481 -0.05329948 0.8762385 0.47939 -0.04890143 0.8757963 0.4807308 -0.0433458 0.8861151 0.4618332 -0.03886252 0.8809305 0.4637094 -0.09452635 0.8648515 0.4957551 -0.07911354 0.873867 0.4816231 -0.06629991 0.8859339 0.4603748 -0.05635982 0.9247524 0.380414 -0.01088279 0.8918386 0.4514024 -0.02932751 0.8993424 0.4333764 -0.05803537 0.9175906 0.3856333 -0.09651291 0.9154507 0.4018368 -0.02184903 0.9050897 0.424331 -0.02749562 0.8996118 0.4340854 -0.0476284 0.9072733 0.4128719 -0.07994949 0.9075301 0.4192505 -0.02486133 0.9087371 0.4163664 -0.02891445 0.9099323 0.4126149 -0.04209619 0.9095417 0.4104225 -0.06547778 0.9002249 0.4347729 -0.02382534 0.9039707 0.4267103 -0.02748489 0.9060738 0.4213907 -0.03821378 0.9044215 0.4229892 -0.05569523 0.5779519 0.2850462 0.76467 0.789572 0.5154653 0.3329743 0.9053871 0.3633791 0.2196131 0.9501569 0.2778109 0.1415034 0.8937602 0.3207837 0.3135133 0.819256 0.4869583 0.3028061 0.9077382 0.3754214 0.1872711 0.9376558 0.3248149 0.1236812 0.8725576 0.4402265 0.211764 0.8773444 0.4347485 0.2031272 0.9055972 0.3945292 0.1556931 0.9309267 0.3504744 0.1026803 0.8366476 0.5252421 0.1553759 0.8674252 0.4772595 0.1407024 0.8914492 0.4394224 0.1105728 0.9141355 0.3977578 0.07839137 0.9247528 0.3804131 0.01088279 0.9153795 0.4018035 0.0251879 0.9075264 0.4192514 0.02498269 0.9002364 0.4347791 0.02327603 0.8820589 0.4703291 0.0276162 0.9132738 0.4061347 0.03139686 0.9103974 0.4126183 0.03037732 0.9026327 0.4295088 0.02786785 0.8807427 0.4704746 0.05427831 0.9133244 0.4044235 0.04775238 0.9140889 0.4033025 0.04229378 0.905656 0.4222729 0.03837853 0.9040464 0.4171624 0.09314399 0.9191073 0.386524 0.07642662 0.9136441 0.4013435 0.06463676 0.9044231 0.4229858 0.05569517 0.8632879 0.5045849 0.01131922 0.900942 0.4329589 0.02915602 0.8911918 0.4498596 0.05834048 0.863103 0.4950476 0.09990638 0.8754369 0.4828125 0.02241706 0.8874404 0.4600828 0.0278086 0.8919278 0.4496375 0.04786455 0.8794166 0.4690448 0.08138525 0.884823 0.4652439 0.02522665 0.8832162 0.4680441 0.02939164 0.8808885 0.4713768 0.04288786 0.8788233 0.4724516 0.06677687 0.8928549 0.4497077 0.02393895 0.8886699 0.4577071 0.02775639 0.8856589 0.4627193 0.03871846 0.8859299 0.4603822 0.05636018 0.6309774 0.1929357 -0.7514275 0.9347189 0.1818132 -0.3053597 0.9097014 0.352827 -0.2189901 0.8809606 0.4493616 -0.1482654 0.870404 0.3757811 -0.3180969 0.9346984 0.216368 -0.2820001 0.919735 0.3458001 -0.1857684 0.906134 0.4036707 -0.1263779 0.9387731 0.2785798 -0.2027274 0.9383939 0.2852394 -0.1950778 0.9311898 0.3308654 -0.1530159 0.9192937 0.3797176 -0.1035077 0.9686934 0.2033098 -0.1424719 0.9587991 0.2513841 -0.1323269 0.9508213 0.2909737 -0.1061751 0.9393399 0.3342252 -0.07703429 0.9353182 0.353643 -0.01080238 0.942886 0.332198 -0.0247088 0.9488009 0.3149405 -0.02427542 0.9537791 0.2996711 -0.02242696 0.9639605 0.2647617 -0.02610439 0.9442525 0.3277853 -0.0307269 0.9464839 0.321389 -0.02962446 0.9520431 0.3047768 -0.02692931 0.9631947 0.2638654 -0.05129462 0.9431657 0.3290153 -0.04677194 0.9429697 0.3302873 -0.04145318 0.9494617 0.3116673 -0.03722876 0.9450491 0.314139 -0.09054964 0.9353797 0.3454768 -0.07556897 0.9413658 0.3313764 -0.0634042 0.949079 0.310376 -0.053999 0.972745 0.2316397 -0.0105074 0.9530976 0.3013539 -0.02812021 0.9572434 0.2838621 -0.0557444 0.9669138 0.2374903 -0.09314554 0.9673217 0.2526772 -0.02104932 0.9611465 0.2747705 -0.02643138 0.9575939 0.2844671 -0.04574406 0.961453 0.2639831 -0.07694816 0.962626 0.2697767 -0.02391082 0.963306 0.2669603 -0.02781665 0.9638479 0.2633553 -0.04051423 0.9631703 0.2614001 -0.06303185 0.9582533 0.2850039 -0.02288025 0.9604791 0.2770962 -0.0264151 0.9616115 0.2719436 -0.0367456 0.9603385 0.2736465 -0.05354964 0.6309983 0.1929374 0.7514095 0.8707559 0.3747071 0.3184005 0.9523555 0.2187312 0.2125459 0.9815192 0.1324144 0.1381541 0.9350513 0.1808156 0.3049344 0.8928844 0.3444409 0.290031 0.9563298 0.2295113 0.1809916 0.97662 0.1782761 0.1201298 0.9338861 0.2940605 0.2034342 0.9374135 0.2883508 0.1952172 0.9571991 0.2474268 0.1501663 0.9740963 0.2030878 0.09945791 0.9146051 0.3762398 0.1481256 0.9348925 0.3283972 0.1346526 0.9509592 0.2905275 0.1061632 0.9655168 0.249134 0.0755611 0.9727448 0.2316403 0.0105074 0.9672513 0.252658 0.0242657 0.9626232 0.2697764 0.02402657 0.9582642 0.285009 0.02235281 0.9470643 0.319954 0.02643424 0.9659566 0.2569313 0.03023606 0.9642729 0.2632933 0.02923506 0.9596684 0.2798565 0.02677637 0.9458948 0.3202866 0.05195748 0.9657534 0.2553527 0.04599463 0.966286 0.2542276 0.04074138 0.9613606 0.2728079 0.03690069 0.9591381 0.2683718 0.08961451 0.9684379 0.2380953 0.07374894 0.9655926 0.2524924 0.06227755 0.9603398 0.273642 0.05354964 0.9353182 0.3536428 0.01080286 0.95864 0.2832407 0.02800452 0.9522786 0.3000586 0.05595082 0.9336999 0.3451012 0.0954442 0.9429571 0.3322235 0.02143388 0.9504025 0.3098796 0.02664321 0.9529166 0.299738 0.04590409 0.9444826 0.3191882 0.07791942 0.948804 0.3149404 0.02415794 0.9477688 0.3177148 0.02814036 0.9461601 0.3210855 0.04104965 0.9444592 0.3223544 0.06391108 0.9537658 0.299673 0.02295678 0.9511626 0.3075422 0.0265994 0.9491806 0.3125395 0.03708726 0.949081 0.31037 0.05399876 0.6622667 0.0972476 -0.7429306 0.9525001 0.04314976 -0.3014659 0.9547659 0.2083424 -0.2121689 0.9429183 0.301114 -0.1422513 0.9219269 0.2352765 -0.3077272 0.9577442 0.07630759 -0.2773146 0.963029 0.2003637 -0.1800817 0.9590501 0.2557284 -0.1217619 0.9709028 0.1347767 -0.197947 0.9715265 0.1410995 -0.1903345 0.9714797 0.1848295 -0.1485438 0.9676152 0.2317963 -0.09995663 0.9883548 0.05896657 -0.1402782 0.9858649 0.1062124 -0.1295733 0.9840447 0.144717 -0.1035036 0.9795532 0.1867871 -0.07474154 0.9786236 0.2053939 -0.01045817 0.98256 0.184394 -0.02397704 0.985597 0.1674566 -0.02359992 0.9880688 0.1524573 -0.02183991 0.9926693 0.1181375 -0.02552002 0.9831979 0.1800889 -0.02983087 0.9843595 0.173805 -0.02877986 0.9871745 0.1574795 -0.02620881 0.9918168 0.1174066 -0.0501514 0.9823619 0.1813936 -0.04540288 0.9823627 0.1826056 -0.04023391 0.9857456 0.1643009 -0.036206 0.9819763 0.1672441 -0.08804482 0.9775006 0.1978128 -0.07323068 0.9810262 0.1838516 -0.06153333 0.9852018 0.1631524 -0.05252403 0.9962869 0.08547681 -0.01031047 0.987671 0.1541321 -0.02737855 0.9890622 0.1371091 -0.05438017 0.9915728 0.09186518 -0.09134691 0.9941284 0.1062275 -0.02060586 0.9914393 0.1279923 -0.02580964 0.9894779 0.1376314 -0.04462128 0.9901874 0.1177663 -0.07523435 0.9921234 0.1230673 -0.02336204 0.9923641 0.1203104 -0.02718675 0.9923617 0.1168301 -0.03961312 0.9914414 0.1150832 -0.06164443 0.9901757 0.1380367 -0.02231687 0.9911413 0.1302843 -0.02578806 0.991475 0.1252565 -0.03589397 0.9905172 0.1270454 -0.0522986 0.6622884 0.09724766 0.7429112 0.9220848 0.2342298 0.308052 0.9749692 0.07605981 0.2089259 0.9904829 -0.01139992 0.1371632 0.9526664 0.04213976 0.3010832 0.9378858 0.2029827 0.2813689 0.9803423 0.08577787 0.1776823 0.9923645 0.03377026 0.118627 0.9685896 0.1500363 0.1983015 0.9710634 0.1441593 0.1904049 0.9837757 0.1026796 0.1471133 0.993503 0.0579918 0.09792274 0.9627835 0.2292704 0.1431192 0.9745666 0.1820065 0.130743 0.9841101 0.1442774 0.1034954 0.9919114 0.1031301 0.07400095 0.9962872 0.085473 0.01031029 0.9940586 0.106224 0.02375483 0.9921207 0.1230675 0.02347522 0.9901865 0.1380415 0.02180212 0.9846936 0.1723915 0.02568477 0.9934412 0.1104508 0.02958446 0.9927554 0.1167035 0.02858507 0.990773 0.1329886 0.02613246 0.9836519 0.17286 0.0504831 0.9930235 0.1089868 0.04501265 0.993368 0.1078421 0.03987663 0.9913618 0.1261066 0.03604227 0.9886295 0.1222394 0.08757549 0.9931091 0.09221988 0.07231777 0.992463 0.1063019 0.06096893 0.9905175 0.1270433 0.05229794 0.9786238 0.2053929 0.01045811 0.9902873 0.1363261 0.02732104 0.9867187 0.1530293 0.05448335 0.9758862 0.1977118 0.09249931 0.9826307 0.184403 0.02079868 0.9863693 0.1624937 0.02591621 0.9872704 0.1526406 0.04470145 0.9821766 0.1720339 0.07572138 0.9856001 0.1674546 0.02348548 0.9850313 0.1701921 0.02734923 0.9840134 0.1735721 0.03988111 0.9826082 0.1750043 0.06208646 0.9880574 0.1524562 0.02235573 0.9867454 0.1601995 0.02587991 0.9856088 0.1651506 0.03606534 0.9852028 0.1631462 0.0525251 0.6725906 0 -0.7400149 0.9484322 -0.09513807 -0.3023662 0.9757437 0.06577736 -0.2088006 0.9780957 0.155367 -0.1385273 0.9484413 0.09616339 -0.3020128 0.9587697 -0.06304252 -0.2771033 0.9824939 0.05695319 -0.1773757 0.9867284 0.1102991 -0.119169 0.9804813 -0.007586419 -0.1964657 0.9820203 -0.001520156 -0.1887695 0.988358 0.04081201 -0.1465703 0.9914245 0.08634722 -0.09809118 0.9864579 -0.08462995 -0.1404943 0.9909238 -0.03765267 -0.1290439 0.9947218 2.14903e-4 -0.1026092 0.9964126 0.04154568 -0.07372885 0.9981716 0.05956166 -0.01029503 0.998966 0.03882163 -0.02365881 0.9994849 0.02203899 -0.02333307 0.9997405 0.007158398 -0.02163124 0.999315 -0.02693653 -0.02537977 0.9989678 0.03458714 -0.02945011 0.9991934 0.02835798 -0.02843308 0.9995896 0.01215654 -0.02594351 0.9983752 -0.02754557 -0.04988127 0.9983476 0.03596621 -0.04481565 0.9985216 0.03712207 -0.03970801 0.9991787 0.01896423 -0.03581029 0.995953 0.02235269 -0.0870521 0.9960142 0.0524463 -0.07214587 0.9974113 0.0385192 -0.06072032 0.9984883 0.01793718 -0.05195677 0.9981716 -0.05956166 -0.01029503 0.9995934 0.008835434 -0.02711158 0.9985119 -0.007906258 -0.05396038 0.9944499 -0.05257892 -0.0911315 0.9990352 -0.0388258 -0.02052307 0.9995244 -0.01713883 -0.02563822 0.9989916 -0.007457792 -0.04427367 0.9968323 -0.02695673 -0.07482528 0.9994874 -0.02204048 -0.02322041 0.9993277 -0.02477067 -0.02703082 0.998826 -0.02817833 -0.03940242 0.9976738 -0.02975946 -0.06133043 0.9997293 -0.007158339 -0.02214246 0.9995616 -0.01485759 -0.02560955 0.9991673 -0.01981145 -0.035667 0.9984883 -0.01793664 -0.05195641 0.6725971 0 0.740009 0.9484331 0.09514164 0.3023619 0.9757442 -0.0657767 0.2087985 0.978097 -0.1553593 0.1385277 0.9484435 -0.09616661 0.3020047 0.9587691 0.06304061 0.2771059 0.9824938 -0.05695807 0.1773748 0.9867284 -0.1102989 0.1191693 0.9804813 0.007586419 0.1964659 0.9820195 0.001526594 0.1887734 0.9883579 -0.04081743 0.1465694 0.9914245 -0.08634746 0.09809112 0.9864571 0.08462947 0.1405001 0.9909232 0.037656 0.1290479 0.9947218 -2.1366e-4 0.1026093 0.9964126 -0.04154586 0.07372903 0.9981716 -0.05956143 0.01029497 0.998966 -0.03882151 0.02365875 0.9994849 -0.02203899 0.02333295 0.9997405 -0.007158458 0.02163136 0.9993149 0.02693635 0.02537947 0.9989678 -0.03458732 0.02945029 0.9991934 -0.02835792 0.02843308 0.9995896 -0.01215654 0.02594351 0.9983753 0.02754569 0.04988175 0.9983478 -0.03596609 0.04481518 0.9985216 -0.03712153 0.03970742 0.9991787 -0.0189616 0.0358107 0.995953 -0.02234709 0.0870527 0.9960142 -0.05244654 0.07214623 0.9974113 -0.03851932 0.0607205 0.9984884 -0.01793259 0.05195611 0.9981716 0.05956161 0.01029503 0.9995933 -0.008835434 0.0271117 0.9985119 0.007906317 0.05396074 0.9944502 0.05257546 0.09113037 0.9990353 0.03882575 0.02052301 0.9995244 0.01713889 0.02563834 0.9989916 0.007457911 0.04427433 0.9968322 0.02696079 0.07482451 0.9994874 0.0220403 0.0232203 0.9993277 0.0247702 0.02703094 0.9988261 0.02817821 0.03940224 0.9976739 0.02975922 0.0613296 0.9997293 0.007158339 0.02214252 0.9995616 0.01485747 0.02560931 0.9991674 0.01981115 0.0356673 0.9984884 0.01793497 0.05195683 0.6622667 -0.0972476 -0.7429306 0.9220864 -0.234222 -0.3080532 0.9749689 -0.07606035 -0.2089273 0.9904832 0.01139974 -0.1371607 0.9526682 -0.04214429 -0.301077 0.9378889 -0.2029783 -0.2813613 0.9803421 -0.0857827 -0.1776816 0.9923645 -0.03377467 -0.1186261 0.9685901 -0.1500353 -0.1982992 0.9710662 -0.1441448 -0.1904014 0.9837754 -0.1026849 -0.1471115 0.9935028 -0.05799245 -0.09792447 0.962784 -0.2292696 -0.1431168 0.9745681 -0.1820012 -0.1307385 0.9841094 -0.1442813 -0.1034973 0.9919115 -0.1031286 -0.07400208 0.9962869 -0.08547699 -0.01031035 0.9940584 -0.1062246 -0.02375507 0.9921207 -0.1230675 -0.02347522 0.9901865 -0.1380414 -0.02180212 0.9846935 -0.1723922 -0.02568513 0.9934414 -0.1104496 -0.02958428 0.992755 -0.1167067 -0.02858483 0.990773 -0.1329894 -0.02613258 0.9836519 -0.17286 -0.0504831 0.9930235 -0.1089867 -0.04501235 0.9933675 -0.1078467 -0.03987723 0.991362 -0.126105 -0.03604185 0.9886299 -0.1222352 -0.08757638 0.9931088 -0.09222334 -0.07231813 0.9924631 -0.1063013 -0.06096851 0.9905173 -0.1270449 -0.05229836 0.9786235 -0.2053942 -0.01045817 0.9902873 -0.1363259 -0.02732121 0.9867187 -0.1530291 -0.05448353 0.9758862 -0.1977119 -0.09249985 0.9826304 -0.1844041 -0.0207988 0.9863683 -0.162499 -0.02591639 0.9872699 -0.1526432 -0.04470098 0.9821766 -0.1720334 -0.07572209 0.9855999 -0.1674559 -0.02348577 0.9850316 -0.1701908 -0.02734935 0.984013 -0.1735737 -0.03988146 0.9826089 -0.1750008 -0.06208676 0.9880576 -0.1524553 -0.02235567 0.9867454 -0.1601993 -0.02587962 0.9856087 -0.1651508 -0.0360651 0.9852032 -0.1631436 -0.05252468 0.6622899 -0.09724783 0.7429098 0.9525027 -0.04314339 0.3014586 0.9547675 -0.2083391 0.2121645 0.9429184 -0.3011132 0.1422523 0.9219242 -0.2352855 0.3077281 0.9577417 -0.07630974 0.2773225 0.9630283 -0.200368 0.1800812 0.9590483 -0.2557345 0.1217628 0.970903 -0.1347767 0.1979461 0.9715271 -0.1410928 0.1903367 0.9714786 -0.1848361 0.1485435 0.9676156 -0.2317951 0.09995627 0.988354 -0.0589708 0.1402817 0.9858646 -0.1062112 0.1295771 0.9840445 -0.1447202 0.1035021 0.9795529 -0.1867883 0.07474154 0.9786239 -0.2053921 0.01045799 0.98256 -0.1843932 0.02397692 0.985597 -0.1674563 0.02359998 0.9880687 -0.1524575 0.02183997 0.9926689 -0.1181409 0.0255199 0.9831977 -0.1800901 0.02983111 0.9843593 -0.1738058 0.02877998 0.9871743 -0.1574805 0.02620875 0.9918169 -0.1174064 0.05015152 0.982362 -0.1813938 0.04540276 0.9823629 -0.1826046 0.04023385 0.9857459 -0.164299 0.03620642 0.9819771 -0.1672403 0.08804422 0.9775002 -0.1978155 0.0732305 0.9810267 -0.1838485 0.06153368 0.9852015 -0.1631538 0.05252474 0.9962872 -0.0854727 0.01031041 0.9876708 -0.1541326 0.02737891 0.9890619 -0.1371105 0.05438089 0.9915731 -0.09186375 0.09134501 0.9941288 -0.1062241 0.0206058 0.9914393 -0.1279922 0.02580964 0.9894779 -0.1376316 0.04462146 0.9901877 -0.1177634 0.07523506 0.9921233 -0.1230673 0.02336215 0.9923641 -0.1203104 0.02718675 0.9923617 -0.1168294 0.03961277 0.9914409 -0.1150869 0.06164437 0.9901755 -0.138038 0.02231693 0.9911413 -0.1302843 0.02578818 0.9914748 -0.1252576 0.03589427 0.9905178 -0.1270411 0.05229783 0.6309763 -0.1929373 -0.7514281 0.8707605 -0.3746986 -0.3183981 0.9523549 -0.2187326 -0.212547 0.9815199 -0.1324096 -0.1381537 0.9350513 -0.1808187 -0.3049324 0.8928858 -0.3444423 -0.2900252 0.9563282 -0.2295173 -0.1809921 0.9766192 -0.1782792 -0.1201313 0.9338883 -0.2940559 -0.20343 0.9374196 -0.2883327 -0.1952151 0.9571996 -0.2474256 -0.1501656 0.9740967 -0.2030858 -0.09945762 0.9146056 -0.3762395 -0.1481227 0.9348944 -0.3283933 -0.1346491 0.9509566 -0.2905349 -0.1061651 0.9655163 -0.2491362 -0.07556122 0.9727448 -0.2316402 -0.0105074 0.9672513 -0.2526584 -0.02426588 0.9626238 -0.2697744 -0.02402681 0.9582653 -0.2850055 -0.02235233 0.9470645 -0.3199533 -0.02643448 0.9659561 -0.2569334 -0.03023558 0.9642729 -0.263293 -0.029235 0.9596685 -0.2798562 -0.02677637 0.9458965 -0.3202818 -0.05195742 0.9657533 -0.2553534 -0.04599446 0.9662846 -0.2542324 -0.04074251 0.9613612 -0.2728062 -0.0369001 0.9591388 -0.2683694 -0.08961462 0.9684377 -0.2380958 -0.0737487 0.9655929 -0.2524915 -0.06227689 0.9603382 -0.2736479 -0.05354934 0.9353172 -0.3536454 -0.01080226 0.9586399 -0.2832411 -0.02800482 0.9522791 -0.3000569 -0.05595105 0.9336985 -0.3451044 -0.09544676 0.942958 -0.3322212 -0.02143424 0.950402 -0.309881 -0.02664238 0.9529163 -0.2997389 -0.04590344 0.9444836 -0.3191854 -0.0779193 0.9488027 -0.3149445 -0.024158 0.9477676 -0.3177183 -0.02814012 0.946159 -0.3210889 -0.04105013 0.9444581 -0.3223576 -0.06391197 0.9537661 -0.299672 -0.02295708 0.9511618 -0.3075448 -0.02659934 0.9491819 -0.3125351 -0.03708696 0.9490801 -0.3103724 -0.05399924 0.6310138 -0.1929333 0.7513977 0.9347195 -0.1818085 0.3053607 0.9096999 -0.3528296 0.2189916 0.8809617 -0.4493595 0.1482656 0.8704031 -0.3757846 0.318095 0.934696 -0.2163699 0.2820063 0.9197308 -0.3458104 0.1857705 0.9061313 -0.4036767 0.126377 0.9387746 -0.2785766 0.2027251 0.9383993 -0.2852237 0.1950755 0.9311873 -0.3308717 0.1530169 0.9192925 -0.3797201 0.1035085 0.9686931 -0.2033109 0.1424726 0.9587974 -0.2513886 0.1323305 0.9508227 -0.2909702 0.1061729 0.9393379 -0.3342302 0.07703554 0.9353191 -0.3536406 0.01080179 0.9428866 -0.3321964 0.02470892 0.9488013 -0.3149396 0.02427524 0.9537787 -0.2996718 0.02242738 0.9639608 -0.2647607 0.02610433 0.9442512 -0.3277888 0.03072661 0.946484 -0.3213884 0.02962464 0.9520437 -0.304775 0.02692914 0.9631955 -0.2638624 0.05129444 0.9431656 -0.3290156 0.04677182 0.9429702 -0.3302862 0.041453 0.9494606 -0.3116708 0.03722918 0.9450504 -0.3141353 0.09054851 0.9353817 -0.3454714 0.07556879 0.9413639 -0.331382 0.06340354 0.9490805 -0.3103711 0.05400037 0.9727454 -0.2316378 0.01050704 0.9530968 -0.3013566 0.02812033 0.9572433 -0.2838627 0.05574434 0.9669137 -0.2374915 0.09314477 0.9673212 -0.2526791 0.0210492 0.9611452 -0.2747752 0.0264312 0.9575937 -0.2844675 0.04574412 0.9614534 -0.2639819 0.07694786 0.9626271 -0.2697728 0.02391076 0.9633061 -0.26696 0.02781647 0.9638486 -0.2633527 0.04051399 0.9631701 -0.2614012 0.06303125 0.9582529 -0.285005 0.02288037 0.9604793 -0.2770956 0.02641493 0.9616103 -0.2719476 0.0367459 0.9603396 -0.2736427 0.05354934 0.5778997 -0.2850521 -0.7647073 0.7895721 -0.5154624 -0.3329781 0.9053859 -0.3633821 -0.2196132 0.9501587 -0.2778059 -0.1415014 0.8937596 -0.3207879 -0.3135108 0.8192647 -0.4869495 -0.3027963 0.9077377 -0.3754236 -0.1872689 0.937654 -0.32482 -0.1236816 0.872559 -0.4402244 -0.2117627 0.8773577 -0.434726 -0.2031177 0.9055923 -0.3945394 -0.1556968 0.9309273 -0.3504733 -0.1026788 0.8366497 -0.5252391 -0.1553742 0.8674358 -0.4772415 -0.140698 0.8914452 -0.4394305 -0.1105734 0.914135 -0.3977583 -0.07839351 0.9247527 -0.3804131 -0.01088303 0.9153798 -0.4018029 -0.02518683 0.9075264 -0.4192516 -0.02498227 0.9002366 -0.4347785 -0.02327615 0.8820576 -0.4703316 -0.02761584 0.9132744 -0.4061334 -0.0313965 0.9103974 -0.4126182 -0.03037649 0.9026319 -0.4295105 -0.02786773 0.8807435 -0.470473 -0.05427837 0.9133256 -0.404421 -0.04775208 0.9140867 -0.4033071 -0.04229491 0.9056563 -0.4222722 -0.03837937 0.9040471 -0.4171604 -0.09314531 0.9191057 -0.3865279 -0.07642632 0.9136433 -0.4013455 -0.06463587 0.9044206 -0.422991 -0.05569583 0.8632887 -0.5045838 -0.01131898 0.900943 -0.4329571 -0.02915567 0.891192 -0.4498592 -0.05833995 0.8631014 -0.49505 -0.09990775 0.8754368 -0.4828124 -0.02241796 0.8874388 -0.4600859 -0.02780932 0.8919271 -0.449639 -0.04786413 0.8794216 -0.4690355 -0.08138424 0.8848218 -0.4652461 -0.02522599 0.8832178 -0.4680413 -0.02939218 0.8808849 -0.4713836 -0.04288899 0.8788229 -0.4724523 -0.06677722 0.8928553 -0.4497072 -0.02393996 0.888669 -0.4577084 -0.02775621 0.88566 -0.4627172 -0.03871929 0.8859323 -0.4603774 -0.05636191 0.5779373 -0.2850496 0.7646799 0.8932396 -0.3217715 0.3139843 0.8357625 -0.4990263 0.2290717 0.7857681 -0.5984409 0.1563234 0.7889716 -0.5165694 0.3326859 0.8872053 -0.3579722 0.2910716 0.8479016 -0.4932662 0.1942976 0.8222026 -0.5534695 0.1328699 0.8805441 -0.4245436 0.2107251 0.8789617 -0.4315683 0.2029171 0.8629965 -0.4792387 0.1598976 0.8410813 -0.5298857 0.1086447 0.9252004 -0.3498248 0.147061 0.9066095 -0.3990167 0.1372773 0.8912222 -0.4398783 0.1105908 0.8711687 -0.484328 0.08056885 0.8632889 -0.5045831 0.01131868 0.8753656 -0.4827705 0.02584308 0.8848195 -0.4652439 0.02534866 0.8928653 -0.4497162 0.02338659 0.9098121 -0.4141328 0.0271278 0.8776268 -0.4782671 0.03212285 0.8811792 -0.4717682 0.03095346 0.8901075 -0.4548839 0.02809381 0.9091485 -0.4130476 0.0532999 0.8762384 -0.4793904 0.04890167 0.8757982 -0.4807272 0.04334557 0.8861125 -0.4618381 0.03886228 0.8809334 -0.4637042 0.0945242 0.8648502 -0.4957574 0.07911282 0.8738676 -0.4816219 0.06630027 0.8859323 -0.4603775 0.05636167 0.9247528 -0.3804131 0.01088279 0.8918394 -0.4514007 0.02932637 0.8993415 -0.4333783 0.05803567 0.9175907 -0.3856323 0.09651339 0.915451 -0.4018359 0.02184855 0.9050875 -0.4243357 0.02749562 0.8996102 -0.4340887 0.04762989 0.9072758 -0.4128665 0.07994878 0.9075285 -0.4192539 0.02486091 0.9087375 -0.4163654 0.02891361 0.9099327 -0.4126144 0.04209613 0.9095437 -0.4104182 0.06547594 0.9002239 -0.434775 0.02382564 0.9039716 -0.4267083 0.02748507 0.9060724 -0.4213936 0.03821372 0.9044218 -0.4229885 0.05569595 0.5021343 -0.3706766 -0.7813194 0.6720869 -0.6521732 -0.3506698 0.8291085 -0.5096248 -0.2299172 0.8928282 -0.4256762 -0.1471652 0.8247113 -0.4617605 -0.3265404 0.7106267 -0.6271694 -0.3188546 0.8293617 -0.5230791 -0.1963351 0.871051 -0.4738939 -0.1292092 0.7784325 -0.5868105 -0.2229269 0.784767 -0.581753 -0.213786 0.8233806 -0.5434169 -0.1635321 0.8591219 -0.5003482 -0.1075235 0.7214629 -0.672649 -0.164422 0.7653104 -0.6262753 -0.1485919 0.79921 -0.5896424 -0.1165561 0.832056 -0.5485356 -0.08241212 0.8468801 -0.5316609 -0.01142835 0.8326404 -0.55318 -0.0264936 0.8207277 -0.5707136 -0.02630937 0.8097452 -0.5862684 -0.0245397 0.7827607 -0.6216384 -0.0291813 0.8295252 -0.5574916 -0.03303414 0.8251395 -0.5640233 -0.03197777 0.8133935 -0.5809721 -0.0293709 0.7812913 -0.6215265 -0.05734705 0.8299049 -0.5556386 -0.05023485 0.8309428 -0.5545763 -0.04449152 0.8181051 -0.5736462 -0.04042541 0.8173361 -0.567757 -0.09805107 0.8395898 -0.5372563 -0.08027887 0.8308367 -0.5523494 -0.06797516 0.8166179 -0.5741897 -0.0586642 0.7551257 -0.6554707 -0.01198178 0.8108719 -0.5844162 -0.03073447 0.7968709 -0.6010051 -0.06156146 0.7568864 -0.644949 -0.1056592 0.7729575 -0.634015 -0.02370226 0.790722 -0.6114706 -0.02936756 0.7977188 -0.6009106 -0.0505082 0.7801263 -0.6196881 -0.08596354 0.7868171 -0.6166108 -0.02664756 0.7844953 -0.6193568 -0.03105288 0.7812571 -0.6225621 -0.04531806 0.778782 -0.6233142 -0.07055616 0.7987233 -0.601168 -0.02526366 0.7925476 -0.6091054 -0.0293073 0.7882442 -0.6140024 -0.04089158 0.7890061 -0.6114965 -0.05951088 0.5021384 -0.3706853 0.7813127 0.8239721 -0.4627179 0.3270509 0.7260591 -0.6437132 0.241809 0.6493489 -0.7422142 0.1657232 0.6711938 -0.6532493 0.3503775 0.8105443 -0.5004771 0.304205 0.7405905 -0.6398612 0.2051916 0.6994773 -0.7006493 0.1407917 0.7902749 -0.5712721 0.2216163 0.7871453 -0.5786222 0.2135388 0.7600241 -0.6275783 0.1688456 0.7253439 -0.6787014 0.1150684 0.8530485 -0.4986123 0.1539295 0.8236216 -0.5484844 0.1442647 0.7988834 -0.5900809 0.1165763 0.7679558 -0.6348142 0.08517545 0.7551241 -0.6554724 0.01198172 0.7728891 -0.6339526 0.02732431 0.7868152 -0.6166077 0.02677625 0.7987307 -0.6011823 0.02468156 0.8242085 -0.5655658 0.02856028 0.7762923 -0.6294579 0.03395789 0.7815054 -0.6230407 0.03270852 0.7946833 -0.6062994 0.02965688 0.8236989 -0.5642451 0.05610406 0.774533 -0.6304179 0.05169153 0.7737777 -0.6317978 0.04582327 0.7889176 -0.6131272 0.04104101 0.7828586 -0.6141434 0.09980183 0.7586617 -0.6460877 0.08368563 0.7714795 -0.6323821 0.0700885 0.7890032 -0.6115002 0.05951088 0.8468814 -0.5316592 0.01142829 0.7972747 -0.6028226 0.03095382 0.8090388 -0.5845631 0.06117397 0.8381119 -0.5359995 0.1013563 0.8327153 -0.5532241 0.02298241 0.8170846 -0.5757898 0.02896887 0.8091928 -0.5853939 0.05021029 0.8216859 -0.5636953 0.08414304 0.8207317 -0.5707137 0.02618241 0.8226046 -0.5677984 0.03044492 0.8246306 -0.5639333 0.04431265 0.8246288 -0.561462 0.06890463 0.809731 -0.5862635 0.02511894 0.8154024 -0.5781698 0.02896213 0.8187268 -0.5727707 0.0402503 0.8166175 -0.5741903 0.05866563 0.4034815 -0.4457699 -0.7990569 0.512496 -0.7752843 -0.3691642 0.7165241 -0.6539416 -0.2428034 0.8034375 -0.5748799 -0.1549234 0.7219127 -0.6008653 -0.3432245 0.5603861 -0.7568522 -0.3363662 0.7139146 -0.6687524 -0.2075964 0.7699598 -0.623332 -0.1364529 0.6439222 -0.7278007 -0.235946 0.6520218 -0.7236383 -0.2263079 0.70296 -0.6898331 -0.1731404 0.7514112 -0.6499583 -0.1137346 0.5613365 -0.809046 -0.1742008 0.6204612 -0.7682436 -0.1575754 0.6661499 -0.7354993 -0.1236329 0.7114036 -0.6973325 -0.08736377 0.7313649 -0.6818789 -0.01210999 0.711049 -0.7025809 -0.02809798 0.6940861 -0.7193505 -0.02791625 0.6785254 -0.7341151 -0.0260477 0.6407613 -0.7671147 -0.03098517 0.7066783 -0.706667 -0.03503721 0.7004143 -0.7129299 -0.0339238 0.6837288 -0.7290703 -0.03117042 0.6391613 -0.7666588 -0.06088632 0.7075021 -0.7047004 -0.05327558 0.7088732 -0.703756 -0.04718381 0.6905425 -0.7220187 -0.04289638 0.6909889 -0.7153476 -0.1039818 0.7221359 -0.6865004 -0.08507078 0.7092411 -0.701272 -0.07207477 0.6887778 -0.7222954 -0.0622456 0.6024362 -0.7980657 -0.01272207 0.6801774 -0.7323213 -0.03262227 0.66102 -0.7475175 -0.06534659 0.6068459 -0.7868724 -0.1121166 0.6271007 -0.7785317 -0.02516835 0.6518666 -0.7576923 -0.03118085 0.6619799 -0.7476014 -0.05361783 0.6382974 -0.7643632 -0.09124273 0.6463919 -0.7624809 -0.02829641 0.6431967 -0.7649907 -0.03297442 0.6388884 -0.7677932 -0.04811656 0.6359916 -0.7680525 -0.07490164 0.6630215 -0.7481198 -0.02682214 0.6544176 -0.7554928 -0.03112012 0.6485516 -0.7599318 -0.04341447 0.6499711 -0.7573285 -0.06317543 0.4034662 -0.4457845 0.7990565 0.7209098 -0.6017569 0.34377 0.5732914 -0.7784051 0.2557781 0.4654838 -0.8675773 0.1750276 0.5112559 -0.7762485 0.3688571 0.6981888 -0.6401593 0.320513 0.5901101 -0.7775299 0.2172952 0.5304764 -0.8344828 0.1491088 0.660435 -0.7133229 0.2345125 0.6553439 -0.7207166 0.2260354 0.6143471 -0.7684697 0.1789754 0.5641564 -0.8166032 0.1220118 0.7451084 -0.6467902 0.1627144 0.7021346 -0.6954534 0.1528122 0.6656718 -0.7359287 0.1236532 0.6213979 -0.7782616 0.0904085 0.602437 -0.7980651 0.01272201 0.6270365 -0.7784494 0.0290153 0.6463878 -0.7624791 0.02843356 0.6630311 -0.7481333 0.02620261 0.699052 -0.7144287 0.03030014 0.6318337 -0.7742649 0.03605848 0.6390569 -0.768375 0.03473073 0.6574099 -0.7528752 0.031488 0.6987814 -0.7128555 0.05951213 0.629668 -0.7749232 0.05488413 0.6285149 -0.7762743 0.04865533 0.6494951 -0.7591162 0.04357701 0.6425712 -0.7588705 0.105915 0.6085346 -0.7885405 0.08882367 0.6258484 -0.7763877 0.07440418 0.6499675 -0.7573316 0.06317561 0.7313646 -0.6818793 0.01210999 0.6610554 -0.7496172 0.03286212 0.6781225 -0.732076 0.06492096 0.7207789 -0.6847976 0.1073786 0.7111221 -0.702646 0.02437347 0.6889371 -0.724169 0.0307396 0.6781103 -0.7330259 0.0532878 0.6966789 -0.7118117 0.08923387 0.6940896 -0.7193523 0.02778244 0.6967987 -0.7165391 0.03230041 0.6998785 -0.7127135 0.04700732 0.7004142 -0.7099854 0.07307904 0.6785094 -0.7341078 0.02666324 0.6865638 -0.7264196 0.03073614 0.6914235 -0.7211862 0.04270845 0.6887847 -0.722289 0.06224513 0.2834946 -0.5052496 -0.815079 0.3102926 -0.8693194 -0.3847109 0.5604142 -0.7874031 -0.2567728 0.6740928 -0.7201676 -0.164188 0.578921 -0.7307381 -0.361763 0.3659342 -0.8614705 -0.3520808 0.5540139 -0.8029921 -0.2197101 0.6262502 -0.7660697 -0.1447343 0.4632033 -0.8506032 -0.2488311 0.4730347 -0.8480581 -0.2388217 0.5369152 -0.8234807 -0.1833075 0.5996477 -0.7911146 -0.1206663 0.3533461 -0.9174605 -0.1827918 0.4275295 -0.8886049 -0.1661319 0.485443 -0.8644343 -0.1307611 0.5443637 -0.8337204 -0.09262055 0.5700126 -0.8215354 -0.01285499 0.5426897 -0.8394045 -0.02979916 0.5199877 -0.8536613 -0.02958631 0.4993013 -0.8659892 -0.02758502 0.4498383 -0.8925096 -0.03274208 0.5368982 -0.8428287 -0.03715282 0.5285029 -0.8481696 -0.03596252 0.506243 -0.8617585 -0.03302079 0.4482188 -0.8916069 -0.06432098 0.53828 -0.8408709 -0.05648779 0.5400181 -0.840165 -0.05003303 0.5154461 -0.8557157 -0.04545331 0.5175773 -0.8485191 -0.1101332 0.5587547 -0.8244106 -0.09022426 0.5410171 -0.8375329 -0.07641571 0.513457 -0.8555779 -0.06594383 0.4003832 -0.9162497 -0.01340734 0.5015548 -0.8644358 -0.03454858 0.4768396 -0.8762681 -0.06912511 0.4080275 -0.9052944 -0.1181339 0.4320973 -0.9014354 -0.0265721 0.4643068 -0.8850606 -0.03296977 0.4778623 -0.8766013 -0.05672574 0.4478623 -0.8888938 -0.0963701 0.4571359 -0.888894 -0.02990859 0.4530218 -0.8908181 -0.03484672 0.4476344 -0.8927706 -0.05083525 0.4444049 -0.8923264 -0.07910704 0.4788783 -0.8774225 -0.02838009 0.4676392 -0.8833068 -0.03290772 0.4601328 -0.8866631 -0.04589736 0.4623308 -0.8841887 -0.06678742 0.283486 -0.5052615 0.8150747 0.5776282 -0.7314836 0.3623223 0.3741149 -0.8876999 0.2683783 0.2363015 -0.9544845 0.1819915 0.3087427 -0.8700339 0.3843424 0.5437581 -0.7681666 0.3380051 0.3924261 -0.8909687 0.2284218 0.313723 -0.9366006 0.1560682 0.4847448 -0.8388954 0.2475421 0.4773757 -0.8456928 0.238571 0.4208635 -0.8873086 0.1885666 0.3543986 -0.9262766 0.1281147 0.5934634 -0.7861639 0.172475 0.5346413 -0.8294399 0.1618282 0.4848297 -0.8647754 0.1307813 0.4259756 -0.8996933 0.09537714 0.4003848 -0.916249 0.01340675 0.4320473 -0.9013306 0.0306313 0.4571317 -0.8888911 0.03005456 0.4788846 -0.8774399 0.02772462 0.5266396 -0.8494818 0.0321201 0.4383178 -0.8980132 0.03807818 0.4476649 -0.8934483 0.03669244 0.4715594 -0.8812053 0.033306 0.5267245 -0.8476927 0.06307566 0.4357908 -0.8981807 0.0579465 0.4342158 -0.8993433 0.05136698 0.4613668 -0.8860127 0.04606735 0.453895 -0.8840032 0.1118829 0.409429 -0.9075263 0.09361732 0.4312802 -0.8987944 0.07852488 0.4623289 -0.8841899 0.06678652 0.5700113 -0.8215364 0.01285541 0.4763526 -0.8785666 0.03477007 0.4993726 -0.8636561 0.06873995 0.5576724 -0.8222154 0.1138564 0.5427538 -0.839494 0.02584731 0.5131679 -0.8576701 0.03257 0.4991171 -0.8646956 0.05642628 0.5246742 -0.8460365 0.09454852 0.5199881 -0.8536658 0.02944314 0.523649 -0.8512459 0.03423696 0.5279665 -0.8478023 0.0498262 0.529211 -0.8449475 0.07745665 0.499294 -0.8659726 0.0282337 0.5100051 -0.859555 0.03256028 0.5166093 -0.8550244 0.04525727 0.513465 -0.8555732 0.06594187 0.1465215 -0.5437725 -0.8263431 0.07618176 -0.9164162 -0.3929093 0.3580161 -0.8940854 -0.2691392 0.4979239 -0.84966 -0.1736369 0.3924785 -0.8380701 -0.378945 0.1348696 -0.9224435 -0.3618124 0.3470951 -0.9091164 -0.230288 0.4343593 -0.8877062 -0.1526753 0.2384597 -0.9361076 -0.2585335 0.249445 -0.9359881 -0.2484022 0.3234921 -0.926564 -0.1919164 0.3991681 -0.90803 -0.1270692 0.1069031 -0.9763865 -0.1877266 0.1910499 -0.9663827 -0.1720595 0.2581279 -0.9564511 -0.1362771 0.3287211 -0.9394223 -0.09710049 0.3593661 -0.9330989 -0.01350897 0.3254519 -0.9450425 -0.03124076 0.2975081 -0.9542176 -0.03095149 0.2723216 -0.9617753 -0.02879881 0.213243 -0.9764074 -0.03400367 0.3183632 -0.9471692 -0.03892958 0.3080189 -0.950635 -0.03765052 0.2807837 -0.9591511 -0.03449541 0.2117942 -0.9750297 -0.06678682 0.3203573 -0.9454456 -0.05919504 0.3223946 -0.9451518 -0.05243843 0.2921441 -0.9551925 -0.04752862 0.296311 -0.9481236 -0.1151589 0.3465601 -0.9332345 -0.09470814 0.3241534 -0.9426081 -0.08009105 0.2900711 -0.9545191 -0.0689364 0.1555005 -0.9877388 -0.01384806 0.2751172 -0.9607336 -0.03607726 0.2458958 -0.9666191 -0.07199227 0.1663557 -0.9784764 -0.1221057 0.19235 -0.9809398 -0.02754235 0.2303846 -0.9724951 -0.03429597 0.2468839 -0.9672421 -0.0590862 0.2121519 -0.9721013 -0.1000539 0.2218387 -0.9745879 -0.03108483 0.2170335 -0.9754926 -0.03620439 0.2108769 -0.9760867 -0.05278062 0.2076353 -0.9747552 -0.08209848 0.2477322 -0.9683774 -0.02956604 0.2343502 -0.971549 -0.03424364 0.2255817 -0.9730548 -0.04771965 0.2285384 -0.9710543 -0.06945341 0.1465136 -0.543785 0.8263363 0.3908898 -0.8385605 0.3795015 0.1361765 -0.951409 0.2761827 -0.0207858 -0.9826443 0.1843319 0.0743997 -0.9167506 0.3924705 0.3452905 -0.869443 0.3533319 0.1540833 -0.9595595 0.2355929 0.06151312 -0.9852725 0.1595439 0.2642038 -0.9293877 0.2577496 0.2546387 -0.93463 0.2482461 0.1844829 -0.9632709 0.1951294 0.1055825 -0.9856634 0.1316056 0.3937662 -0.9011228 0.1814551 0.3195068 -0.9323147 0.1694251 0.2573664 -0.9566543 0.1362911 0.1864767 -0.9774804 0.09878617 0.155501 -0.9877387 0.01384741 0.1923273 -0.980817 0.03175079 0.2218366 -0.9745835 0.03123706 0.2477372 -0.9683966 0.02888387 0.3056924 -0.9515365 0.03362244 0.199742 -0.9790523 0.0394957 0.2107216 -0.9768033 0.03810167 0.2390307 -0.9703928 0.03467291 0.3062458 -0.9496602 0.06602406 0.1970836 -0.9785436 0.06008791 0.1951039 -0.9793356 0.05325615 0.2270483 -0.9727045 0.04790627 0.2197875 -0.968599 0.1162303 0.1671947 -0.9811617 0.09678685 0.1922309 -0.9779692 0.08138543 0.2285273 -0.9710569 0.06945306 0.3593674 -0.9330984 0.01350951 0.2447696 -0.9689049 0.0362097 0.2730138 -0.9593303 0.07175636 0.3459645 -0.930608 0.1194883 0.3254926 -0.9451562 0.02710145 0.289205 -0.9566614 0.03405076 0.2724671 -0.9603604 0.05890423 0.3045142 -0.9473553 0.09893989 0.2975087 -0.9542221 0.03080314 0.3020371 -0.9526227 0.03582984 0.3075387 -0.9501047 0.05216264 0.3096339 -0.9473917 0.08109146 0.272314 -0.9617568 0.0294795 0.2853606 -0.9578159 0.03403115 0.2935807 -0.9547622 0.04732573 0.2900661 -0.9545206 0.06893515 0 -0.5571588 -0.8304061 -0.1666272 -0.9052106 -0.3909337 0.1179797 -0.9537528 -0.2764714 0.2752164 -0.9441624 -0.1811447 0.168401 -0.9051023 -0.3904243 -0.1116473 -0.925355 -0.3622886 0.1027958 -0.9662269 -0.2363018 0.1983963 -0.9672624 -0.1582483 -0.01369833 -0.9649882 -0.2619357 -0.002738893 -0.9677248 -0.2519944 0.07409012 -0.9777185 -0.196411 0.1564669 -0.9789301 -0.1312022 -0.1527761 -0.9703662 -0.1872141 -0.06850385 -0.9824805 -0.1733189 3.99164e-4 -0.9903776 -0.1383914 0.07590752 -0.9921432 -0.09944927 0.1088427 -0.9939619 -0.01388794 0.07109141 -0.9969569 -0.03198522 0.04041892 -0.9986836 -0.03158205 0.01313817 -0.9994845 -0.02929574 -0.04936742 -0.9981902 -0.03434211 0.06334847 -0.9971967 -0.03982257 0.05196893 -0.9979077 -0.03846693 0.02230936 -0.9991338 -0.03512936 -0.05044126 -0.9964473 -0.06744158 0.06583362 -0.9959908 -0.06056618 0.06797623 -0.9962425 -0.053667 0.03476738 -0.9982196 -0.0484665 0.04087072 -0.9922333 -0.1174845 0.09572494 -0.9906502 -0.09720551 0.07045197 -0.9941405 -0.0819832 0.03285056 -0.9969865 -0.07027733 -0.1088428 -0.9939619 -0.01388728 0.01620894 -0.9991945 -0.03671163 -0.01448744 -0.9972265 -0.0730046 -0.09584838 -0.9878136 -0.1226269 -0.07110047 -0.9970833 -0.02774637 -0.03142994 -0.9989032 -0.0347113 -0.01367264 -0.9981096 -0.05992054 -0.04931205 -0.9936597 -0.1010385 -0.0404191 -0.9986884 -0.03142923 -0.04540514 -0.9982987 -0.03658169 -0.05162554 -0.9972437 -0.05329054 -0.05445992 -0.9950717 -0.08286482 -0.01313793 -0.999464 -0.02998667 -0.02725118 -0.9990271 -0.03467524 -0.03632318 -0.9981738 -0.04826766 -0.03285056 -0.9969866 -0.07027655 0 -0.5571709 0.8303979 0.1666417 -0.9052104 0.390928 -0.11799 -0.9537523 0.2764685 -0.2752177 -0.9441617 0.1811459 -0.1684156 -0.905102 0.3904184 0.1116186 -0.9253572 0.3622916 -0.1027662 -0.9662299 0.2363025 -0.1984106 -0.9672598 0.1582462 0.01370769 -0.9649874 0.2619382 0.002797186 -0.9677253 0.2519922 -0.07412451 -0.9777158 0.1964113 -0.1564646 -0.9789305 0.1312023 0.152768 -0.9703673 0.1872144 0.06852537 -0.9824787 0.1733201 -4.08796e-4 -0.9903776 0.1383908 -0.07593244 -0.9921413 0.09944856 -0.1088427 -0.993962 0.01388788 -0.07109123 -0.9969569 0.03198468 -0.04041743 -0.9986836 0.03158313 -0.01313894 -0.9994845 0.02929574 0.0493679 -0.9981901 0.03434199 -0.06334745 -0.9971967 0.03982275 -0.05197268 -0.9979074 0.0384683 -0.02231049 -0.9991338 0.03512769 0.05043762 -0.9964475 0.06744158 -0.06583082 -0.9959911 0.06056541 -0.06798201 -0.9962421 0.05366772 -0.03476577 -0.9982197 0.04846405 -0.04087251 -0.9922335 0.1174837 -0.09572988 -0.9906497 0.09720641 -0.07045108 -0.9941405 0.08198356 -0.03286075 -0.9969862 0.07027739 0.1088421 -0.9939621 0.01388728 -0.01620787 -0.9991945 0.03671282 0.01449197 -0.9972264 0.07300335 0.09584939 -0.9878136 0.122626 0.07110059 -0.9970832 0.02774858 0.03142803 -0.9989032 0.03470999 0.01367104 -0.9981095 0.05992245 0.04932922 -0.9936589 0.1010383 0.04042053 -0.9986883 0.03142917 0.04540413 -0.9982987 0.03658175 0.05162066 -0.997244 0.05329054 0.05445569 -0.9950721 0.08286207 0.01313889 -0.999464 0.02998667 0.02725249 -0.9990271 0.03467524 0.03632402 -0.9981738 0.0482676 0.03286224 -0.9969862 0.07027667 -0.1465215 -0.5437723 -0.8263434 -0.3908796 -0.8385639 -0.3795045 -0.1361995 -0.9514068 -0.2761791 0.02076292 -0.9826448 -0.1843317 -0.07442277 -0.916748 -0.3924721 -0.3452915 -0.8694441 -0.3533283 -0.1540651 -0.9595621 -0.2355942 -0.06154948 -0.9852703 -0.1595439 -0.2641782 -0.929394 -0.2577536 -0.2545931 -0.9346419 -0.2482477 -0.1845076 -0.963266 -0.1951293 -0.1055788 -0.9856638 -0.1316057 -0.3937737 -0.9011192 -0.1814566 -0.3195052 -0.932316 -0.169421 -0.257381 -0.9566504 -0.136291 -0.1864874 -0.9774782 -0.09878653 -0.1555007 -0.9877388 -0.01384747 -0.1923257 -0.9808174 -0.03175026 -0.2218376 -0.9745831 -0.03123915 -0.2477375 -0.9683966 -0.02888387 -0.3056914 -0.9515369 -0.03362315 -0.1997407 -0.9790525 -0.03949558 -0.2107208 -0.9768034 -0.03810155 -0.2390297 -0.970393 -0.03467291 -0.306243 -0.9496611 -0.0660234 -0.1970864 -0.978543 -0.06008791 -0.1951077 -0.9793348 -0.0532571 -0.2270493 -0.9727043 -0.04790633 -0.2197801 -0.9686006 -0.1162312 -0.1671921 -0.9811621 -0.09678709 -0.1922255 -0.9779703 -0.08138519 -0.2285383 -0.9710544 -0.06945264 -0.3593661 -0.9330989 -0.01350957 -0.2447682 -0.9689052 -0.03620976 -0.2730113 -0.959331 -0.07175618 -0.3459693 -0.9306061 -0.1194889 -0.3254913 -0.9451566 -0.02710151 -0.2892045 -0.9566617 -0.03405076 -0.2724721 -0.960359 -0.05890381 -0.3045005 -0.9473597 -0.09894043 -0.2975096 -0.9542219 -0.03080117 -0.30204 -0.9526218 -0.03582859 -0.307541 -0.9501041 -0.05216252 -0.3096337 -0.9473918 -0.08109182 -0.2723153 -0.9617564 -0.0294795 -0.2853595 -0.9578163 -0.03403115 -0.2935827 -0.9547615 -0.04732578 -0.2900543 -0.9545242 -0.06893527 -0.1465136 -0.543785 0.8263363 -0.07618135 -0.9164173 0.3929072 -0.3580363 -0.8940771 0.2691394 -0.4979243 -0.8496593 0.1736391 -0.3925045 -0.8380607 0.378939 -0.1348834 -0.9224405 0.361815 -0.3470623 -0.909128 0.2302911 -0.4343689 -0.8877017 0.1526744 -0.238416 -0.9361184 0.258535 -0.2493926 -0.9360011 0.2484059 -0.3235127 -0.9265573 0.1919143 -0.3991763 -0.9080265 0.1270686 -0.1069101 -0.9763857 0.1877267 -0.1910402 -0.9663848 0.1720584 -0.2581365 -0.9564488 0.1362761 -0.328731 -0.9394188 0.09709948 -0.3593684 -0.933098 0.01350891 -0.325451 -0.9450427 0.03124082 -0.2975097 -0.954217 0.03095144 -0.2723199 -0.9617758 0.02879911 -0.2132424 -0.9764075 0.03400361 -0.3183625 -0.9471695 0.03892976 -0.3080215 -0.9506341 0.03765189 -0.2807828 -0.9591513 0.03449541 -0.21179 -0.9750306 0.06678676 -0.3203614 -0.9454441 0.05919486 -0.3224032 -0.945149 0.0524373 -0.2921454 -0.9551922 0.0475285 -0.2963045 -0.9481257 0.1151585 -0.3465609 -0.9332339 0.09471118 -0.3241505 -0.9426091 0.08009135 -0.2900821 -0.9545157 0.06893622 -0.1555008 -0.9877388 0.01384806 -0.2751165 -0.9607338 0.03607594 -0.245899 -0.9666182 0.07199245 -0.1663536 -0.9784768 0.122105 -0.192351 -0.9809396 0.02754235 -0.2303848 -0.9724951 0.03429591 -0.2468833 -0.9672422 0.0590865 -0.2121358 -0.972105 0.100052 -0.2218391 -0.9745876 0.03108894 -0.2170343 -0.9754924 0.03620314 -0.2108792 -0.9760861 0.05278223 -0.2076342 -0.9747554 0.08209812 -0.2477319 -0.9683774 0.02956604 -0.2343489 -0.9715493 0.03424364 -0.2255784 -0.9730557 0.04771971 -0.2285273 -0.9710569 0.06945377 -0.2834973 -0.5052478 -0.8150791 -0.5776124 -0.7314933 -0.362328 -0.374132 -0.8876934 -0.2683761 -0.2362984 -0.9544854 -0.1819912 -0.3087385 -0.8700338 -0.3843458 -0.5437752 -0.7681576 -0.3379982 -0.3923999 -0.8909795 -0.2284246 -0.3137386 -0.9365954 -0.1560676 -0.484722 -0.8389075 -0.2475457 -0.4773502 -0.845707 -0.238572 -0.4208771 -0.8873021 -0.1885668 -0.3543948 -0.9262779 -0.1281151 -0.5934697 -0.7861592 -0.1724745 -0.5346444 -0.8294383 -0.1618263 -0.4848281 -0.8647761 -0.1307821 -0.4259979 -0.8996827 -0.0953775 -0.4003843 -0.9162492 -0.01340734 -0.4320471 -0.9013307 -0.0306313 -0.45713 -0.8888919 -0.03005445 -0.4788866 -0.877439 -0.0277245 -0.5266357 -0.8494842 -0.03211969 -0.4383174 -0.8980134 -0.03807801 -0.4476658 -0.8934479 -0.03669232 -0.4715595 -0.881205 -0.033306 -0.5267219 -0.8476942 -0.06307655 -0.4357924 -0.89818 -0.05794644 -0.434217 -0.8993426 -0.05136698 -0.4613733 -0.8860095 -0.04606717 -0.4538919 -0.8840047 -0.1118835 -0.4094377 -0.9075223 -0.09361714 -0.431277 -0.8987959 -0.07852464 -0.4623332 -0.8841875 -0.06678634 -0.5700084 -0.8215383 -0.01285547 -0.4763543 -0.8785657 -0.03477025 -0.4993774 -0.8636533 -0.06873971 -0.557669 -0.8222176 -0.1138576 -0.5427523 -0.8394951 -0.02584832 -0.5131645 -0.8576722 -0.03257006 -0.4991163 -0.864696 -0.05642604 -0.5246645 -0.8460425 -0.09454905 -0.5199872 -0.8536666 -0.02944308 -0.5236501 -0.8512453 -0.03423702 -0.5279676 -0.8478016 -0.04982632 -0.5292153 -0.8449448 -0.07745671 -0.4992955 -0.8659717 -0.02823358 -0.5100039 -0.8595557 -0.03256028 -0.5166151 -0.8550209 -0.04525727 -0.5134554 -0.855579 -0.06594222 -0.2835345 -0.5052546 0.8150619 -0.3102952 -0.8693198 0.3847078 -0.5604119 -0.7874048 0.2567729 -0.674094 -0.7201665 0.1641872 -0.5789393 -0.7307269 0.3617563 -0.3659635 -0.8614584 0.3520799 -0.5540047 -0.8029977 0.2197124 -0.6262544 -0.7660665 0.1447335 -0.4631897 -0.8506098 0.2488334 -0.4729982 -0.848077 0.2388268 -0.5369294 -0.8234722 0.1833046 -0.5996509 -0.7911123 0.1206662 -0.3533414 -0.9174621 0.1827926 -0.4275162 -0.888611 0.1661342 -0.4854567 -0.864427 0.1307592 -0.544371 -0.8337157 0.09262013 -0.5700131 -0.8215352 0.01285493 -0.5426906 -0.839404 0.02979862 -0.5199857 -0.8536624 0.02958631 -0.4992991 -0.8659905 0.02758508 -0.4498374 -0.8925101 0.03274261 -0.5368962 -0.8428298 0.03715312 -0.528507 -0.848167 0.03596252 -0.5062427 -0.8617587 0.03302079 -0.4482138 -0.8916093 0.06432116 -0.5382778 -0.8408722 0.05648791 -0.5400253 -0.8401604 0.05003255 -0.5154408 -0.8557189 0.04545336 -0.5175712 -0.8485228 0.1101325 -0.5587548 -0.8244105 0.09022426 -0.5410146 -0.8375344 0.07641607 -0.5134673 -0.8555718 0.06594359 -0.4003843 -0.9162492 0.01340734 -0.501559 -0.8644334 0.0345472 -0.4768425 -0.8762664 0.0691266 -0.4080297 -0.9052936 0.118133 -0.4320973 -0.9014355 0.02657204 -0.4643087 -0.8850596 0.03296959 -0.4778658 -0.8765994 0.05672609 -0.4478517 -0.8888991 0.09637045 -0.457139 -0.8888923 0.02990847 -0.4530217 -0.8908182 0.03484678 -0.4476367 -0.8927695 0.05083525 -0.4444041 -0.8923268 0.0791068 -0.4788752 -0.8774242 0.02838015 -0.4676371 -0.8833078 0.03290772 -0.4601277 -0.8866657 0.04589748 -0.4623226 -0.884193 0.06678783 -0.4034824 -0.4457693 -0.7990568 -0.7209035 -0.6017622 -0.3437739 -0.5732953 -0.7784028 -0.2557769 -0.4654798 -0.8675796 -0.1750262 -0.511264 -0.776243 -0.3688576 -0.6982084 -0.6401438 -0.3205012 -0.5901001 -0.7775372 -0.217297 -0.5304815 -0.8344792 -0.1491107 -0.6604192 -0.7133361 -0.2345168 -0.655334 -0.7207254 -0.2260363 -0.6143599 -0.7684597 -0.1789742 -0.5641582 -0.8166021 -0.1220116 -0.7451146 -0.6467834 -0.1627132 -0.7021343 -0.6954541 -0.1528107 -0.6656827 -0.735919 -0.1236523 -0.6214129 -0.7782497 -0.0904076 -0.6024373 -0.7980649 -0.01272207 -0.6270344 -0.7784511 -0.0290153 -0.6463897 -0.7624775 -0.02843332 -0.6630324 -0.7481321 -0.02620249 -0.6990522 -0.7144284 -0.03030014 -0.6318335 -0.7742651 -0.03605777 -0.6390585 -0.7683736 -0.03473067 -0.6574092 -0.7528758 -0.031488 -0.6987779 -0.7128589 -0.05951219 -0.6296688 -0.7749227 -0.05488342 -0.6285132 -0.7762756 -0.04865521 -0.6495015 -0.7591106 -0.04357677 -0.6425712 -0.7588704 -0.1059157 -0.6085392 -0.788537 -0.08882278 -0.6258512 -0.7763856 -0.07440376 -0.6499708 -0.7573288 -0.06317538 -0.7313649 -0.6818789 -0.01210999 -0.6610562 -0.7496165 -0.03286218 -0.6781246 -0.732074 -0.06492054 -0.7207773 -0.684799 -0.1073799 -0.7111195 -0.7026486 -0.02437359 -0.6889395 -0.7241668 -0.0307396 -0.6781108 -0.7330254 -0.05328762 -0.696671 -0.7118193 -0.08923488 -0.6940891 -0.7193529 -0.02778249 -0.6967998 -0.7165381 -0.03230035 -0.6998797 -0.7127124 -0.04700726 -0.7004142 -0.7099855 -0.07307934 -0.6785143 -0.7341032 -0.02666306 -0.6865639 -0.7264195 -0.03073608 -0.6914272 -0.7211828 -0.04270845 -0.6887766 -0.7222967 -0.06224554 -0.4034656 -0.4457837 0.7990573 -0.5125114 -0.7752771 0.3691581 -0.716523 -0.6539428 0.2428039 -0.8034337 -0.5748849 0.1549248 -0.7219215 -0.6008574 0.3432199 -0.560375 -0.7568579 0.3363718 -0.7139115 -0.6687551 0.2075982 -0.7699661 -0.6233244 0.1364519 -0.6439034 -0.7278165 0.2359486 -0.6520017 -0.723655 0.2263122 -0.7029603 -0.6898328 0.1731403 -0.7514068 -0.6499632 0.1137354 -0.5613294 -0.8090506 0.1742023 -0.6204482 -0.7682533 0.1575792 -0.6661574 -0.7354928 0.1236319 -0.7114041 -0.697332 0.08736348 -0.7313645 -0.6818794 0.01210993 -0.7110495 -0.7025804 0.02809786 -0.6940847 -0.719352 0.02791625 -0.678523 -0.7341173 0.02604776 -0.6407616 -0.7671145 0.03098511 -0.7066738 -0.7066714 0.03503745 -0.7004157 -0.7129285 0.0339238 -0.6837301 -0.7290689 0.03117036 -0.639159 -0.7666608 0.06088626 -0.7075016 -0.7047008 0.05327564 -0.7088796 -0.7037497 0.04718339 -0.6905412 -0.7220199 0.04289668 -0.6909827 -0.7153537 0.1039813 -0.7221356 -0.6865009 0.08507084 -0.7092404 -0.7012726 0.072075 -0.6887871 -0.7222867 0.06224513 -0.6024359 -0.7980659 0.01272201 -0.6801797 -0.7323192 0.03262215 -0.6610195 -0.747518 0.06534671 -0.6068446 -0.7868734 0.112116 -0.6271 -0.7785322 0.02516829 -0.6518664 -0.7576925 0.03118085 -0.6619813 -0.7476001 0.0536195 -0.6382853 -0.7643732 0.09124416 -0.6463913 -0.7624813 0.02829545 -0.6431943 -0.7649928 0.03297334 -0.6388921 -0.7677901 0.04811811 -0.6359898 -0.768054 0.07490146 -0.6630182 -0.7481226 0.02682226 -0.6544187 -0.7554919 0.03112012 -0.6485449 -0.7599373 0.04341471 -0.6499675 -0.7573316 0.06317561 -0.5021349 -0.3706759 -0.7813194 -0.8239668 -0.4627246 -0.3270547 -0.7260642 -0.6437082 -0.2418071 -0.6493583 -0.7422063 -0.1657215 -0.6711908 -0.6532503 -0.3503813 -0.8105454 -0.5004776 -0.3042016 -0.7405748 -0.6398776 -0.2051969 -0.6994898 -0.700637 -0.1407904 -0.7902683 -0.5712801 -0.2216194 -0.7871364 -0.5786339 -0.2135394 -0.7600371 -0.6275632 -0.1688432 -0.7253412 -0.6787042 -0.1150689 -0.8530551 -0.4986016 -0.1539272 -0.823628 -0.5484762 -0.1442604 -0.7988812 -0.5900837 -0.1165768 -0.7679637 -0.6348049 -0.08517503 -0.7551256 -0.6554707 -0.01198178 -0.7728872 -0.633955 -0.02732437 -0.7868148 -0.6166082 -0.02677631 -0.7987332 -0.601179 -0.02468144 -0.8242083 -0.5655663 -0.02856028 -0.7762933 -0.6294566 -0.03395771 -0.7815062 -0.6230395 -0.03270834 -0.7946824 -0.6063007 -0.029657 -0.8236976 -0.564247 -0.056104 -0.7745301 -0.6304215 -0.05169183 -0.773777 -0.6317985 -0.04582357 -0.7889185 -0.6131258 -0.04104089 -0.7828529 -0.6141504 -0.09980344 -0.7586646 -0.6460842 -0.08368563 -0.7714791 -0.6323826 -0.07008808 -0.7890061 -0.6114965 -0.05951029 -0.8468793 -0.5316624 -0.01142829 -0.7972737 -0.602824 -0.03095394 -0.8090373 -0.5845651 -0.06117391 -0.8381125 -0.5359985 -0.1013573 -0.8327137 -0.5532267 -0.02298253 -0.8170835 -0.5757913 -0.02896893 -0.809195 -0.5853909 -0.0502097 -0.8216831 -0.5636993 -0.08414369 -0.8207318 -0.5707135 -0.02618247 -0.8226068 -0.5677952 -0.03044468 -0.8246324 -0.5639309 -0.04431247 -0.8246297 -0.5614606 -0.06890517 -0.8097327 -0.5862612 -0.02511882 -0.8154034 -0.5781684 -0.02896219 -0.8187274 -0.57277 -0.04025018 -0.8166154 -0.5741931 -0.05866605 -0.5021485 -0.3706834 0.7813072 -0.6720761 -0.652184 0.3506705 -0.8291118 -0.5096201 0.2299151 -0.8928256 -0.4256818 0.1471656 -0.8247136 -0.4617577 0.3265385 -0.710616 -0.6271777 0.3188621 -0.8293665 -0.5230719 0.1963345 -0.871059 -0.4738798 0.1292068 -0.7784234 -0.586821 0.2229308 -0.7847487 -0.5817751 0.2137925 -0.8233861 -0.5434085 0.1635315 -0.8591238 -0.500345 0.1075229 -0.7214605 -0.6726512 0.1644235 -0.7653042 -0.626282 0.1485949 -0.7992186 -0.5896313 0.1165539 -0.8320602 -0.5485292 0.08241117 -0.8468817 -0.5316586 0.01142835 -0.8326413 -0.5531787 0.02649354 -0.8207269 -0.5707147 0.02630937 -0.8097431 -0.5862715 0.02453982 -0.7827585 -0.621641 0.02918136 -0.8295238 -0.5574938 0.03303426 -0.8251411 -0.5640211 0.03197789 -0.8133918 -0.5809743 0.02937102 -0.7812903 -0.621528 0.05734676 -0.8299046 -0.5556393 0.05023467 -0.8309466 -0.5545705 0.04449105 -0.8181042 -0.5736475 0.0404253 -0.8173345 -0.567759 0.09805089 -0.8395885 -0.5372582 0.08027917 -0.8308358 -0.5523506 0.06797581 -0.8166199 -0.5741869 0.0586639 -0.7551252 -0.6554712 0.01198178 -0.8108704 -0.5844182 0.03073441 -0.7968738 -0.6010012 0.06156128 -0.756888 -0.6449474 0.1056588 -0.7729586 -0.6340137 0.0237022 -0.7907237 -0.6114685 0.02936744 -0.7977194 -0.6009101 0.05050855 -0.7801179 -0.6196984 0.08596438 -0.7868195 -0.6166078 0.02664744 -0.7844954 -0.6193567 0.03105288 -0.7812601 -0.6225584 0.04531776 -0.7787799 -0.6233168 0.07055586 -0.7987217 -0.6011699 0.02526366 -0.7925466 -0.6091068 0.02930718 -0.78824 -0.614008 0.04089188 -0.7890034 -0.6115 0.05951124 -0.5778992 -0.2850509 -0.7647082 -0.8932392 -0.3217721 -0.3139848 -0.8357606 -0.4990289 -0.2290729 -0.7857701 -0.5984387 -0.1563216 -0.7889744 -0.5165647 -0.3326867 -0.8872057 -0.3579741 -0.2910684 -0.8479009 -0.4932667 -0.1942989 -0.8222078 -0.553462 -0.1328688 -0.8805413 -0.424548 -0.2107272 -0.878955 -0.4315807 -0.2029191 -0.863002 -0.479229 -0.1598973 -0.8410817 -0.5298845 -0.1086457 -0.9252029 -0.3498185 -0.1470596 -0.90661 -0.3990163 -0.1372748 -0.891224 -0.4398745 -0.1105908 -0.8711747 -0.4843174 -0.08056902 -0.8632886 -0.5045838 -0.01131874 -0.8753643 -0.482773 -0.02584326 -0.8848196 -0.4652438 -0.02534866 -0.8928663 -0.4497143 -0.02338653 -0.9098119 -0.4141335 -0.02712786 -0.8776292 -0.4782629 -0.03212255 -0.8811807 -0.4717653 -0.0309534 -0.8901067 -0.4548855 -0.02809393 -0.9091491 -0.4130461 -0.05329972 -0.8762386 -0.4793899 -0.04890167 -0.8757963 -0.4807307 -0.04334616 -0.8861151 -0.4618332 -0.03886193 -0.8809311 -0.4637084 -0.09452563 -0.8648496 -0.4957584 -0.079113 -0.8738666 -0.4816238 -0.06630003 -0.8859341 -0.4603741 -0.05636125 -0.9247527 -0.3804131 -0.01088279 -0.8918384 -0.4514027 -0.02932655 -0.8993422 -0.433377 -0.05803549 -0.9175911 -0.3856317 -0.09651398 -0.9154516 -0.4018346 -0.02184867 -0.9050899 -0.4243305 -0.02749556 -0.8996123 -0.4340841 -0.04762929 -0.9072732 -0.4128721 -0.07994973 -0.9075287 -0.4192537 -0.02486091 -0.9087373 -0.4163659 -0.02891373 -0.9099317 -0.4126163 -0.04209637 -0.9095417 -0.4104228 -0.06547683 -0.9002262 -0.4347702 -0.02382558 -0.9039718 -0.4267081 -0.02748513 -0.9060741 -0.4213903 -0.03821331 -0.904422 -0.4229882 -0.05569589 -0.5779516 -0.2850461 0.7646704 -0.7895702 -0.5154671 0.3329754 -0.9053875 -0.3633792 0.2196115 -0.9501581 -0.2778072 0.141502 -0.8937605 -0.3207867 0.3135096 -0.8192629 -0.4869509 0.3027991 -0.9077411 -0.3754153 0.1872688 -0.9376572 -0.3248112 0.1236801 -0.8725568 -0.4402282 0.2117635 -0.8773456 -0.4347477 0.2031233 -0.9055961 -0.3945309 0.1556957 -0.930926 -0.3504763 0.1026797 -0.8366436 -0.525248 0.1553779 -0.8674278 -0.4772547 0.1407022 -0.8914461 -0.4394288 0.1105726 -0.9141333 -0.3977626 0.07839357 -0.9247533 -0.3804116 0.01088297 -0.9153795 -0.4018035 0.02518689 -0.9075255 -0.4192533 0.02498239 -0.9002347 -0.4347825 0.0232762 -0.882058 -0.4703308 0.02761578 -0.9132744 -0.4061335 0.0313968 -0.9103981 -0.4126167 0.03037673 -0.9026325 -0.4295092 0.02786767 -0.8807421 -0.4704757 0.05427837 -0.9133248 -0.4044227 0.04775226 -0.9140889 -0.4033025 0.04229444 -0.9056519 -0.4222815 0.03837996 -0.9040473 -0.4171601 0.09314459 -0.9191073 -0.386524 0.0764262 -0.913644 -0.4013438 0.06463623 -0.9044231 -0.4229858 0.05569577 -0.8632888 -0.5045834 0.01131898 -0.9009441 -0.4329547 0.02915561 -0.8911918 -0.4498596 0.05834031 -0.8631028 -0.4950478 0.09990656 -0.8754385 -0.4828094 0.02241784 -0.8874388 -0.4600862 0.02780938 -0.8919274 -0.4496384 0.04786425 -0.8794209 -0.4690366 0.08138447 -0.8848223 -0.4652453 0.02522599 -0.8832181 -0.4680407 0.02939224 -0.8808884 -0.4713771 0.04288834 -0.8788214 -0.4724553 0.06677699 -0.8928549 -0.4497077 0.02393996 -0.8886702 -0.4577063 0.02775615 -0.8856579 -0.4627213 0.03871959 -0.8859293 -0.4603831 0.05636227 -0.6309788 -0.1929361 -0.7514262 -0.9347189 -0.1818132 -0.3053597 -0.9097003 -0.3528295 -0.2189903 -0.8809607 -0.4493617 -0.1482649 -0.8704048 -0.3757786 -0.3180972 -0.9346985 -0.2163677 -0.2819997 -0.9197362 -0.3457967 -0.185769 -0.9061339 -0.4036712 -0.1263768 -0.9387721 -0.2785837 -0.2027272 -0.9383952 -0.2852358 -0.1950774 -0.931192 -0.3308594 -0.1530151 -0.9192942 -0.379716 -0.1035081 -0.9686937 -0.2033081 -0.1424725 -0.9588004 -0.251379 -0.1323266 -0.9508212 -0.2909737 -0.1061756 -0.9393394 -0.3342262 -0.077035 -0.9353185 -0.3536422 -0.01080185 -0.9428848 -0.3322015 -0.02470904 -0.9488011 -0.3149402 -0.0242753 -0.953778 -0.2996742 -0.02242732 -0.9639605 -0.2647617 -0.02610445 -0.9442525 -0.3277853 -0.03072625 -0.9464826 -0.3213925 -0.02962464 -0.9520426 -0.304778 -0.02692919 -0.9631944 -0.2638663 -0.05129474 -0.9431655 -0.3290157 -0.04677182 -0.9429694 -0.3302884 -0.04145324 -0.9494622 -0.3116659 -0.03722858 -0.9450484 -0.3141406 -0.09054929 -0.9353815 -0.3454721 -0.07556891 -0.941364 -0.3313817 -0.06340348 -0.9490808 -0.3103702 -0.05400025 -0.9727432 -0.2316469 -0.01050734 -0.9530978 -0.3013533 -0.02812045 -0.9572429 -0.2838642 -0.05574423 -0.9669138 -0.2374903 -0.09314519 -0.9673208 -0.2526803 -0.02104926 -0.9611465 -0.2747706 -0.02643114 -0.9575941 -0.2844662 -0.04574376 -0.9614529 -0.2639834 -0.07694798 -0.9626269 -0.2697737 -0.02391088 -0.9633052 -0.2669631 -0.02781665 -0.9638485 -0.2633528 -0.0405144 -0.9631707 -0.2613988 -0.06303185 -0.9582533 -0.2850039 -0.02288025 -0.9604781 -0.2770994 -0.02641499 -0.9616106 -0.2719463 -0.03674548 -0.9603388 -0.2736459 -0.05354917 -0.6309974 -0.1929387 0.7514101 -0.8707568 -0.3747047 0.3184009 -0.952355 -0.2187332 0.2125455 -0.9815187 -0.1324184 0.1381546 -0.9350525 -0.1808171 0.3049297 -0.8928834 -0.3444435 0.2900311 -0.9563298 -0.2295113 0.1809916 -0.97662 -0.1782761 0.1201292 -0.9338836 -0.294067 0.2034363 -0.9374152 -0.2883455 0.1952174 -0.9572004 -0.2474215 0.1501665 -0.9740962 -0.2030878 0.09945857 -0.9146045 -0.3762412 0.1481258 -0.9348909 -0.3284021 0.1346518 -0.9509582 -0.2905304 0.1061639 -0.9655181 -0.2491288 0.07556122 -0.9727439 -0.231644 0.01050728 -0.9672513 -0.252658 0.02426582 -0.9626241 -0.2697734 0.02402704 -0.9582642 -0.285009 0.02235263 -0.9470643 -0.319954 0.02643454 -0.9659566 -0.2569313 0.03023582 -0.9642738 -0.2632897 0.02923506 -0.9596695 -0.2798528 0.02677643 -0.9458948 -0.3202866 0.05195748 -0.965754 -0.2553505 0.04599434 -0.9662866 -0.2542251 0.04074174 -0.9613614 -0.2728052 0.0369004 -0.9591374 -0.2683743 0.08961445 -0.9684378 -0.2380953 0.07374852 -0.9655919 -0.2524958 0.06227701 -0.9603387 -0.2736462 0.05354905 -0.9353182 -0.3536428 0.0108022 -0.9586387 -0.283245 0.0280047 -0.9522801 -0.3000539 0.05595093 -0.9336983 -0.3451051 0.09544664 -0.942959 -0.3322183 0.0214343 -0.9504018 -0.3098818 0.02664244 -0.9529156 -0.2997412 0.04590362 -0.9444838 -0.3191851 0.07791948 -0.948804 -0.3149404 0.02415794 -0.9477688 -0.3177149 0.02813994 -0.9461598 -0.3210865 0.04105013 -0.9444587 -0.3223556 0.06391131 -0.9537667 -0.2996702 0.02295714 -0.9511617 -0.307545 0.02659916 -0.9491828 -0.3125329 0.03708708 -0.9490806 -0.310371 0.0539993 -0.6622667 -0.09724611 -0.7429307 -0.9525002 -0.04314714 -0.301466 -0.9547665 -0.2083404 -0.2121679 -0.9429185 -0.301114 -0.1422508 -0.9219269 -0.2352765 -0.3077272 -0.957744 -0.07631033 -0.2773144 -0.963029 -0.2003637 -0.1800821 -0.9590489 -0.2557328 -0.121762 -0.9709025 -0.1347807 -0.197946 -0.9715265 -0.1411008 -0.1903336 -0.9714798 -0.1848295 -0.1485428 -0.9676152 -0.2317963 -0.09995681 -0.9883547 -0.05896836 -0.1402781 -0.9858652 -0.1062103 -0.1295734 -0.984044 -0.1447219 -0.1035034 -0.9795545 -0.1867801 -0.07474118 -0.9786236 -0.2053942 -0.01045811 -0.98256 -0.184394 -0.02397704 -0.985597 -0.1674566 -0.02360004 -0.9880688 -0.1524573 -0.02183991 -0.9926693 -0.1181375 -0.02551996 -0.9831986 -0.1800851 -0.02983093 -0.9843595 -0.173805 -0.02877986 -0.9871738 -0.1574833 -0.02620857 -0.9918173 -0.1174023 -0.05015158 -0.9823628 -0.181389 -0.04540276 -0.9823632 -0.1826031 -0.04023408 -0.9857465 -0.1642954 -0.03620624 -0.9819763 -0.1672441 -0.08804482 -0.9775006 -0.1978128 -0.07323068 -0.9810262 -0.1838516 -0.06153351 -0.9852025 -0.1631481 -0.05252432 -0.9962869 -0.08547681 -0.01031047 -0.987671 -0.1541315 -0.02737879 -0.9890618 -0.1371113 -0.05438059 -0.9915722 -0.09187066 -0.09134739 -0.9941287 -0.1062242 -0.02060586 -0.9914393 -0.1279925 -0.02580964 -0.989478 -0.1376308 -0.04462158 -0.9901877 -0.1177632 -0.07523477 -0.9921234 -0.1230673 -0.02336215 -0.9923636 -0.1203132 -0.02718698 -0.9923617 -0.1168301 -0.0396133 -0.9914414 -0.1150823 -0.06164437 -0.9901757 -0.1380367 -0.02231705 -0.9911414 -0.1302833 -0.02578806 -0.9914745 -0.1252601 -0.03589403 -0.990518 -0.1270399 -0.05229854 -0.66229 -0.09724634 0.7429099 -0.9220846 -0.2342298 0.3080526 -0.974969 -0.07606184 0.2089258 -0.9904831 0.01139593 0.1371627 -0.9526664 -0.04213976 0.3010832 -0.9378856 -0.2029855 0.2813674 -0.9803426 -0.08577525 0.1776824 -0.9923645 -0.03377026 0.118627 -0.9685903 -0.1500324 0.1983007 -0.9710626 -0.144163 0.1904067 -0.9837754 -0.1026851 0.1471118 -0.9935029 -0.0579918 0.09792339 -0.9627831 -0.2292721 0.1431189 -0.9745663 -0.1820076 0.1307438 -0.9841101 -0.1442774 0.1034954 -0.9919115 -0.1031283 0.0740019 -0.9962872 -0.085473 0.01031029 -0.9940589 -0.1062207 0.02375495 -0.9921207 -0.1230675 0.02347522 -0.9901865 -0.1380415 0.02180218 -0.9846936 -0.1723915 0.02568501 -0.9934412 -0.1104508 0.02958506 -0.9927554 -0.1167035 0.02858519 -0.990773 -0.1329886 0.02613246 -0.9836519 -0.17286 0.0504828 -0.9930235 -0.1089868 0.04501295 -0.9933674 -0.1078471 0.03987711 -0.9913614 -0.1261093 0.03604227 -0.9886288 -0.1222448 0.08757543 -0.9931088 -0.09222286 0.07231771 -0.992463 -0.1063019 0.06096893 -0.9905181 -0.1270388 0.05229771 -0.9786241 -0.2053914 0.01045805 -0.9902871 -0.1363268 0.02732127 -0.986719 -0.1530271 0.05448359 -0.9758867 -0.1977094 0.09249931 -0.9826307 -0.184403 0.02079868 -0.9863693 -0.1624935 0.02591621 -0.9872705 -0.1526393 0.04470133 -0.982176 -0.1720365 0.07572215 -0.9855996 -0.1674576 0.02348554 -0.9850313 -0.1701922 0.02734935 -0.9840137 -0.1735698 0.03988111 -0.9826086 -0.1750017 0.06208676 -0.9880574 -0.1524562 0.02235579 -0.9867445 -0.1602044 0.02588015 -0.9856084 -0.1651529 0.03606545 -0.9852026 -0.1631473 0.0525251 -0.6725906 0 -0.7400149 -0.9484318 0.09513807 -0.3023674 -0.9757438 -0.06577527 -0.2088006 -0.9780964 -0.155363 -0.1385275 -0.9484417 -0.09616345 -0.3020116 -0.9587702 0.06304252 -0.277102 -0.9824939 -0.05695319 -0.1773757 -0.9867283 -0.1102991 -0.1191696 -0.9804815 0.007582426 -0.1964657 -0.9820201 0.001517593 -0.1887701 -0.9883581 -0.04081201 -0.1465696 -0.9914246 -0.08634442 -0.09809225 -0.9864577 0.08463174 -0.140495 -0.9909238 0.03765368 -0.1290436 -0.9947217 -2.14903e-4 -0.1026098 -0.9964122 -0.04155462 -0.07372879 -0.9981716 -0.05956166 -0.01029503 -0.9989659 -0.03882503 -0.02365881 -0.9994849 -0.02203899 -0.02333295 -0.9997405 -0.007161438 -0.02163124 -0.999315 0.02693653 -0.02537989 -0.9989679 -0.03458321 -0.02945023 -0.9991935 -0.02835416 -0.02843344 -0.9995896 -0.01215654 -0.02594351 -0.9983752 0.02754557 -0.04988157 -0.9983478 -0.03596156 -0.04481565 -0.9985214 -0.03712713 -0.03970849 -0.9991787 -0.01896989 -0.03581029 -0.9959528 -0.02235537 -0.08705312 -0.9960141 -0.05244934 -0.07214587 -0.9974112 -0.03852277 -0.0607208 -0.9984884 -0.01793271 -0.05195647 -0.9981716 0.05956166 -0.01029503 -0.9995933 -0.008842289 -0.0271117 -0.9985119 0.007899582 -0.05396068 -0.99445 0.05257856 -0.09113091 -0.9990352 0.0388258 -0.02052307 -0.9995244 0.01713865 -0.02563852 -0.9989916 0.007458388 -0.04427403 -0.9968323 0.02695709 -0.07482492 -0.9994874 0.02204048 -0.02322041 -0.9993278 0.02476775 -0.02703088 -0.9988262 0.02817326 -0.03940278 -0.9976739 0.02975773 -0.06133002 -0.9997293 0.007161378 -0.02214246 -0.9995616 0.01485866 -0.02560949 -0.9991675 0.01981067 -0.03566706 -0.9984884 0.01793271 -0.05195677 -0.6725971 0 0.740009 -0.9484335 -0.0951417 0.3023607 -0.9757443 0.06577461 0.2087985 -0.9780976 0.1553554 0.1385278 -0.9484432 0.09616661 0.302006 -0.9587686 -0.06304335 0.2771072 -0.9824936 0.05696064 0.1773747 -0.9867284 0.1102989 0.1191687 -0.9804813 -0.007582426 0.1964659 -0.9820197 -0.001525342 0.1887727 -0.9883579 0.04081743 0.14657 -0.9914246 0.08634471 0.09809112 -0.9864574 -0.08462858 0.1404994 -0.9909232 -0.03765285 0.1290482 -0.9947217 2.18629e-4 0.1026099 -0.9964122 0.04155486 0.07372897 -0.9981716 0.05956143 0.01029497 -0.9989659 0.03882491 0.02365875 -0.9994849 0.02203899 0.02333307 -0.9997405 0.007161438 0.02163136 -0.9993149 -0.02693635 0.02537971 -0.9989679 0.03458338 0.02945053 -0.9991934 0.02835792 0.02843332 -0.9995896 0.01215654 0.02594351 -0.9983753 -0.02754569 0.04988175 -0.9983478 0.03596138 0.04481548 -0.9985214 0.0371266 0.0397076 -0.9991787 0.01896727 0.03581106 -0.995953 0.02235257 0.08705168 -0.9960141 0.05244952 0.07214617 -0.9974116 0.03851222 0.06072092 -0.9984884 0.01793259 0.05195635 -0.9981716 -0.05956161 0.01029503 -0.9995934 0.008842289 0.0271117 -0.9985119 -0.007904052 0.05396097 -0.9944501 -0.05257546 0.09113097 -0.9990353 -0.03882575 0.02052301 -0.9995244 -0.01713871 0.02563852 -0.9989916 -0.007456362 0.04427492 -0.9968323 -0.02695775 0.07482486 -0.9994874 -0.0220434 0.02322024 -0.9993277 -0.0247702 0.02703082 -0.9988262 -0.0281732 0.03940284 -0.9976739 -0.02975744 0.06132978 -0.9997293 -0.007161378 0.02214252 -0.9995616 -0.01485854 0.02560937 -0.9991675 -0.01980769 0.03566741 -0.9984884 -0.0179311 0.05195653 -0.6622653 0.09724587 -0.742932 -0.922086 0.2342246 -0.3080524 -0.9749687 0.07606244 -0.2089273 -0.9904832 -0.01139974 -0.1371612 -0.9526682 0.04214429 -0.301077 -0.937888 0.2029809 -0.2813625 -0.9803423 0.08578014 -0.1776816 -0.9923645 0.03377467 -0.1186261 -0.9685906 0.1500313 -0.1983003 -0.9710661 0.1441487 -0.1903995 -0.9837755 0.1026821 -0.1471129 -0.9935028 0.05799245 -0.09792375 -0.9627836 0.2292712 -0.143117 -0.9745689 0.1819982 -0.1307378 -0.9841094 0.1442813 -0.1034973 -0.9919109 0.1031339 -0.07400113 -0.9962869 0.08547699 -0.01031035 -0.9940587 0.1062212 -0.02375495 -0.9921207 0.1230675 -0.02347522 -0.9901865 0.1380414 -0.0218023 -0.9846935 0.1723922 -0.02568489 -0.9934414 0.1104496 -0.02958452 -0.992755 0.1167067 -0.02858519 -0.990773 0.1329894 -0.02613258 -0.9836519 0.17286 -0.0504831 -0.9930235 0.1089867 -0.04501265 -0.9933672 0.1078492 -0.03987759 -0.991362 0.126105 -0.03604203 -0.9886289 0.1222434 -0.08757627 -0.9931088 0.09222334 -0.07231813 -0.9924631 0.1063013 -0.06096851 -0.9905179 0.1270405 -0.05229866 -0.9786236 0.2053939 -0.01045817 -0.9902877 0.1363229 -0.02732098 -0.986719 0.1530269 -0.05448329 -0.9758862 0.1977119 -0.09249985 -0.9826298 0.1844074 -0.0207988 -0.9863683 0.1624988 -0.02591639 -0.9872705 0.1526395 -0.04470115 -0.9821766 0.172033 -0.07572132 -0.9855993 0.1674589 -0.02348566 -0.9850314 0.1701917 -0.02734923 -0.9840134 0.1735714 -0.03988152 -0.9826086 0.1750016 -0.06208652 -0.9880576 0.1524553 -0.02235549 -0.9867447 0.1602042 -0.02587997 -0.9856088 0.1651501 -0.03606492 -0.985203 0.1631447 -0.05252462 -0.66229 0.09724634 0.7429099 -0.9525027 0.04314339 0.3014586 -0.9547678 0.2083371 0.2121657 -0.9429196 0.3011094 0.1422531 -0.9219242 0.2352855 0.3077281 -0.9577417 0.07630974 0.2773225 -0.9630278 0.2003706 0.1800808 -0.9590473 0.2557389 0.1217623 -0.9709023 0.1347807 0.1979469 -0.9715265 0.1410953 0.1903375 -0.9714794 0.1848307 0.1485447 -0.9676156 0.2317951 0.09995609 -0.9883539 0.05897253 0.1402818 -0.9858644 0.1062144 0.129577 -0.9840444 0.1447202 0.1035023 -0.9795529 0.1867883 0.07474201 -0.9786238 0.2053929 0.01045817 -0.98256 0.1843932 0.02397692 -0.985597 0.1674563 0.02359986 -0.9880687 0.1524575 0.02183997 -0.9926689 0.1181409 0.02551996 -0.9831977 0.1800901 0.02983105 -0.9843593 0.1738058 0.02877998 -0.9871737 0.1574843 0.02620899 -0.9918174 0.1174022 0.0501514 -0.9823628 0.1813892 0.04540294 -0.9823634 0.1826021 0.04023373 -0.9857459 0.164299 0.03620624 -0.9819771 0.1672403 0.08804422 -0.9775007 0.1978126 0.07323056 -0.9810261 0.183852 0.06153345 -0.9852016 0.1631538 0.0525245 -0.9962872 0.0854727 0.01031041 -0.9876709 0.154132 0.02737867 -0.9890622 0.1371084 0.05438107 -0.9915729 0.09186619 0.09134513 -0.9941284 0.1062273 0.0206058 -0.9914393 0.1279923 0.02580964 -0.9894777 0.1376332 0.04462176 -0.9901877 0.1177637 0.07523465 -0.9921233 0.1230673 0.02336204 -0.9923636 0.1203141 0.02718687 -0.9923617 0.1168294 0.03961306 -0.9914414 0.1150825 0.06164449 -0.9901755 0.138038 0.02231729 -0.9911414 0.1302833 0.02578806 -0.991474 0.1252638 0.03589439 -0.990518 0.12704 0.052298 -0.630977 0.1929376 -0.7514275 -0.8707614 0.3746961 -0.3183984 -0.9523544 0.2187346 -0.2125472 -0.9815194 0.1324135 -0.1381532 -0.9350512 0.1808217 -0.3049308 -0.8928868 0.3444398 -0.2900252 -0.9563288 0.2295148 -0.1809923 -0.9766192 0.1782792 -0.1201319 -0.9338877 0.2940575 -0.2034307 -0.9374192 0.2883357 -0.1952123 -0.9571998 0.2474251 -0.1501653 -0.9740965 0.2030868 -0.09945738 -0.9146057 0.3762388 -0.1481241 -0.934894 0.3283942 -0.1346496 -0.9509569 0.2905343 -0.1061652 -0.9655178 0.2491305 -0.07556116 -0.9727448 0.2316402 -0.01050728 -0.9672513 0.2526584 -0.02426576 -0.9626238 0.2697744 -0.02402639 -0.9582653 0.2850055 -0.02235251 -0.9470645 0.3199533 -0.02643448 -0.9659561 0.2569334 -0.03023582 -0.9642729 0.263293 -0.029235 -0.9596694 0.2798531 -0.02677643 -0.9458965 0.3202818 -0.05195742 -0.9657537 0.2553511 -0.04599475 -0.9662846 0.2542324 -0.04074215 -0.961362 0.2728032 -0.03690046 -0.9591388 0.2683694 -0.08961462 -0.9684377 0.2380958 -0.07374906 -0.965592 0.2524949 -0.06227725 -0.9603384 0.273647 -0.05354976 -0.935317 0.353646 -0.01080286 -0.9586396 0.2832421 -0.02800458 -0.9522795 0.3000558 -0.05595028 -0.933699 0.3451036 -0.09544503 -0.9429578 0.3322215 -0.02143371 -0.9504019 0.3098813 -0.02664339 -0.952916 0.2997401 -0.04590398 -0.944485 0.3191815 -0.07791918 -0.9488037 0.3149414 -0.02415806 -0.9477674 0.3177188 -0.02814042 -0.94616 0.3210864 -0.04105007 -0.9444575 0.322359 -0.06391173 -0.9537661 0.2996718 -0.02295666 -0.9511615 0.3075458 -0.02659946 -0.9491819 0.3125352 -0.0370869 -0.9490805 0.3103714 -0.05399906 -0.6310122 0.1929343 0.7513989 -0.9347191 0.1818111 0.3053606 -0.9097037 0.352823 0.2189863 -0.8809598 0.4493629 0.1482658 -0.8704031 0.3757846 0.318095 -0.934696 0.2163699 0.2820063 -0.9197351 0.3458011 0.1857661 -0.9061259 0.403688 0.1263802 -0.9387735 0.2785804 0.2027249 -0.9383984 0.2852262 0.1950759 -0.9311921 0.3308595 0.1530145 -0.9192936 0.3797177 0.1035085 -0.968693 0.2033118 0.1424721 -0.9587989 0.2513824 0.1323312 -0.9508227 0.2909702 0.1061724 -0.9393374 0.3342319 0.07703453 -0.9353178 0.353644 0.01080232 -0.9428851 0.3322007 0.02470874 -0.9488006 0.3149415 0.02427548 -0.9537776 0.2996756 0.02242702 -0.9639598 0.2647643 0.02610427 -0.9442512 0.3277888 0.03072726 -0.9464828 0.321392 0.02962434 -0.9520431 0.3047768 0.02692914 -0.9631956 0.2638623 0.05129402 -0.9431656 0.3290156 0.046772 -0.9429694 0.3302885 0.04145264 -0.9494612 0.3116691 0.03722935 -0.9450505 0.3141344 0.09054833 -0.9353802 0.3454754 0.07556939 -0.9413647 0.3313797 0.06340414 -0.9490801 0.3103726 0.05399841 -0.9727437 0.2316451 0.01050716 -0.9530982 0.3013525 0.02812039 -0.9572426 0.2838647 0.05574446 -0.9669137 0.2374911 0.09314513 -0.9673212 0.2526791 0.0210492 -0.9611452 0.2747753 0.02643144 -0.9575934 0.2844688 0.04574435 -0.9614533 0.2639823 0.07694804 -0.9626263 0.2697758 0.02391076 -0.9633051 0.2669636 0.02781647 -0.9638493 0.2633501 0.04051387 -0.9631714 0.2613966 0.06303131 -0.9582529 0.285005 0.02288037 -0.9604786 0.2770982 0.02641505 -0.9616101 0.2719481 0.0367459 -0.9603385 0.2736464 0.05354982 -0.5779002 0.2850509 -0.7647073 -0.7895727 0.5154628 -0.3329764 -0.9053856 0.3633819 -0.2196149 -0.9501595 0.277802 -0.141503 -0.8937585 0.3207875 -0.3135142 -0.8192641 0.4869501 -0.3027972 -0.9077365 0.3754255 -0.1872705 -0.9376537 0.3248202 -0.1236823 -0.8725589 0.440225 -0.2117621 -0.8773584 0.4347235 -0.2031201 -0.905594 0.3945354 -0.1556968 -0.930927 0.3504737 -0.10268 -0.8366478 0.5252422 -0.1553747 -0.8674334 0.4772458 -0.1406974 -0.8914451 0.4394305 -0.1105738 -0.9141329 0.3977635 -0.07839101 -0.9247524 0.380414 -0.01088279 -0.9153802 0.401802 -0.02518779 -0.9075265 0.4192512 -0.02498269 -0.9002354 0.4347811 -0.02327597 -0.8820588 0.4703294 -0.02761644 -0.9132752 0.4061316 -0.03139662 -0.9103973 0.4126186 -0.0303772 -0.902632 0.42951 -0.02786791 -0.8807438 0.4704726 -0.05427831 -0.9133253 0.4044215 -0.04775214 -0.9140864 0.4033081 -0.04229438 -0.9056559 0.4222732 -0.03837823 -0.904047 0.4171609 -0.09314435 -0.9191068 0.3865252 -0.07642686 -0.9136446 0.4013425 -0.06463599 -0.9044225 0.4229871 -0.05569535 -0.8632886 0.5045837 -0.01131922 -0.900943 0.4329569 -0.02915596 -0.8911925 0.4498584 -0.05834031 -0.8631018 0.4950494 -0.09990745 -0.8754364 0.4828134 -0.02241712 -0.8874394 0.4600849 -0.02780878 -0.8919267 0.4496397 -0.04786443 -0.8794211 0.4690365 -0.08138447 -0.8848226 0.4652447 -0.02522677 -0.8832166 0.4680436 -0.02939146 -0.8808848 0.4713839 -0.04288846 -0.8788245 0.4724494 -0.06677699 -0.8928546 0.4497084 -0.02393901 -0.8886694 0.4577076 -0.02775651 -0.88566 0.4627172 -0.03871822 -0.8859316 0.4603791 -0.05635988 -0.5779393 0.285049 0.7646785 -0.8932406 0.3217691 0.3139839 -0.8357625 0.4990263 0.2290717 -0.7857753 0.5984324 0.1563197 -0.7889705 0.5165708 0.3326863 -0.8872034 0.3579755 0.2910734 -0.8479066 0.4932587 0.1942945 -0.8222025 0.5534694 0.132871 -0.8805443 0.4245437 0.210724 -0.8789625 0.4315659 0.2029181 -0.8629931 0.4792441 0.1599005 -0.8410801 0.5298866 0.1086483 -0.9252001 0.349826 0.1470597 -0.9066087 0.3990197 0.1372743 -0.8912255 0.439872 0.1105883 -0.8711675 0.4843302 0.08057039 -0.8632888 0.5045834 0.01131922 -0.8753648 0.4827721 0.02584284 -0.8848195 0.4652439 0.02534902 -0.8928657 0.4497156 0.02338671 -0.9098115 0.4141343 0.02712827 -0.8776268 0.4782671 0.03212338 -0.8811801 0.4717666 0.03095281 -0.890107 0.4548848 0.02809375 -0.9091485 0.4130476 0.05329972 -0.8762372 0.4793925 0.04890167 -0.8757982 0.4807272 0.04334527 -0.8861107 0.4618418 0.038863 -0.8809307 0.463709 0.09452569 -0.8648488 0.4957599 0.07911324 -0.8738661 0.4816249 0.06630021 -0.8859324 0.4603775 0.05636018 -0.9247528 0.3804131 0.01088279 -0.8918397 0.4514001 0.02932739 -0.8993415 0.4333783 0.05803567 -0.9175911 0.3856323 0.09651196 -0.915451 0.4018359 0.02184897 -0.9050889 0.4243326 0.02749544 -0.8996115 0.4340859 0.04762852 -0.9072757 0.412867 0.07994854 -0.9075297 0.4192514 0.02486121 -0.9087362 0.4163685 0.02891463 -0.9099327 0.4126142 0.04209613 -0.9095401 0.4104263 0.06547796 -0.9002252 0.4347724 0.02382546 -0.9039705 0.4267106 0.02748501 -0.906071 0.4213966 0.03821408 -0.9044222 0.4229876 0.05569541 -0.5021386 0.3706799 -0.7813152 -0.6720868 0.6521747 -0.3506672 -0.8291087 0.5096239 -0.2299185 -0.8928276 0.425678 -0.1471636 -0.8247109 0.4617617 -0.3265397 -0.7106234 0.6271724 -0.3188564 -0.8293626 0.5230789 -0.1963317 -0.8710528 0.4738907 -0.1292082 -0.7784336 0.5868096 -0.2229256 -0.7847672 0.5817524 -0.2137866 -0.8233833 0.5434123 -0.1635333 -0.8591215 0.5003486 -0.1075243 -0.7214654 0.6726464 -0.1644218 -0.7653101 0.6262751 -0.1485937 -0.7992112 0.5896407 -0.1165564 -0.8320534 0.5485392 -0.08241337 -0.8468793 0.5316624 -0.01142817 -0.8326408 0.5531796 -0.02649343 -0.820728 0.5707131 -0.02631008 -0.8097441 0.5862699 -0.0245397 -0.7827602 0.621639 -0.0291804 -0.8295248 0.5574921 -0.03303474 -0.825141 0.5640212 -0.03197747 -0.8133931 0.5809726 -0.02937102 -0.7812891 0.6215295 -0.05734682 -0.8299046 0.5556392 -0.05023467 -0.8309437 0.554575 -0.04449057 -0.8181041 0.5736476 -0.04042595 -0.8173369 0.5677559 -0.09805011 -0.8395918 0.5372532 -0.08027935 -0.830839 0.5523459 -0.06797498 -0.8166167 0.5741914 -0.05866658 -0.7551258 0.6554706 -0.0119822 -0.8108724 0.5844154 -0.03073561 -0.7968719 0.6010038 -0.06156069 -0.7568864 0.6449491 -0.105658 -0.7729575 0.634015 -0.02370327 -0.7907231 0.6114692 -0.02936625 -0.7977185 0.600911 -0.05050849 -0.780129 0.6196847 -0.08596354 -0.786818 0.6166098 -0.02664726 -0.7844938 0.6193587 -0.03105235 -0.7812576 0.6225616 -0.04531782 -0.7787799 0.6233168 -0.07055532 -0.7987232 0.6011681 -0.02526295 -0.7925464 0.609107 -0.02930682 -0.7882434 0.6140034 -0.04089146 -0.7890076 0.6114946 -0.05951052 -0.5021433 0.3706889 0.7813078 -0.8239725 0.4627181 0.3270496 -0.7260695 0.6437019 0.2418078 -0.6493622 0.7422025 0.1657239 -0.6711937 0.6532507 0.350375 -0.8105469 0.5004734 0.3042044 -0.7405786 0.6398748 0.205192 -0.6994774 0.7006494 0.1407898 -0.7902778 0.5712677 0.2216175 -0.7871543 0.5786132 0.2135304 -0.7600232 0.6275792 0.168847 -0.7253439 0.6787014 0.115068 -0.8530492 0.4986103 0.1539312 -0.8236356 0.5484648 0.1442593 -0.798878 0.5900881 0.116576 -0.7679589 0.6348106 0.0851742 -0.7551252 0.6554712 0.0119822 -0.7728875 0.6339545 0.02732479 -0.7868151 0.6166077 0.02677655 -0.7987332 0.601179 0.02468049 -0.8242103 0.5655633 0.02856057 -0.7762886 0.6294623 0.03395777 -0.7815088 0.6230364 0.03270798 -0.7946826 0.6063004 0.029657 -0.8236978 0.5642468 0.05610358 -0.7745308 0.6304205 0.05169266 -0.77378 0.6317949 0.04582434 -0.7889151 0.6131302 0.04104208 -0.7828586 0.6141434 0.09980225 -0.7586618 0.6460877 0.0836848 -0.7714775 0.6323846 0.07008653 -0.7890122 0.6114888 0.05950993 -0.8468823 0.5316577 0.01142805 -0.7972751 0.6028221 0.03095304 -0.80904 0.5845614 0.06117469 -0.8381132 0.5359973 0.1013576 -0.8327178 0.5532208 0.02298182 -0.8170844 0.5757898 0.02896749 -0.8091958 0.5853899 0.05020898 -0.8216857 0.5636956 0.08414304 -0.8207317 0.5707137 0.02618306 -0.8226035 0.5677998 0.03044539 -0.8246307 0.5639332 0.04431229 -0.8246338 0.5614545 0.06890493 -0.809731 0.5862635 0.02511918 -0.815404 0.5781675 0.02896159 -0.8187223 0.5727771 0.04025107 -0.8166158 0.5741924 0.05866688 -0.4034852 0.4457689 -0.7990555 -0.5124951 0.7752838 -0.3691663 -0.7165242 0.6539417 -0.2428032 -0.8034371 0.5748798 -0.1549261 -0.7219168 0.6008622 -0.3432213 -0.5603855 0.7568537 -0.3363637 -0.7139162 0.6687515 -0.2075937 -0.7699596 0.6233319 -0.1364539 -0.6439247 0.7277995 -0.2359426 -0.6520259 0.7236341 -0.2263094 -0.7029562 0.6898369 -0.173141 -0.7514118 0.6499575 -0.1137351 -0.5613391 0.8090444 -0.1742002 -0.6204608 0.7682437 -0.1575754 -0.6661523 0.7354972 -0.1236326 -0.7114038 0.6973323 -0.08736324 -0.7313636 0.6818804 -0.01211124 -0.7110492 0.7025807 -0.02809774 -0.6940861 0.7193505 -0.0279172 -0.6785241 0.7341162 -0.026048 -0.6407624 0.7671138 -0.03098541 -0.7066758 0.7066695 -0.03503841 -0.7004156 0.7129287 -0.03392362 -0.6837274 0.7290716 -0.03117161 -0.6391649 0.7666559 -0.06088554 -0.7074992 0.7047033 -0.053276 -0.7088732 0.703756 -0.04718381 -0.6905443 0.722017 -0.04289567 -0.690987 0.7153496 -0.1039808 -0.7221324 0.6865042 -0.08506965 -0.7092425 0.7012707 -0.07207411 -0.6887765 0.7222966 -0.06224584 -0.6024392 0.7980634 -0.01272249 -0.680181 0.732318 -0.03262233 -0.6610176 0.7475197 -0.06534582 -0.6068484 0.7868705 -0.112115 -0.6271016 0.7785308 -0.02517068 -0.6518663 0.7576926 -0.03118097 -0.6619784 0.7476027 -0.05361777 -0.6383017 0.7643596 -0.0912435 -0.6463915 0.7624813 -0.02829551 -0.6431961 0.7649914 -0.0329734 -0.6388918 0.7677904 -0.04811698 -0.6359894 0.7680543 -0.07490056 -0.6630238 0.7481178 -0.02682131 -0.6544197 0.7554911 -0.03111726 -0.6485537 0.7599298 -0.04341655 -0.6499685 0.7573306 -0.06317752 -0.4034662 0.4457845 0.7990565 -0.720911 0.6017564 0.3437684 -0.5732879 0.7784085 0.2557756 -0.4654839 0.8675774 0.1750267 -0.5112556 0.7762498 0.3688552 -0.6982015 0.6401487 0.3205065 -0.5901111 0.7775295 0.2172942 -0.530479 0.834481 0.1491099 -0.66043 0.713328 0.2345111 -0.6553598 0.7207039 0.2260296 -0.6143386 0.768476 0.1789771 -0.5641563 0.8166031 0.1220129 -0.7451078 0.6467912 0.1627135 -0.7021359 0.6954528 0.1528097 -0.6656849 0.7359167 0.1236535 -0.621399 0.7782607 0.09040784 -0.6024374 0.7980648 0.01272249 -0.6270329 0.7784523 0.02901625 -0.6463866 0.7624803 0.02843344 -0.6630333 0.7481313 0.02620321 -0.6990531 0.7144275 0.03030097 -0.6318308 0.7742673 0.03605777 -0.6390581 0.7683741 0.03473091 -0.6574099 0.7528752 0.03148788 -0.6987801 0.7128568 0.05951184 -0.6296645 0.7749261 0.05488467 -0.6285149 0.7762743 0.04865574 -0.6494979 0.7591138 0.04357689 -0.6425782 0.7588647 0.105913 -0.6085355 0.7885398 0.08882313 -0.6258484 0.7763877 0.07440429 -0.6499674 0.7573316 0.06317752 -0.7313634 0.6818804 0.01211118 -0.6610521 0.7496201 0.032862 -0.6781283 0.7320707 0.06491994 -0.7207759 0.6848007 0.1073793 -0.7111221 0.702646 0.02437335 -0.6889418 0.7241646 0.03073984 -0.6781095 0.7330266 0.05328786 -0.6966787 0.7118119 0.08923429 -0.6940858 0.7193561 0.02778279 -0.6967988 0.7165391 0.03230172 -0.6998756 0.7127164 0.0470072 -0.700418 0.7099817 0.07307958 -0.6785094 0.7341078 0.026663 -0.6865633 0.7264201 0.03073537 -0.6914249 0.7211849 0.04270875 -0.6887851 0.7222884 0.06224584 -0.2834941 0.5052479 -0.8150802 -0.3102945 0.8693189 -0.3847106 -0.5604157 0.7874029 -0.2567703 -0.6740928 0.7201677 -0.1641875 -0.5789214 0.7307373 -0.361764 -0.3659362 0.8614701 -0.3520796 -0.5540122 0.8029936 -0.2197085 -0.6262536 0.7660672 -0.1447331 -0.4632019 0.8506042 -0.2488301 -0.4730358 0.8480579 -0.2388201 -0.5369158 0.8234809 -0.1833053 -0.5996465 0.7911158 -0.1206654 -0.3533497 0.9174591 -0.1827914 -0.4275256 0.8886069 -0.166132 -0.4854449 0.8644332 -0.1307623 -0.5443603 0.8337224 -0.09262186 -0.5700107 0.8215367 -0.01285332 -0.5426933 0.8394023 -0.02979809 -0.519986 0.8536623 -0.02958691 -0.4993014 0.8659893 -0.02758455 -0.4498406 0.8925086 -0.03274101 -0.5368942 0.8428311 -0.03715318 -0.5285038 0.848169 -0.03596162 -0.5062425 0.8617589 -0.03301972 -0.448216 0.8916082 -0.06432121 -0.5382778 0.8408724 -0.05648738 -0.5400174 0.8401654 -0.05003196 -0.5154486 0.8557142 -0.04545223 -0.5175799 0.8485174 -0.1101334 -0.558755 0.8244104 -0.09022414 -0.5410193 0.8375314 -0.07641643 -0.5134508 0.8555816 -0.06594264 -0.4003884 0.9162476 -0.01340717 -0.5015571 0.8644345 -0.03454935 -0.47684 0.8762677 -0.06912583 -0.4080297 0.9052932 -0.1181364 -0.4320973 0.9014354 -0.0265721 -0.4643069 0.8850606 -0.0329706 -0.4778625 0.8766012 -0.05672568 -0.4478623 0.8888938 -0.09637057 -0.4571341 0.8888949 -0.02990949 -0.4530242 0.8908171 -0.03484606 -0.447635 0.8927704 -0.05083471 -0.4444076 0.8923252 -0.07910555 -0.4788783 0.8774225 -0.02838009 -0.4676369 0.8833079 -0.03290838 -0.4601333 0.8866628 -0.04589712 -0.4623309 0.8841887 -0.06678813 -0.2834858 0.5052611 0.8150749 -0.5776101 0.7314932 0.3623319 -0.3741286 0.8876948 0.2683762 -0.2362813 0.9544891 0.181994 -0.3087419 0.8700324 0.3843465 -0.5437588 0.7681658 0.3380056 -0.3924025 0.8909792 0.2284213 -0.3137346 0.9365971 0.1560665 -0.4847369 0.8388993 0.2475445 -0.4773854 0.8456878 0.2385696 -0.4208637 0.8873089 0.1885651 -0.3543992 0.9262764 0.1281147 -0.5934577 0.7861679 0.172476 -0.534648 0.8294357 0.1618273 -0.4848293 0.8647755 0.1307818 -0.4259752 0.8996934 0.09537863 -0.4003889 0.9162473 0.01340717 -0.4320473 0.9013306 0.03063124 -0.4571317 0.8888911 0.03005456 -0.4788861 0.8774391 0.02772605 -0.5266361 0.8494839 0.03211963 -0.4383219 0.8980112 0.03807771 -0.4476653 0.893448 0.0366941 -0.4715559 0.881207 0.03330707 -0.5267211 0.8476948 0.06307637 -0.4358006 0.898176 0.05794608 -0.4342151 0.8993435 0.05136764 -0.4613668 0.8860126 0.04606914 -0.4539061 0.8839974 0.1118839 -0.4094281 0.9075263 0.09362 -0.4312876 0.8987906 0.07852715 -0.4623288 0.8841897 0.06678837 -0.5700125 0.8215355 0.01285368 -0.476354 0.878566 0.03476762 -0.4993737 0.8636555 0.06873941 -0.5576676 0.8222188 0.1138567 -0.5427548 0.8394933 0.02584946 -0.5131714 0.857668 0.03257024 -0.4991162 0.8646959 0.05642634 -0.5246794 0.8460331 0.09455049 -0.519991 0.8536641 0.02944391 -0.5236501 0.8512452 0.03423798 -0.5279627 0.8478046 0.04982745 -0.5292105 0.8449481 0.07745486 -0.4992882 0.8659759 0.02823609 -0.5100045 0.8595553 0.03256207 -0.5166211 0.8550173 0.04525589 -0.513457 0.855578 0.06594228 -0.1465257 0.5437755 -0.8263404 -0.07618182 0.9164173 -0.3929067 -0.3580139 0.8940849 -0.2691441 -0.4979171 0.8496634 -0.17364 -0.3924785 0.8380701 -0.378945 -0.1348711 0.922442 -0.3618158 -0.3470921 0.9091172 -0.230289 -0.4343657 0.8877032 -0.1526741 -0.2384595 0.9361074 -0.2585346 -0.2494449 0.9359883 -0.2484018 -0.3234944 0.9265626 -0.1919198 -0.3991699 0.9080294 -0.1270673 -0.1068986 0.9763871 -0.1877262 -0.1910524 0.9663825 -0.1720575 -0.2581213 0.9564526 -0.1362782 -0.328718 0.9394234 -0.097099 -0.3593713 0.933097 -0.01350843 -0.3254498 0.9450432 -0.03124028 -0.2975081 0.9542174 -0.03095161 -0.2723216 0.9617753 -0.0287978 -0.213243 0.9764074 -0.03400391 -0.3183636 0.9471691 -0.0389291 -0.3080189 0.950635 -0.03765076 -0.2807862 0.9591502 -0.03449577 -0.211794 0.9750296 -0.06678736 -0.3203539 0.9454469 -0.05919313 -0.3223935 0.9451522 -0.05243819 -0.2921502 0.9551908 -0.04752659 -0.2963148 0.9481226 -0.1151574 -0.3465574 0.9332354 -0.09470933 -0.3241605 0.9426057 -0.08009111 -0.290063 0.9545215 -0.06893509 -0.1555035 0.9877384 -0.01384729 -0.2751199 0.9607329 -0.03607684 -0.2458958 0.966619 -0.071994 -0.1663559 0.9784762 -0.1221076 -0.1923474 0.9809404 -0.02754318 -0.2303847 0.9724951 -0.03429532 -0.2468838 0.967242 -0.05908763 -0.2121552 0.9721007 -0.1000534 -0.2218434 0.9745867 -0.03108769 -0.2170279 0.9754939 -0.03620243 -0.2108736 0.9760873 -0.05278187 -0.2076279 0.9747565 -0.0821008 -0.24773 0.9683779 -0.02956622 -0.2343502 0.971549 -0.03424286 -0.225582 0.9730548 -0.04772055 -0.2285466 0.9710524 -0.06945329 -0.1465145 0.5437884 0.8263339 -0.3908901 0.8385609 0.3795006 -0.1361873 0.9514077 0.2761816 0.02076429 0.9826447 0.184332 -0.0743997 0.9167504 0.392471 -0.3452905 0.8694422 0.3533337 -0.154097 0.9595583 0.235589 -0.06151318 0.9852723 0.1595454 -0.2641837 0.9293926 0.2577528 -0.2546387 0.9346292 0.2482486 -0.1844546 0.963276 0.1951306 -0.1055678 0.9856649 0.1316063 -0.3937736 0.9011197 0.1814545 -0.3194966 0.9323179 0.1694269 -0.2573724 0.9566527 0.1362904 -0.1864765 0.9774803 0.098787 -0.1555047 0.9877381 0.01384723 -0.1923251 0.9808176 0.03175079 -0.2218426 0.974582 0.03123867 -0.2477354 0.9683971 0.02888435 -0.3056877 0.951538 0.0336225 -0.1997446 0.9790517 0.03949594 -0.2107195 0.9768038 0.03810083 -0.2390282 0.9703935 0.03467226 -0.3062457 0.9496602 0.0660234 -0.1970897 0.9785425 0.0600869 -0.195104 0.9793357 0.05325537 -0.2270519 0.9727037 0.04790508 -0.2197735 0.9686022 0.1162306 -0.1671948 0.9811616 0.09678733 -0.1922219 0.977971 0.08138501 -0.2285386 0.9710543 0.06945359 -0.3593722 0.9330967 0.01350837 -0.2447648 0.9689061 0.03621095 -0.273011 0.959331 0.07175725 -0.3459708 0.9306054 0.1194893 -0.3254887 0.9451575 0.02710032 -0.2892093 0.9566602 0.03404986 -0.272467 0.9603605 0.05890351 -0.3045104 0.9473567 0.09893894 -0.2975125 0.954221 0.03080177 -0.3020325 0.9526242 0.0358293 -0.3075382 0.9501048 0.0521636 -0.3096254 0.9473946 0.0810908 -0.2723137 0.961757 0.02947783 -0.2853583 0.9578167 0.03402996 -0.2935736 0.9547643 0.04732573 -0.2900606 0.9545223 0.06893599 -0.1322343 -0.9911018 0.0152108 -0.1321048 -0.9901303 0.04680019 -0.1318098 -0.9878546 0.08227694 0.1311777 0.9833517 -0.1257457 0.1299629 0.9741163 -0.184952 0.1270483 0.9522589 -0.2776002 0.1178517 0.8833149 -0.4537245 0.07110631 0.5329532 -0.8431518 -0.1322349 -0.9911018 -0.01521062 -0.1321058 -0.9901303 -0.04680025 -0.1318036 -0.9878556 -0.08227539 -0.1312032 -0.9833481 -0.1257472 0.1299985 0.9741111 0.1849538 0.1270399 0.9522596 0.2776017 0.1178476 0.8833146 0.4537261 0.07110822 0.5329628 0.8431455 -0.1088473 0.9940585 0 -0.07113325 0.9974669 0 -0.04043906 0.999182 0 -0.01314139 0.9999137 0 0.01314139 0.9999137 0 0.04043906 0.999182 0 0.07113325 0.9974669 0 0.1088473 0.9940586 0 0.3594041 0.9331821 0 0.3256085 0.9455048 0 0.2976505 0.954675 0 0.2724345 0.9621744 0 0.2478384 0.9688014 0 0.2219505 0.975058 0 0.1924204 0.9813126 0 0.1555184 0.987833 0 -0.3800427 -0.9248512 0.01476049 -0.379692 -0.9239973 0.04542052 -0.3788722 -0.921997 0.07985919 -0.3772407 -0.9180329 0.1220866 0.3739171 0.9098937 -0.1796655 0.3659707 0.8905978 -0.2700018 0.3407607 0.8292488 -0.4429772 0.2087288 0.5079496 -0.8357149 -0.3800455 -0.9248501 -0.0147615 -0.3796956 -0.9239958 -0.04541951 -0.3788669 -0.9219992 -0.07986015 0.377245 0.9180313 0.1220855 0.373905 0.9098986 0.179665 0.3659796 0.8905947 0.2700003 0.340767 0.8292462 0.442977 0.208728 0.5079632 0.835707 0.5700562 0.8216057 0 0.5429341 0.8397755 0 0.5202133 0.8540365 0 0.4994918 0.8663187 0 0.4790715 0.8777759 0 0.4573388 0.8892926 0 0.4322493 0.9017542 0 0.4004241 0.9163299 0 -0.5864163 -0.8098886 0.01402574 -0.5859279 -0.809213 0.04316169 -0.5847832 -0.8076305 0.07590442 0.582493 0.8045036 -0.1160863 0.5778371 0.7980412 -0.1709812 0.5667026 0.7826629 -0.2574627 0.5308781 0.7331873 -0.4249765 0.3335897 0.4607129 -0.8224728 -0.5864166 -0.8098883 -0.01402556 -0.5859285 -0.8092125 -0.04316169 -0.58478 -0.8076329 -0.0759043 -0.5825111 -0.8044903 -0.1160874 0.5778408 0.7980384 0.1709823 0.5667096 0.7826584 0.2574612 0.5308842 0.7331833 0.4249756 0.3336002 0.460721 0.822464 0.7314191 0.6819283 0 0.7113307 0.7028576 0 0.6943565 0.7196313 0 0.6787552 0.7343646 0 0.663262 0.7483873 0 0.6466491 0.7627877 0 0.627299 0.7787787 0 0.6024877 0.7981282 0 -0.743413 -0.6687023 0.01321166 -0.7428618 -0.6682088 0.04066205 -0.7415739 -0.6670475 0.0715245 -0.7390102 -0.6647461 0.1094374 0.7337266 0.6600133 -0.1613311 0.7211116 0.6486415 -0.2434384 0.679952 0.6116178 -0.4044614 0.4399889 0.395772 -0.8060859 -0.743413 -0.6687021 -0.01321202 -0.7428625 -0.668208 -0.04066234 -0.7415692 -0.6670527 -0.07152509 0.7389662 0.6647943 0.1094419 0.733738 0.660001 0.1613299 0.7211173 0.648636 0.243436 0.6799525 0.6116185 0.4044595 0.4399875 0.3957816 0.806082 0.8469347 0.5316969 0 0.832934 0.5533724 0 0.8210137 0.5709086 0 0.8099878 0.5864468 0 0.7989779 0.6013604 0 0.7870986 0.6168272 0 0.7731744 0.6341935 0 0.7551773 0.6555207 0 -0.8552197 -0.5181156 0.01247358 -0.8546557 -0.5177739 0.03839278 -0.8533358 -0.5169679 0.06754493 0.8507193 0.515352 -0.1033883 0.8452799 0.5120913 -0.1525265 0.8322399 0.5041947 -0.2305743 0.7892538 0.4781533 -0.3852894 0.5250344 0.3180806 -0.7894072 -0.8552196 -0.5181158 -0.01247334 -0.8546564 -0.5177729 -0.03839206 -0.8533322 -0.5169737 -0.06754505 -0.8507043 -0.5153771 -0.1033862 0.8452847 0.5120849 0.1525223 0.8322426 0.5041916 0.2305713 0.7892509 0.4781548 0.3852936 0.5250455 0.3180872 0.7893972 0.9248086 0.3804327 0 0.9156702 0.4019305 0 0.9078096 0.4193825 0 0.9004805 0.4348965 0 0.8931097 0.4498389 0 0.8851045 0.4653924 0 0.875656 0.4829356 0 0.8633438 0.5046161 0 -0.9301398 -0.3670133 0.011891 -0.929582 -0.3667938 0.03660136 -0.9282752 -0.3662752 0.06440252 -0.9256725 -0.36525 0.09860545 0.9202987 0.3631309 -0.1455554 0.9073451 0.3580174 -0.2203372 0.8642625 0.3410193 -0.3698055 0.587989 0.2320061 -0.774882 -0.9301406 -0.3670113 -0.01189124 -0.9295832 -0.3667908 -0.0366013 -0.9282723 -0.3662825 -0.06440341 0.9256675 0.3652611 0.09861022 0.9202988 0.36313 0.1455566 0.9073469 0.3580136 0.2203359 0.8642596 0.3410239 0.3698081 0.5880137 0.2320084 0.7748627 0.9727986 0.2316526 0 0.9675354 0.2527356 0 0.9629018 0.2698522 0 0.9585048 0.2850767 0 0.9540174 0.2997515 0 0.9490793 0.3150373 0 0.943175 0.3322967 0 0.9353715 0.3536666 0 -0.9757683 -0.2185044 0.01149666 -0.9752215 -0.2183827 0.03538781 -0.973939 -0.2180939 0.06227421 0.9713844 0.2175302 -0.09535753 0.9661084 0.2163414 -0.1408224 0.9533624 0.2134879 -0.2133619 0.910729 0.2039408 -0.3591389 0.6292841 0.1409164 -0.7642933 -0.9757682 -0.2185045 -0.01149588 -0.9752214 -0.2183826 -0.0353887 -0.9739384 -0.2180963 -0.0622738 -0.9713851 -0.2175253 -0.09536153 0.9661099 0.2163344 0.1408239 0.9533615 0.2134894 0.2133638 0.9107246 0.2039468 0.3591468 0.6292908 0.1409192 0.7642871 0.99634 0.08547937 0 0.9943394 0.1062508 0 0.9923942 0.1231008 0 0.9904223 0.1380716 0 0.9883047 0.1524923 0 0.9858717 0.1675025 0 0.9828431 0.1844438 0 0.9786778 0.2054015 0 -0.9973036 -0.0725122 0.01129853 -0.9967638 -0.0724737 0.03477966 -0.9954974 -0.07237917 0.06120562 -0.9929756 -0.07220077 0.09373652 0.9877622 0.07181864 -0.1384479 0.9751588 0.07089734 -0.2098547 0.9328823 0.06782591 -0.3537378 0.6496776 0.04723614 -0.758741 -0.9973036 -0.07251155 -0.01129895 -0.996764 -0.0724712 -0.03477895 -0.995497 -0.07238417 -0.06120675 0.9929752 0.07220494 0.0937376 0.9877635 0.07181209 0.1384425 0.9751597 0.07089769 0.2098503 0.9328813 0.06782633 0.3537402 0.6497187 0.04723507 0.7587059 0.9982244 -0.05956554 0 0.9992457 -0.03883373 0 0.9997571 -0.02204638 0 0.9999744 -0.007161796 0 0.9999744 0.007161796 0 0.9997568 0.0220524 0 0.9992457 0.03883373 0 0.9982246 0.0595631 0 -0.9973036 0.07251185 0.01129907 -0.9967639 0.07247161 0.03477913 -0.995497 0.07238417 0.06120687 0.9929754 -0.07220602 -0.09373557 0.987763 -0.07181519 -0.138445 0.9751589 -0.07089889 -0.209854 0.9328827 -0.06782567 -0.3537368 0.6496813 -0.04723519 -0.7587379 -0.9973036 0.07251209 -0.01129853 -0.9967637 0.07247406 -0.03477984 -0.9954975 0.07237964 -0.06120586 -0.9929757 0.07219856 -0.0937367 0.9877601 -0.0718407 0.1384518 0.9751576 -0.07089912 0.2098593 0.9328826 -0.06782591 0.353737 0.6496827 -0.04723733 0.7587366 0.9786773 -0.2054041 0 0.9828423 -0.184448 0 0.9858717 -0.1675025 0 0.9883044 -0.1524944 0 0.9904224 -0.1380714 0 0.9923942 -0.1231008 0 0.9943397 -0.1062489 0 0.99634 -0.08547919 0 -0.9757684 0.2185036 0.01149588 -0.9752216 0.2183816 0.03538864 -0.9739382 0.2180973 0.06227332 -0.9713853 0.2175244 0.09536218 0.9661049 -0.2163571 -0.1408228 0.953362 -0.2134879 -0.2133635 0.9107297 -0.2039414 -0.3591371 0.6292846 -0.1409161 -0.7642928 -0.9757686 0.2185029 -0.01149636 -0.9752215 0.2183822 -0.03538727 -0.9739388 0.2180945 -0.06227439 0.9713816 -0.2175439 0.09535455 0.9661078 -0.2163441 0.1408224 0.9533644 -0.2134831 0.2133571 0.9107257 -0.2039448 0.3591451 0.6293153 -0.1409164 0.7642675 0.935374 -0.3536604 0 0.9431738 -0.3322998 0 0.9490808 -0.3150327 0 0.9540179 -0.29975 0 0.9585046 -0.2850773 0 0.9629017 -0.2698527 0 0.9675354 -0.2527356 0 0.9727983 -0.2316539 0 -0.9301399 0.367013 0.01189029 -0.9295825 0.3667925 0.03660166 -0.9282731 0.3662807 0.06440287 0.9256787 -0.3652336 -0.09860777 0.920299 -0.3631302 -0.1455557 0.9073454 -0.3580167 -0.2203369 0.8642633 -0.3410199 -0.3698032 0.5879872 -0.2320066 -0.7748833 -0.9301401 0.3670125 -0.01189023 -0.9295824 0.3667928 -0.03660005 -0.9282749 0.3662762 -0.06440287 -0.9256728 0.3652491 -0.09860545 0.9202997 -0.363128 0.1455561 0.9073466 -0.3580144 0.2203357 0.8642568 -0.3410264 0.3698123 0.5880013 -0.2320106 0.7748713 0.8633428 -0.5046182 0 0.8756564 -0.4829345 0 0.8851038 -0.4653936 0 0.8931112 -0.4498361 0 0.9004805 -0.4348965 0 0.9078087 -0.4193847 0 0.915669 -0.4019333 0 0.9248081 -0.3804341 0 -0.8552196 0.5181159 0.01247352 -0.8546567 0.5177722 0.03839206 -0.8533331 0.5169723 0.06754451 -0.8507039 0.5153777 0.1033867 0.8452656 -0.5121155 -0.1525248 0.8322413 -0.5041937 -0.2305717 0.7892543 -0.4781511 -0.385291 0.5250356 -0.3180805 -0.7894064 -0.8552204 0.5181146 -0.01247376 -0.8546571 0.5177716 -0.03839302 -0.853334 0.516971 -0.06754416 0.8507115 -0.5153654 0.1033858 0.8452802 -0.5120905 0.1525276 0.832244 -0.5041893 0.2305714 0.7892512 -0.4781553 0.3852924 0.5250237 -0.3180899 0.7894107 0.7551787 -0.6555191 0 0.7731754 -0.6341924 0 0.7870967 -0.6168297 0 0.7989772 -0.6013614 0 0.8099879 -0.5864468 0 0.8210113 -0.5709121 0 0.8329325 -0.5533745 0 0.8469361 -0.5316949 0 -0.7434135 0.6687017 0.01321274 -0.7428624 0.6682081 0.04066288 -0.741572 0.6670498 0.07152432 0.7390119 -0.6647444 -0.1094369 0.7337388 -0.6600002 -0.1613297 0.7211116 -0.6486425 -0.2434358 0.6799525 -0.6116192 -0.4044585 0.439988 -0.3957705 -0.806087 -0.7434121 0.6687033 -0.01321202 -0.742858 0.6682131 -0.04066097 -0.7415735 0.6670479 -0.07152521 -0.7390144 0.6647418 -0.1094357 0.7337411 -0.6599954 0.1613384 0.7211037 -0.6486489 0.2434425 0.6799435 -0.6116244 0.4044657 0.4399867 -0.3957816 0.8060823 0.6024859 -0.7981296 0 0.627299 -0.7787787 0 0.646651 -0.7627861 0 0.6632607 -0.7483885 0 0.6787553 -0.7343646 0 0.6943576 -0.7196301 0 0.7113295 -0.7028588 0 0.7314175 -0.6819301 0 -0.586416 0.8098887 0.01402634 -0.5859289 0.8092124 0.04316115 -0.5847834 0.8076303 0.07590514 -0.5825064 0.8044935 0.1160886 0.5778395 -0.7980398 -0.1709794 0.5667046 -0.782661 -0.2574645 0.5308787 -0.7331844 -0.4249804 0.3335891 -0.4607124 -0.8224734 -0.5864178 0.8098873 -0.01402688 -0.5859256 0.8092147 -0.04316306 -0.5847796 0.8076333 -0.07590365 0.5824635 -0.8045238 0.1160941 0.5778464 -0.798035 0.1709787 0.5666989 -0.7826652 0.2574639 0.5308809 -0.733186 0.4249751 0.3335863 -0.4607235 0.8224684 0.4004206 -0.9163315 0 0.4322502 -0.9017537 0 0.4573374 -0.8892933 0 0.47907 -0.8777768 0 0.4994947 -0.866317 0 0.5202127 -0.8540368 0 0.5429347 -0.8397749 0 0.5700568 -0.8216053 0 -0.3800435 0.9248508 0.01476109 -0.3796938 0.9239966 0.04541993 -0.3788648 0.9219999 0.07985997 0.3772535 -0.9180274 -0.1220884 0.3738983 -0.909902 -0.1796625 0.3659711 -0.8905978 -0.2700015 0.3407615 -0.8292486 -0.4429766 0.2087326 -0.5079509 -0.8357133 -0.3800428 0.9248511 -0.01476132 -0.3796916 0.9239976 -0.04541975 -0.3788732 0.9219966 -0.07985901 -0.3772338 0.9180358 -0.1220854 0.373897 -0.9099002 0.179674 0.3659557 -0.890603 0.2700053 0.3407617 -0.8292491 0.4429758 0.2087398 -0.5079581 0.8357071 0.1555156 -0.9878335 0 0.1924228 -0.9813122 0 0.2219459 -0.9750591 0 0.2478411 -0.9688007 0 0.272434 -0.9621745 0 0.2976507 -0.9546748 0 0.3256109 -0.9455039 0 0.3593989 -0.9331841 0 -0.132236 0.9911016 0.0152077 -0.1321064 0.9901302 0.04680031 -0.1318029 0.9878558 0.08227401 -0.1312113 0.9833471 0.1257458 0.129929 -0.9741209 -0.1849516 0.1270468 -0.9522592 -0.2775996 0.1178492 -0.8833145 -0.4537258 0.07110738 -0.5329514 -0.8431528 -0.132235 0.9911018 -0.01521229 -0.1321062 0.9901303 -0.04679906 -0.1318144 0.9878538 -0.08228027 0.1311619 -0.9833552 0.1257349 0.1299707 -0.9741148 0.1849544 0.1270565 -0.9522569 0.2776031 0.1178522 -0.8833162 0.4537218 0.07112193 -0.5329599 0.8431462 -0.1088534 -0.9940578 0 -0.07112783 -0.9974672 0 -0.04043906 -0.999182 0 -0.01314383 -0.9999136 0 0.01314383 -0.9999136 0 0.04043906 -0.999182 0 0.07112783 -0.9974672 0 0.1088534 -0.9940578 0 0.1322343 0.9911018 0.01521104 0.1321063 0.9901301 0.04680037 0.1318129 0.987854 0.08228003 -0.1311569 -0.9833558 -0.1257357 -0.1299626 -0.9741165 -0.1849508 -0.1270484 -0.9522601 -0.2775956 -0.1178516 -0.8833144 -0.4537254 -0.07110613 -0.5329521 -0.8431525 0.1322364 0.9911015 -0.01521247 0.1321058 0.9901303 -0.0467996 0.1318036 0.9878557 -0.0822733 0.1312157 0.9833467 -0.1257452 -0.1298934 -0.974124 0.1849602 -0.1270399 -0.9522582 0.2776064 -0.1178476 -0.8833147 0.4537259 -0.07110828 -0.5329635 0.8431451 -0.3593989 -0.9331841 0 -0.3256109 -0.9455039 0 -0.2976507 -0.9546748 0 -0.2724344 -0.9621745 0 -0.2478406 -0.9688009 0 -0.221946 -0.975059 0 -0.192423 -0.9813122 0 -0.1555154 -0.9878335 0 0.380042 0.9248515 0.01476138 0.3796912 0.9239977 0.04541987 0.3788722 0.921997 0.07985877 0.3772363 0.9180349 0.1220859 -0.373918 -0.9098946 -0.1796587 -0.3659675 -0.8906002 -0.2699984 -0.3407621 -0.8292491 -0.4429754 -0.208728 -0.5079478 -0.8357164 0.3800433 0.924851 -0.01476109 0.3796914 0.9239977 -0.04541867 0.3788673 0.921999 -0.07986027 -0.3772448 -0.9180309 0.1220889 -0.3738999 -0.9099006 0.1796659 -0.3659796 -0.8905946 0.2700005 -0.3407589 -0.8292478 0.4429804 -0.2087294 -0.5079666 0.8357046 -0.5700582 -0.8216044 0 -0.5429317 -0.8397769 0 -0.5202149 -0.8540354 0 -0.4994913 -0.866319 0 -0.4790715 -0.8777759 0 -0.4573407 -0.8892917 0 -0.4322499 -0.901754 0 -0.4004191 -0.9163322 0 0.5864157 0.8098888 0.01402693 0.5859273 0.8092133 0.04316228 0.5847796 0.8076332 0.07590466 -0.5824751 -0.8045156 -0.1160929 -0.5778381 -0.7980411 -0.1709791 -0.5667035 -0.7826621 -0.2574629 -0.5308791 -0.7331868 -0.4249761 -0.333589 -0.4607121 -0.8224737 0.5864199 0.8098859 -0.01402628 0.5859316 0.8092105 -0.0431599 0.5847839 0.8076302 -0.0759043 0.5825033 0.8044958 -0.1160883 -0.5778483 -0.7980335 0.1709793 -0.5667095 -0.7826576 0.2574635 -0.5308831 -0.7331823 0.4249789 -0.3336006 -0.4607215 0.8224636 -0.7314203 -0.681927 0 -0.7113282 -0.7028601 0 -0.6943565 -0.7196313 0 -0.6787564 -0.7343636 0 -0.6632596 -0.7483895 0 -0.6466504 -0.7627865 0 -0.627299 -0.7787787 0 -0.6024851 -0.7981301 0 0.743413 0.6687023 0.01321202 0.7428618 0.6682088 0.04066079 0.7415728 0.6670488 0.07152491 0.7390103 0.6647461 0.1094368 -0.7337425 -0.659994 -0.1613381 -0.7211124 -0.6486403 -0.2434393 -0.679952 -0.6116178 -0.4044614 -0.4399881 -0.3957711 -0.8060867 0.7434129 0.6687024 -0.01321274 0.7428625 0.668208 -0.04066282 0.7415736 0.6670479 -0.07152438 -0.73901 -0.6647468 0.1094341 -0.7337427 -0.6599959 0.1613293 -0.7211179 -0.6486365 0.2434335 -0.6799589 -0.6116141 0.4044552 -0.4399989 -0.3957781 0.8060773 -0.8469347 -0.5316969 0 -0.8329337 -0.5533729 0 -0.8210133 -0.5709091 0 -0.8099889 -0.5864453 0 -0.7989761 -0.6013628 0 -0.7870978 -0.6168283 0 -0.7731754 -0.6341924 0 -0.7551787 -0.6555191 0 0.8552196 0.5181159 0.01247382 0.8546559 0.5177735 0.03839319 0.8533342 0.5169708 0.06754386 -0.8507101 -0.5153675 -0.1033862 -0.8452799 -0.5120913 -0.1525271 -0.8322405 -0.5041941 -0.2305736 -0.7892549 -0.4781513 -0.3852897 -0.5250318 -0.3180795 -0.7894093 0.8552199 0.5181153 -0.01247346 0.8546568 0.5177721 -0.03839206 0.8533322 0.5169737 -0.06754499 0.8507044 0.5153772 -0.1033861 -0.8452847 -0.5120849 0.1525223 -0.8322427 -0.5041917 0.2305707 -0.789262 -0.4781436 0.3852846 -0.5250453 -0.3180871 0.7893972 -0.924809 -0.3804318 0 -0.915669 -0.4019333 0 -0.9078096 -0.4193829 0 -0.9004805 -0.4348965 0 -0.8931103 -0.4498377 0 -0.8851038 -0.4653936 0 -0.8756564 -0.4829345 0 -0.8633438 -0.5046161 0 0.9301399 0.367013 0.01189029 0.9295818 0.3667947 0.03660029 0.9282749 0.366276 0.06440263 0.9256716 0.3652521 0.09860628 -0.9202992 -0.3631293 -0.1455557 -0.9073449 -0.3580173 -0.2203376 -0.8642624 -0.34102 -0.3698053 -0.587989 -0.2320064 -0.774882 0.9301396 0.3670136 -0.01189029 0.9295828 0.366792 -0.03660154 0.9282723 0.3662825 -0.06440359 -0.9256762 -0.3652405 0.09860491 -0.9203017 -0.3631238 0.1455541 -0.9073471 -0.3580137 0.220335 -0.8642629 -0.3410198 0.3698045 -0.5880127 -0.2320076 0.7748636 -0.9727986 -0.2316526 0 -0.9675359 -0.2527335 0 -0.9629024 -0.2698503 0 -0.9585048 -0.2850767 0 -0.9540179 -0.29975 0 -0.9490792 -0.3150376 0 -0.9431743 -0.3322985 0 -0.9353722 -0.3536648 0 0.9757678 0.2185063 0.01149672 0.9752218 0.2183809 0.03538817 0.973939 0.2180939 0.06227421 -0.9713845 -0.2175303 -0.09535592 -0.966108 -0.2163437 -0.1408221 -0.9533627 -0.2134864 -0.213362 -0.9107292 -0.2039417 -0.3591381 -0.6292833 -0.1409162 -0.764294 0.9757682 0.2185045 -0.01149588 0.9752212 0.2183839 -0.03538846 0.9739384 0.2180963 -0.06227362 0.9713851 0.2175253 -0.09536153 -0.9661059 -0.2163538 0.1408207 -0.9533607 -0.2134922 0.2133648 -0.9107248 -0.2039468 0.3591465 -0.6292912 -0.1409193 0.7642868 -0.99634 -0.08547937 0 -0.9943394 -0.1062508 0 -0.9923942 -0.1231008 0 -0.9904223 -0.1380716 0 -0.9883044 -0.1524941 0 -0.9858714 -0.1675045 0 -0.9828431 -0.1844438 0 -0.9786778 -0.2054017 0 0.9973036 0.0725122 0.01129853 0.9967637 0.07247489 0.03477966 0.9954974 0.07237917 0.06120574 0.9929754 0.07220315 0.09373652 -0.9877622 -0.07181864 -0.1384479 -0.9751589 -0.07089734 -0.209854 -0.9328826 -0.06782472 -0.3537373 -0.6496778 -0.04723614 -0.7587408 0.9973036 0.07251155 -0.01129901 0.996764 0.0724712 -0.03477913 0.995497 0.07238417 -0.06120705 -0.9929767 -0.07218849 0.09373432 -0.9877632 -0.07181435 0.1384433 -0.9751597 -0.07089769 0.2098505 -0.9328812 -0.06782722 0.3537402 -0.6497182 -0.04723459 0.7587063 -0.9982244 0.05956554 0 -0.9992457 0.03883373 0 -0.9997571 0.02204638 0 -0.9999744 0.007161796 0 -0.9999744 -0.007161796 0 -0.9997568 -0.0220524 0 -0.9992457 -0.03883373 0 -0.9982246 -0.0595631 0 0.9973036 -0.07251185 0.01129901 0.9967641 -0.07246983 0.03477936 0.995497 -0.07238417 0.06120723 -0.9929751 0.07220602 -0.09373897 -0.9877632 0.07181298 -0.1384443 -0.9751589 0.07089889 -0.2098538 -0.9328826 0.06782656 -0.3537367 -0.6496818 0.04723525 -0.7587375 0.9973036 -0.07251209 -0.01129853 0.9967637 -0.07247406 -0.03477984 0.9954974 -0.07237964 -0.0612061 0.9929757 -0.07220095 -0.0937367 -0.9877616 0.07182079 0.1384521 -0.9751575 0.07089912 0.20986 -0.9328824 0.06782466 0.3537376 -0.6496825 0.04723763 0.7587367 -0.9786773 0.2054039 0 -0.9828423 0.184448 0 -0.9858717 0.1675025 0 -0.9883046 0.1524926 0 -0.990422 0.1380732 0 -0.9923942 0.1231008 0 -0.9943397 0.1062489 0 -0.99634 0.08547919 0 0.9757684 -0.2185036 0.01149606 0.9752216 -0.2183816 0.03538852 0.9739386 -0.2180954 0.06227356 0.9713853 -0.2175244 0.09536218 -0.9661046 0.2163569 -0.1408253 -0.9533615 0.2134909 -0.2133623 -0.9107295 0.2039414 -0.3591373 -0.6292843 0.1409164 -0.7642931 0.9757683 -0.2185047 -0.01149648 0.9752223 -0.2183786 -0.03538769 0.9739388 -0.2180945 -0.06227439 -0.9713814 0.2175439 0.0953561 -0.9661083 0.2163419 0.1408227 -0.9533648 0.2134816 0.2133572 -0.9107253 0.2039456 0.3591458 -0.6293162 0.1409165 0.7642667 -0.9353737 0.3536611 0 -0.943174 0.3322995 0 -0.9490808 0.315033 0 -0.9540179 0.2997497 0 -0.9585046 0.2850773 0 -0.9629011 0.2698546 0 -0.9675354 0.2527356 0 -0.9727972 0.2316586 0 0.9301399 -0.3670129 0.01189124 0.9295825 -0.3667924 0.03660148 0.9282731 -0.3662807 0.06440275 -0.9256751 0.3652434 -0.09860545 -0.9202991 0.3631297 -0.1455555 -0.9073454 0.3580164 -0.2203375 -0.8642637 0.3410185 -0.3698037 -0.5879859 0.232007 -0.7748841 0.9301404 -0.3670116 -0.01189094 0.9295824 -0.3667928 -0.0366013 0.9282752 -0.3662751 -0.06440263 0.9256721 -0.3652508 -0.09860497 -0.9202997 0.363128 0.1455561 -0.9073467 0.3580144 0.2203354 -0.864264 0.3410177 0.3698037 -0.5880013 0.2320106 0.7748713 -0.8633428 0.5046182 0 -0.875657 0.4829337 0 -0.8851045 0.4653924 0 -0.8931097 0.4498389 0 -0.9004813 0.4348948 0 -0.9078088 0.4193843 0 -0.9156693 0.4019325 0 -0.9248086 0.3804327 0 0.8552197 -0.5181156 0.01247334 0.8546564 -0.5177728 0.03839212 0.8533333 -0.516972 0.06754469 0.8507046 -0.5153766 0.1033866 -0.8452855 0.5120837 -0.152522 -0.8322411 0.5041937 -0.2305723 -0.7892543 0.4781516 -0.3852906 -0.5250356 0.318081 -0.7894063 0.8552199 -0.5181153 -0.01247358 0.8546571 -0.5177716 -0.03839254 0.8533374 -0.5169652 -0.06754487 -0.8507105 0.5153664 0.1033875 -0.8452792 0.5120924 0.1525268 -0.832244 0.5041893 0.2305718 -0.7892559 0.4781509 0.3852881 -0.5250262 0.3180913 0.7894083 -0.7551773 0.6555207 0 -0.7731744 0.6341935 0 -0.7870976 0.6168287 0 -0.7989779 0.6013604 0 -0.8099878 0.5864468 0 -0.8210116 0.5709117 0 -0.8329329 0.5533741 0 -0.8469361 0.5316949 0 0.7434135 -0.6687017 0.01321208 0.7428628 -0.6682077 0.0406624 0.741572 -0.6670497 0.0715245 -0.7389951 0.6647624 -0.1094399 -0.7337371 0.6600021 -0.1613292 -0.7211115 0.6486417 -0.2434382 -0.6799517 0.6116191 -0.4044598 -0.4399889 0.3957713 -0.8060862 0.7434121 -0.6687033 -0.01321166 0.7428613 -0.6682094 -0.04066205 0.7415748 -0.6670466 -0.0715245 0.7390099 -0.6647465 -0.109437 -0.7337158 0.660024 0.1613366 -0.7211072 0.6486458 0.24344 -0.6799606 0.6116112 0.404457 -0.4399875 0.3957821 0.8060816 -0.6024884 0.7981277 0 -0.6272996 0.7787781 0 -0.6466503 0.7627866 0 -0.6632637 0.7483858 0 -0.6787541 0.7343657 0 -0.6943576 0.7196301 0 -0.7113307 0.7028576 0 -0.7314177 0.6819298 0 0.586417 -0.809888 0.01402556 0.5859276 -0.8092133 0.04316186 0.584782 -0.8076315 0.07590383 0.5825103 -0.8044909 0.1160881 -0.5778377 0.7980407 -0.1709815 -0.5667038 0.782662 -0.2574626 -0.5308788 0.7331864 -0.4249771 -0.3335873 0.4607121 -0.8224743 0.5864181 -0.8098871 -0.01402556 0.5859258 -0.8092146 -0.04316174 0.5847829 -0.8076309 -0.07590454 -0.5824875 0.8045076 0.1160854 -0.5778462 0.7980348 0.1709804 -0.5667096 0.7826584 0.2574612 -0.5308639 0.7331947 0.4249812 -0.333587 0.4607247 0.8224674 -0.4004225 0.9163306 0 -0.4322502 0.9017537 0 -0.4573374 0.8892933 0 -0.4790718 0.8777758 0 -0.4994908 0.8663192 0 -0.5202144 0.8540357 0 -0.5429329 0.8397762 0 -0.5700588 0.821604 0 0.3800446 -0.9248504 0.01476144 0.3796938 -0.9239966 0.04541975 0.3788702 -0.9219977 0.07985973 -0.3772585 0.9180256 -0.1220862 -0.3739024 0.9098999 -0.1796646 -0.3659701 0.8905984 -0.2700011 -0.3407607 0.8292484 -0.442978 -0.2087315 0.5079512 -0.8357133 0.3800402 -0.9248521 -0.01476055 0.3796915 -0.9239975 -0.04542034 0.3788754 -0.9219957 -0.07985943 0.3772391 -0.9180336 -0.1220863 -0.3738975 0.9099014 0.1796669 -0.3659688 0.8905986 0.270002 -0.3407611 0.8292486 0.4429771 -0.2087165 0.5079625 0.8357103 -0.1555187 0.987833 0 -0.1924201 0.9813127 0 -0.2219505 0.975058 0 -0.2478387 0.9688014 0 -0.2724342 0.9621745 0 -0.2976503 0.954675 0 -0.3256085 0.9455048 0 -0.3594041 0.9331821 0 0.1322351 -0.9911017 0.0152105 0.1321055 -0.9901303 0.04680037 0.1318014 -0.9878559 0.08227515 0.1312084 -0.9833474 0.1257476 -0.1299421 0.9741184 -0.1849554 -0.1270468 0.9522587 -0.2776014 -0.1178492 0.8833145 -0.453726 -0.07110685 0.5329508 -0.8431532 0.132235 -0.9911018 -0.01521086 0.132105 -0.9901303 -0.04680013 0.1318131 -0.9878541 -0.08227717 -0.1311771 0.9833518 0.1257454 -0.1299589 0.9741166 0.1849529 -0.1270483 0.9522588 0.2776008 -0.1178519 0.8833148 0.4537245 -0.07110661 0.5329647 0.8431445 1.20867e-7 0 -1 0.1322496 -0.9912165 0 -0.5864744 -0.8099678 0 -0.7434782 -0.6687602 0 -0.8552861 -0.518156 0 -0.9302058 -0.3670385 0 -0.9758328 -0.2185187 0 -0.9973674 -0.0725153 0 -0.9973673 0.0725165 0 -0.9758327 0.2185194 0 -0.9302058 0.3670386 0 -0.8552858 0.5181567 0 -0.7434782 0.6687602 0 -0.5864737 0.8099683 0 -0.1322495 0.9912165 0 0.1322496 0.9912165 0 0.3800848 0.9249516 0 0.5864742 0.8099679 0 0.7434782 0.6687602 0 0.8552864 0.5181556 0 0.9302058 0.3670386 0 0.9973674 0.0725153 0 0.9973673 -0.0725165 0 0.9302057 -0.3670388 0 0.8552858 -0.5181565 0 0.7434782 -0.6687602 0 0.5864744 -0.8099678 0 0.380086 -0.9249512 0 -0.3800861 -0.9249511 0 -6.4486e-5 0 1 4.35486e-5 0 1 -4.44018e-5 0 1 -2.22009e-5 0 1 -4.35485e-5 0 1 4.44018e-5 0 1 -6.44864e-5 0 1 8.70969e-5 0 1 -0.1322496 -0.9912165 0 0 0.9320763 -0.3622621 0.1700111 0.9229351 -0.3453798 -0.0947569 0.9606342 -0.2611571 -0.1541667 0.97012 -0.1873497 -0.1747909 0.938143 -0.2988911 0.09051626 0.955799 -0.2797415 0.04622662 0.9702489 -0.2376557 -0.08565574 0.9829113 -0.1629377 0.00104928 0.967805 -0.251699 0.2035177 0.947695 -0.2458754 0.1022174 0.9752935 -0.1958426 -0.005841314 0.9906955 -0.135972 0.1847175 0.9650496 -0.1859003 0.2362723 0.9574891 -0.1654995 0.169566 0.9765291 -0.1328101 0.07591873 0.9921423 -0.09944814 0.04772615 0.9985582 -0.0245735 -0.06355571 0.9974447 -0.03263098 -0.05224579 0.9981764 -0.03023916 -0.02244114 0.9993566 -0.0279802 0.03807061 0.9987083 -0.03365302 -0.07003295 0.9967698 -0.03931277 -0.07273173 0.996686 -0.03643023 -0.03718739 0.9987547 -0.03326022 -0.07739907 0.9951128 -0.06131881 -0.12572 0.9904553 -0.05650615 -0.1052829 0.9931626 -0.0504347 -0.04831898 0.9977325 -0.0468533 -0.2481689 0.9626728 -0.108043 -0.2078309 0.9739475 -0.09073513 -0.1540502 0.9850928 -0.07655614 -0.03169536 0.9970166 -0.07038068 -0.01516711 0.9996343 -0.02239465 0.02283138 0.9991538 -0.03421288 0.1255536 0.9898036 -0.06726986 0.2416818 0.9634527 -0.1155371 0.03179478 0.9990133 -0.03101229 0.02133691 0.9991422 -0.03549259 0.08734309 0.9946548 -0.05507355 0.2024787 0.9749096 -0.09248673 0.04573392 0.9984775 -0.03084349 0.05728298 0.9977301 -0.03540468 0.0920363 0.9945094 -0.04980391 0.153079 0.9852478 -0.07650995 0.02737599 0.9992329 -0.02800256 0.03871983 0.9986976 -0.03322583 0.04833036 0.9977327 -0.04683613 0.03169524 0.9970166 -0.07038068 0 0.9320776 0.3622588 -0.1700214 0.9229327 0.3453812 0.09475684 0.960635 0.2611545 0.1541583 0.9701213 0.1873499 0.1747798 0.9381444 0.2988932 -0.09052097 0.9557978 0.2797441 -0.04619306 0.9702504 0.237656 0.08565193 0.9829115 0.1629379 -0.001026749 0.9678056 0.2516967 -0.2034825 0.9477018 0.2458784 -0.1022265 0.9752927 0.1958414 0.005849421 0.9906955 0.1359718 -0.1847149 0.9650501 0.1859004 -0.2362744 0.9574883 0.1655006 -0.1695879 0.9765254 0.1328091 -0.07594203 0.9921407 0.09944748 -0.04772585 0.9985582 0.02457356 0.06355655 0.9974447 0.03263098 0.0522437 0.9981765 0.03023916 0.02244305 0.9993566 0.02798026 -0.03807109 0.9987083 0.03365302 0.07003241 0.9967699 0.03931289 0.0727328 0.996686 0.03643012 0.03718715 0.9987547 0.0332604 0.07739716 0.995113 0.06131875 0.1257264 0.9904545 0.05650597 0.1052746 0.9931634 0.05043476 0.04831969 0.9977325 0.04685294 0.2481741 0.9626716 0.1080421 0.2078243 0.9739488 0.09073531 0.154038 0.9850947 0.07655644 0.03168064 0.997017 0.07038176 0.01516681 0.9996343 0.02239465 -0.02283293 0.9991537 0.03421276 -0.1255469 0.9898044 0.06727027 -0.241676 0.9634543 0.1155363 -0.03179389 0.9990133 0.03101223 -0.02133834 0.9991421 0.03549259 -0.08734327 0.9946548 0.05507379 -0.202477 0.97491 0.0924865 -0.04573088 0.9984775 0.03084355 -0.0572803 0.9977303 0.03540474 -0.09203475 0.9945095 0.04980391 -0.1530679 0.9852495 0.07650983 -0.02737784 0.999233 0.0280025 -0.03871625 0.9986978 0.03322595 -0.04833239 0.9977327 0.0468356 -0.03168737 0.9970167 0.07038176 0.2429958 0.9018012 -0.357362 0.3981928 0.8539835 -0.3348951 0.1603245 0.9521629 -0.2601578 0.1054798 0.9765092 -0.1878932 0.07692903 0.9506472 -0.3005859 0.3332532 0.9024217 -0.2730886 0.2958338 0.9263904 -0.2329877 0.1748181 0.9711701 -0.1620716 0.2530306 0.9351304 -0.2480056 0.4344087 0.8688868 -0.2373284 0.3487794 0.9175775 -0.1907995 0.2523556 0.9583129 -0.1339895 0.4214947 0.8888625 -0.1796266 0.4661427 0.8702793 -0.1591384 0.4104793 0.9027762 -0.1284598 0.328719 0.939423 -0.09709924 0.3042544 0.9522869 -0.02406209 0.1996195 0.979339 -0.03236377 0.2105249 0.9771296 -0.02995133 0.2389596 0.9706367 -0.02761721 0.2953301 0.9548256 -0.0329886 0.1932992 0.9803637 -0.03902041 0.1906971 0.9809823 -0.03617161 0.2249091 0.9738246 -0.03288537 0.1858596 0.9806862 -0.06091791 0.1383411 0.9887739 -0.05646181 0.1586997 0.9860463 -0.05027133 0.2141317 0.9757028 -0.04638653 0.01116746 0.9939147 -0.1095863 0.05405366 0.9943298 -0.09157919 0.1095415 0.9910138 -0.07676196 0.2296631 0.9707822 -0.06954813 0.2458584 0.9690542 -0.02208465 0.281278 0.9590382 -0.03359526 0.3736423 0.9252692 -0.06533235 0.4723432 0.8743975 -0.1110002 0.2895767 0.9566714 -0.03042167 0.2798737 0.9594038 -0.03485792 0.3398362 0.9389504 -0.05369913 0.4398183 0.8936502 -0.08915776 0.3023861 0.9527068 -0.0302093 0.3128986 0.9491549 -0.03463274 0.3441208 0.9376701 -0.04853689 0.3975983 0.9145624 -0.07410347 0.2855271 0.9579766 -0.02748262 0.2959312 0.9546539 -0.03256803 0.304599 0.9513761 -0.04586088 0.2889804 0.9548419 -0.06904751 0.2429865 0.9018051 0.3573586 0.07756644 0.9345788 0.3471972 0.3383498 0.9058728 0.254782 0.3949767 0.9005712 0.1815621 0.4061598 0.8667407 0.2894734 0.1631526 0.946459 0.2785617 0.2090775 0.9491449 0.2353949 0.3354155 0.9285593 0.158978 0.2511004 0.9356366 0.2480581 0.05134344 0.9673784 0.2480787 0.1569649 0.96812 0.1952069 0.2632959 0.9553899 0.1338113 0.07438129 0.9795162 0.1871243 0.02157771 0.9856144 0.167627 0.09218734 0.9867616 0.1334286 0.1864767 0.9774803 0.09878706 0.2148945 0.9763343 0.02432584 0.3186112 0.9473487 0.03189796 0.3083427 0.9508149 0.02959626 0.2809678 0.9593239 0.02747577 0.2240681 0.9740052 0.03327673 0.3244159 0.9451347 0.0384019 0.326892 0.9443919 0.03557652 0.294532 0.9550853 0.03260731 0.3307936 0.9418032 0.05985432 0.3739529 0.9258229 0.05487638 0.3559223 0.9332257 0.04908341 0.3045966 0.951376 0.04587751 0.4779735 0.8722273 0.1037355 0.4443967 0.8915539 0.08742547 0.3984429 0.9141917 0.0741406 0.2889676 0.9548457 0.06904858 0.2742563 0.9614048 0.02200818 0.2385406 0.9705452 0.03377097 0.1383445 0.9881005 0.06721758 0.01782542 0.9929609 0.1170943 0.2300688 0.9726918 0.03064346 0.2399492 0.9701533 0.03502804 0.176247 0.9828206 0.05477774 0.05956023 0.9938565 0.09328478 0.2167631 0.9757469 0.03052634 0.2056339 0.9779998 0.03508883 0.1717224 0.9838978 0.04956483 0.1105397 0.9909073 0.07670587 0.2342849 0.9717746 0.027655 0.2234572 0.9741599 0.03285747 0.2141191 0.9757064 0.04636901 0.2296811 0.9707779 0.06954872 0.4593982 0.8187333 -0.3444258 0.5873802 0.7436963 -0.3192182 0.3963172 0.8828051 -0.2521668 0.3520728 0.9179121 -0.1829811 0.3194371 0.9008727 -0.2939194 0.5402901 0.7999832 -0.2609856 0.5123115 0.8293096 -0.2231205 0.4139708 0.8966983 -0.1567175 0.4760513 0.8464964 -0.238368 0.6224206 0.7495592 -0.2252859 0.5573367 0.8101147 -0.1819071 0.4807242 0.8673867 -0.1286254 0.6152224 0.7697039 -0.1704623 0.6504835 0.7444316 -0.1506415 0.6084627 0.784163 -0.1219081 0.5443553 0.8337256 -0.09262293 0.525533 0.8504626 -0.02298915 0.4382705 0.8983014 -0.03120088 0.4475654 0.893786 -0.02884626 0.4715517 0.8814393 -0.02652901 0.5181909 0.8546833 -0.03154021 0.4328116 0.9006982 -0.03764164 0.4306224 0.9018571 -0.03490149 0.4597107 0.8875052 -0.03163099 0.4261809 0.9027243 -0.05881035 0.3850562 0.921267 -0.05476403 0.4028786 0.9139591 -0.04865884 0.4504756 0.891671 -0.0446611 0.2690871 0.9570674 -0.1077691 0.3090551 0.9468116 -0.08962565 0.3593127 0.9302245 -0.07467764 0.463267 0.8836922 -0.06687259 0.4773593 0.8784524 -0.02120244 0.5066553 0.8615489 -0.03215634 0.5808801 0.811616 -0.06211358 0.6567271 0.7467849 -0.1049854 0.5134956 0.8575988 -0.02909886 0.5054849 0.8621901 -0.0333687 0.5540667 0.8308981 -0.05117028 0.6322516 0.7701476 -0.0844441 0.5239771 0.8512431 -0.02886611 0.5324961 0.8457864 -0.03306668 0.5575596 0.8288484 -0.04623639 0.5996447 0.7971686 -0.07034659 0.5101914 0.859659 -0.0262956 0.5186841 0.8543988 -0.03113681 0.5256461 0.8495743 -0.04381531 0.5125526 0.8561112 -0.06605595 0.4593905 0.8187381 0.3444249 0.3160593 0.885846 0.3396815 0.5455583 0.801972 0.243325 0.5944052 0.7854322 0.1725651 0.5971139 0.7533645 0.2754939 0.3975187 0.8769713 0.2700008 0.439778 0.8689284 0.2270659 0.5478938 0.8226869 0.1516537 0.4744168 0.8473881 0.2384581 0.2998527 0.9224928 0.2430951 0.3970522 0.8980962 0.1891371 0.4898412 0.8623141 0.1283352 0.3241907 0.9281572 0.182824 0.276709 0.9467348 0.1646984 0.3423724 0.9305171 0.1300733 0.4259756 0.8996932 0.09537869 0.4513033 0.8920634 0.02341818 0.5371552 0.842934 0.03044146 0.5288341 0.8482545 0.02826708 0.5064443 0.8618717 0.02629864 0.4589986 0.8878602 0.03200918 0.5418019 0.8397075 0.03663319 0.543824 0.8385132 0.03393131 0.5175352 0.8550938 0.03117787 0.5467109 0.835374 0.05707436 0.5812773 0.8120316 0.05216807 0.5669983 0.8223932 0.0467177 0.5256446 0.8495744 0.04383093 0.661199 0.7437712 0.09808337 0.6358188 0.7673862 0.0827834 0.6003075 0.7966668 0.07037907 0.5125333 0.8561226 0.06605863 0.5009385 0.8652263 0.02107799 0.4711551 0.8814537 0.0324428 0.3848882 0.9206577 0.06519716 0.2750653 0.9545146 0.1150693 0.4640662 0.8853106 0.02946037 0.472331 0.8807789 0.03364628 0.4180045 0.9069017 0.05293011 0.3140421 0.9450145 0.09124213 0.4528478 0.8911036 0.029383 0.4433687 0.8957015 0.03380942 0.4141731 0.9089362 0.04791283 0.3601903 0.9298901 0.07461595 0.4676305 0.8835245 0.02657628 0.4584807 0.8881421 0.03160822 0.4504668 0.8916764 0.04464387 0.463293 0.8836785 0.06687384 0.6340696 0.7005226 -0.3274507 0.7318195 0.6107553 -0.3023543 0.59183 0.769526 -0.2399319 0.5603106 0.8097147 -0.1743969 0.5276658 0.801531 -0.2812776 0.701345 0.6686928 -0.2469114 0.6826305 0.6996203 -0.2110619 0.6102606 0.7781122 -0.1487396 0.6543526 0.7216747 -0.2258503 0.7635957 0.6096349 -0.2127604 0.7181783 0.6743349 -0.1717339 0.6626268 0.7390069 -0.1216329 0.7610183 0.6284895 -0.1607863 0.7871525 0.6001759 -0.1420557 0.7577949 0.6422967 -0.1149001 0.7114028 0.6973335 -0.08736312 0.6982854 0.7154909 -0.02168738 0.6318508 0.7745268 -0.02954632 0.6390359 0.7686923 -0.0273028 0.6574512 0.7530796 -0.02508085 0.6927248 0.7205877 -0.0297622 0.6275781 0.7777367 -0.03565537 0.6258933 0.7792076 -0.03306341 0.6483554 0.7607497 -0.02991962 0.6221996 0.7808725 -0.05573225 0.5900505 0.8056886 -0.05202364 0.604146 0.7955349 -0.04617261 0.6411459 0.7662543 -0.04226642 0.4953648 0.8625224 -0.1032897 0.528584 0.8445525 -0.08561635 0.5693415 0.8190235 -0.07106947 0.6506819 0.7567114 -0.0632537 0.6619101 0.7493154 -0.0200389 0.6840455 0.7288075 -0.03035628 0.7389317 0.6712337 -0.05852735 0.7930068 0.601125 -0.09893918 0.6892128 0.7240384 -0.02746301 0.683153 0.7295956 -0.03150206 0.7192972 0.6930257 -0.04823946 0.7759111 0.6258063 -0.07955157 0.6970831 0.716473 -0.02723419 0.703423 0.7100869 -0.03118807 0.7219424 0.6905794 -0.04358273 0.7525323 0.6552124 -0.06627297 0.6867447 0.7264748 -0.02482074 0.6930986 0.7202439 -0.02938055 0.6982078 0.7147008 -0.04133725 0.6881046 0.7229275 -0.06235432 0.6340659 0.700527 0.3274487 0.5213359 0.7888481 0.3254655 0.7063362 0.6694444 0.230073 0.7457972 0.6459754 0.1627957 0.7421749 0.6174858 0.2605529 0.5916528 0.7641403 0.2569758 0.6271383 0.7485194 0.2154446 0.7123691 0.6870545 0.1431308 0.6531037 0.722774 0.22595 0.5149974 0.8249832 0.232767 0.5957033 0.7828302 0.1797623 0.669558 0.7327858 0.1213138 0.5378825 0.8247427 0.1745911 0.4998356 0.8516191 0.157827 0.5544746 0.8229132 0.1239839 0.6213871 0.7782701 0.09040868 0.6419466 0.7664291 0.02216112 0.7069236 0.7067072 0.02870804 0.7007191 0.7129389 0.02666485 0.6839188 0.7291356 0.02482718 0.6478053 0.7612041 0.03027868 0.7103345 0.7030161 0.03454393 0.7118575 0.701595 0.03199338 0.6922382 0.7210692 0.02942049 0.7137626 0.6983171 0.05381685 0.7393494 0.6715255 0.04915344 0.7289186 0.6831832 0.04402732 0.698194 0.7147133 0.04135239 0.7963624 0.597715 0.09243261 0.7785179 0.6227586 0.07798546 0.7530131 0.6546565 0.06630337 0.6880991 0.7229326 0.06235551 0.679799 0.7331284 0.01990169 0.6571068 0.7531734 0.03067207 0.5897794 0.8051857 0.06193923 0.5001298 0.8589053 0.1102358 0.6517044 0.7579613 0.02786129 0.6579967 0.7523487 0.03180849 0.6159127 0.7862146 0.05018132 0.5326006 0.8418702 0.08712726 0.6430989 0.7652783 0.027803 0.635762 0.7712214 0.03200799 0.6129875 0.7887853 0.04543423 0.5700464 0.8185385 0.07100623 0.6544557 0.7556828 0.02513015 0.6474151 0.7615509 0.02990025 0.6411354 0.7662639 0.04225063 0.6506912 0.7567034 0.06325411 0.7648134 0.5645876 -0.3103247 0.8352143 0.4689463 -0.2872394 0.7405842 0.63257 -0.2266945 0.7206934 0.6734272 -0.1646114 0.6906036 0.6724081 -0.2663347 0.8183048 0.5251325 -0.2336946 0.807286 0.5554465 -0.199421 0.7582465 0.6367055 -0.1402444 0.7864501 0.5796335 -0.2133575 0.8631762 0.4628192 -0.2018057 0.8340534 0.5272728 -0.1622908 0.7967613 0.5933158 -0.1146636 0.8640183 0.4798892 -0.1522454 0.8824669 0.4506745 -0.1347023 0.8634632 0.4925674 -0.1086677 0.8320554 0.5485361 -0.08241349 0.8237223 0.5666251 -0.02044069 0.7763532 0.6296836 -0.02782362 0.7815473 0.6233161 -0.02571123 0.7947547 0.6064711 -0.02362114 0.8197559 0.5720259 -0.02804839 0.7732257 0.6332412 -0.03357869 0.7720351 0.634817 -0.03113728 0.7882155 0.6147539 -0.02817815 0.7691291 0.6369341 -0.0524919 0.7457844 0.6643821 -0.04901134 0.7561381 0.6529655 -0.04348999 0.7829365 0.6208269 -0.03980582 0.6744176 0.7318723 -0.09759068 0.6997888 0.7097671 -0.08078664 0.7303024 0.679832 -0.06698435 0.7895197 0.6108263 -0.05958229 0.7979627 0.6024112 -0.01887375 0.8136214 0.5806913 -0.02860301 0.8517203 0.5210751 -0.0552566 0.8877949 0.4505835 -0.09378045 0.8172955 0.5756375 -0.02587932 0.8129881 0.5815234 -0.02968198 0.8382173 0.5434349 -0.04550284 0.8767023 0.4751058 -0.07528471 0.8228429 0.567689 -0.02566772 0.827273 0.5610303 -0.02940082 0.8401125 0.540852 -0.04111361 0.8609737 0.5047807 -0.06261748 0.8155701 0.5781856 -0.02338659 0.8200229 0.5716608 -0.02768909 0.8235217 0.565945 -0.03896456 0.8161453 0.5748506 -0.05876922 0.7648193 0.5645833 0.3103181 0.6825574 0.6624681 0.3086283 0.8228172 0.5249652 0.2176772 0.8535218 0.4977751 0.154015 0.8455306 0.473238 0.2472323 0.7394235 0.6278915 0.2429099 0.7675198 0.6078919 0.2034229 0.831145 0.5393832 0.1351438 0.7855531 0.5808148 0.2134493 0.6841387 0.6953135 0.2202122 0.7464615 0.643451 0.1696059 0.8017055 0.5866746 0.1143733 0.7040413 0.6907536 0.1648796 0.6761496 0.7215015 0.1491895 0.7181357 0.6860054 0.1169524 0.7679511 0.6348199 0.08517467 0.7836697 0.6208271 0.02086985 0.8297456 0.5574852 0.02706557 0.8254058 0.5639801 0.02513355 0.8135752 0.5809891 0.02339154 0.7878193 0.6152461 0.0285167 0.8320927 0.5536795 0.03257185 0.8331812 0.5521766 0.03016823 0.8194179 0.5725257 0.02772611 0.8342865 0.5489902 0.05075562 0.8521374 0.5212566 0.04640406 0.8449609 0.5332121 0.04154431 0.8235172 0.5659508 0.03897857 0.8902126 0.4470381 0.08762812 0.8784986 0.4720082 0.07381498 0.8613066 0.5042086 0.06264728 0.8161284 0.5748744 0.05877023 0.8106824 0.5851859 0.01874953 0.7944768 0.6066072 0.02888804 0.7454571 0.6639943 0.05835527 0.677854 0.7277833 0.1041417 0.7906306 0.611731 0.02623939 0.7950949 0.6057447 0.02995872 0.7646444 0.6427171 0.04726356 0.7027527 0.7066692 0.08220314 0.7844589 0.6196278 0.02618336 0.7791572 0.6261034 0.03014284 0.7625703 0.6454887 0.04279166 0.7308234 0.6792779 0.06692326 0.7926126 0.6092664 0.02366667 0.787543 0.615616 0.0281592 0.7829326 0.6208328 0.03979057 0.7895263 0.6108175 0.0595842 0.8567473 0.4225937 -0.2956329 0.904444 0.3257291 -0.2754663 0.8466767 0.4868224 -0.2148085 0.8361092 0.5260474 -0.1555494 0.8095041 0.5302101 -0.2521516 0.8981507 0.3789608 -0.222967 0.8931452 0.4077726 -0.1897711 0.8629314 0.4875842 -0.1327077 0.8785082 0.4325745 -0.2027382 0.9288324 0.3159817 -0.1934583 0.9126022 0.3784512 -0.1547002 0.8898654 0.4430722 -0.1087498 0.9322113 0.3313005 -0.1456784 0.9444829 0.3020864 -0.1292126 0.9336454 0.342817 -0.103841 0.9141371 0.3977539 -0.07839137 0.9095448 0.4151524 -0.01941436 0.8777185 0.4784532 -0.02632075 0.8812599 0.4720053 -0.02433115 0.8901981 0.4550239 -0.02237588 0.9068683 0.4205719 -0.0266292 0.8755458 0.4820904 -0.03175836 0.8747554 0.4836694 -0.02944701 0.8857559 0.4633842 -0.0266785 0.8725439 0.4860075 -0.04964011 0.8565807 0.5139332 -0.04628449 0.863763 0.50222 -0.04109179 0.8820837 0.4695838 -0.03767567 0.8057752 0.5850342 -0.091986 0.8240459 0.5613783 -0.07617652 0.8456096 0.5300447 -0.06322211 0.8862745 0.45971 -0.05643111 0.8923839 0.4509226 -0.01788294 0.9027888 0.429227 -0.02714014 0.9274569 0.3702024 -0.05266708 0.9493065 0.3012104 -0.08994233 0.9052538 0.4241605 -0.02456414 0.9023593 0.4300635 -0.02816295 0.918836 0.3922578 -0.04329252 0.9429379 0.3250823 -0.0720396 0.9089286 0.4162388 -0.02437698 0.9118269 0.4096236 -0.02793627 0.9201247 0.3896667 -0.03912431 0.9332675 0.3541753 -0.05976396 0.9041228 0.4266959 -0.02219516 0.9070476 0.4202067 -0.0262891 0.9092586 0.414583 -0.03701066 0.9041035 0.4236561 -0.05578994 0.8567416 0.4226031 0.2956357 0.8006587 0.5228093 0.2926027 0.9021739 0.3781083 0.2076452 0.9254945 0.3490075 0.1471521 0.9144667 0.3280679 0.2369008 0.8448694 0.4828708 0.2302856 0.8663583 0.4606485 0.192941 0.9118911 0.3897395 0.1286771 0.877902 0.4337693 0.2028108 0.8078532 0.5514122 0.2081295 0.853678 0.4954553 0.160493 0.8931749 0.4364194 0.1085206 0.824491 0.5440317 0.1557057 0.8054633 0.5756924 0.140739 0.8360077 0.5374974 0.1103993 0.871165 0.4843347 0.08057016 0.8827273 0.4694705 0.0197519 0.9134683 0.4060963 0.02572387 0.9106274 0.4125383 0.02387648 0.9027946 0.4294989 0.02219533 0.8854861 0.4638812 0.02699834 0.9149678 0.4023371 0.03096508 0.915706 0.4008238 0.02868312 0.9066442 0.4210743 0.02632296 0.9161937 0.3978179 0.04827117 0.9278592 0.3702991 0.0442273 0.923277 0.3820925 0.03955817 0.9092539 0.4145921 0.03702419 0.9509726 0.2976302 0.08406776 0.9440965 0.3220093 0.07065224 0.9334789 0.3536125 0.0597949 0.9041017 0.4236596 0.05579078 0.9008964 0.4336698 0.01778537 0.8899714 0.4551946 0.02736443 0.8562253 0.5136546 0.05511254 0.8080433 0.5808852 0.09817618 0.8874003 0.4603297 0.02484786 0.8903834 0.4543261 0.02838015 0.8695498 0.4918201 0.04468083 0.8261073 0.5581554 0.07752043 0.8832314 0.4682821 0.02478355 0.8796071 0.4748453 0.02852016 0.868183 0.4945931 0.04044705 0.8459694 0.5294772 0.06316596 0.8887541 0.4578358 0.02241569 0.8853014 0.4642529 0.02665942 0.8820792 0.4695936 0.03766125 0.8862797 0.4596996 0.05643182 0.9167231 0.2803079 -0.2846866 0.9457851 0.1838921 -0.2677204 0.917627 0.3401744 -0.2055286 0.9142481 0.3770456 -0.1482803 0.891076 0.3848664 -0.2405439 0.9480192 0.2341721 -0.2154604 0.9477638 0.261377 -0.1828279 0.9324084 0.3384014 -0.1268821 0.9381386 0.2862096 -0.1948853 0.9670925 0.1712884 -0.1881289 0.961263 0.2316042 -0.149443 0.9500634 0.294083 -0.1043778 0.9724935 0.1850939 -0.141409 0.9797044 0.1560456 -0.1258137 0.9755041 0.1955983 -0.1006633 0.9655172 0.2491325 -0.07556068 0.9638654 0.2657343 -0.0186789 0.9443631 0.3279399 -0.02517598 0.9465907 0.321596 -0.0232855 0.9521457 0.3048914 -0.02144718 0.9622178 0.2710742 -0.0256083 0.942949 0.3315496 -0.03036767 0.9424725 0.3330963 -0.02815389 0.9493694 0.3131212 -0.02555322 0.9408317 0.3355355 -0.04745137 0.930721 0.3630569 -0.04413932 0.9353868 0.3514439 -0.03922551 0.9469752 0.3192762 -0.03606581 0.8965243 0.4343121 -0.08727705 0.9090127 0.4104338 -0.07238894 0.9233678 0.3791648 -0.0602169 0.9492928 0.3097086 -0.05407148 0.9535193 0.3008438 -0.0171476 0.9597707 0.2795716 -0.0260775 0.9737535 0.2218401 -0.05090415 0.9840985 0.1545334 -0.08757704 0.9612711 0.2745916 -0.02361369 0.959502 0.2803996 -0.02705776 0.9690272 0.2433995 -0.04174983 0.981584 0.1777593 -0.06996202 0.9634637 0.2668108 -0.02345204 0.9651421 0.2603412 -0.02689301 0.9698358 0.2408204 -0.03773933 0.9768007 0.2061855 -0.05786126 0.9606145 0.2770648 -0.02133053 0.9623256 0.2707219 -0.02528244 0.9635192 0.2652599 -0.03561151 0.9601472 0.2743003 -0.05363708 0.9167225 0.2803103 0.2846859 0.8819404 0.3795908 0.2794495 0.9515996 0.2328002 0.2006551 0.968845 0.2025147 0.142574 0.955486 0.1846285 0.2301281 0.9153753 0.3368848 0.2204468 0.9313819 0.3135429 0.1849834 0.962278 0.2420908 0.1241498 0.9377686 0.2873874 0.1949324 0.8929994 0.4040984 0.1981328 0.9252783 0.3468959 0.1533735 0.9520823 0.287537 0.1042197 0.9066799 0.3949184 0.1482266 0.8947614 0.4260708 0.1336633 0.9159439 0.3872953 0.1051149 0.9393379 0.3342302 0.07703542 0.9475414 0.3190736 0.01890802 0.966129 0.2568681 0.0247718 0.9644709 0.2631882 0.02297872 0.9598169 0.2798157 0.02132546 0.9491983 0.3136144 0.02585798 0.9669516 0.2532088 0.02983152 0.9674052 0.2517212 0.02763748 0.9620874 0.2715644 0.02531212 0.9674151 0.2488846 0.04652464 0.9741371 0.2218774 0.04274672 0.9716305 0.2334012 0.0381872 0.9635181 0.2652617 0.03562492 0.9851456 0.1509387 0.08188843 0.9822237 0.1747163 0.06863647 0.9769156 0.2056311 0.05789452 0.9601442 0.2743105 0.05363756 0.9587023 0.2838983 0.01708143 0.9519669 0.3050758 0.02622908 0.9303609 0.3628582 0.05256122 0.8978742 0.4302785 0.09317845 0.9504029 0.3101091 0.02380555 0.9522123 0.304223 0.02720481 0.9390122 0.341224 0.04268926 0.9103378 0.4072543 0.07368314 0.947816 0.3179342 0.02372676 0.9455254 0.3244029 0.02728891 0.9382021 0.343925 0.03863477 0.9236032 0.3785988 0.06016653 0.9512579 0.3076478 0.02148014 0.9490869 0.3139781 0.02553224 0.9469715 0.3192887 0.036053 0.9492911 0.309714 0.05407148 0.9503852 0.1395525 -0.2780166 0.9634758 0.04357987 -0.2642256 0.960236 0.1954449 -0.1993696 0.9625729 0.2300677 -0.1432567 0.9423936 0.2406503 -0.2323402 0.9731114 0.09140259 -0.2114233 0.9768655 0.1172545 -0.1788443 0.9737131 0.1916719 -0.1230645 0.9714299 0.1420465 -0.1901234 0.9821534 0.02839106 -0.1859271 0.9853469 0.0870667 -0.1466662 0.983781 0.1477467 -0.1017153 0.9893721 0.04093074 -0.1395263 0.9921414 0.011837 -0.1245607 0.9937804 0.05060213 -0.0991978 0.9919115 0.1031286 -0.07400113 0.9927183 0.1190677 -0.01825857 0.9833235 0.1802154 -0.02444136 0.9844892 0.1739807 -0.02262175 0.9872867 0.157573 -0.02087396 0.9919223 0.1243559 -0.02501702 0.9825251 0.1837825 -0.02946978 0.9823042 0.1852898 -0.02731722 0.9858676 0.1656743 -0.02484655 0.9811293 0.1877941 -0.0460298 0.9757321 0.2147652 -0.04269331 0.9783696 0.2033473 -0.03798621 0.9845143 0.1717655 -0.03504687 0.954816 0.2851303 -0.08382922 0.9626856 0.2614961 -0.06968688 0.9712891 0.230686 -0.05814969 0.9853056 0.1625006 -0.05259716 0.9879938 0.1535887 -0.01669567 0.9908291 0.1327031 -0.02545064 0.9958542 0.07598388 -0.05000972 0.9961851 0.009740889 -0.08672052 0.9915314 0.1278044 -0.0230596 0.9906929 0.1335305 -0.02640473 0.9944256 0.09717893 -0.04091441 0.9970793 0.03256005 -0.06908679 0.9924916 0.1201456 -0.0229212 0.9931557 0.1137976 -0.02630442 0.9948256 0.09462255 -0.03699505 0.9965381 0.06057131 -0.05694651 0.9912644 0.1302359 -0.02082455 0.991975 0.1239983 -0.02469897 0.992323 0.118673 -0.03481262 0.9904311 0.1276818 -0.05237954 0.950385 0.1395544 0.2780159 0.9331663 0.2371124 0.2701451 0.9763179 0.08958673 0.1969207 0.9883853 0.05817896 0.1403914 0.972927 0.04290252 0.227096 0.9576534 0.192707 0.2139251 0.9691163 0.1686444 0.1799246 0.9878259 0.0969057 0.121693 0.9712548 0.1432093 0.1901454 0.9470744 0.2580369 0.1909638 0.9683333 0.2005889 0.1486431 0.9847354 0.1413034 0.1016349 0.9582553 0.2476132 0.1429495 0.9519814 0.27788 0.1285073 0.965643 0.2392599 0.1014322 0.9795529 0.1867883 0.07474201 0.9850129 0.1714999 0.01837313 0.9935957 0.1103639 0.02423906 0.9929277 0.1165757 0.02246749 0.9909061 0.1329363 0.0208128 0.9857791 0.1661556 0.02514177 0.9938533 0.1067843 0.02920109 0.9940711 0.1053119 0.02705848 0.9918693 0.1248356 0.02472573 0.9936764 0.1026205 0.04556548 0.9962261 0.07596081 0.04199469 0.9954764 0.08731162 0.03746545 0.992322 0.118677 0.03482556 0.9966855 0.006107032 0.08112275 0.9972612 0.02954399 0.06780332 0.9965689 0.060027 0.05698382 0.9904296 0.1276926 0.05238121 0.9904399 0.1369354 0.01666265 0.9871453 0.1577745 0.02552694 0.9753699 0.2146361 0.05084079 0.9554485 0.2812508 0.0895338 0.9864025 0.1627087 0.02315527 0.9872527 0.1569434 0.02647918 0.9802587 0.1933398 0.04138499 0.9634317 0.2583889 0.07095527 0.9851073 0.1703878 0.02305907 0.9838982 0.176754 0.02650219 0.9798956 0.1959663 0.03744298 0.9714213 0.23014 0.05810511 0.9868497 0.1602839 0.02089893 0.9857268 0.1665129 0.02482473 0.9845129 0.1717762 0.03503268 0.9853076 0.1624884 0.05259805 0.9612196 0 -0.2757843 0.9594168 -0.09630513 -0.2650375 0.9790919 0.05263245 -0.1964914 0.9863722 0.08541727 -0.1406197 0.9687197 0.09835636 -0.2278338 0.9762054 -0.05037856 -0.2109149 0.9837216 -0.02554178 -0.1778754 0.9914946 0.04708647 -0.1213318 0.9820649 -5.7936e-4 -0.1885424 0.9757251 -0.114186 -0.1868751 0.9876164 -0.05640429 -0.1463987 0.9949016 0.003193259 -0.1008 0.9848027 -0.1027253 -0.1400405 0.9832488 -0.1322185 -0.1254589 0.990617 -0.09373629 -0.09945601 0.9964126 -0.04154568 -0.07372862 0.9994964 -0.02602785 -0.01815724 0.9991067 0.03469324 -0.02412867 0.9993438 0.02850824 -0.02234858 0.9997118 0.01223349 -0.02066272 0.9994753 -0.02075922 -0.02486175 0.9988455 0.0382393 -0.02908092 0.9988472 0.03972291 -0.02695149 0.9994924 0.02028179 -0.0245707 0.9980728 0.04230481 -0.0454002 0.996737 0.06894516 -0.04197758 0.9976372 0.05763328 -0.03739851 0.9990522 0.02636981 -0.03463244 0.9869599 0.13865 -0.08177036 0.9909971 0.1152385 -0.06815338 0.9947651 0.0847696 -0.05706858 0.9984958 0.01728475 -0.05203294 0.9998292 0.008264303 -0.01653516 0.9996033 -0.01244622 -0.02526688 0.9963729 -0.06886363 -0.04998856 0.9869965 -0.1349214 -0.08737349 0.9995874 -0.01733499 -0.02290678 0.9995889 -0.01162397 -0.02621233 0.9980255 -0.04776 -0.04079294 0.9912595 -0.1121866 -0.06941872 0.9994289 -0.02494901 -0.02279049 0.9991683 -0.03126841 -0.02617359 0.9980508 -0.05033349 -0.03689599 0.9948136 -0.08422511 -0.05702763 0.9996747 -0.01492756 -0.02068084 0.9994757 -0.0211147 -0.02454656 0.9990525 -0.02637559 -0.03461933 0.9984958 -0.01728475 -0.0520339 0.9612206 0 0.2757807 0.9594148 0.09631216 0.2650418 0.9790918 -0.05263024 0.1964926 0.9863722 -0.08541482 0.1406209 0.9687173 -0.09836208 0.2278416 0.9762057 0.0503782 0.2109135 0.9837216 0.02553451 0.1778756 0.9914944 -0.04708522 0.1213338 0.9820653 5.79354e-4 0.1885404 0.9757239 0.1141926 0.1868771 0.9876161 0.05640459 0.1464002 0.9949017 -0.003198146 0.1007992 0.984804 0.1027154 0.1400377 0.9832484 0.1322229 0.1254591 0.9906178 0.09372973 0.09945464 0.9964125 0.04154586 0.07372921 0.9994964 0.02602779 0.01815742 0.9991067 -0.03469347 0.02412861 0.9993438 -0.02850836 0.02234882 0.9997117 -0.01223349 0.0206626 0.9994754 0.02075976 0.02486187 0.9988454 -0.03823924 0.0290808 0.9988472 -0.03972309 0.02695173 0.9994924 -0.02028197 0.0245704 0.9980728 -0.04230254 0.04540026 0.9967368 -0.06894701 0.04197764 0.997637 -0.05763363 0.03739869 0.9990522 -0.02637124 0.03463226 0.9869598 -0.1386516 0.08176922 0.9909974 -0.1152362 0.06815308 0.9947649 -0.08477085 0.05706942 0.9984956 -0.0172851 0.05203485 0.9998292 -0.008264303 0.0165351 0.9996033 0.01244622 0.02526688 0.9963726 0.06886851 0.04998826 0.9869976 0.1349147 0.08737206 0.9995873 0.01733505 0.02290701 0.9995889 0.01162397 0.02621209 0.9980257 0.0477572 0.04079294 0.9912592 0.1121892 0.06941848 0.9994289 0.02494895 0.02279043 0.9991683 0.03126853 0.02617365 0.9980508 0.05033344 0.03689616 0.9948136 0.08422523 0.05702775 0.9996747 0.01492756 0.0206809 0.9994757 0.0211147 0.02454656 0.9990524 0.0263791 0.03461927 0.9984958 0.0172851 0.05203366 0.9503841 -0.1395552 -0.278019 0.9331672 -0.2371109 -0.2701433 0.9763179 -0.0895819 -0.1969226 0.9883859 -0.0581755 -0.1403895 0.9729275 -0.04290467 -0.2270933 0.9576502 -0.1927164 -0.2139315 0.9691156 -0.1686491 -0.1799236 0.9878263 -0.09690237 -0.1216931 0.9712532 -0.1432142 -0.1901497 0.9470761 -0.2580319 -0.1909621 0.9683346 -0.2005845 -0.1486406 0.9847338 -0.1413127 -0.1016376 0.9582536 -0.247618 -0.1429528 0.9519838 -0.2778726 -0.1285052 0.9656417 -0.2392641 -0.1014334 0.9795532 -0.1867871 -0.07474112 0.9850134 -0.1714964 -0.01837307 0.9935958 -0.110363 -0.02423888 0.9929277 -0.1165757 -0.02246743 0.9909061 -0.132936 -0.02081286 0.9857791 -0.1661558 -0.02514159 0.9938534 -0.1067838 -0.02920103 0.9940714 -0.1053081 -0.02705836 0.9918696 -0.1248335 -0.02472573 0.9936767 -0.102618 -0.04556566 0.9962261 -0.07596111 -0.04199504 0.9954764 -0.08731091 -0.03746497 0.9923218 -0.1186788 -0.03482568 0.9966854 -0.006106257 -0.08112335 0.9972613 -0.02954268 -0.06780266 0.996569 -0.06002688 -0.05698359 0.9904315 -0.1276794 -0.05237984 0.9904404 -0.1369318 -0.01666265 0.9871458 -0.1577707 -0.02552688 0.9753694 -0.2146394 -0.05084002 0.9554464 -0.2812575 -0.08953571 0.9864025 -0.1627082 -0.02315521 0.9872527 -0.1569429 -0.02647906 0.9802588 -0.1933395 -0.04138475 0.9634317 -0.2583884 -0.07095551 0.9851068 -0.1703907 -0.02305895 0.9838988 -0.1767513 -0.02650171 0.9798951 -0.1959685 -0.03744339 0.9714206 -0.2301436 -0.05810511 0.9868495 -0.1602852 -0.02089911 0.9857262 -0.1665168 -0.02482461 0.9845136 -0.1717721 -0.03503322 0.9853048 -0.1625055 -0.0525965 0.950384 -0.1395559 0.278019 0.9634747 -0.04357445 0.2642305 0.9602362 -0.1954438 0.1993698 0.962573 -0.2300663 0.1432575 0.9423908 -0.2406557 0.2323454 0.9731145 -0.09139508 0.2114127 0.976864 -0.1172637 0.1788463 0.9737135 -0.19167 0.1230643 0.9714299 -0.1420475 0.1901226 0.9821524 -0.02838635 0.1859331 0.9853463 -0.08707016 0.1466681 0.9837813 -0.1477458 0.1017132 0.9893724 -0.0409342 0.1395231 0.9921414 -0.01183223 0.1245614 0.9937805 -0.05060118 0.09919601 0.9919112 -0.1031301 0.07400184 0.9927182 -0.1190686 0.01825857 0.9833236 -0.1802151 0.02444154 0.9844892 -0.1739813 0.02262181 0.9872869 -0.1575716 0.0208739 0.9919226 -0.1243529 0.0250172 0.9825252 -0.1837823 0.02946978 0.982304 -0.1852906 0.0273174 0.9858673 -0.1656758 0.02484661 0.98113 -0.1877909 0.04602992 0.975732 -0.214766 0.04269295 0.9783696 -0.2033475 0.03798586 0.9845135 -0.1717697 0.03504616 0.9548159 -0.2851303 0.0838297 0.9626865 -0.2614927 0.06968671 0.9712881 -0.2306903 0.05814987 0.9853071 -0.1624915 0.05259764 0.9879932 -0.1535921 0.01669579 0.9908291 -0.1327028 0.02545046 0.9958545 -0.07597947 0.0500102 0.9961852 -0.009743988 0.08671891 0.9915308 -0.1278084 0.02305954 0.9906929 -0.133531 0.02640485 0.9944253 -0.09718227 0.04091465 0.9970793 -0.03255635 0.06908643 0.9924917 -0.1201456 0.0229212 0.9931555 -0.1137991 0.02630466 0.9948258 -0.094621 0.03699469 0.9965382 -0.06057167 0.05694711 0.9912644 -0.1302357 0.02082449 0.9919757 -0.1239927 0.02469879 0.9923233 -0.1186695 0.03481292 0.9904292 -0.1276955 0.05238109 0.916724 -0.2803056 -0.2846857 0.8819408 -0.3795898 -0.2794495 0.9515992 -0.2328 -0.2006565 0.9688457 -0.2025122 -0.1425728 0.9554858 -0.1846292 -0.2301282 0.9153712 -0.3368948 -0.2204486 0.9313831 -0.3135422 -0.1849786 0.9622791 -0.2420866 -0.12415 0.9377663 -0.2873934 -0.1949344 0.8929996 -0.4040979 -0.1981334 0.9252786 -0.3468947 -0.1533746 0.9520793 -0.2875465 -0.1042217 0.9066764 -0.3949249 -0.1482301 0.894765 -0.4260646 -0.1336588 0.9159414 -0.3873011 -0.1051158 0.9393413 -0.3342208 -0.07703506 0.9475399 -0.3190782 -0.01890802 0.9661294 -0.2568666 -0.02477169 0.9644712 -0.2631869 -0.02297872 0.9598158 -0.2798198 -0.02132564 0.9491986 -0.3136135 -0.02585792 0.9669522 -0.2532069 -0.02983117 0.9674062 -0.2517174 -0.0276373 0.9620866 -0.2715673 -0.02531254 0.9674145 -0.2488873 -0.04652482 0.9741371 -0.2218776 -0.04274654 0.9716309 -0.2333991 -0.03818684 0.9635171 -0.2652654 -0.03562551 0.9851452 -0.1509407 -0.08188951 0.9822234 -0.1747178 -0.06863689 0.9769155 -0.2056316 -0.05789482 0.9601495 -0.2742925 -0.05363541 0.9587029 -0.283896 -0.01708155 0.9519661 -0.305078 -0.02622878 0.9303592 -0.3628626 -0.05256021 0.8978726 -0.4302817 -0.09318 0.9504032 -0.3101086 -0.02380508 0.9522126 -0.3042222 -0.02720546 0.9390133 -0.3412212 -0.04268932 0.9103362 -0.4072576 -0.07368505 0.9478168 -0.3179316 -0.02372634 0.9455264 -0.3243997 -0.02728885 0.9382014 -0.3439267 -0.038634 0.9236047 -0.3785954 -0.06016647 0.9512571 -0.3076502 -0.02147984 0.9490874 -0.3139766 -0.02553284 0.9469728 -0.3192846 -0.03605371 0.9492914 -0.3097138 -0.05406892 0.9167206 -0.2803133 0.284689 0.9457827 -0.1838958 0.2677268 0.9176256 -0.3401772 0.2055305 0.9142498 -0.377042 0.1482794 0.8910686 -0.3848797 0.2405505 0.9480239 -0.2341605 0.2154521 0.9477615 -0.2613842 0.1828292 0.9324107 -0.3383949 0.1268831 0.9381382 -0.2862118 0.1948835 0.9670909 -0.1712906 0.188135 0.9612624 -0.2316064 0.1494426 0.9500647 -0.29408 0.1043744 0.9724934 -0.1850959 0.1414078 0.979705 -0.1560417 0.1258139 0.9755054 -0.1955942 0.100659 0.9655168 -0.249134 0.0755611 0.9638652 -0.2657349 0.01867902 0.9443635 -0.3279388 0.02517598 0.9465895 -0.3215993 0.02328538 0.9521461 -0.3048898 0.02144753 0.9622179 -0.2710738 0.025608 0.94295 -0.3315467 0.03036773 0.9424718 -0.3330982 0.02815419 0.9493697 -0.3131204 0.02555251 0.9408317 -0.3355358 0.04745185 0.9307234 -0.3630505 0.04413956 0.9353862 -0.3514459 0.03922575 0.9469737 -0.3192806 0.03606563 0.8965213 -0.4343182 0.08727717 0.9090128 -0.4104334 0.07238918 0.923369 -0.3791617 0.06021779 0.9492928 -0.3097095 0.05406844 0.9535188 -0.3008456 0.01714783 0.9597722 -0.2795668 0.02607733 0.9737545 -0.2218356 0.05090433 0.9840983 -0.1545349 0.08757686 0.9612709 -0.2745919 0.02361381 0.9595028 -0.2803971 0.02705806 0.9690268 -0.2434016 0.04174971 0.9815856 -0.1777507 0.0699616 0.9634626 -0.2668142 0.02345216 0.9651412 -0.2603445 0.02689337 0.9698359 -0.2408201 0.03773927 0.9768 -0.2061887 0.05786216 0.9606145 -0.277065 0.02133059 0.9623264 -0.270719 0.02528238 0.9635211 -0.2652531 0.03561139 0.9601418 -0.2743182 0.05363923 0.8567465 -0.4225937 -0.2956349 0.8006629 -0.5228046 -0.2925992 0.9021727 -0.3781088 -0.2076498 0.9254987 -0.3489972 -0.1471499 0.9144692 -0.3280649 -0.2368959 0.8448619 -0.482882 -0.2302902 0.8663578 -0.4606497 -0.1929408 0.9118924 -0.3897359 -0.1286787 0.8778974 -0.4337766 -0.2028155 0.8078523 -0.5514125 -0.2081323 0.8536829 -0.4954476 -0.1604906 0.893172 -0.436425 -0.1085224 0.8244853 -0.5440397 -0.1557081 0.8054658 -0.5756891 -0.1407371 0.8360083 -0.5374959 -0.1104012 0.8711723 -0.4843219 -0.08056879 0.8827287 -0.4694677 -0.01975232 0.9134673 -0.4060984 -0.02572399 0.9106278 -0.4125373 -0.02387666 0.9027941 -0.4295 -0.02219516 0.8854832 -0.4638864 -0.02699828 0.9149682 -0.4023362 -0.03096514 0.915706 -0.4008238 -0.02868252 0.9066425 -0.4210779 -0.02632236 0.9161934 -0.3978188 -0.04827129 0.9278582 -0.3703013 -0.04422724 0.9232771 -0.3820923 -0.03955924 0.9092553 -0.4145889 -0.03702414 0.9509731 -0.2976285 -0.08406817 0.9440993 -0.3220019 -0.07065129 0.9334776 -0.3536159 -0.05979472 0.904105 -0.4236529 -0.05579018 0.9008967 -0.4336691 -0.01778566 0.8899732 -0.4551911 -0.02736383 0.8562254 -0.5136544 -0.0551123 0.8080379 -0.5808924 -0.09817749 0.8874005 -0.4603292 -0.02484726 0.8903849 -0.4543231 -0.02838009 0.8695498 -0.4918199 -0.04468107 0.8261067 -0.5581561 -0.07752048 0.8832314 -0.4682821 -0.0247839 0.87961 -0.47484 -0.02851939 0.8681809 -0.4945969 -0.04044657 0.845968 -0.5294795 -0.06316536 0.8887549 -0.4578346 -0.02241516 0.8853015 -0.4642528 -0.02665901 0.8820806 -0.4695909 -0.03765988 0.8862764 -0.4597069 -0.05642735 0.8567456 -0.4225975 0.2956323 0.9044446 -0.3257264 0.2754675 0.8466732 -0.4868276 0.2148101 0.8361087 -0.526048 0.1555505 0.8095002 -0.5302144 0.2521551 0.8981575 -0.3789471 0.2229625 0.8931412 -0.4077806 0.1897731 0.8629318 -0.4875828 0.1327099 0.878507 -0.432578 0.2027355 0.9288316 -0.3159788 0.1934668 0.9126029 -0.3784506 0.1546973 0.8898715 -0.4430608 0.1087476 0.93221 -0.3313052 0.1456754 0.9444828 -0.3020861 0.1292139 0.9336451 -0.3428178 0.1038405 0.9141374 -0.397753 0.07839298 0.9095438 -0.4151545 0.01941442 0.8777202 -0.4784503 0.02632111 0.8812594 -0.4720063 0.02433145 0.8901981 -0.455024 0.02237564 0.9068713 -0.4205658 0.02662903 0.8755482 -0.4820861 0.03175753 0.8747518 -0.4836759 0.02944648 0.8857575 -0.463381 0.02667868 0.8725436 -0.4860078 0.04964137 0.8565771 -0.5139392 0.04628592 0.8637627 -0.5022207 0.04109162 0.8820856 -0.4695803 0.03767567 0.8057813 -0.5850261 0.09198421 0.8240467 -0.5613773 0.07617616 0.8456052 -0.5300517 0.06322264 0.8862765 -0.4597063 0.05643028 0.8923829 -0.4509248 0.01788294 0.9027916 -0.4292212 0.02713948 0.9274562 -0.3702042 0.05266731 0.9493065 -0.3012103 0.08994174 0.9052534 -0.4241616 0.02456408 0.9023606 -0.430061 0.02816218 0.9188359 -0.3922582 0.04329288 0.9429391 -0.3250786 0.07203978 0.9089286 -0.4162385 0.02437698 0.9118248 -0.4096283 0.0279358 0.9201239 -0.3896683 0.03912407 0.9332666 -0.3541779 0.05976253 0.9041238 -0.4266939 0.02219498 0.9070491 -0.4202035 0.02628982 0.9092592 -0.414582 0.03701025 0.9041008 -0.4236615 0.05579203 0.7648138 -0.5645883 -0.3103227 0.6825569 -0.6624683 -0.3086293 0.822822 -0.5249571 -0.2176789 0.8535271 -0.4977665 -0.1540133 0.845533 -0.4732377 -0.2472248 0.7394204 -0.6278953 -0.2429096 0.7675177 -0.6078956 -0.20342 0.8311426 -0.5393871 -0.1351428 0.7855448 -0.5808234 -0.2134566 0.6841405 -0.6953122 -0.220211 0.7464622 -0.6434505 -0.1696044 0.8017007 -0.5866813 -0.1143733 0.7040318 -0.6907634 -0.1648796 0.6761557 -0.7214956 -0.1491903 0.7181308 -0.6860101 -0.1169543 0.7679615 -0.6348074 -0.08517563 0.7836687 -0.6208285 -0.02086961 0.8297459 -0.5574849 -0.02706611 0.8254048 -0.5639817 -0.02513337 0.8135735 -0.5809915 -0.02339166 0.7878207 -0.6152443 -0.02851688 0.8320903 -0.553683 -0.0325725 0.8331808 -0.5521774 -0.03016787 0.8194139 -0.5725315 -0.02772754 0.8342835 -0.5489944 -0.05075526 0.8521349 -0.5212608 -0.04640436 0.8449608 -0.5332124 -0.04154479 0.8235175 -0.5659505 -0.03897953 0.8902167 -0.4470297 -0.08762878 0.8785023 -0.4720014 -0.07381373 0.8613061 -0.5042093 -0.0626474 0.8161342 -0.5748661 -0.05877089 0.8106808 -0.5851882 -0.01875001 0.7944722 -0.6066132 -0.02888834 0.7454564 -0.663995 -0.05835539 0.6778346 -0.727801 -0.1041441 0.790633 -0.611728 -0.02623856 0.7950978 -0.6057408 -0.02995878 0.7646428 -0.6427189 -0.0472632 0.7027564 -0.7066655 -0.0822041 0.7844603 -0.6196262 -0.02618235 0.7791593 -0.6261009 -0.03014254 0.7625696 -0.6454893 -0.04279202 0.7308184 -0.6792833 -0.06692403 0.7926115 -0.6092675 -0.02366614 0.7875409 -0.6156188 -0.02815991 0.7829338 -0.6208312 -0.03979122 0.7895254 -0.6108191 -0.05958181 0.7648112 -0.5645924 0.3103216 0.8352151 -0.4689437 0.2872411 0.7405841 -0.6325695 0.2266958 0.720699 -0.6734215 0.1646103 0.6905874 -0.6724228 0.2663395 0.8183148 -0.5251193 0.2336893 0.8072778 -0.555458 0.1994216 0.7582455 -0.6367062 0.1402466 0.7864444 -0.5796415 0.2133568 0.8631689 -0.4628301 0.2018111 0.8340497 -0.5272791 0.1622898 0.7967684 -0.5933064 0.1146637 0.8640169 -0.4798922 0.1522444 0.8824728 -0.4506639 0.1346993 0.863468 -0.4925599 0.1086639 0.8320596 -0.5485301 0.08241188 0.8237209 -0.5666271 0.02044111 0.7763557 -0.6296808 0.0278238 0.7815459 -0.6233177 0.02571195 0.7947561 -0.6064692 0.0236209 0.8197577 -0.5720233 0.02804881 0.7732239 -0.6332436 0.0335797 0.7720301 -0.6348231 0.03113675 0.7882175 -0.6147513 0.02817809 0.7691251 -0.636939 0.05249178 0.7457867 -0.6643796 0.04901045 0.75614 -0.6529634 0.04348939 0.7829346 -0.6208292 0.03980576 0.6744164 -0.7318732 0.09759175 0.699787 -0.7097691 0.08078485 0.7303081 -0.6798262 0.06698203 0.7895264 -0.6108176 0.05958282 0.797962 -0.6024123 0.01887428 0.8136194 -0.5806938 0.02860301 0.8517174 -0.5210797 0.05525726 0.8877975 -0.4505786 0.09377932 0.8172954 -0.5756375 0.02587866 0.812989 -0.5815221 0.02968192 0.8382199 -0.5434309 0.04550176 0.8767027 -0.475105 0.0752846 0.8228446 -0.5676864 0.02566808 0.8272722 -0.5610314 0.02940082 0.840113 -0.5408512 0.04111289 0.860973 -0.5047817 0.06261807 0.8155688 -0.5781874 0.02338701 0.820024 -0.571659 0.02768909 0.8235242 -0.5659415 0.03896397 0.8161392 -0.574859 0.05877119 0.6340678 -0.7005248 -0.3274495 0.5213384 -0.7888463 -0.3254656 0.7063403 -0.6694381 -0.2300787 0.7458012 -0.6459705 -0.1627966 0.7421717 -0.6174907 -0.2605505 0.5916526 -0.7641425 -0.2569702 0.6271245 -0.7485308 -0.2154451 0.712377 -0.6870461 -0.1431322 0.6530897 -0.7227849 -0.2259554 0.5150142 -0.8249728 -0.2327668 0.5957115 -0.7828238 -0.1797628 0.6695484 -0.7327945 -0.1213148 0.5378742 -0.8247482 -0.1745906 0.4998401 -0.8516165 -0.1578264 0.5544806 -0.822909 -0.1239842 0.621414 -0.7782489 -0.09040778 0.6419498 -0.7664263 -0.02216219 0.7069224 -0.7067083 -0.02870935 0.7007175 -0.7129405 -0.02666503 0.6839217 -0.7291329 -0.02482831 0.6478035 -0.7612056 -0.03027898 0.7103374 -0.7030132 -0.03454482 0.71186 -0.7015923 -0.03199261 0.6922329 -0.7210742 -0.02942144 0.7137635 -0.698316 -0.05381768 0.7393503 -0.6715245 -0.0491535 0.7289201 -0.6831818 -0.04402703 0.6981987 -0.7147088 -0.04135334 0.7963604 -0.5977178 -0.09243148 0.7785227 -0.6227529 -0.07798278 0.7530141 -0.6546557 -0.0663017 0.6881126 -0.7229202 -0.06234997 0.6797969 -0.7331305 -0.01990115 0.6571113 -0.7531694 -0.03067171 0.5897758 -0.8051883 -0.06193894 0.5001061 -0.858919 -0.1102365 0.6517093 -0.757957 -0.02786296 0.6579963 -0.7523491 -0.03180843 0.6159108 -0.7862161 -0.05018067 0.5325994 -0.841871 -0.08712768 0.6430975 -0.7652795 -0.02780181 0.6357627 -0.7712206 -0.03200972 0.6129848 -0.7887874 -0.04543244 0.5700342 -0.8185472 -0.07100558 0.6544552 -0.7556831 -0.02512842 0.6474108 -0.7615545 -0.02990001 0.6411416 -0.7662585 -0.04225504 0.6506786 -0.7567144 -0.06325167 0.6340665 -0.7005276 0.327446 0.7318249 -0.6107501 0.3023518 0.5918205 -0.7695336 0.2399305 0.5603152 -0.8097118 0.1743956 0.5276513 -0.8015398 0.2812795 0.7013667 -0.6686722 0.2469052 0.682615 -0.6996347 0.2110642 0.6102656 -0.7781082 0.1487398 0.6543477 -0.7216808 0.2258451 0.7635875 -0.6096442 0.2127636 0.7181707 -0.6743431 0.1717335 0.6626271 -0.7390067 0.1216326 0.7610148 -0.6284933 0.1607876 0.7871596 -0.6001665 0.1420564 0.7578037 -0.6422863 0.1148995 0.7114052 -0.6973309 0.0873636 0.6982818 -0.7154945 0.02168762 0.6318504 -0.7745271 0.02954578 0.6390395 -0.7686893 0.02730286 0.6574532 -0.7530779 0.02508187 0.6927258 -0.7205867 0.02976274 0.6275795 -0.7777358 0.03565543 0.6258876 -0.7792122 0.03306281 0.648357 -0.7607485 0.02991944 0.6221956 -0.7808758 0.05573105 0.5900498 -0.8056892 0.05202198 0.6041558 -0.7955274 0.04617345 0.6411455 -0.7662545 0.04226815 0.4953701 -0.8625195 0.1032884 0.5285913 -0.8445478 0.08561813 0.5693279 -0.8190328 0.0710718 0.6506843 -0.7567094 0.06325376 0.66191 -0.7493155 0.0200386 0.6840454 -0.7288076 0.03035616 0.7389303 -0.6712351 0.05852824 0.793008 -0.601124 0.09893715 0.6892082 -0.7240428 0.0274626 0.6831524 -0.7295961 0.03150165 0.7192972 -0.6930257 0.0482397 0.7759147 -0.6258019 0.07954996 0.6970803 -0.7164757 0.02723538 0.7034225 -0.7100874 0.03118783 0.7219451 -0.6905764 0.04358375 0.7525263 -0.6552191 0.06627357 0.6867504 -0.7264695 0.02482146 0.6931005 -0.720242 0.02937972 0.6982066 -0.714702 0.04133772 0.6881054 -0.7229267 0.06235283 0.4593926 -0.8187345 -0.3444303 0.3160681 -0.8858449 -0.3396763 0.5455548 -0.8019739 -0.2433268 0.5944086 -0.7854297 -0.1725648 0.5971091 -0.7533692 -0.2754919 0.3975154 -0.8769751 -0.2699931 0.4397534 -0.8689412 -0.2270645 0.5479099 -0.8226764 -0.1516522 0.4744122 -0.8473909 -0.2384574 0.2998324 -0.9224984 -0.2430996 0.3970785 -0.8980851 -0.1891348 0.4898207 -0.8623257 -0.1283363 0.3241821 -0.92816 -0.182825 0.2767197 -0.9467317 -0.1646976 0.342381 -0.9305139 -0.1300739 0.4259947 -0.8996843 -0.09537702 0.4513031 -0.8920634 -0.02341771 0.5371562 -0.8429333 -0.03044039 0.5288311 -0.8482563 -0.02826684 0.5064411 -0.8618735 -0.02629756 0.4589989 -0.8878601 -0.03200888 0.5418025 -0.8397072 -0.03663319 0.5438244 -0.8385128 -0.0339303 0.5175324 -0.8550955 -0.03117692 0.5467081 -0.835376 -0.05707257 0.5812733 -0.8120346 -0.05216664 0.5670047 -0.8223886 -0.04671901 0.5256463 -0.8495734 -0.04383105 0.6611927 -0.7437765 -0.09808576 0.6358276 -0.7673789 -0.0827822 0.6003088 -0.796666 -0.07037627 0.5125451 -0.8561158 -0.06605529 0.5009374 -0.8652269 -0.02107894 0.4711592 -0.8814513 -0.03244447 0.3848816 -0.9206604 -0.06519782 0.2750557 -0.9545173 -0.1150699 0.4640688 -0.8853091 -0.02945989 0.4723277 -0.8807807 -0.03364664 0.4180103 -0.906899 -0.05292874 0.3140397 -0.9450152 -0.0912438 0.4528429 -0.891106 -0.02938389 0.4433691 -0.8957014 -0.03380835 0.4141661 -0.9089394 -0.04791325 0.3601818 -0.9298934 -0.07461643 0.4676319 -0.8835238 -0.02657592 0.4584801 -0.8881424 -0.03160804 0.4504657 -0.8916769 -0.04464304 0.4632843 -0.8836827 -0.06687664 0.4594017 -0.8187317 0.3444249 0.5873754 -0.7436989 0.3192213 0.3963128 -0.8828072 0.252166 0.3520851 -0.9179074 0.1829811 0.3194338 -0.9008721 0.2939244 0.5402889 -0.7999839 0.2609863 0.5122872 -0.8293237 0.2231233 0.4139685 -0.8967 0.1567144 0.4760292 -0.8465095 0.2383651 0.6224166 -0.7495614 0.2252892 0.5573341 -0.8101162 0.1819081 0.4807227 -0.8673873 0.1286281 0.6152182 -0.7697068 0.1704639 0.6504964 -0.7444195 0.150646 0.6084734 -0.7841551 0.1219058 0.5443677 -0.8337175 0.09262186 0.5255262 -0.8504668 0.02298933 0.4382698 -0.8983018 0.0312013 0.4475636 -0.8937867 0.02884799 0.4715532 -0.8814384 0.02653223 0.5181936 -0.8546817 0.03154075 0.4328103 -0.9006989 0.03764301 0.4306241 -0.9018563 0.03490334 0.4597192 -0.8875009 0.03163164 0.4261788 -0.9027253 0.05881023 0.3850561 -0.9212669 0.05476528 0.4028805 -0.9139581 0.04866069 0.4504727 -0.8916725 0.04466241 0.2690895 -0.9570667 0.1077693 0.3090553 -0.9468113 0.08962893 0.3593062 -0.9302271 0.0746777 0.4632932 -0.883678 0.0668776 0.4773605 -0.8784518 0.02120041 0.5066606 -0.8615458 0.03215682 0.5808764 -0.8116186 0.06211286 0.656726 -0.7467858 0.1049863 0.5134898 -0.8576022 0.02909922 0.5054814 -0.8621921 0.03336966 0.5540622 -0.8309012 0.05117106 0.6322556 -0.7701445 0.08444267 0.5239769 -0.8512433 0.02886593 0.5324942 -0.8457876 0.03306668 0.5575622 -0.8288466 0.04623657 0.5996367 -0.7971748 0.07034343 0.510191 -0.859659 0.02629786 0.5186812 -0.8544005 0.0311374 0.5256507 -0.8495716 0.04381412 0.5125447 -0.8561159 0.06605726 0.242994 -0.9018027 -0.3573599 0.07757002 -0.9345789 -0.3471962 0.338348 -0.9058706 -0.2547921 0.3949851 -0.9005677 -0.1815618 0.4061542 -0.866745 -0.2894683 0.1631312 -0.9464617 -0.2785649 0.2090591 -0.9491496 -0.2353918 0.3354192 -0.9285583 -0.1589766 0.2510633 -0.9356445 -0.2480658 0.05131548 -0.96738 -0.2480779 0.1569818 -0.9681169 -0.1952086 0.2632951 -0.9553901 -0.1338116 0.07436352 -0.9795176 -0.187124 0.02158522 -0.9856143 -0.1676265 0.09220421 -0.9867599 -0.1334292 0.1864871 -0.9774783 -0.09878641 0.2148959 -0.976334 -0.02432507 0.3186102 -0.9473491 -0.03189796 0.3083444 -0.9508143 -0.02959704 0.2809623 -0.9593255 -0.02747517 0.2240721 -0.9740043 -0.03327625 0.32442 -0.9451335 -0.03839915 0.326891 -0.9443923 -0.03557527 0.2945214 -0.9550884 -0.03260713 0.3307933 -0.9418033 -0.05985254 0.3739552 -0.9258219 -0.05487757 0.3559253 -0.9332245 -0.04908496 0.3046047 -0.9513735 -0.04587686 0.4779672 -0.8722305 -0.1037364 0.4444076 -0.8915486 -0.08742505 0.3984476 -0.9141897 -0.07414013 0.2889773 -0.9548428 -0.06904667 0.274253 -0.9614057 -0.0220074 0.2385401 -0.9705453 -0.03377223 0.1383433 -0.9881005 -0.06721907 0.01782023 -0.9929609 -0.1170949 0.2300688 -0.972692 -0.0306425 0.239948 -0.9701536 -0.03502887 0.1762474 -0.9828205 -0.05477792 0.05955535 -0.9938566 -0.09328579 0.2167684 -0.9757456 -0.03052699 0.2056382 -0.9779988 -0.03508979 0.1717342 -0.9838957 -0.04956483 0.110535 -0.9909078 -0.07670664 0.2342848 -0.9717746 -0.0276547 0.2234537 -0.9741606 -0.03285831 0.2141119 -0.975708 -0.04636901 0.2296662 -0.9707813 -0.06955039 0.2430148 -0.9017982 0.3573569 0.3981853 -0.8539857 0.3348982 0.160337 -0.9521619 0.2601535 0.1055023 -0.9765067 0.1878939 0.07692843 -0.9506476 0.3005847 0.3332888 -0.9024093 0.2730863 0.295808 -0.9263982 0.2329893 0.1748272 -0.9711687 0.1620703 0.2530219 -0.9351322 0.2480077 0.434383 -0.8688988 0.2373318 0.348772 -0.917581 0.1907964 0.2523588 -0.9583118 0.1339914 0.4214953 -0.8888623 0.1796265 0.4661477 -0.8702768 0.1591379 0.410502 -0.9027661 0.1284589 0.3287312 -0.9394187 0.09709954 0.3042557 -0.9522865 0.02406257 0.1996156 -0.9793397 0.03236383 0.2105256 -0.9771295 0.02995091 0.2389604 -0.9706366 0.02761638 0.2953317 -0.9548252 0.03298687 0.1932988 -0.9803637 0.03902024 0.1906951 -0.9809827 0.03617173 0.2249071 -0.9738252 0.03288531 0.1858661 -0.9806851 0.06091606 0.1383376 -0.9887745 0.05646032 0.1587084 -0.986045 0.05027085 0.214125 -0.9757043 0.04638516 0.01116847 -0.9939147 0.109585 0.05405062 -0.9943299 0.09157913 0.1095385 -0.9910143 0.07675939 0.2296793 -0.9707781 0.06955116 0.24586 -0.9690538 0.02208501 0.2812743 -0.9590392 0.03359639 0.3736331 -0.9252729 0.06533294 0.4723417 -0.8743984 0.1109994 0.2895681 -0.9566739 0.03042083 0.2798727 -0.9594041 0.0348587 0.3398448 -0.9389473 0.05369889 0.4398187 -0.8936499 0.08915913 0.3023892 -0.9527058 0.030209 0.3128961 -0.9491557 0.03463369 0.3441301 -0.9376667 0.04853546 0.3975856 -0.9145678 0.07410496 0.2855312 -0.9579754 0.02748137 0.2959367 -0.9546523 0.03256762 0.3046028 -0.951375 0.04585951 0.2889555 -0.9548493 0.06904804 0 -0.932078 -0.3622581 -0.1700112 -0.9229359 -0.3453776 0.09476006 -0.9606321 -0.2611641 0.1541661 -0.97012 -0.1873503 0.1747909 -0.938143 -0.2988912 -0.09051328 -0.9557976 -0.2797471 -0.04623693 -0.9702493 -0.2376519 0.08566015 -0.9829106 -0.162939 -0.001053869 -0.9678052 -0.2516983 -0.2035177 -0.9476956 -0.2458735 -0.102212 -0.975294 -0.1958429 0.005830645 -0.9906959 -0.1359695 -0.1847253 -0.965048 -0.1859006 -0.2362671 -0.9574904 -0.1654996 -0.1695681 -0.9765288 -0.1328092 -0.07590752 -0.9921431 -0.09944927 -0.04772019 -0.9985585 -0.02457332 0.06354963 -0.9974451 -0.03263121 0.05224871 -0.9981762 -0.0302388 0.02244114 -0.9993566 -0.02797794 -0.03806418 -0.9987085 -0.03365343 0.07002967 -0.99677 -0.03931212 0.07273524 -0.9966858 -0.03643077 0.03718394 -0.9987549 -0.03325831 0.07739853 -0.9951127 -0.0613203 0.1257197 -0.9904552 -0.05650752 0.1052863 -0.9931622 -0.05043619 0.04831427 -0.9977328 -0.04685229 0.2481693 -0.9626728 -0.1080423 0.2078363 -0.9739463 -0.09073448 0.1540403 -0.9850943 -0.07655632 0.03171598 -0.9970161 -0.0703777 0.01516419 -0.9996342 -0.02239531 -0.02283465 -0.9991537 -0.0342127 -0.1255572 -0.9898031 -0.06727045 -0.2416857 -0.9634518 -0.1155372 -0.03179484 -0.9990133 -0.03101122 -0.02133345 -0.9991423 -0.03549259 -0.08734744 -0.9946544 -0.05507433 -0.2024787 -0.9749097 -0.0924853 -0.04573392 -0.9984775 -0.03084194 -0.05728638 -0.9977299 -0.03540396 -0.09203231 -0.9945098 -0.04980355 -0.1530691 -0.9852493 -0.07650971 -0.02737599 -0.999233 -0.02800202 -0.03871983 -0.9986976 -0.03322517 -0.04832565 -0.9977329 -0.04683816 -0.03171598 -0.9970162 -0.0703777 0 -0.9320793 0.3622547 0.1700212 -0.9229317 0.345384 -0.09475672 -0.9606339 0.2611585 -0.1541582 -0.9701207 0.187353 -0.1747798 -0.9381445 0.2988932 0.09052091 -0.9557971 0.2797463 0.04619306 -0.9702506 0.2376555 -0.08565193 -0.9829117 0.1629365 0.001026749 -0.9678059 0.2516959 0.2034825 -0.9477019 0.2458782 0.1022192 -0.9752935 0.1958419 -0.005836129 -0.9906954 0.1359726 0.1847149 -0.9650501 0.1858997 0.2362624 -0.957491 0.1655026 0.1695879 -0.9765255 0.1328082 0.07593244 -0.9921413 0.09944856 0.04771965 -0.9985585 0.02457332 -0.06355017 -0.9974451 0.03263121 -0.0522468 -0.9981763 0.0302388 -0.02244305 -0.9993566 0.02798032 0.03806501 -0.9987085 0.03365349 -0.07002794 -0.9967702 0.03931373 -0.07273435 -0.9966859 0.03642928 -0.03718233 -0.9987549 0.03326004 -0.07739377 -0.9951131 0.06132024 -0.1257227 -0.990455 0.0565055 -0.1052813 -0.9931627 0.05043625 -0.04831969 -0.9977324 0.04685437 -0.2481581 -0.962676 0.1080398 -0.2078337 -0.9739469 0.09073466 -0.1540319 -0.9850956 0.07655662 -0.03170746 -0.9970163 0.07037878 -0.01516312 -0.9996342 0.02239525 0.02283573 -0.9991537 0.0342133 0.1255537 -0.9898035 0.06727081 0.2416762 -0.9634543 0.1155357 0.03179389 -0.9990133 0.03101116 0.0213325 -0.9991423 0.03549188 0.08735078 -0.9946541 0.05507445 0.2024771 -0.97491 0.0924865 0.04573088 -0.9984776 0.03084194 0.0572865 -0.9977298 0.03540515 0.09203481 -0.9945095 0.04980522 0.1530616 -0.9852503 0.07651114 0.02737784 -0.999233 0.02800083 0.03871625 -0.9986978 0.03322529 0.04833239 -0.9977327 0.04683512 0.03170073 -0.9970166 0.07037878 -0.2429959 -0.9018012 -0.357362 -0.3981914 -0.8539841 -0.3348953 -0.1603203 -0.9521639 -0.2601566 -0.105484 -0.976509 -0.1878918 -0.07693165 -0.9506478 -0.3005834 -0.3332511 -0.9024228 -0.2730876 -0.2958417 -0.9263882 -0.2329869 -0.1748167 -0.9711701 -0.1620731 -0.2530364 -0.9351283 -0.2480074 -0.4344117 -0.8688859 -0.2373266 -0.348775 -0.9175797 -0.1907973 -0.2523571 -0.9583122 -0.1339918 -0.4215015 -0.8888593 -0.1796259 -0.4661362 -0.8702829 -0.1591376 -0.4104779 -0.9027767 -0.1284611 -0.3287201 -0.9394226 -0.09710025 -0.304257 -0.9522861 -0.02406138 -0.1996138 -0.9793401 -0.03236383 -0.2105248 -0.9771297 -0.02995085 -0.2389623 -0.9706361 -0.02761638 -0.2953301 -0.9548256 -0.03298825 -0.1932994 -0.9803637 -0.03902012 -0.1906971 -0.9809824 -0.03617012 -0.224906 -0.9738254 -0.03288519 -0.1858633 -0.9806855 -0.06091618 -0.1383376 -0.9887744 -0.0564624 -0.1587043 -0.9860455 -0.05027091 -0.2141234 -0.9757047 -0.04638552 -0.0111708 -0.9939144 -0.1095878 -0.05405366 -0.9943297 -0.0915789 -0.1095401 -0.9910142 -0.07675927 -0.2296662 -0.9707813 -0.06955039 -0.2458612 -0.9690535 -0.02208501 -0.2812749 -0.959039 -0.03359651 -0.3736369 -0.9252714 -0.06533271 -0.4723404 -0.874399 -0.1110004 -0.2895712 -0.956673 -0.03042083 -0.279874 -0.9594036 -0.03485876 -0.3398395 -0.9389492 -0.05369794 -0.4398202 -0.8936492 -0.08916002 -0.3023887 -0.9527059 -0.03020989 -0.3128976 -0.9491553 -0.03463202 -0.3441252 -0.9376685 -0.04853558 -0.3975969 -0.914563 -0.07410466 -0.2855271 -0.9579766 -0.02748143 -0.2959375 -0.9546521 -0.0325675 -0.3045986 -0.9513762 -0.04585999 -0.2889771 -0.9548428 -0.06904661 -0.2429866 -0.9018056 0.3573574 -0.07756638 -0.9345787 0.3471974 -0.3383612 -0.9058678 0.254785 -0.3949683 -0.9005743 0.1815652 -0.4061493 -0.8667465 0.2894709 -0.1631375 -0.9464599 0.2785674 -0.2090901 -0.9491431 0.2353906 -0.3354249 -0.9285562 0.1589763 -0.2511004 -0.9356366 0.248058 -0.05132907 -0.9673791 0.2480788 -0.1569793 -0.9681175 0.1952077 -0.2632961 -0.9553898 0.1338116 -0.07435953 -0.9795179 0.1871244 -0.02157771 -0.9856143 0.1676276 -0.09218722 -0.9867616 0.1334291 -0.1864765 -0.9774804 0.09878611 -0.2148942 -0.9763344 0.02432501 -0.318611 -0.9473487 0.0318979 -0.3083423 -0.950815 0.02959704 -0.2809656 -0.9593245 0.02747511 -0.224068 -0.9740053 0.03327625 -0.3244184 -0.945134 0.03839927 -0.3268888 -0.944393 0.03557533 -0.2945232 -0.9550879 0.03260719 -0.330791 -0.9418042 0.05985248 -0.3739561 -0.9258215 0.05487746 -0.3559149 -0.9332284 0.04908519 -0.3046012 -0.9513745 0.04587656 -0.4779728 -0.8722279 0.103733 -0.4444035 -0.8915506 0.08742523 -0.3984481 -0.9141895 0.07414042 -0.2889558 -0.9548493 0.0690481 -0.274254 -0.9614055 0.02200859 -0.238538 -0.9705458 0.03377151 -0.1383445 -0.9881004 0.06721949 -0.01783424 -0.9929609 0.117093 -0.2300688 -0.9726919 0.03064244 -0.2399492 -0.9701532 0.03502964 -0.1762474 -0.9828206 0.05477815 -0.05956029 -0.9938564 0.09328573 -0.2167701 -0.9757453 0.03052699 -0.2056397 -0.9779986 0.03508824 -0.1717353 -0.9838955 0.04956483 -0.1105459 -0.9909066 0.0767064 -0.2342848 -0.9717746 0.0276547 -0.2234571 -0.9741598 0.03285837 -0.2141146 -0.9757074 0.04636853 -0.2296811 -0.9707778 0.06955105 -0.4593977 -0.8187325 -0.3444286 -0.5873797 -0.7436971 -0.3192178 -0.3963199 -0.8828037 -0.2521668 -0.3520726 -0.9179121 -0.1829815 -0.3194362 -0.9008718 -0.2939226 -0.5402907 -0.7999837 -0.2609832 -0.5123093 -0.8293108 -0.2231209 -0.4139714 -0.8966987 -0.1567139 -0.4760465 -0.8464998 -0.238365 -0.6224219 -0.7495578 -0.2252867 -0.5573414 -0.8101112 -0.1819083 -0.4807201 -0.8673887 -0.1286286 -0.6152179 -0.7697069 -0.1704645 -0.6504849 -0.7444295 -0.150646 -0.6084627 -0.784163 -0.1219078 -0.5443582 -0.8337237 -0.09262293 -0.5255306 -0.8504641 -0.02299034 -0.4382706 -0.8983015 -0.03120112 -0.4475654 -0.8937858 -0.02884781 -0.4715539 -0.881438 -0.02653217 -0.5181927 -0.8546822 -0.03154063 -0.4328064 -0.9007006 -0.03764289 -0.4306274 -0.9018546 -0.03490322 -0.4597105 -0.8875055 -0.03163158 -0.4261776 -0.902726 -0.05881029 -0.3850571 -0.9212665 -0.05476552 -0.4028748 -0.9139607 -0.04866087 -0.4504744 -0.8916715 -0.04466283 -0.2690872 -0.9570673 -0.1077703 -0.3090551 -0.9468113 -0.08962869 -0.3593086 -0.9302262 -0.07467746 -0.4632725 -0.8836891 -0.06687641 -0.4773626 -0.8784506 -0.02120095 -0.5066599 -0.8615462 -0.03215563 -0.5808769 -0.8116183 -0.06211233 -0.6567312 -0.7467811 -0.1049868 -0.5134935 -0.8575999 -0.0290991 -0.5054826 -0.8621914 -0.03336954 -0.5540633 -0.8309004 -0.05117088 -0.6322526 -0.7701468 -0.08444321 -0.5239761 -0.8512439 -0.02886569 -0.5324985 -0.845785 -0.03306663 -0.5575579 -0.8288495 -0.04623663 -0.5996431 -0.7971701 -0.07034301 -0.5101884 -0.8596606 -0.02629774 -0.5186787 -0.8544022 -0.03113728 -0.5256525 -0.8495705 -0.0438143 -0.5125519 -0.8561117 -0.06605571 -0.4593904 -0.8187369 0.344428 -0.3160732 -0.8858429 0.3396766 -0.5455571 -0.8019734 0.2433233 -0.5943943 -0.7854402 0.1725667 -0.5970979 -0.7533762 0.2754969 -0.39752 -0.8769723 0.2699956 -0.4397685 -0.8689338 0.2270634 -0.5479083 -0.8226775 0.1516522 -0.4744175 -0.8473886 0.2384547 -0.2998515 -0.9224926 0.2430981 -0.3970769 -0.898086 0.1891342 -0.4898321 -0.8623194 0.1283357 -0.3242102 -0.9281504 0.1828239 -0.2766969 -0.946738 0.1646996 -0.3423729 -0.9305168 0.1300743 -0.4259752 -0.8996935 0.09537702 -0.4513041 -0.8920629 0.02341777 -0.5371586 -0.8429319 0.03044033 -0.5288273 -0.8482587 0.0282669 -0.5064442 -0.8618717 0.0262975 -0.4590001 -0.8878594 0.03200894 -0.5418064 -0.8397048 0.03663313 -0.5438197 -0.8385159 0.03393048 -0.5175355 -0.8550935 0.03117704 -0.546707 -0.8353767 0.05707263 -0.5812775 -0.8120316 0.05216646 -0.5670042 -0.8223891 0.04671907 -0.5256453 -0.849574 0.04383087 -0.6611986 -0.7437714 0.0980845 -0.6358292 -0.7673776 0.08278214 -0.6002999 -0.7966727 0.07037681 -0.5125434 -0.8561168 0.06605631 -0.5009345 -0.8652285 0.02107954 -0.4711544 -0.8814539 0.03244382 -0.3848824 -0.92066 0.0651983 -0.2750653 -0.9545147 0.1150687 -0.4640662 -0.8853106 0.02945989 -0.4723305 -0.8807792 0.03364658 -0.4180038 -0.9069021 0.0529288 -0.314042 -0.9450145 0.0912435 -0.4528459 -0.8911046 0.02938383 -0.4433699 -0.8957009 0.03380841 -0.4141696 -0.9089379 0.04791319 -0.3601801 -0.929894 0.07461637 -0.4676323 -0.8835236 0.02657592 -0.4584807 -0.8881421 0.03160816 -0.4504619 -0.8916789 0.0446425 -0.4633015 -0.8836737 0.0668767 -0.634069 -0.7005239 -0.3274491 -0.7318194 -0.6107561 -0.302353 -0.5918301 -0.7695261 -0.2399306 -0.5603103 -0.8097152 -0.1743957 -0.5276672 -0.8015306 -0.2812756 -0.7013438 -0.6686942 -0.2469108 -0.6826306 -0.6996204 -0.2110612 -0.6102628 -0.7781109 -0.1487372 -0.6543514 -0.7216772 -0.2258459 -0.7635977 -0.6096335 -0.2127577 -0.7181773 -0.6743361 -0.171733 -0.6626229 -0.7390103 -0.121634 -0.7610164 -0.6284914 -0.1607877 -0.7871531 -0.600175 -0.1420565 -0.7577946 -0.6422966 -0.1149019 -0.7114046 -0.6973314 -0.08736389 -0.6982833 -0.715493 -0.02168762 -0.631852 -0.7745257 -0.02954697 -0.6390376 -0.768691 -0.02730292 -0.6574518 -0.7530791 -0.02508199 -0.6927261 -0.7205864 -0.02976262 -0.627579 -0.7777361 -0.03565675 -0.6258916 -0.7792089 -0.03306275 -0.6483532 -0.7607516 -0.02991944 -0.6221963 -0.780875 -0.05573123 -0.5900517 -0.8056876 -0.052024 -0.6041481 -0.7955333 -0.04617375 -0.6411492 -0.7662515 -0.04226833 -0.4953653 -0.8625221 -0.1032895 -0.5285868 -0.8445506 -0.08561795 -0.5693342 -0.8190284 -0.0710712 -0.65068 -0.756713 -0.06325334 -0.6619117 -0.749314 -0.0200386 -0.6840426 -0.7288101 -0.03035628 -0.7389315 -0.6712338 -0.05852788 -0.7930077 -0.6011242 -0.0989378 -0.6892089 -0.7240421 -0.0274626 -0.6831514 -0.729597 -0.03150159 -0.7192957 -0.6930272 -0.04823935 -0.7759128 -0.6258044 -0.07954996 -0.6970833 -0.7164728 -0.02723526 -0.703426 -0.7100841 -0.03118783 -0.7219424 -0.6905793 -0.04358392 -0.7525292 -0.6552159 -0.06627357 -0.6867447 -0.7264748 -0.02482163 -0.6931003 -0.7202423 -0.02937966 -0.6982043 -0.714704 -0.04133808 -0.688114 -0.7229187 -0.06235158 -0.6340637 -0.7005287 0.327449 -0.5213419 -0.7888442 0.3254655 -0.7063429 -0.6694365 0.2300751 -0.7457958 -0.6459767 0.1627969 -0.7421705 -0.6174908 0.2605537 -0.591668 -0.7641308 0.2569692 -0.6271385 -0.7485197 0.2154427 -0.712373 -0.6870502 0.1431325 -0.6531059 -0.7227719 0.2259504 -0.5150169 -0.8249716 0.2327652 -0.5957102 -0.7828251 0.179762 -0.6695573 -0.7327865 0.1213135 -0.5378971 -0.8247338 0.1745881 -0.4998369 -0.8516183 0.1578273 -0.5544834 -0.8229072 0.1239836 -0.6213989 -0.7782607 0.09040862 -0.6419502 -0.766426 0.02216219 -0.7069245 -0.7067061 0.02870935 -0.7007135 -0.7129443 0.02666509 -0.6839192 -0.7291352 0.02482843 -0.6478028 -0.7612062 0.03027898 -0.7103402 -0.7030104 0.03454488 -0.7118559 -0.7015966 0.03199279 -0.6922385 -0.721069 0.02942144 -0.7137628 -0.6983168 0.05381762 -0.7393524 -0.6715222 0.04915338 -0.7289179 -0.683184 0.04402709 -0.6981982 -0.7147092 0.04135292 -0.7963619 -0.597716 0.09243071 -0.7785219 -0.6227539 0.0779829 -0.7530105 -0.6546596 0.06630241 -0.6881103 -0.7229223 0.06235069 -0.6797967 -0.7331306 0.01990115 -0.6571096 -0.7531708 0.03067165 -0.5897802 -0.805185 0.06193917 -0.5001184 -0.8589121 0.110235 -0.6517069 -0.757959 0.02786296 -0.658001 -0.752345 0.03180742 -0.6159077 -0.7862186 0.05018126 -0.5326017 -0.8418697 0.08712613 -0.6431 -0.7652774 0.02780288 -0.6357619 -0.7712213 0.03200834 -0.6129911 -0.7887825 0.04543226 -0.5700386 -0.818544 0.07100528 -0.6544557 -0.7556828 0.02512842 -0.6474117 -0.7615538 0.02990001 -0.641138 -0.7662615 0.04225468 -0.6506873 -0.7567068 0.06325256 -0.7648153 -0.5645866 -0.3103219 -0.8352136 -0.4689475 -0.2872394 -0.740583 -0.6325702 -0.2266981 -0.7206927 -0.6734281 -0.1646105 -0.6906028 -0.6724089 -0.2663346 -0.8183053 -0.5251328 -0.2336925 -0.8072875 -0.555445 -0.1994184 -0.7582442 -0.6367076 -0.1402466 -0.7864515 -0.5796321 -0.2133564 -0.863173 -0.4628247 -0.2018062 -0.8340558 -0.5272698 -0.1622889 -0.7967631 -0.5933132 -0.1146656 -0.8640186 -0.479889 -0.1522448 -0.8824689 -0.4506715 -0.1346992 -0.8634646 -0.4925652 -0.1086664 -0.8320553 -0.5485363 -0.08241283 -0.8237203 -0.5666278 -0.02044105 -0.7763565 -0.6296796 -0.02782386 -0.7815454 -0.6233184 -0.02571189 -0.7947556 -0.6064699 -0.02362102 -0.8197575 -0.5720235 -0.02804881 -0.7732265 -0.6332402 -0.03357952 -0.7720322 -0.6348204 -0.03113651 -0.7882164 -0.6147528 -0.02817809 -0.7691261 -0.6369377 -0.0524916 -0.745786 -0.6643804 -0.04901069 -0.7561391 -0.6529642 -0.04348957 -0.7829363 -0.6208273 -0.03980588 -0.6744168 -0.7318729 -0.09759187 -0.6997855 -0.7097705 -0.08078473 -0.7303072 -0.6798271 -0.06698238 -0.7895237 -0.610821 -0.05958259 -0.7979648 -0.6024085 -0.01887428 -0.8136209 -0.5806919 -0.02860301 -0.8517191 -0.5210771 -0.05525702 -0.8877959 -0.4505814 -0.09378135 -0.8172963 -0.5756363 -0.0258786 -0.8129874 -0.5815245 -0.02968192 -0.8382183 -0.5434333 -0.04550194 -0.8767009 -0.4751083 -0.07528513 -0.8228438 -0.5676876 -0.02566814 -0.8272726 -0.5610311 -0.02940082 -0.8401132 -0.5408508 -0.04111313 -0.8609736 -0.5047807 -0.06261765 -0.8155693 -0.5781866 -0.02338701 -0.8200234 -0.5716601 -0.02768903 -0.8235231 -0.5659431 -0.03896433 -0.8161382 -0.5748606 -0.05876964 -0.7648194 -0.5645834 0.3103173 -0.6825487 -0.6624748 0.3086332 -0.8228209 -0.5249594 0.2176775 -0.8535223 -0.4977744 0.1540146 -0.8455302 -0.4732408 0.2472286 -0.7394279 -0.6278867 0.2429088 -0.7675181 -0.6078948 0.2034206 -0.8311397 -0.5393915 0.1351433 -0.7855484 -0.5808197 0.2134532 -0.6841508 -0.6953032 0.2202071 -0.7464489 -0.6434653 0.1696066 -0.8017057 -0.5866748 0.1143721 -0.7040414 -0.6907538 0.1648785 -0.6761493 -0.7215012 0.1491921 -0.7181276 -0.6860135 0.1169543 -0.76795 -0.6348211 0.08517664 -0.7836696 -0.6208273 0.02086961 -0.8297454 -0.5574854 0.02706611 -0.8254032 -0.563984 0.02513349 -0.8135774 -0.580986 0.02339136 -0.7878195 -0.6152456 0.028517 -0.8320919 -0.5536806 0.03257238 -0.8331811 -0.552177 0.03016787 -0.8194146 -0.5725305 0.02772754 -0.8342868 -0.5489897 0.0507549 -0.8521374 -0.5212566 0.04640406 -0.844962 -0.5332105 0.04154479 -0.8235148 -0.5659541 0.03897929 -0.8902164 -0.4470304 0.08762824 -0.8785023 -0.4720016 0.07381343 -0.8613054 -0.5042105 0.06264752 -0.816137 -0.574862 0.05877137 -0.8106801 -0.5851892 0.01874995 -0.7944715 -0.6066142 0.0288884 -0.7454556 -0.663996 0.05835551 -0.6778475 -0.7277892 0.1041424 -0.7906323 -0.6117289 0.0262385 -0.7950991 -0.6057392 0.0299586 -0.7646416 -0.6427203 0.04726332 -0.7027615 -0.7066604 0.0822035 -0.7844632 -0.6196224 0.02618229 -0.7791585 -0.6261018 0.03014272 -0.7625702 -0.6454886 0.04279196 -0.7308248 -0.6792764 0.06692361 -0.7926106 -0.6092688 0.0236662 -0.7875454 -0.615613 0.02816003 -0.7829297 -0.6208365 0.03979098 -0.7895264 -0.6108176 0.05958282 -0.8567472 -0.4225944 -0.2956323 -0.9044433 -0.325731 -0.2754662 -0.8466779 -0.4868203 -0.2148081 -0.8361105 -0.5260457 -0.1555488 -0.8095038 -0.5302099 -0.2521529 -0.8981512 -0.3789586 -0.2229683 -0.8931444 -0.4077737 -0.1897729 -0.8629309 -0.4875845 -0.1327095 -0.8785091 -0.4325732 -0.202737 -0.9288321 -0.3159807 -0.1934611 -0.9126012 -0.378454 -0.1546987 -0.8898639 -0.4430751 -0.1087508 -0.9322115 -0.3313013 -0.1456755 -0.944482 -0.3020895 -0.1292122 -0.9336449 -0.3428181 -0.1038415 -0.914135 -0.3977583 -0.07839256 -0.9095447 -0.4151525 -0.01941424 -0.8777192 -0.478452 -0.02632117 -0.8812603 -0.4720047 -0.02433151 -0.8901983 -0.4550235 -0.02237564 -0.9068689 -0.4205709 -0.0266292 -0.8755453 -0.4820911 -0.03175759 -0.8747546 -0.4836709 -0.029446 -0.8857556 -0.4633846 -0.0266788 -0.8725443 -0.4860064 -0.04964113 -0.8565791 -0.5139356 -0.04628562 -0.8637633 -0.5022197 -0.04109168 -0.8820862 -0.469579 -0.03767621 -0.8057773 -0.5850315 -0.09198504 -0.8240441 -0.5613809 -0.07617598 -0.8456088 -0.5300459 -0.06322246 -0.8862729 -0.4597132 -0.05642914 -0.8923834 -0.4509236 -0.01788288 -0.9027904 -0.4292238 -0.02713966 -0.9274566 -0.3702033 -0.05266678 -0.9493054 -0.3012136 -0.08994269 -0.9052541 -0.42416 -0.02456396 -0.9023587 -0.4300648 -0.0281623 -0.9188361 -0.3922579 -0.04329252 -0.9429384 -0.3250808 -0.07204025 -0.9089283 -0.4162392 -0.02437704 -0.9118261 -0.4096251 -0.02793556 -0.9201254 -0.3896648 -0.03912407 -0.9332653 -0.3541814 -0.05976229 -0.9041205 -0.4267009 -0.02219492 -0.9070481 -0.4202057 -0.02628976 -0.9092555 -0.4145898 -0.03701096 -0.904105 -0.4236529 -0.05579018 -0.8567424 -0.4226004 0.2956374 -0.8006589 -0.5228094 0.2926019 -0.9021745 -0.3781058 0.2076466 -0.9254935 -0.3490099 0.1471522 -0.9144667 -0.3280664 0.236903 -0.8448621 -0.482881 0.2302913 -0.8663564 -0.4606515 0.1929427 -0.9118909 -0.3897395 0.1286789 -0.877902 -0.4337692 0.2028114 -0.8078513 -0.5514138 0.2081328 -0.8536832 -0.4954474 0.1604896 -0.8931733 -0.4364226 0.1085218 -0.8244919 -0.5440301 0.1557067 -0.8054633 -0.5756924 0.1407386 -0.836014 -0.5374872 0.1104 -0.8711712 -0.4843236 0.08056908 -0.8827272 -0.4694706 0.01975238 -0.9134688 -0.4060948 0.02572387 -0.9106293 -0.4125339 0.0238766 -0.9027958 -0.4294966 0.0221951 -0.8854854 -0.4638824 0.02699834 -0.9149664 -0.4023403 0.03096514 -0.9157059 -0.4008243 0.02868252 -0.9066435 -0.4210761 0.02632224 -0.9161919 -0.3978218 0.04827111 -0.9278591 -0.3702991 0.04422688 -0.9232779 -0.3820907 0.0395593 -0.9092578 -0.4145835 0.03702342 -0.9509723 -0.297631 0.08406794 -0.9440995 -0.3220012 0.07065093 -0.9334768 -0.353618 0.05979508 -0.9040989 -0.4236656 0.05579257 -0.9008949 -0.433673 0.01778572 -0.8899725 -0.4551928 0.02736383 -0.8562268 -0.5136521 0.05511236 -0.8080433 -0.5808852 0.0981763 -0.8874011 -0.460328 0.0248472 -0.8903834 -0.4543261 0.02838015 -0.8695495 -0.4918204 0.04468137 -0.8261073 -0.5581554 0.07751983 -0.8832318 -0.4682813 0.02478384 -0.8796071 -0.4748453 0.02851969 -0.8681813 -0.4945963 0.04044651 -0.8459718 -0.5294734 0.06316524 -0.8887526 -0.4578389 0.02241516 -0.8853025 -0.4642508 0.02665907 -0.8820797 -0.4695928 0.0376594 -0.8862778 -0.4597041 0.05642765 -0.9167231 -0.2803079 -0.2846866 -0.9457846 -0.1838926 -0.2677222 -0.9176277 -0.340173 -0.205528 -0.9142486 -0.3770448 -0.1482796 -0.8910751 -0.3848688 -0.2405437 -0.9480193 -0.2341718 -0.2154598 -0.9477624 -0.2613817 -0.1828283 -0.9324088 -0.3384001 -0.126883 -0.938139 -0.2862085 -0.1948847 -0.9670915 -0.1712936 -0.1881294 -0.9612624 -0.2316068 -0.1494429 -0.9500626 -0.2940866 -0.1043758 -0.9724935 -0.1850939 -0.1414095 -0.9797037 -0.1560503 -0.125813 -0.9755043 -0.1955975 -0.1006622 -0.9655181 -0.2491295 -0.07556086 -0.9638656 -0.2657333 -0.01867902 -0.9443638 -0.327938 -0.0251761 -0.9465913 -0.3215941 -0.02328515 -0.9521473 -0.3048864 -0.02144759 -0.9622167 -0.2710779 -0.02560812 -0.9429493 -0.3315486 -0.03036761 -0.9424738 -0.3330925 -0.02815395 -0.9493703 -0.3131185 -0.02555269 -0.9408308 -0.3355379 -0.04745197 -0.9307219 -0.3630544 -0.04414016 -0.9353853 -0.3514481 -0.03922575 -0.9469748 -0.3192772 -0.03606611 -0.8965229 -0.4343149 -0.08727765 -0.9090124 -0.4104342 -0.07238882 -0.9233675 -0.3791654 -0.06021803 -0.9492914 -0.3097138 -0.05406826 -0.9535204 -0.3008404 -0.01714771 -0.9597719 -0.2795676 -0.02607744 -0.9737546 -0.2218351 -0.05090421 -0.9840984 -0.1545334 -0.08757787 -0.9612711 -0.2745916 -0.02361381 -0.959502 -0.2803996 -0.02705788 -0.9690272 -0.2433995 -0.04174983 -0.981584 -0.1777593 -0.06996202 -0.9634626 -0.2668142 -0.02345216 -0.9651433 -0.2603368 -0.02689307 -0.9698358 -0.2408204 -0.03773933 -0.9768007 -0.2061855 -0.05786126 -0.9606134 -0.2770688 -0.02133059 -0.9623264 -0.2707188 -0.02528238 -0.96352 -0.2652567 -0.03561186 -0.9601458 -0.2743047 -0.05363756 -0.9167229 -0.2803103 0.2846845 -0.8819409 -0.379591 0.279448 -0.9516002 -0.2327978 0.2006546 -0.9688453 -0.2025134 0.142574 -0.9554863 -0.1846232 0.2301308 -0.9153745 -0.3368875 0.2204459 -0.9313813 -0.3135452 0.1849819 -0.9622777 -0.2420917 0.1241499 -0.9377689 -0.2873875 0.1949304 -0.8929983 -0.4041008 0.1981335 -0.925278 -0.3468958 0.1533751 -0.9520823 -0.287537 0.1042196 -0.9066813 -0.3949147 0.1482279 -0.8947616 -0.4260709 0.1336608 -0.915944 -0.3872953 0.1051143 -0.9393373 -0.3342319 0.07703548 -0.9475401 -0.3190772 0.01890778 -0.9661285 -0.2568701 0.0247718 -0.9644713 -0.2631866 0.02297884 -0.9598172 -0.2798146 0.0213254 -0.9491991 -0.3136119 0.02585798 -0.9669513 -0.2532103 0.02983134 -0.9674044 -0.2517238 0.0276376 -0.9620862 -0.2715688 0.02531266 -0.967414 -0.2488888 0.04652458 -0.9741373 -0.2218774 0.04274636 -0.97163 -0.2334028 0.0381872 -0.9635169 -0.2652661 0.03562545 -0.9851454 -0.1509399 0.08188885 -0.9822238 -0.1747153 0.06863629 -0.9769166 -0.2056266 0.05789506 -0.9601448 -0.2743081 0.05363696 -0.9587016 -0.2839007 0.01708161 -0.9519673 -0.3050743 0.02622884 -0.9303602 -0.36286 0.05256062 -0.8978742 -0.4302785 0.09317857 -0.9504022 -0.3101115 0.02380532 -0.9522127 -0.3042217 0.0272054 -0.9390115 -0.3412259 0.04268956 -0.9103362 -0.4072575 0.07368433 -0.947816 -0.3179342 0.02372658 -0.9455251 -0.3244036 0.02728921 -0.938202 -0.343925 0.03863376 -0.9236032 -0.3785988 0.06016623 -0.951257 -0.3076507 0.0214799 -0.949088 -0.313975 0.0255329 -0.9469721 -0.319287 0.03605353 -0.9492934 -0.3097071 0.05406951 -0.9503844 -0.1395553 -0.2780178 -0.9634755 -0.04357987 -0.264227 -0.9602358 -0.1954448 -0.1993709 -0.9625726 -0.2300685 -0.1432567 -0.9423941 -0.2406477 -0.2323403 -0.9731116 -0.09139972 -0.2114234 -0.9768657 -0.1172546 -0.1788437 -0.9737132 -0.1916708 -0.1230642 -0.9714297 -0.1420465 -0.1901246 -0.9821531 -0.028391 -0.1859284 -0.9853467 -0.0870667 -0.1466669 -0.983781 -0.1477467 -0.1017147 -0.9893724 -0.04092669 -0.1395253 -0.9921413 -0.011837 -0.1245613 -0.9937804 -0.05060213 -0.0991978 -0.9919108 -0.1031339 -0.07400202 -0.9927185 -0.1190665 -0.01825863 -0.9833232 -0.180217 -0.02444159 -0.984489 -0.1739823 -0.02262169 -0.9872869 -0.157572 -0.02087426 -0.9919224 -0.1243546 -0.02501708 -0.9825245 -0.1837854 -0.02946978 -0.9823042 -0.1852893 -0.02731722 -0.9858678 -0.1656726 -0.02484667 -0.9811288 -0.1877971 -0.0460298 -0.9757322 -0.2147648 -0.04269331 -0.9783685 -0.2033526 -0.0379858 -0.9845138 -0.1717683 -0.03504663 -0.9548162 -0.2851295 -0.08382946 -0.9626854 -0.261497 -0.06968712 -0.9712881 -0.2306905 -0.05814963 -0.9853053 -0.1625031 -0.0525965 -0.9879938 -0.1535887 -0.01669579 -0.9908286 -0.1327072 -0.02545052 -0.9958546 -0.07597875 -0.05000972 -0.9961851 -0.009740889 -0.08672052 -0.9915309 -0.127808 -0.02305948 -0.9906929 -0.1335305 -0.02640473 -0.9944254 -0.09718167 -0.04091477 -0.9970791 -0.03256374 -0.06908631 -0.9924916 -0.1201456 -0.02292132 -0.9931557 -0.1137976 -0.0263043 -0.994826 -0.09461927 -0.0369957 -0.9965378 -0.06057602 -0.05694681 -0.9912644 -0.1302359 -0.02082473 -0.991975 -0.1239983 -0.02469897 -0.992323 -0.118673 -0.03481286 -0.9904299 -0.1276916 -0.05237948 -0.950385 -0.1395515 0.2780174 -0.9331657 -0.2371153 0.2701449 -0.9763176 -0.08958667 0.196922 -0.9883854 -0.05817717 0.1403913 -0.972927 -0.04290252 0.227096 -0.9576536 -0.1927071 0.2139244 -0.9691163 -0.1686445 0.179924 -0.9878258 -0.09690672 0.1216934 -0.9712546 -0.1432117 0.1901448 -0.9470757 -0.2580317 0.1909641 -0.9683338 -0.2005862 0.1486439 -0.9847353 -0.1413046 0.1016344 -0.9582563 -0.2476093 0.1429502 -0.9519829 -0.2778756 0.1285066 -0.965643 -0.2392599 0.1014317 -0.9795529 -0.1867883 0.07474154 -0.9850128 -0.1715 0.01837313 -0.9935954 -0.1103661 0.02423906 -0.9929275 -0.1165776 0.02246761 -0.990906 -0.1329373 0.02081292 -0.9857789 -0.1661568 0.02514165 -0.9938532 -0.1067857 0.02920126 -0.9940713 -0.1053099 0.02705848 -0.9918688 -0.1248399 0.02472603 -0.993676 -0.1026249 0.04556578 -0.9962264 -0.07595801 0.04199475 -0.9954768 -0.0873062 0.03746587 -0.9923224 -0.1186742 0.03482562 -0.9966855 -0.006102204 0.08112287 -0.9972612 -0.02954304 0.06780344 -0.9965687 -0.06003051 0.0569837 -0.990431 -0.1276828 0.05238127 -0.9904399 -0.1369354 0.01666265 -0.9871453 -0.1577745 0.02552676 -0.9753689 -0.2146412 0.05084043 -0.9554476 -0.2812539 0.0895335 -0.9864025 -0.1627087 0.02315527 -0.9872527 -0.1569434 0.02647912 -0.9802587 -0.1933398 0.04138481 -0.9634318 -0.2583889 0.07095456 -0.9851079 -0.1703842 0.02305907 -0.9838982 -0.176754 0.02650213 -0.9798949 -0.1959695 0.03744298 -0.9714213 -0.23014 0.0581054 -0.9868491 -0.1602874 0.02089887 -0.9857268 -0.1665129 0.02482491 -0.9845129 -0.1717762 0.03503245 -0.9853044 -0.1625079 0.05259728 -0.9612196 0 -0.2757843 -0.9594163 0.09630507 -0.2650389 -0.9790919 -0.05263245 -0.1964914 -0.9863719 -0.08542174 -0.140619 -0.9687198 -0.09835368 -0.2278345 -0.9762054 0.05037856 -0.2109149 -0.9837216 0.02554178 -0.1778748 -0.9914946 -0.0470854 -0.1213318 -0.9820649 5.7936e-4 -0.1885424 -0.9757251 0.114186 -0.1868751 -0.9876162 0.05640423 -0.1463994 -0.9949016 -0.003198206 -0.1007997 -0.9848031 0.1027213 -0.1400401 -0.9832482 0.1322232 -0.1254594 -0.9906173 0.09373354 -0.09945607 -0.9964122 0.04155462 -0.07372862 -0.9994963 0.02602887 -0.01815724 -0.9991068 -0.03469115 -0.02412849 -0.9993438 -0.02850627 -0.0223487 -0.9997118 -0.01223254 -0.0206626 -0.9994753 0.02076047 -0.02486193 -0.9988453 -0.03824239 -0.0290811 -0.9988473 -0.03972232 -0.02695137 -0.9994924 -0.02028012 -0.02457064 -0.9980728 -0.0423026 -0.04540067 -0.996737 -0.06894516 -0.04197776 -0.9976374 -0.05762833 -0.03739887 -0.9990523 -0.02636557 -0.03463274 -0.9869604 -0.138646 -0.08177018 -0.9909974 -0.1152358 -0.06815338 -0.9947646 -0.08477425 -0.05706852 -0.9984956 -0.0172922 -0.05203419 -0.9998292 -0.008264303 -0.0165351 -0.9996033 0.01244622 -0.02526712 -0.9963722 0.06887388 -0.04998868 -0.986997 0.1349182 -0.08737432 -0.9995874 0.01733499 -0.02290689 -0.9995887 0.01163268 -0.02621215 -0.9980255 0.04776 -0.04079312 -0.991259 0.1121903 -0.06941914 -0.9994289 0.02494901 -0.02279049 -0.9991683 0.03126841 -0.02617359 -0.9980502 0.05034339 -0.03689664 -0.9948127 0.08423441 -0.05702793 -0.9996747 0.01492756 -0.02068096 -0.9994757 0.0211147 -0.02454656 -0.9990527 0.02637177 -0.03462004 -0.9984956 0.01729464 -0.05203324 -0.9612206 0 0.2757807 -0.9594152 -0.09631216 0.2650404 -0.9790918 0.05263024 0.1964926 -0.9863721 0.08541572 0.1406215 -0.9687175 0.09836214 0.2278409 -0.9762057 -0.0503782 0.2109135 -0.9837216 -0.02553451 0.1778762 -0.9914944 0.04708522 0.1213338 -0.9820653 -5.81851e-4 0.1885404 -0.9757239 -0.1141926 0.1868771 -0.987616 -0.05640733 0.1463994 -0.9949017 0.003201842 0.1007995 -0.9848036 -0.1027195 0.1400381 -0.9832484 -0.1322229 0.1254585 -0.9906175 -0.09373253 0.09945499 -0.9964122 -0.04155486 0.07372921 -0.9994964 -0.02602785 0.01815742 -0.9991068 0.03469133 0.02412879 -0.9993438 0.02850639 0.0223487 -0.9997117 0.01223248 0.02066266 -0.9994753 -0.02076119 0.02486193 -0.9988453 0.03824234 0.02908104 -0.9988473 0.03972035 0.02695184 -0.9994924 0.0202825 0.02457046 -0.9980728 0.04230284 0.04540044 -0.996737 0.06894421 0.041978 -0.9976373 0.05762869 0.03739911 -0.9990522 0.02637076 0.03463268 -0.9869603 0.1386476 0.08176946 -0.9909974 0.1152362 0.06815308 -0.9947639 0.08478128 0.05706936 -0.9984956 0.01729249 0.05203425 -0.9998292 0.008264303 0.01653516 -0.9996033 -0.01244622 0.02526712 -0.9963726 -0.06886851 0.04998838 -0.9869972 -0.1349179 0.08737123 -0.9995873 -0.01733505 0.02290689 -0.9995887 -0.01163262 0.02621221 -0.9980256 -0.04775995 0.04079312 -0.9912592 -0.1121892 0.06941801 -0.9994291 -0.02494531 0.02279043 -0.9991683 -0.03126853 0.02617365 -0.9980502 -0.05034333 0.03689634 -0.9948128 -0.08423459 0.05702799 -0.9996747 -0.01492756 0.02068084 -0.9994757 -0.0211147 0.02454656 -0.9990525 -0.02637535 0.03461951 -0.9984956 -0.017295 0.05203485 -0.9503848 0.1395524 -0.2780177 -0.9331672 0.2371109 -0.2701433 -0.976318 0.08958446 -0.1969214 -0.9883858 0.05817461 -0.1403895 -0.9729275 0.04290467 -0.2270933 -0.95765 0.1927163 -0.2139322 -0.9691156 0.1686491 -0.1799242 -0.9878263 0.09690338 -0.1216927 -0.9712531 0.1432142 -0.1901503 -0.9470775 0.2580268 -0.1909624 -0.9683342 0.2005872 -0.1486398 -0.9847338 0.1413127 -0.1016381 -0.9582536 0.247618 -0.1429523 -0.9519838 0.2778726 -0.1285061 -0.965641 0.2392668 -0.1014339 -0.9795545 0.1867801 -0.07474166 -0.9850133 0.1714974 -0.01837307 -0.9935956 0.110365 -0.02423888 -0.9929274 0.1165777 -0.02246761 -0.990906 0.132937 -0.02081274 -0.9857795 0.1661527 -0.02514171 -0.9938532 0.1067852 -0.02920109 -0.9940714 0.1053085 -0.02705836 -0.9918687 0.1248401 -0.02472609 -0.9936761 0.1026248 -0.04556566 -0.9962261 0.07596111 -0.04199504 -0.9954769 0.08730554 -0.03746539 -0.9923217 0.1186797 -0.03482568 -0.9966854 0.006103873 -0.08112323 -0.9972613 0.02954179 -0.06780254 -0.9965686 0.06003153 -0.0569837 -0.9904302 0.1276891 -0.05237984 -0.9904404 0.1369318 -0.01666265 -0.9871452 0.1577748 -0.025527 -0.9753693 0.2146393 -0.05084031 -0.9554454 0.2812606 -0.08953583 -0.9864031 0.1627045 -0.02315521 -0.9872527 0.1569429 -0.02647912 -0.9802588 0.1933395 -0.04138493 -0.9634317 0.2583884 -0.07095617 -0.985108 0.1703835 -0.02305901 -0.9838988 0.1767513 -0.02650177 -0.9798944 0.1959717 -0.03744339 -0.9714215 0.2301391 -0.05810487 -0.986849 0.1602888 -0.02089917 -0.9857269 0.1665121 -0.02482461 -0.984513 0.1717759 -0.0350334 -0.9853049 0.1625055 -0.0525971 -0.9503844 0.139556 0.2780176 -0.9634751 0.04357451 0.2642291 -0.960237 0.1954413 0.1993687 -0.9625729 0.2300671 0.1432575 -0.9423908 0.2406557 0.2323454 -0.9731147 0.09139221 0.2114127 -0.9768642 0.1172612 0.178847 -0.9737136 0.1916689 0.1230646 -0.9714301 0.1420475 0.1901213 -0.9821526 0.02838641 0.1859318 -0.9853461 0.0870729 0.1466674 -0.9837812 0.1477457 0.1017138 -0.9893725 0.04093015 0.1395241 -0.9921415 0.01182746 0.1245608 -0.9937803 0.05060678 0.09919601 -0.9919115 0.1031283 0.07400101 -0.9927182 0.1190685 0.01825851 -0.9833232 0.1802167 0.0244413 -0.9844888 0.1739829 0.02262181 -0.9872872 0.1575707 0.02087408 -0.9919228 0.1243513 0.02501714 -0.9825255 0.1837809 0.02946978 -0.9823036 0.1852926 0.0273174 -0.985868 0.1656715 0.02484649 -0.9811289 0.1877965 0.04602986 -0.975732 0.2147656 0.04269295 -0.9783684 0.2033528 0.03798621 -0.9845138 0.1717688 0.03504639 -0.9548153 0.2851326 0.0838294 -0.9626863 0.2614936 0.06968647 -0.9712881 0.2306903 0.05814987 -0.9853051 0.1625036 0.05259811 -0.9879938 0.1535885 0.01669567 -0.9908285 0.1327069 0.02545058 -0.9958545 0.07597947 0.0500102 -0.9961851 0.009743988 0.08671927 -0.9915308 0.1278084 0.02305966 -0.9906935 0.1335267 0.02640497 -0.9944253 0.09718227 0.04091501 -0.9970792 0.03256011 0.0690869 -0.9924917 0.1201456 0.02292126 -0.9931555 0.1137991 0.02630478 -0.9948261 0.09461772 0.03699469 -0.9965379 0.06057631 0.05694681 -0.9912644 0.1302357 0.02082467 -0.9919751 0.1239975 0.02469879 -0.9923233 0.1186695 0.03481268 -0.9904305 0.1276857 0.05238115 -0.9167229 0.2803082 -0.2846869 -0.8819405 0.3795897 -0.279451 -0.9515998 0.2327975 -0.2006573 -0.9688466 0.2025078 -0.1425729 -0.9554867 0.1846269 -0.230126 -0.9153708 0.3368952 -0.2204496 -0.931382 0.3135444 -0.1849797 -0.9622789 0.2420876 -0.1241497 -0.9377659 0.2873933 -0.1949363 -0.8929994 0.4040984 -0.1981328 -0.9252794 0.3468929 -0.1533735 -0.9520793 0.2875465 -0.1042218 -0.9066748 0.3949291 -0.1482289 -0.894765 0.4260639 -0.1336612 -0.9159421 0.3872994 -0.105116 -0.9393406 0.334223 -0.07703506 -0.9475389 0.3190809 -0.01890796 -0.9661293 0.2568668 -0.02477169 -0.9644708 0.2631888 -0.0229786 -0.9598155 0.2798205 -0.02132552 -0.9491995 0.3136109 -0.02585792 -0.9669529 0.2532041 -0.02983129 -0.9674049 0.2517223 -0.02763712 -0.9620862 0.2715686 -0.02531218 -0.967414 0.248889 -0.04652476 -0.974137 0.2218779 -0.0427469 -0.9716306 0.2334007 -0.03818684 -0.9635171 0.2652653 -0.03562533 -0.9851452 0.1509415 -0.08188909 -0.9822235 0.1747169 -0.06863707 -0.9769164 0.2056271 -0.0578944 -0.9601472 0.2743003 -0.05363607 -0.9587028 0.2838963 -0.01708132 -0.9519665 0.3050769 -0.0262292 -0.9303604 0.3628593 -0.05256098 -0.8978707 0.4302858 -0.09318 -0.950403 0.3101089 -0.02380526 -0.9522138 0.3042184 -0.02720475 -0.9390117 0.3412253 -0.04268908 -0.9103347 0.4072613 -0.07368367 -0.9478169 0.3179313 -0.02372652 -0.9455266 0.3243992 -0.02728861 -0.9382014 0.3439266 -0.03863495 -0.9236048 0.3785951 -0.06016671 -0.9512574 0.3076492 -0.02147996 -0.9490879 0.3139752 -0.02553224 -0.9469722 0.3192867 -0.03605324 -0.9492899 0.3097177 -0.05407029 -0.9167214 0.2803106 0.2846893 -0.9457865 0.1838858 0.2677199 -0.9176245 0.3401795 0.2055315 -0.9142492 0.3770425 0.1482819 -0.8910676 0.3848821 0.2405502 -0.9480238 0.2341605 0.2154524 -0.9477592 0.2613904 0.182832 -0.9324108 0.3383949 0.126882 -0.9381384 0.2862105 0.1948843 -0.967091 0.1712906 0.1881343 -0.9612618 0.2316091 0.1494425 -0.9500642 0.2940817 0.1043751 -0.9724935 0.1850959 0.1414073 -0.9797042 0.1560463 0.1258143 -0.9755042 0.1955985 0.1006619 -0.9655181 0.2491288 0.07556122 -0.9638662 0.2657312 0.01867896 -0.9443641 0.3279368 0.02517592 -0.946591 0.3215951 0.02328556 -0.9521476 0.3048856 0.02144706 -0.9622183 0.2710724 0.02560824 -0.942949 0.3315494 0.03036779 -0.9424734 0.3330935 0.02815407 -0.949371 0.3131163 0.02555316 -0.9408323 0.335534 0.04745155 -0.9307203 0.3630585 0.04413938 -0.9353855 0.3514477 0.03922569 -0.9469736 0.3192809 0.03606575 -0.8965259 0.434309 0.08727586 -0.9090128 0.4104334 0.07238918 -0.9233676 0.3791652 0.06021714 -0.9492928 0.3097085 0.05407279 -0.9535198 0.3008422 0.01714771 -0.9597722 0.2795668 0.0260775 -0.9737545 0.2218356 0.05090433 -0.9840983 0.154535 0.08757603 -0.9612709 0.2745919 0.02361369 -0.9595028 0.2803971 0.02705794 -0.9690274 0.2433989 0.04174971 -0.9815841 0.177758 0.06996148 -0.9634627 0.2668142 0.02345204 -0.9651424 0.26034 0.02689343 -0.9698359 0.2408201 0.03773927 -0.9768 0.2061887 0.05786216 -0.9606138 0.2770671 0.02133041 -0.9623262 0.2707198 0.0252825 -0.9635196 0.2652581 0.03561127 -0.9601443 0.2743102 0.05363798 -0.8567474 0.4225934 -0.2956331 -0.8006627 0.5228044 -0.2926 -0.9021738 0.3781066 -0.2076486 -0.9254978 0.3489997 -0.1471496 -0.9144691 0.3280646 -0.2368963 -0.8448612 0.4828832 -0.23029 -0.8663569 0.4606522 -0.1929386 -0.9118917 0.3897381 -0.1286774 -0.8778988 0.4337739 -0.2028149 -0.807852 0.5514143 -0.2081281 -0.8536822 0.4954486 -0.1604909 -0.8931729 0.4364235 -0.1085206 -0.8244847 0.5440405 -0.1557075 -0.8054698 0.5756835 -0.1407368 -0.8360088 0.5374954 -0.1104001 -0.8711735 0.4843195 -0.08056962 -0.8827278 0.4694697 -0.0197519 -0.9134687 0.4060952 -0.02572393 -0.9106283 0.4125363 -0.02387648 -0.9027954 0.4294973 -0.02219539 -0.8854857 0.4638818 -0.02699822 -0.9149683 0.4023361 -0.03096503 -0.9157055 0.4008252 -0.02868318 -0.9066435 0.4210759 -0.0263229 -0.9161924 0.3978211 -0.04827135 -0.9278581 0.3703017 -0.0442276 -0.9232779 0.3820903 -0.03955817 -0.909255 0.4145898 -0.03702437 -0.9509729 0.2976293 -0.08406794 -0.9440991 0.322002 -0.07065188 -0.9334764 0.353619 -0.05979537 -0.9041045 0.4236539 -0.05579 -0.9008955 0.4336717 -0.01778537 -0.8899717 0.4551939 -0.02736437 -0.8562246 0.5136557 -0.05511206 -0.8080375 0.580893 -0.09817749 -0.8874018 0.4603267 -0.0248478 -0.8903848 0.4543231 -0.02837997 -0.8695504 0.4918188 -0.04468101 -0.8261038 0.5581604 -0.07752114 -0.8832307 0.4682836 -0.02478367 -0.87961 0.4748399 -0.02851986 -0.8681813 0.4945961 -0.04044729 -0.845969 0.5294775 -0.06316602 -0.8887533 0.4578377 -0.02241563 -0.8853011 0.4642535 -0.02665948 -0.8820785 0.4695947 -0.03766167 -0.8862745 0.4597099 -0.05643111 -0.8567454 0.4225974 0.2956333 -0.9044441 0.3257278 0.2754678 -0.846672 0.4868297 0.2148105 -0.8361121 0.5260427 0.1555495 -0.8095005 0.5302146 0.2521536 -0.8981581 0.3789459 0.2229619 -0.8931381 0.4077861 0.1897756 -0.8629324 0.487582 0.1327086 -0.8785024 0.432585 0.2027406 -0.9288306 0.315984 0.1934631 -0.9125998 0.378457 0.1547002 -0.8898673 0.4430692 0.1087471 -0.9322108 0.3313024 0.1456773 -0.944484 0.3020824 0.129214 -0.9336459 0.3428159 0.1038389 -0.9141355 0.3977578 0.07839137 -0.9095445 0.4151529 0.01941442 -0.8777202 0.4784501 0.02632057 -0.8812621 0.4720013 0.02433109 -0.8901985 0.4550231 0.02237588 -0.9068694 0.4205697 0.02662926 -0.8755477 0.4820868 0.03175824 -0.8747533 0.4836732 0.02944713 -0.8857574 0.4633814 0.02667832 -0.8725461 0.4860035 0.0496397 -0.8565806 0.5139334 0.04628425 -0.8637614 0.5022228 0.04109215 -0.882086 0.4695797 0.0376752 -0.8057793 0.5850286 0.09198552 -0.8240488 0.5613741 0.0761764 -0.8456076 0.5300479 0.06322252 -0.8862753 0.4597083 0.05643218 -0.8923836 0.4509232 0.017883 -0.902792 0.4292203 0.02713996 -0.9274554 0.3702061 0.05266761 -0.9493056 0.3012134 0.0899412 -0.9052534 0.4241616 0.0245642 -0.9023575 0.4300673 0.02816307 -0.9188368 0.392256 0.04329264 -0.9429396 0.3250776 0.07203942 -0.9089286 0.4162385 0.02437698 -0.9118263 0.4096248 0.02793639 -0.9201273 0.3896603 0.03912407 -0.9332636 0.3541854 0.05976486 -0.9041208 0.4267002 0.02219498 -0.9070491 0.4202034 0.02628904 -0.9092596 0.4145809 0.03701013 -0.9041028 0.4236575 0.05579084 -0.7648122 0.5645895 -0.3103242 -0.6825583 0.6624674 -0.308628 -0.8228216 0.5249581 -0.2176779 -0.8535244 0.4977707 -0.1540142 -0.8455328 0.4732364 -0.2472284 -0.7394196 0.6278961 -0.2429097 -0.7675197 0.6078928 -0.2034208 -0.8311424 0.5393868 -0.135145 -0.7855474 0.5808209 -0.2134536 -0.6841376 0.6953148 -0.2202116 -0.746459 0.6434537 -0.1696065 -0.8016988 0.5866836 -0.1143742 -0.7040344 0.6907605 -0.1648807 -0.6761562 0.7214955 -0.1491883 -0.7181311 0.68601 -0.1169531 -0.7679634 0.6348054 -0.08517354 -0.7836697 0.6208272 -0.02086997 -0.8297452 0.5574857 -0.02706557 -0.8254051 0.5639813 -0.0251336 -0.8135725 0.5809928 -0.02339166 -0.7878201 0.6152451 -0.0285167 -0.8320906 0.5536828 -0.03257179 -0.8331801 0.5521785 -0.03016823 -0.8194134 0.5725322 -0.02772629 -0.8342843 0.5489933 -0.05075591 -0.8521353 0.5212602 -0.0464043 -0.8449624 0.5332099 -0.04154431 -0.8235155 0.565953 -0.03897881 -0.8902155 0.4470323 -0.087628 -0.8785014 0.4720032 -0.07381403 -0.8613055 0.5042105 -0.06264704 -0.8161373 0.5748618 -0.05876868 -0.8106806 0.5851883 -0.01874953 -0.7944744 0.6066103 -0.02888834 -0.7454548 0.6639969 -0.05835497 -0.6778367 0.727799 -0.1041445 -0.790634 0.6117268 -0.02623933 -0.7950957 0.6057438 -0.02995854 -0.7646456 0.6427156 -0.04726344 -0.7027547 0.7066671 -0.08220392 -0.7844604 0.6196261 -0.02618342 -0.7791612 0.6260985 -0.03014272 -0.7625681 0.6454912 -0.04279184 -0.7308219 0.6792796 -0.06692367 -0.792612 0.609267 -0.02366667 -0.7875425 0.6156169 -0.0281592 -0.7829326 0.6208327 -0.0397911 -0.7895193 0.6108266 -0.05958342 -0.7648106 0.564592 0.3103236 -0.8352068 0.4689552 0.2872469 -0.7405741 0.6325811 0.2266963 -0.7206974 0.6734231 0.1646107 -0.690588 0.6724219 0.2663401 -0.8183138 0.5251201 0.2336912 -0.8072756 0.5554603 0.1994245 -0.75825 0.6367014 0.1402443 -0.7864362 0.5796508 0.2133617 -0.8631673 0.4628326 0.2018128 -0.8340507 0.5272767 0.1622919 -0.7967645 0.5933119 0.1146623 -0.8640212 0.479885 0.1522434 -0.8824669 0.450674 0.1347037 -0.8634691 0.4925574 0.1086655 -0.8320593 0.5485305 0.08241206 -0.82372 0.5666283 0.02044081 -0.7763568 0.6296793 0.02782356 -0.781545 0.6233189 0.02571129 -0.7947536 0.6064724 0.0236212 -0.8197543 0.5720281 0.02804857 -0.7732247 0.6332426 0.03357899 -0.7720332 0.6348192 0.03113722 -0.7882173 0.6147518 0.02817809 -0.769132 0.6369308 0.0524916 -0.7457839 0.6643827 0.04901129 -0.7561376 0.6529661 0.04349017 -0.7829384 0.6208245 0.03980553 -0.6744151 0.7318747 0.09759014 -0.6997932 0.7097627 0.08078676 -0.7303042 0.6798301 0.06698441 -0.7895207 0.6108248 0.05958324 -0.7979612 0.6024133 0.01887381 -0.8136194 0.5806938 0.02860301 -0.8517183 0.5210785 0.05525696 -0.8877972 0.4505794 0.0937789 -0.8172929 0.575641 0.0258795 -0.8129863 0.5815261 0.02968209 -0.8382175 0.5434344 0.04550284 -0.8767001 0.4751098 0.07528471 -0.8228455 0.5676854 0.02566766 -0.8272731 0.5610302 0.02940082 -0.8401174 0.5408442 0.04111331 -0.8609712 0.5047848 0.06261765 -0.8155719 0.5781831 0.02338653 -0.820024 0.571659 0.02768915 -0.8235228 0.5659435 0.03896415 -0.8161377 0.5748613 0.05876976 -0.634071 0.7005215 -0.32745 -0.5213357 0.7888482 -0.3254652 -0.7063398 0.6694396 -0.2300755 -0.7458028 0.6459693 -0.1627944 -0.7421734 0.6174882 -0.2605516 -0.5916517 0.7641417 -0.2569741 -0.6271256 0.7485294 -0.2154467 -0.7123745 0.6870492 -0.1431297 -0.6530911 0.7227835 -0.2259562 -0.515007 0.8249779 -0.2327646 -0.5957168 0.7828204 -0.1797608 -0.669552 0.7327913 -0.1213145 -0.5378727 0.8247489 -0.1745918 -0.4998441 0.8516143 -0.1578258 -0.5544772 0.8229113 -0.1239839 -0.6214065 0.7782548 -0.09040743 -0.6419503 0.766426 -0.02216106 -0.7069221 0.7067086 -0.02870815 -0.7007177 0.7129402 -0.02666479 -0.6839209 0.7291337 -0.02482718 -0.6478062 0.7612034 -0.03027868 -0.7103349 0.7030158 -0.03454387 -0.7118597 0.7015927 -0.03199315 -0.6922332 0.7210739 -0.02942055 -0.7137641 0.6983156 -0.05381697 -0.7393504 0.6715244 -0.0491535 -0.7289214 0.6831803 -0.04402709 -0.6981984 0.7147091 -0.04135245 -0.7963627 0.5977145 -0.09243321 -0.7785214 0.6227542 -0.07798516 -0.753016 0.6546533 -0.06630289 -0.6881043 0.7229276 -0.06235462 -0.6797987 0.7331288 -0.01990163 -0.6571083 0.753172 -0.03067201 -0.5897787 0.8051862 -0.061939 -0.5001084 0.8589175 -0.1102379 -0.6517066 0.7579593 -0.02786123 -0.6579959 0.7523495 -0.03180855 -0.6159133 0.7862142 -0.05018109 -0.5325954 0.8418735 -0.08712738 -0.6430985 0.7652787 -0.02780312 -0.6357646 0.7712192 -0.03200787 -0.6129834 0.7887884 -0.04543453 -0.5700377 0.8185445 -0.07100677 -0.6544567 0.7556818 -0.02513015 -0.6474127 0.761553 -0.02990037 -0.6411367 0.7662628 -0.04225081 -0.6506849 0.7567089 -0.06325405 -0.6340675 0.7005254 0.3274487 -0.7318251 0.6107485 0.3023548 -0.591821 0.7695327 0.239932 -0.5603148 0.8097118 0.1743966 -0.5276517 0.8015389 0.2812811 -0.7013528 0.6686847 0.2469109 -0.682615 0.6996347 0.2110646 -0.6102656 0.7781083 0.1487392 -0.6543464 0.7216808 0.225849 -0.7635812 0.6096503 0.2127684 -0.7181822 0.6743313 0.1717313 -0.6626275 0.7390064 0.1216323 -0.7610208 0.6284867 0.160785 -0.7871582 0.6001686 0.1420559 -0.7578024 0.6422883 0.1148974 -0.7114042 0.697332 0.08736264 -0.6982875 0.7154889 0.02168738 -0.6318516 0.774526 0.02954638 -0.6390343 0.7686936 0.02730286 -0.6574513 0.7530795 0.02508091 -0.6927241 0.7205884 0.02976226 -0.6275822 0.7777335 0.03565526 -0.6258926 0.7792083 0.0330637 -0.6483601 0.7607458 0.0299195 -0.6222042 0.7808688 0.05573207 -0.5900558 0.8056848 0.05202341 -0.6041452 0.7955355 0.04617261 -0.6411437 0.7662562 0.04226607 -0.4953712 0.8625189 0.1032888 -0.5285846 0.8445521 0.08561652 -0.5693435 0.8190222 0.07106935 -0.6506927 0.7567021 0.06325417 -0.6619086 0.7493167 0.02003896 -0.684046 0.7288069 0.03035616 -0.7389276 0.6712381 0.05852776 -0.7930078 0.6011239 0.098939 -0.6892116 0.7240394 0.02746295 -0.6831551 0.7295935 0.03150212 -0.7192964 0.6930265 0.04823976 -0.7759116 0.6258058 0.07955121 -0.6970803 0.7164758 0.02723425 -0.7034239 0.7100861 0.03118818 -0.7219452 0.6905765 0.04358255 -0.7525229 0.655223 0.06627374 -0.6867492 0.7264705 0.02482062 -0.693099 0.7202435 0.02938067 -0.6982032 0.7147054 0.04133701 -0.6880991 0.7229326 0.06235581 -0.4593952 0.8187344 -0.3444272 -0.3160709 0.885843 -0.3396785 -0.5455568 0.8019723 -0.2433274 -0.5944108 0.7854281 -0.1725648 -0.5971104 0.7533677 -0.275493 -0.397518 0.8769722 -0.2699988 -0.4397552 0.8689393 -0.2270679 -0.5479044 0.8226801 -0.1516527 -0.4744071 0.8473925 -0.2384618 -0.2998358 0.9224982 -0.2430956 -0.3970736 0.8980869 -0.1891359 -0.4898263 0.8623225 -0.1283364 -0.324173 0.9281633 -0.182825 -0.2767234 0.9467309 -0.1646966 -0.3423792 0.9305146 -0.1300734 -0.4259942 0.8996844 -0.09537851 -0.4513068 0.8920615 -0.02341818 -0.5371521 0.842936 -0.03044152 -0.5288329 0.8482552 -0.02826708 -0.506441 0.8618735 -0.0262987 -0.4589979 0.8878605 -0.03200954 -0.5418007 0.8397083 -0.03663331 -0.5438254 0.8385123 -0.03393131 -0.517535 0.8550938 -0.03117775 -0.5467109 0.8353741 -0.05707448 -0.5812743 0.8120338 -0.05216836 -0.5670084 0.8223862 -0.0467174 -0.5256409 0.8495768 -0.04383146 -0.6611956 0.743774 -0.09808439 -0.6358227 0.7673829 -0.08278292 -0.6003084 0.7966661 -0.07037866 -0.512548 0.856114 -0.0660572 -0.5009388 0.865226 -0.02107799 -0.4711587 0.8814517 -0.0324428 -0.3848847 0.9206591 -0.06519675 -0.2750597 0.9545161 -0.1150703 -0.4640688 0.8853092 -0.02946037 -0.4723271 0.880781 -0.03364628 -0.4180089 0.9068997 -0.05292981 -0.3140361 0.9450165 -0.09124255 -0.4528452 0.891105 -0.029383 -0.4433702 0.8957008 -0.03380954 -0.4141698 0.9089378 -0.04791289 -0.360186 0.9298917 -0.07461643 -0.4676298 0.8835249 -0.02657628 -0.4584801 0.8881424 -0.0316081 -0.4504651 0.8916773 -0.04464429 -0.4632753 0.8836877 -0.06687337 -0.4594023 0.8187326 0.3444221 -0.587394 0.7436861 0.3192169 -0.3963123 0.8828077 0.2521647 -0.3520848 0.9179077 0.1829804 -0.3194337 0.9008735 0.2939202 -0.5403087 0.799971 0.2609843 -0.5122989 0.8293169 0.2231219 -0.4139685 0.8966993 0.1567181 -0.4760291 0.8465085 0.2383687 -0.6224009 0.7495738 0.2252917 -0.5573389 0.8101132 0.1819065 -0.4807226 0.8673878 0.1286251 -0.6152215 0.7697046 0.1704625 -0.6504901 0.7444256 0.1506425 -0.6084742 0.7841544 0.1219062 -0.5443646 0.8337197 0.0926215 -0.525533 0.8504627 0.02298927 -0.4382694 0.898302 0.031201 -0.4475637 0.8937868 0.02884644 -0.4715498 0.8814404 0.02652913 -0.5181931 0.854682 0.03154033 -0.4328123 0.900698 0.03764176 -0.4306188 0.9018589 0.03490155 -0.459719 0.887501 0.03163105 -0.4261785 0.9027255 0.05881029 -0.3850536 0.921268 0.05476403 -0.402881 0.9139581 0.04865884 -0.450473 0.8916724 0.04466062 -0.2690903 0.9570667 0.1077685 -0.3090555 0.9468114 0.08962595 -0.3593108 0.9302254 0.07467758 -0.4632871 0.8836816 0.06687325 -0.477361 0.8784515 0.02120238 -0.5066539 0.8615497 0.03215628 -0.5808816 0.8116148 0.06211388 -0.6567215 0.7467898 0.104985 -0.5134898 0.8576022 0.02909898 -0.5054832 0.8621911 0.03336864 -0.5540642 0.8308998 0.05117052 -0.6322526 0.7701468 0.08444404 -0.5239753 0.8512443 0.02886629 -0.5324931 0.8457882 0.03306674 -0.5575656 0.8288444 0.04623603 -0.5996388 0.7971729 0.07034671 -0.5101944 0.8596572 0.0262956 -0.5186863 0.8543975 0.03113692 -0.5256472 0.8495737 0.04381501 -0.5125355 0.8561214 0.06605821 -0.2429939 0.9018021 -0.3573613 -0.07757002 0.9345792 -0.3471956 -0.3383448 0.9058738 -0.2547851 -0.3949889 0.9005661 -0.1815611 -0.4061538 0.8667438 -0.2894727 -0.1631344 0.9464626 -0.27856 -0.2090666 0.9491471 -0.235395 -0.3354143 0.9285598 -0.1589781 -0.2510635 0.9356453 -0.2480627 -0.05132001 0.9673798 -0.2480779 -0.1569796 0.9681175 -0.1952075 -0.2632969 0.9553896 -0.1338115 -0.07436221 0.9795176 -0.1871244 -0.02158236 0.9856145 -0.1676259 -0.09220153 0.9867603 -0.1334288 -0.1864901 0.9774777 -0.09878742 -0.2148957 0.976334 -0.02432578 -0.3186101 0.947349 -0.03189796 -0.308344 0.9508144 -0.0295962 -0.2809648 0.9593247 -0.02747583 -0.2240721 0.9740043 -0.03327667 -0.3244168 0.9451345 -0.03840178 -0.3268909 0.9443922 -0.03557646 -0.2945274 0.9550867 -0.03260725 -0.3307967 0.9418021 -0.0598545 -0.3739527 0.9258229 -0.05487668 -0.3559335 0.9332215 -0.04908323 -0.3045963 0.9513761 -0.04587793 -0.4779701 0.872229 -0.1037363 -0.4444046 0.8915501 -0.08742475 -0.3984469 0.91419 -0.07414025 -0.2889799 0.9548419 -0.06904739 -0.2742557 0.961405 -0.02200824 -0.2385399 0.9705454 -0.03377109 -0.1383434 0.9881007 -0.06721723 -0.01781642 0.9929609 -0.1170951 -0.2300688 0.9726918 -0.03064352 -0.2399481 0.9701536 -0.0350281 -0.1762517 0.9828198 -0.05477774 -0.05955964 0.9938565 -0.09328514 -0.216763 0.9757469 -0.03052628 -0.2056348 0.9779995 -0.03508889 -0.1717263 0.9838972 -0.04956483 -0.1105322 0.9909081 -0.07670605 -0.2342847 0.9717747 -0.02765494 -0.2234538 0.9741606 -0.03285735 -0.2141209 0.975706 -0.04636949 -0.2296633 0.9707822 -0.06954813 -0.2430148 0.9017981 0.3573571 -0.3981853 0.8539857 0.3348984 -0.1603108 0.9521657 0.2601558 -0.1054871 0.9765084 0.1878932 -0.07692831 0.950647 0.3005867 -0.3332887 0.9024089 0.2730879 -0.2958254 0.926393 0.2329879 -0.1748272 0.9711685 0.1620715 -0.2530099 0.9351363 0.2480046 -0.4343829 0.8688986 0.2373329 -0.3487843 0.917576 0.190798 -0.2523592 0.958312 0.1339891 -0.4214867 0.8888663 0.179627 -0.4661619 0.870269 0.1591382 -0.4105024 0.9027661 0.1284579 -0.3287311 0.9394189 0.09709817 -0.3042533 0.9522872 0.02406203 -0.1996218 0.9793384 0.03236377 -0.2105256 0.9771295 0.02995127 -0.2389582 0.9706372 0.02761721 -0.2953317 0.9548251 0.03298872 -0.1933002 0.9803634 0.03902053 -0.1906935 0.9809831 0.03617173 -0.2249117 0.9738242 0.03288549 -0.185858 0.9806865 0.06091785 -0.1383406 0.988774 0.05646169 -0.158703 0.9860458 0.05027133 -0.214132 0.9757028 0.04638612 -0.01116526 0.9939147 0.1095857 -0.05405056 0.9943298 0.09157943 -0.1095446 0.9910135 0.07676208 -0.2296792 0.9707784 0.06954884 -0.2458577 0.9690544 0.02208465 -0.2812798 0.9590376 0.0335952 -0.3736453 0.9252681 0.06533265 -0.4723417 0.8743984 0.1109994 -0.2895772 0.9566711 0.03042161 -0.2798735 0.9594039 0.03485804 -0.3398413 0.9389486 0.05369907 -0.4398179 0.8936505 0.08915764 -0.3023847 0.9527072 0.03020942 -0.3128966 0.9491556 0.03463268 -0.3441262 0.937668 0.04853677 -0.3975908 0.9145657 0.07410365 -0.2855312 0.9579753 0.02748256 -0.2959309 0.954654 0.03256809 -0.3046034 0.9513746 0.0458604 -0.288968 0.9548455 0.06904876 -0.1322351 -0.9911018 0.01521062 -0.1321055 -0.9901303 0.04680037 -0.1318014 -0.987856 0.08227503 -0.1312084 -0.9833474 0.1257476 0.1299421 0.9741186 -0.1849545 0.1270467 0.9522587 -0.2776015 0.1178492 0.8833145 -0.453726 0.07110685 0.5329508 -0.8431533 -0.132235 -0.9911018 -0.01521074 -0.1321051 -0.9901304 -0.04680013 -0.1318131 -0.9878542 -0.08227723 0.1311767 0.9833518 0.125745 0.1299589 0.9741166 0.184953 0.1270483 0.9522589 0.2776002 0.1178519 0.8833148 0.4537245 0.07110661 0.5329652 0.8431442 -0.1088473 0.9940585 0 -0.07113325 0.9974669 0 -0.04043906 0.9991821 0 -0.01314139 0.9999138 0 0.01314139 0.9999137 0 0.04043906 0.999182 0 0.07113325 0.9974669 0 0.1088472 0.9940585 0 0.3594041 0.9331821 0 0.2976508 0.9546748 0 0.272434 0.9621745 0 0.2478389 0.9688013 0 0.2219506 0.975058 0 0.1924201 0.9813127 0 0.1555187 0.987833 0 -0.3800448 -0.9248503 0.0147615 -0.3796938 -0.9239966 0.04541963 -0.3788697 -0.9219979 0.07985979 0.3772587 0.9180259 -0.122084 0.3739029 0.9098996 -0.1796644 0.3659704 0.8905981 -0.2700014 0.3407608 0.8292482 -0.442978 0.2087315 0.507951 -0.8357136 -0.3800402 -0.9248523 -0.01476049 -0.3796915 -0.9239975 -0.04542046 -0.3788754 -0.9219957 -0.07985937 -0.3772391 -0.9180336 -0.1220863 0.3738951 0.9099022 0.1796683 0.3659691 0.8905985 0.270002 0.340761 0.8292487 0.442977 0.2087166 0.5079628 0.8357101 0.5700577 0.8216046 0 0.5429329 0.8397761 0 0.5202143 0.8540357 0 0.4994907 0.8663192 0 0.4790723 0.8777755 0 0.4573374 0.8892933 0 0.4322507 0.9017535 0 0.4004234 0.9163303 0 -0.5864161 -0.8098886 0.01402544 -0.5859271 -0.8092135 0.0431618 -0.5847817 -0.8076317 0.07590395 -0.5825103 -0.8044909 0.1160881 0.5778226 0.7980509 -0.1709845 0.5667017 0.7826637 -0.2574625 0.530879 0.7331861 -0.4249773 0.3335873 0.4607121 -0.8224743 -0.5864201 -0.8098857 -0.01402521 -0.5859254 -0.8092148 -0.04316169 -0.5847829 -0.8076309 -0.07590466 0.5825073 0.8044931 0.1160872 0.577818 0.7980542 0.1709855 0.5667029 0.7826628 0.2574625 0.5308809 0.7331853 0.4249764 0.3335863 0.4607236 0.8224683 0.7314162 0.6819314 0 0.6943576 0.7196302 0 0.678754 0.7343658 0 0.6632632 0.7483863 0 0.6466497 0.7627872 0 0.6272989 0.7787786 0 -0.7434131 -0.6687021 0.01321202 -0.7428628 -0.6682077 0.0406624 -0.741572 -0.6670497 0.0715245 0.7389951 0.6647624 -0.1094399 0.7337378 0.6600014 -0.1613293 0.7211115 0.6486417 -0.2434382 0.6799517 0.6116191 -0.4044598 0.4399894 0.3957718 -0.8060857 -0.7434109 -0.6687046 -0.01321154 -0.7428618 -0.6682088 -0.04066205 -0.7415754 -0.667046 -0.07152456 -0.7390099 -0.6647465 -0.109437 0.7337101 0.6600306 0.1613354 0.7211072 0.6486458 0.24344 0.6799606 0.6116112 0.404457 0.43997 0.3957865 0.8060891 0.846936 0.5316948 0 0.832933 0.5533741 0 0.8210116 0.5709116 0 0.8099868 0.5864483 0 0.7870976 0.6168287 0 0.7731745 0.6341935 0 0.7551787 0.6555191 0 -0.8552196 -0.5181157 0.01247304 -0.8546564 -0.5177728 0.03839212 -0.8533328 -0.5169728 0.06754463 -0.8507046 -0.5153766 0.1033866 0.8452759 0.5120999 -0.1525202 0.8322411 0.5041937 -0.2305723 0.7892545 0.4781512 -0.3852906 0.5250369 0.3180804 -0.7894055 -0.855219 -0.5181167 -0.0124734 -0.8546571 -0.5177716 -0.03839254 -0.8533365 -0.5169669 -0.06754481 0.8507186 0.5153531 0.1033885 0.8452803 0.5120906 0.152527 0.832244 0.5041893 0.2305718 0.7892556 0.4781515 0.385288 0.5250518 0.3180851 0.7893938 0.9248077 0.3804349 0 0.9156693 0.4019325 0 0.9078089 0.4193844 0 0.8931106 0.4498373 0 0.8851045 0.4653924 0 0.8633428 0.5046182 0 -0.9301399 -0.367013 0.01189112 -0.9295825 -0.3667924 0.03660148 -0.9282731 -0.3662807 0.06440275 0.9256728 0.3652487 -0.09860682 0.9202981 0.3631315 -0.1455572 0.9073442 0.3580199 -0.2203369 0.8642636 0.3410184 -0.369804 0.5879846 0.2320074 -0.7748851 -0.9301398 -0.3670133 -0.01189088 -0.9295824 -0.3667928 -0.0366013 -0.9282752 -0.3662751 -0.06440263 -0.9256721 -0.3652508 -0.09860497 0.9203044 0.363116 0.1455569 0.9073439 0.3580194 0.2203391 0.8642644 0.3410161 0.369804 0.5880013 0.2320106 0.7748713 0.9727983 0.2316539 0 0.9675354 0.2527356 0 0.9629017 0.2698526 0 0.9585046 0.2850772 0 0.9540185 0.2997479 0 0.9490802 0.3150348 0 0.943174 0.3322994 0 0.9353737 0.3536611 0 -0.9757684 -0.2185036 0.01149588 -0.9752216 -0.2183816 0.03538852 -0.9739382 -0.2180973 0.0622735 -0.9713853 -0.2175244 0.09536218 0.9661046 0.2163569 -0.1408253 0.9533622 0.213488 -0.2133625 0.9107295 0.2039414 -0.3591373 0.6292843 0.140916 -0.7642931 -0.9757686 -0.2185029 -0.0114966 -0.9752215 -0.2183822 -0.03538739 -0.9739388 -0.2180945 -0.06227439 0.9713814 0.2175439 0.0953561 0.9661078 0.2163441 0.1408227 0.9533644 0.2134831 0.2133571 0.9107303 0.2039395 0.3591366 0.6293162 0.1409165 0.7642667 0.99634 0.08547919 0 0.9943397 0.1062489 0 0.9904224 0.1380714 0 0.9883044 0.1524944 0 0.9858717 0.1675025 0 0.9828423 0.184448 0 0.9786773 0.2054039 0 -0.9973036 -0.07251185 0.01129901 -0.9967639 -0.07247167 0.03477919 -0.995497 -0.07238417 0.06120675 0.9929751 0.07220602 -0.09373897 0.9877631 0.07181519 -0.1384442 0.9751589 0.07089889 -0.2098538 0.9328827 0.06782567 -0.3537368 0.6496818 0.04723525 -0.7587375 -0.9973036 -0.07251209 -0.01129853 -0.9967638 -0.07247394 -0.03477984 -0.9954974 -0.07237946 -0.06120586 -0.9929757 -0.07219856 -0.0937367 0.9877601 0.0718407 0.1384518 0.9751575 0.07089912 0.20986 0.9328823 0.06782591 0.3537375 0.6496825 0.04723727 0.7587367 0.9982246 -0.0595631 0 0.9992457 -0.03883373 0 0.9997568 -0.02205234 0 0.999757 0.02204638 0 0.9992457 0.03883373 0 0.9982244 0.05956554 0 -0.9973036 0.0725122 0.01129853 -0.9967638 0.0724737 0.03477966 -0.9954975 0.07237911 0.06120544 -0.9929756 0.07220077 0.09373652 0.9877622 -0.07181864 -0.1384479 0.9751589 -0.07089734 -0.209854 0.9328824 -0.06782591 -0.3537372 0.6496778 -0.04723614 -0.7587408 -0.9973036 0.07251155 -0.01129901 -0.996764 0.0724712 -0.03477889 -0.995497 0.07238417 -0.06120687 0.9929756 -0.07220494 0.0937342 0.9877634 -0.07181209 0.1384433 0.9751597 -0.07089769 0.2098505 0.9328813 -0.06782633 0.3537402 0.6497182 -0.04723507 0.7587063 0.9786778 -0.2054017 0 0.9828431 -0.1844438 0 0.9858717 -0.1675025 0 0.9883047 -0.1524923 0 0.9904223 -0.1380716 0 0.9943394 -0.1062508 0 0.9963399 -0.08547937 0 -0.9757683 0.2185046 0.01149648 -0.9752215 0.2183827 0.03538769 -0.973939 0.2180939 0.06227421 0.9713845 -0.2175303 -0.09535592 0.9661085 -0.2163415 -0.1408221 0.9533622 -0.2134881 -0.213362 0.9107294 -0.2039409 -0.3591381 0.6292833 -0.1409162 -0.764294 -0.9757682 0.2185045 -0.01149588 -0.9752214 0.2183826 -0.03538882 -0.9739384 0.2180963 -0.06227362 -0.9713851 0.2175253 -0.09536153 0.9661102 -0.2163344 0.1408213 0.9533613 -0.2134893 0.2133649 0.9107316 -0.2039393 0.3591334 0.6292912 -0.1409193 0.7642868 0.935372 -0.3536654 0 0.9431744 -0.3322985 0 0.9490792 -0.3150376 0 0.9540178 -0.2997499 0 0.9585047 -0.2850767 0 0.9629018 -0.2698522 0 0.9675354 -0.2527356 0 0.9727981 -0.231655 0 -0.9301398 0.367013 0.01189172 -0.9295818 0.3667947 0.03660029 -0.9282749 0.366276 0.06440263 -0.9256723 0.3652499 0.09860634 0.9203054 -0.3631144 -0.1455535 0.9073454 -0.3580164 -0.220338 0.8642636 -0.3410186 -0.369804 0.587989 -0.2320061 -0.774882 -0.9301388 0.3670156 -0.01189178 -0.9295832 0.3667908 -0.03660154 -0.9282723 0.3662825 -0.06440359 0.9256702 -0.3652555 0.0986064 0.9202834 -0.3631665 0.1455628 0.9073446 -0.3580191 0.2203362 0.8642629 -0.3410198 0.3698045 0.5880122 -0.2320083 0.7748638 0.8633438 -0.5046161 0 0.8756564 -0.4829346 0 0.8931103 -0.4498378 0 0.9078095 -0.4193829 0 0.9156698 -0.4019314 0 0.924809 -0.3804318 0 -0.8552198 0.5181154 0.0124734 -0.8546559 0.5177735 0.03839319 -0.8533352 0.516969 0.06754392 0.8507101 -0.5153675 -0.1033862 0.8452799 -0.5120913 -0.1525271 0.8322405 -0.5041941 -0.2305736 0.7892546 -0.4781518 -0.3852896 0.5250354 -0.3180813 -0.7894062 -0.855219 0.5181167 -0.0124734 -0.8546564 0.5177729 -0.03839206 -0.8533322 0.5169737 -0.06754499 -0.8507044 0.5153772 -0.1033861 0.8452847 -0.5120849 0.1525223 0.8322427 -0.5041917 0.2305707 0.7892622 -0.4781432 0.3852847 0.5250543 -0.3180866 0.7893915 0.7551773 -0.6555207 0 0.7731754 -0.6341923 0 0.7870978 -0.6168283 0 0.7989772 -0.6013613 0 0.8099888 -0.5864453 0 0.8210133 -0.570909 0 0.8329337 -0.5533728 0 0.8469349 -0.5316969 0 -0.7434121 0.6687033 0.01321184 -0.7428613 0.6682094 0.04066079 -0.7415733 0.6670482 0.07152497 -0.7390103 0.6647461 0.1094368 0.7337425 -0.659994 -0.1613381 0.7211124 -0.6486403 -0.2434393 0.679952 -0.6116178 -0.4044614 0.4399866 -0.3957698 -0.8060882 -0.7434112 0.6687042 -0.01321256 -0.7428625 0.668208 -0.04066282 -0.7415736 0.6670479 -0.07152438 0.73901 -0.6647468 0.1094341 0.7337427 -0.6599959 0.1613293 0.7211179 -0.6486365 0.2434335 0.6799589 -0.6116141 0.4044552 0.4400065 -0.3957751 0.8060747 0.6272989 -0.7787786 0 0.6466504 -0.7627866 0 0.6632596 -0.7483894 0 0.6787564 -0.7343636 0 0.6943564 -0.7196313 0 0.7314203 -0.681927 0 -0.5864163 0.8098886 0.01402306 -0.5859273 0.8092133 0.04316306 -0.5847797 0.8076333 0.07590335 0.5825099 -0.8044898 -0.1160973 0.5778462 -0.7980353 -0.1709783 0.5667045 -0.7826613 -0.2574632 0.5308806 -0.7331859 -0.4249756 0.3335903 -0.4607116 -0.8224733 -0.5864155 0.8098891 -0.01402306 -0.5859315 0.8092104 -0.04316103 -0.5847832 0.8076305 -0.07590544 -0.5825033 0.8044958 -0.1160883 0.577812 -0.7980582 0.1709868 0.566701 -0.7826639 0.2574633 0.5308833 -0.733182 0.424979 0.3336006 -0.4607216 0.8224635 0.4004192 -0.9163322 0 0.4322499 -0.9017539 0 0.4573407 -0.8892917 0 0.4790716 -0.8777759 0 0.4994913 -0.866319 0 0.5202149 -0.8540354 0 0.5429306 -0.8397777 0 0.5700575 -0.8216049 0 -0.3800418 0.9248515 0.01476138 -0.3796912 0.9239977 0.04541987 -0.3788722 0.921997 0.07985877 -0.3772358 0.9180351 0.1220858 0.3739163 -0.9098903 -0.1796838 0.3659672 -0.8905986 -0.2700039 0.340762 -0.8292492 -0.4429753 0.208728 -0.5079476 -0.8357164 -0.3800434 0.9248508 -0.01476109 -0.3796916 0.9239976 -0.04541993 -0.3788669 0.9219992 -0.07986015 0.3772487 -0.9180295 0.1220874 0.3739006 -0.9099008 0.1796634 0.3659799 -0.8905944 0.2700008 0.3407596 -0.8292493 0.442977 0.208728 -0.5079632 0.835707 0.1555154 -0.9878335 0 0.1924231 -0.9813122 0 0.2219458 -0.9750591 0 0.2478406 -0.9688009 0 0.2724345 -0.9621744 0 0.2976506 -0.954675 0 0.3593989 -0.9331841 0 -0.1322343 0.9911018 0.01521229 -0.1321063 0.9901301 0.04680162 -0.1318128 0.987854 0.08227998 0.1311569 -0.9833558 -0.1257357 0.1299625 -0.974116 -0.1849537 0.1270481 -0.9522579 -0.2776034 0.1178519 -0.8833162 -0.4537218 0.07110565 -0.5329486 -0.8431548 -0.1322364 0.9911016 -0.01520764 -0.1321058 0.9901302 -0.0468015 -0.1318036 0.9878557 -0.08227491 -0.1312157 0.9833467 -0.1257452 0.1298932 -0.9741254 0.1849531 0.12704 -0.9522601 0.2775999 0.1178476 -0.8833147 0.4537259 0.07110828 -0.5329635 0.8431451 -0.07112783 -0.9974672 0 -0.04043906 -0.9991821 0 -0.01314383 -0.9999136 0 0.01314383 -0.9999136 0 0.04043906 -0.999182 0 0.07112783 -0.9974673 0 0.1088533 -0.9940579 0 0.132236 0.9911016 0.01521247 0.1321065 0.9901303 0.04679948 0.1318028 0.9878559 0.0822736 0.1312113 0.9833471 0.1257458 -0.1299288 -0.9741196 -0.1849581 -0.1270466 -0.9522573 -0.2776062 -0.1178492 -0.8833145 -0.4537258 -0.07110738 -0.5329515 -0.8431528 0.132235 0.9911018 -0.01521104 0.1321063 0.9901301 -0.04680031 0.1318145 0.9878537 -0.08228027 -0.1311622 -0.9833551 0.1257352 -0.1299707 -0.9741153 0.1849515 -0.1270568 -0.9522592 0.2775954 -0.1178519 -0.8833144 0.4537254 -0.0711224 -0.5329635 0.8431439 -0.3593989 -0.9331841 0 -0.2976503 -0.954675 0 -0.2724342 -0.9621745 0 -0.2478409 -0.9688007 0 -0.2219458 -0.9750591 0 -0.1924228 -0.9813122 0 -0.1555157 -0.9878334 0 0.3800433 0.924851 0.01476109 0.3796938 0.9239966 0.04541873 0.3788653 0.9219998 0.07986009 -0.3772611 -0.9180243 -0.1220881 -0.3738986 -0.9099012 -0.1796655 -0.3659716 -0.8905975 -0.2700018 -0.340761 -0.8292469 -0.4429802 -0.2087339 -0.5079545 -0.8357107 0.380043 0.9248511 -0.01476132 0.3796916 0.9239976 -0.04541975 0.3788732 0.9219966 -0.07985901 0.3772338 0.9180358 -0.1220854 -0.3738948 -0.9099013 0.179673 -0.365956 -0.8906046 0.2699998 -0.3407613 -0.8292495 0.4429754 -0.2087398 -0.5079582 0.8357071 -0.5700559 -0.821606 0 -0.5429347 -0.839775 0 -0.5202132 -0.8540365 0 -0.4994941 -0.8663173 0 -0.4790705 -0.8777764 0 -0.4573374 -0.8892933 0 -0.4322502 -0.9017537 0 -0.4004204 -0.9163317 0 0.5864163 0.8098886 0.01402455 0.5859295 0.809212 0.04316008 0.5847837 0.8076303 0.07590395 0.5825064 0.8044935 0.1160886 -0.5778083 -0.7980613 -0.1709848 -0.5667022 -0.782663 -0.257463 -0.5308778 -0.7331851 -0.4249805 -0.3335891 -0.4607124 -0.8224734 0.5864159 0.8098888 -0.01402455 0.585926 0.8092144 -0.04316234 0.5847795 0.8076333 -0.0759049 -0.5825065 -0.8044921 0.1160976 -0.5778513 -0.7980317 0.1709775 -0.5666928 -0.782669 0.2574657 -0.5308815 -0.7331853 0.4249756 -0.3335862 -0.4607236 0.8224682 -0.7314189 -0.6819285 0 -0.7113295 -0.7028588 0 -0.6943576 -0.7196302 0 -0.6787552 -0.7343647 0 -0.6632614 -0.7483879 0 -0.6466515 -0.7627856 0 -0.6272996 -0.7787781 0 -0.6024867 -0.798129 0 0.7434127 0.6687025 0.01321256 0.7428624 0.6682081 0.04066288 0.741572 0.6670498 0.07152432 -0.7390119 -0.6647444 -0.1094369 -0.7337381 -0.6600009 -0.1613296 -0.7211116 -0.6486425 -0.2434358 -0.6799525 -0.6116192 -0.4044585 -0.4399867 -0.3957694 -0.8060883 0.7434105 0.6687049 -0.01321184 0.7428575 0.6682137 -0.04066097 0.7415729 0.6670486 -0.07152515 0.7390144 0.6647418 -0.1094357 -0.7337468 -0.6599888 0.1613397 -0.7211037 -0.6486489 0.2434425 -0.6799435 -0.6116244 0.4044657 -0.4399674 -0.3957839 0.8060918 -0.846936 -0.5316948 0 -0.8329326 -0.5533745 0 -0.8210113 -0.5709121 0 -0.8099888 -0.5864453 0 -0.7989772 -0.6013613 0 -0.7870967 -0.6168297 0 -0.7731754 -0.6341923 0 -0.7551773 -0.6555207 0 0.8552198 0.5181155 0.0124734 0.8546567 0.5177722 0.03839206 0.8533337 0.5169715 0.06754457 0.8507039 0.5153777 0.1033867 -0.8452752 -0.5120992 -0.1525266 -0.8322413 -0.5041937 -0.2305717 -0.7892541 -0.4781515 -0.3852909 -0.5250388 -0.3180816 -0.7894039 0.8552193 0.5181162 -0.0124734 0.8546571 0.5177716 -0.03839302 0.853335 0.5169693 -0.06754422 -0.8507035 -0.5153788 0.1033849 -0.8452792 -0.5120924 0.1525275 -0.832244 -0.5041893 0.2305714 -0.7892515 -0.4781548 0.3852925 -0.5250531 -0.3180859 0.7893927 -0.9078087 -0.4193847 0 -0.9004813 -0.4348948 0 -0.8931103 -0.4498378 0 -0.8756575 -0.4829328 0 -0.8633428 -0.5046182 0 0.9301398 0.367013 0.01189172 0.9295825 0.3667925 0.03660166 0.9282731 0.3662807 0.06440287 -0.9256668 -0.3652637 -0.09860867 -0.9202907 -0.3631507 -0.1455565 -0.9073439 -0.3580204 -0.220337 -0.8642638 -0.3410188 -0.3698034 -0.5879868 -0.2320064 -0.7748837 0.9301397 0.3670133 -0.01189166 0.9295824 0.3667928 -0.03660005 0.9282749 0.3662762 -0.06440287 0.9256728 0.3652491 -0.09860545 -0.9203015 -0.3631232 0.1455571 -0.9073436 -0.3580194 0.2203398 -0.864258 -0.3410251 0.3698109 -0.5880013 -0.2320106 0.7748713 -0.9727972 -0.2316586 0 -0.9675354 -0.2527356 0 -0.9629012 -0.2698546 0 -0.9585046 -0.2850772 0 -0.9540179 -0.2997499 0 -0.9490808 -0.3150327 0 -0.9431739 -0.3322998 0 -0.9353731 -0.3536625 0 0.9757684 0.2185036 0.01149588 0.9752216 0.2183816 0.03538835 0.9739386 0.2180954 0.06227332 0.9713853 0.2175244 0.09536218 -0.9661049 -0.2163571 -0.1408228 -0.9533613 -0.2134908 -0.2133634 -0.9107297 -0.2039414 -0.3591371 -0.6292846 -0.1409165 -0.7642928 0.9757683 0.2185047 -0.0114966 0.9752223 0.2183786 -0.03538781 0.9739388 0.2180945 -0.06227439 -0.9713816 -0.2175439 0.09535455 -0.9661084 -0.216342 0.1408225 -0.9533648 -0.2134816 0.2133572 -0.9107304 -0.2039404 0.3591357 -0.6293153 -0.1409164 0.7642675 -0.99634 -0.08547919 0 -0.9943397 -0.1062489 0 -0.9904221 -0.1380733 0 -0.9883046 -0.1524925 0 -0.9858717 -0.1675025 0 -0.9828423 -0.184448 0 -0.9786773 -0.2054041 0 0.9973036 0.07251185 0.01129907 0.996764 0.07246989 0.03477936 0.995497 0.07238417 0.06120705 -0.9929754 -0.07220602 -0.09373557 -0.9877631 -0.07181298 -0.138445 -0.9751589 -0.07089889 -0.209854 -0.9328826 -0.06782656 -0.3537367 -0.6496813 -0.04723519 -0.7587379 0.9973036 0.07251209 -0.01129853 0.9967638 0.07247394 -0.03477984 0.9954974 0.07237946 -0.06120598 0.9929757 0.07220095 -0.0937367 -0.9877616 -0.07182079 0.1384521 -0.9751576 -0.07089912 0.2098593 -0.9328827 -0.06782466 0.3537371 -0.6496827 -0.04723769 0.7587366 -0.9982246 0.0595631 0 -0.9992457 0.03883373 0 -0.9997568 0.02205234 0 -0.999757 -0.02204638 0 -0.9992457 -0.03883373 0 -0.9982244 -0.05956554 0 0.9973036 -0.0725122 0.01129853 0.9967637 -0.07247489 0.03477966 0.9954975 -0.07237911 0.06120568 0.9929754 -0.07220315 0.09373652 -0.9877622 0.07181864 -0.1384479 -0.9751588 0.07089734 -0.2098547 -0.9328824 0.06782472 -0.3537378 -0.6496776 0.04723614 -0.758741 0.9973036 -0.07251155 -0.01129895 0.996764 -0.0724712 -0.03477913 0.995497 -0.07238417 -0.06120723 -0.9929764 0.07218849 0.09373772 -0.9877634 0.07181435 0.1384425 -0.9751597 0.07089769 0.2098503 -0.9328812 0.06782722 0.3537402 -0.6497187 0.04723465 0.7587059 -0.9786778 0.2054015 0 -0.9828431 0.1844438 0 -0.9858714 0.1675044 0 -0.9883044 0.1524941 0 -0.9904223 0.1380716 0 -0.9943394 0.1062508 0 -0.9963399 0.08547937 0 0.9757679 -0.2185062 0.01149654 0.9752218 -0.2183809 0.03538805 0.973939 -0.2180939 0.06227421 -0.9713844 0.2175302 -0.09535753 -0.9661079 0.2163437 -0.1408224 -0.9533626 0.2134866 -0.2133622 -0.9107289 0.2039417 -0.3591389 -0.6292841 0.1409164 -0.7642933 0.9757682 -0.2185045 -0.011496 0.9752212 -0.2183839 -0.0353887 0.9739384 -0.2180963 -0.0622738 0.9713851 -0.2175253 -0.09536153 -0.9661056 0.2163538 0.1408232 -0.9533609 0.2134922 0.2133637 -0.9107314 0.2039393 0.3591336 -0.6292908 0.1409192 0.7642871 -0.9353722 0.3536651 0 -0.9431743 0.3322988 0 -0.9490794 0.3150373 0 -0.9540179 0.2997497 0 -0.9585047 0.2850767 0 -0.9629024 0.2698503 0 -0.9675359 0.2527335 0 -0.9727986 0.2316526 0 0.9301399 -0.3670131 0.01189094 0.929582 -0.3667938 0.03660136 0.9282752 -0.3662752 0.06440252 0.9256716 -0.3652521 0.09860539 -0.9203075 0.3631089 -0.145554 -0.9073456 0.3580161 -0.2203371 -0.864263 0.3410177 -0.3698057 -0.587989 0.2320064 -0.774882 0.9301384 -0.3670167 -0.01189118 0.9295828 -0.366792 -0.0366013 0.9282723 -0.3662825 -0.06440341 -0.9256605 0.3652791 0.0986104 -0.9202963 0.3631383 0.1455516 -0.9073424 0.3580232 0.220339 -0.86426 0.3410227 0.3698086 -0.5880125 0.2320079 0.7748637 -0.8633438 0.5046161 0 -0.875656 0.4829356 0 -0.8851045 0.4653924 0 -0.9004805 0.4348965 0 -0.9078097 0.4193825 0 -0.9156693 0.4019325 0 0.8552196 -0.5181157 0.0124734 0.8546557 -0.5177739 0.03839278 0.8533349 -0.5169696 0.06754481 -0.8507193 0.515352 -0.1033883 -0.8452799 0.5120913 -0.1525265 -0.8322399 0.5041947 -0.2305743 -0.7892541 0.4781528 -0.3852896 -0.5250341 0.3180806 -0.7894073 0.8552179 -0.5181186 -0.0124731 0.8546568 -0.5177721 -0.03839206 0.8533322 -0.5169737 -0.06754505 0.8507043 -0.5153771 -0.1033862 -0.8452847 0.5120849 0.1525223 -0.8322426 0.5041916 0.2305713 -0.7892507 0.4781551 0.3852934 -0.5250524 0.3180855 0.7893932 -0.7551787 0.6555191 0 -0.7731745 0.6341935 0 -0.7870986 0.6168272 0 -0.7989769 0.6013618 0 -0.8210138 0.5709086 0 -0.832934 0.5533724 0 -0.8469349 0.5316969 0 0.7434124 -0.6687029 0.01321148 0.7428624 -0.6682082 0.0406621 0.7415734 -0.6670482 0.07152444 0.7390102 -0.6647461 0.1094374 -0.7337266 0.6600133 -0.1613311 -0.7211116 0.6486415 -0.2434384 -0.679952 0.6116178 -0.4044614 -0.4399899 0.3957726 -0.8060851 0.7434136 -0.6687014 -0.01321196 0.7428625 -0.668208 -0.04066234 0.7415692 -0.6670527 -0.07152509 -0.7389662 0.6647943 0.1094419 -0.733738 0.660001 0.1613299 -0.7211173 0.648636 0.243436 -0.6799525 0.6116185 0.4044595 -0.4399706 0.3957865 0.8060886 -0.602487 0.7981289 0 -0.6272989 0.7787786 0 -0.6466491 0.7627877 0 -0.663262 0.7483873 0 -0.6787552 0.7343647 0 -0.6943564 0.7196313 0 -0.7113294 0.7028589 0 -0.7314191 0.6819283 0 0.5864169 -0.809888 0.01402539 0.5859279 -0.809213 0.04316169 0.5847833 -0.8076307 0.07590425 -0.5825107 0.8044907 -0.1160869 -0.5778448 0.7980356 -0.1709815 -0.5667034 0.7826624 -0.2574624 -0.5308791 0.7331861 -0.4249773 -0.3335886 0.4607123 -0.8224738 0.5864155 -0.809889 -0.01402556 0.5859285 -0.8092125 -0.04316169 0.5847806 -0.8076325 -0.07590425 0.5825111 -0.8044903 -0.1160874 -0.5778118 0.798058 0.1709887 -0.5667011 0.782664 0.2574626 -0.530884 0.7331835 0.4249755 -0.3336002 0.4607209 0.8224642 -0.4004241 0.9163299 0 -0.4322499 0.9017539 0 -0.4573388 0.8892926 0 -0.4790716 0.8777759 0 -0.4994918 0.8663187 0 -0.5202133 0.8540365 0 -0.5429353 0.8397746 0 -0.5700556 0.8216062 0 0.3800429 -0.9248512 0.01476061 0.379692 -0.9239973 0.0454204 0.3788722 -0.921997 0.07985925 0.3772411 -0.9180326 0.1220868 -0.3739125 0.9098955 -0.1796657 -0.3659704 0.8905981 -0.2700018 -0.3407603 0.8292489 -0.4429774 -0.2087287 0.5079494 -0.8357152 0.3800454 -0.9248501 -0.01476144 0.3796955 -0.923996 -0.04541963 0.3788673 -0.921999 -0.07986009 -0.3772488 0.9180298 0.1220846 -0.3739054 0.9098984 0.1796653 -0.3659802 0.8905945 0.2700004 -0.3407672 0.8292461 0.4429771 -0.208728 0.5079632 0.835707 -0.1555184 0.987833 0 -0.1924204 0.9813126 0 -0.2219507 0.9750579 0 -0.2478384 0.9688014 0 -0.2724344 0.9621745 0 -0.2976508 0.9546748 0 -0.3594041 0.9331821 0 0.1322343 -0.9911018 0.01521086 0.132105 -0.9901304 0.04680019 0.13181 -0.9878547 0.08227694 -0.1311777 0.9833517 -0.1257457 -0.1299629 0.9741163 -0.1849519 -0.1270483 0.9522588 -0.2776008 -0.1178517 0.8833149 -0.4537246 -0.07110625 0.5329526 -0.8431522 0.1322349 -0.9911018 -0.0152105 0.1321059 -0.9901302 -0.04680031 0.1318036 -0.9878556 -0.08227539 0.1312032 -0.9833481 -0.1257472 -0.1299989 0.9741109 0.1849552 -0.12704 0.9522595 0.2776017 -0.1178476 0.8833146 0.4537261 -0.07110822 0.5329628 0.8431455 2.01519e-6 0 -1 -4.03036e-6 0 -1 -1.38755e-6 0 -1 4.03038e-6 0 -1 -2.72178e-6 0 -1 1.38756e-6 0 -1 -2.91797e-7 0 -1 1.45899e-7 0 -1 2.91798e-7 0 -1 -1.45899e-7 0 -1 -1.20867e-7 0 -1 -0.7071067 0 -0.7071069 -0.7071067 -0.7071069 0 -0.7071067 0 0.7071069 -0.7071067 0.7071069 0 0 0.7071067 -0.7071069 0 0.7071067 0.7071069 0.7071069 0.7071067 0 0.7071067 0 -0.7071069 0.7071067 0 0.7071069 0.7071067 -0.7071069 0 0 -0.7071067 -0.7071069 0 -0.7071067 0.7071069</float_array>
          <technique_common>
            <accessor source="#Cube_001-mesh-normals-array" count="7771" stride="3">
              <param name="X" type="float"/>
              <param name="Y" type="float"/>
              <param name="Z" type="float"/>
            </accessor>
          </technique_common>
        </source>
        <source id="Cube_001-mesh-map">
          <float_array id="Cube_001-mesh-map-array" count="47088">0.5794005 0.7955996 0.4205996 0.9544005 0.4205996 0.7955996 0.5794005 0.5455996 0.4205996 0.7044005 0.4205996 0.5455996 0.8294005 0.5455996 0.6705996 0.7044005 0.6705996 0.5455996 0.5794005 0.04559957 0.4205996 0.2044004 0.4205996 0.04559957 0.5794005 0.2955996 0.4205996 0.4544005 0.4205996 0.2955996 0.1705995 0.7044005 0.1705995 0.75 0.125 0.7044004 0.5794004 0 0.625 0.04559952 0.5794005 0.04559957 0.1705995 0.5455996 0.125 0.5455996 0.1705995 0.5 0.625 0.2044004 0.5794004 0.25 0.5794004 0.2044004 0.3294004 0.7044005 0.375 0.7044004 0.3294004 0.75 0.625 0.7955996 0.5794005 0.7955996 0.5794004 0.75 0.3294004 0.5455996 0.3294004 0.5 0.375 0.5455996 0.625 0.4544004 0.5794004 0.5 0.5794004 0.4544004 0.1705995 0.7044005 0.125 0.5455996 0.1705995 0.5455996 0.5794004 0 0.4205996 0.04559957 0.4205996 0 0.625 0.2044004 0.5794005 0.04559957 0.625 0.04559952 0.4205996 0.2955996 0.5794004 0.2044004 0.5794005 0.2955996 0.1705995 0.5455996 0.3294004 0.5 0.3294004 0.5455996 0.625 0.4544004 0.5794005 0.2955996 0.625 0.2955996 0.4205996 0.5455996 0.5794004 0.4544004 0.5794005 0.5455996 0.3294004 0.5455996 0.4205996 0.7044005 0.3294004 0.7044005 0.6705996 0.7044005 0.5794005 0.5455996 0.6705996 0.5455996 0.4205996 0.7955996 0.5794004 0.7044005 0.5794005 0.7955996 0.3294004 0.7044005 0.1705995 0.75 0.1705995 0.7044005 0.625 0.9544004 0.5794005 0.7955996 0.625 0.7955996 0.3294004 0.5455996 0.1705995 0.7044005 0.1705995 0.5455996 0 0 0 0 0 0 0 0 0 0 0 0 0 0 0 0 0 0 0 0 0 0 0 0 0 0 0 0 0 0 0 0 0 0 0 0 0 0 0 0 0 0 0 0 0 0 0 0 0 0 0 0 0 0 0 0 0 0 0 0 0 0 0 0 0 0 0 0 0 0 0 0 0 0 0 0 0 0 0 0 0 0 0 0 0 0 0 0 0 0 0 0 0 0 0 0 0 0 0 0 0 0 0 0 0 0 0 0 0 0 0 0 0 0 0 0 0 0 0 0 0 0 0 0 0 0 0 0 0 0 0 0 0 0 0 0 0 0 0 0 0 0 0 0 0 0 0 0 0 0 0 0 0 0 0 0 0 0 0 0 0 0 0 0 0 0 0 0 0 0 0 0 0 0 0 0 0 0 0 0 0 0 0 0 0 0 0 0 0 0 0 0 0 0 0 0 0 0 0 0 0 0 0 0 0 0 0 0 0 0 0 0 0 0 0 0 0 0 0 0 0 0 0 0 0 0 0 0 0 0 0 0 0 0 0 0 0 0 0 0 0 0 0 0 0 0 0 0 0 0 0 0 0 0 0 0 0 0 0 0 0 0 0 0 0 0 0 0 0 0 0 0 0 0 0 0 0 0 0 0 0 0 0 0 0 0 0 0 0 0 0 0 0 0 0 0 0 0 0 0 0 0 0 0 0 0 0 0 0 0 0 0 0 0 0 0 0 0 0 0 0 0 0 0 0 0 0 0 0 0 0 0 0 0 0 0 0 0 0 0 0 0 0 0 0 0 0 0 0 0 0 0 0 0 0 0 0 0 0 0 0 0 0 0 0 0 0 0 0 0 0 0 0 0 0 0 0 0 0 0 0 0 0 0 0 0 0 0 0 0 0 0 0 0 0 0 0 0 0 0 0 0 0 0 0 0 0 0 0 0 0 0 0 0 0 0 0 0 0 0 0 0 0 0 0 0 0 0 0 0 0 0 0 0 0 0 0 0 0 0 0 0 0 0 0 0 0 0 0 0 0 0 0 0 0 0 0 0 0 0 0 0 0 0 0 0 0 0 0 0 0 0 0 0 0 0 0 0 0 0 0 0 0 0 0 0 0 0 0 0 0 0 0 0 0 0 0 0 0 0 0 0 0 0 0 0 0 0 0 0 0 0 0 0 0 0 0 0 0 0 0 0 0 0 0 0 0 0 0 0 0 0 0 0 0 0 0 0 0 0 0 0 0 0 0 0 0 0 0 0 0 0 0 0 0 0 0 0 0 0 0 0 0 0 0 0 0 0 0 0 0 0 0 0 0 0 0 0 0 0 0 0 0 0 0 0 0 0 0 0 0 0 0 0 0 0 0 0 0 0 0 0 0 0 0 0 0 0 0 0 0 0 0 0 0 0 0 0 0 0 0 0 0 0 0 0 0 0 0 0 0 0 0 0 0 0 0 0 0 0 0 0 0 0 0 0 0 0 0 0 0 0 0 0 0 0 0 0 0 0 0 0 0 0 0 0 0 0 0 0 0 0 0 0 0 0 0 0 0 0 0 0 0 0 0 0 0 0 0 0 0 0 0 0 0 0 0 0 0 0 0 0 0 0 0 0 0 0 0 0 0 0 0 0 0 0 0 0 0 0 0 0 0 0 0 0 0 0 0 0 0 0 0 0 0 0 0 0 0 0 0 0 0 0 0 0 0 0 0 0 0 0 0 0 0 0 0 0 0 0 0 0 0 0 0 0 0 0 0 0 0 0 0 0 0 0 0 0 0 0 0 0 0 0 0 0 0 0 0 0 0 0 0 0 0 0 0 0 0 0 0 0 0 0 0 0 0 0 0 0 0 0 0 0 0 0 0 0 0 0 0 0 0 0 0 0 0 0 0 0 0 0 0 0 0 0 0 0 0 0 0 0 0 0 0 0 0 0 0 0 0 0 0 0 0 0 0 0 0 0 0 0 0 0 0 0 0 0 0 0 0 0 0 0 0 0 0 0 0 0 0 0 0 0 0 0 0 0 0 0 0 0 0 0 0 0 0 0 0 0 0 0 0 0 0 0 0 0 0 0 0 0 0 0 0 0 0 0 0 0 0 0 0 0 0 0 0 0 0 0 0 0 0 0 0 0 0 0 0 0 0 0 0 0 0 0 0 0 0 0 0 0 0 0 0 0 0 0 0 0 0 0 0 0 0 0 0 0 0 0 0 0 0 0 0 0 0 0 0 0 0 0 0 0 0 0 0 0 0 0 0 0 0 0 0 0 0 0 0 0 0 0 0 0 0 0 0 0 0 0 0 0 0 0 0 0 0 0 0 0 0 0 0 0 0 0 0 0 0 0 0 0 0 0 0 0 0 0 0 0 0 0 0 0 0 0 0 0 0 0 0 0 0 0 0 0 0 0 0 0 0 0 0 0 0 0 0 0 0 0 0 0 0 0 0 0 0 0 0 0 0 0 0 0 0 0 0 0 0 0 0 0 0 0 0 0 0 0 0 0 0 0 0 0 0 0 0 0 0 0 0 0 0 0 0 0 0 0 0 0 0 0 0 0 0 0 0 0 0 0 0 0 0 0 0 0 0 0 0 0 0 0 0 0 0 0 0 0 0 0 0 0 0 0 0 0 0 0 0 0 0 0 0 0 0 0 0 0 0 0 0 0 0 0 0 0 0 0 0 0 0 0 0 0 0 0 0 0 0 0 0 0 0 0 0 0 0 0 0 0 0 0 0 0 0 0 0 0 0 0 0 0 0 0 0 0 0 0 0 0 0 0 0 0 0 0 0 0 0 0 0 0 0 0 0 0 0 0 0 0 0 0 0 0 0 0 0 0 0 0 0 0 0 0 0 0 0 0 0 0 0 0 0 0 0 0 0 0 0 0 0 0 0 0 0 0 0 0 0 0 0 0 0 0 0 0 0 0 0 0 0 0 0 0 0 0 0 0 0 0 0 0 0 0 0 0 0 0 0 0 0 0 0 0 0 0 0 0 0 0 0 0 0 0 0 0 0 0 0 0 0 0 0 0 0 0 0 0 0 0 0 0 0 0 0 0 0 0 0 0 0 0 0 0 0 0 0 0 0 0 0 0 0 0 0 0 0 0 0 0 0 0 0 0 0 0 0 0 0 0 0 0 0 0 0 0 0 0 0 0 0 0 0 0 0 0 0 0 0 0 0 0 0 0 0 0 0 0 0 0 0 0 0 0 0 0 0 0 0 0 0 0 0 0 0 0 0 0 0 0 0 0 0 0 0 0 0 0 0 0 0 0 0 0 0 0 0 0 0 0 0 0 0 0 0 0 0 0 0 0 0 0 0 0 0 0 0 0 0 0 0 0 0 0 0 0 0 0 0 0 0 0 0 0 0 0 0 0 0 0 0 0 0 0 0 0 0 0 0 0 0 0 0 0 0 0 0 0 0 0 0 0 0 0 0 0 0 0 0 0 0 0 0 0 0 0 0 0 0 0 0 0 0 0 0 0 0 0 0 0 0 0 0 0 0 0 0 0 0 0 0 0 0 0 0 0 0 0 0 0 0 0 0 0 0 0 0 0 0 0 0 0 0 0 0 0 0 0 0 0 0 0 0 0 0 0 0 0 0 0 0 0 0 0 0 0 0 0 0 0 0 0 0 0 0 0 0 0 0 0 0 0 0 0 0 0 0 0 0 0 0 0 0 0 0 0 0 0 0 0 0 0 0 0 0 0 0 0 0 0 0 0 0 0 0 0 0 0 0 0 0 0 0 0 0 0 0 0 0 0 0 0 0 0 0 0 0 0 0 0 0 0 0 0 0 0 0 0 0 0 0 0 0 0 0 0 0 0 0 0 0 0 0 0 0 0 0 0 0 0 0 0 0 0 0 0 0 0 0 0 0 0 0 0 0 0 0 0 0 0 0 0 0 0 0 0 0 0 0 0 0 0 0 0 0 0 0 0 0 0 0 0 0 0 0 0 0 0 0 0 0 0 0 0 0 0 0 0 0 0 0 0 0 0 0 0 0 0 0 0 0 0 0 0 0 0 0 0 0 0 0 0 0 0 0 0 0 0 0 0 0 0 0 0 0 0 0 0 0 0 0 0 0 0 0 0 0 0 0 0 0 0 0 0 0 0 0 0 0 0 0 0 0 0 0 0 0 0 0 0 0 0 0 0 0 0 0 0 0 0 0 0 0 0 0 0 0 0 0 0 0 0 0 0 0 0 0 0 0 0 0 0 0 0 0 0 0 0 0 0 0 0 0 0 0 0 0 0 0 0 0 0 0 0 0 0 0 0 0 0 0 0 0 0 0 0 0 0 0 0 0 0 0 0 0 0 0 0 0 0 0 0 0 0 0 0 0 0 0 0 0 0 0 0 0 0 0 0 0 0 0 0 0 0 0 0 0 0 0 0 0 0 0 0 0 0 0 0 0 0 0 0 0 0 0 0 0 0 0 0 0 0 0 0 0 0 0 0 0 0 0 0 0 0 0 0 0 0 0 0 0 0 0 0 0 0 0 0 0 0 0 0 0 0 0 0 0 0 0 0 0 0 0 0 0 0 0 0 0 0 0 0 0 0 0 0 0 0 0 0 0 0 0 0 0 0 0 0 0 0 0 0 0 0 0 0 0 0 0 0 0 0 0 0 0 0 0 0 0 0 0 0 0 0 0 0 0 0 0 0 0 0 0 0 0 0 0 0 0 0 0 0 0 0 0 0 0 0 0 0 0 0 0 0 0 0 0 0 0 0 0 0 0 0 0 0 0 0 0 0 0 0 0 0 0 0 0 0 0 0 0 0 0 0 0 0 0 0 0 0 0 0 0 0 0 0 0 0 0 0 0 0 0 0 0 0 0 0 0 0 0 0 0 0 0 0 0 0 0 0 0 0 0 0 0 0 0 0 0 0 0 0 0 0 0 0 0 0 0 0 0 0 0 0 0 0 0 0 0 0 0 0 0 0 0 0 0 0 0 0 0 0 0 0 0 0 0 0 0 0 0 0 0 0 0 0 0 0 0 0 0 0 0 0 0 0 0 0 0 0 0 0 0 0 0 0 0 0 0 0 0 0 0 0 0 0 0 0 0 0 0 0 0 0 0 0 0 0 0 0 0 0 0 0 0 0 0 0 0 0 0 0 0 0 0 0 0 0 0 0 0 0 0 0 0 0 0 0 0 0 0 0 0 0 0 0 0 0 0 0 0 0 0 0 0 0 0 0 0 0 0 0 0 0 0 0 0 0 0 0 0 0 0 0 0 0 0 0 0 0 0 0 0 0 0 0 0 0 0 0 0 0 0 0 0 0 0 0 0 0 0 0 0 0 0 0 0 0 0 0 0 0 0 0 0 0 0 0 0 0 0 0 0 0 0 0 0 0 0 0 0 0 0 0 0 0 0 0 0 0 0 0 0 0 0 0 0 0 0 0 0 0 0 0 0 0 0 0 0 0 0 0 0 0 0 0 0 0 0 0 0 0 0 0 0 0 0 0 0 0 0 0 0 0 0 0 0 0 0 0 0 0 0 0 0 0 0 0 0 0 0 0 0 0 0 0 0 0 0 0 0 0 0 0 0 0 0 0 0 0 0 0 0 0 0 0 0 0 0 0 0 0 0 0 0 0 0 0 0 0 0 0 0 0 0 0 0 0 0 0 0 0 0 0 0 0 0 0 0 0 0 0 0 0 0 0 0 0 0 0 0 0 0 0 0 0 0 0 0 0 0 0 0 0 0 0 0 0 0 0 0 0 0 0 0 0 0 0 0 0 0 0 0 0 0 0 0 0 0 0 0 0 0 0 0 0 0 0 0 0 0 0 0 0 0 0 0 0 0 0 0 0 0 0 0 0 0 0 0 0 0 0 0 0 0 0 0 0 0 0 0 0 0 0 0 0 0 0 0 0 0 0 0 0 0 0 0 0 0 0 0 0 0 0 0 0 0 0 0 0 0 0 0 0 0 0 0 0 0 0 0 0 0 0 0 0 0 0 0 0 0 0 0 0 0 0 0 0 0 0 0 0 0 0 0 0 0 0 0 0 0 0 0 0 0 0 0 0 0 0 0 0 0 0 0 0 0 0 0 0 0 0 0 0 0 0 0 0 0 0 0 0 0 0 0 0 0 0 0 0 0 0 0 0 0 0 0 0 0 0 0 0 0 0 0 0 0 0 0 0 0 0 0 0 0 0 0 0 0 0 0 0 0 0 0 0 0 0 0 0 0 0 0 0 0 0 0 0 0 0 0 0 0 0 0 0 0 0 0 0 0 0 0 0 0 0 0 0 0 0 0 0 0 0 0 0 0 0 0 0 0 0 0 0 0 0 0 0 0 0 0 0 0 0 0 0 0 0 0 0 0 0 0 0 0 0 0 0 0 0 0 0 0 0 0 0 0 0 0 0 0 0 0 0 0 0 0 0 0 0 0 0 0 0 0 0 0 0 0 0 0 0 0 0 0 0 0 0 0 0 0 0 0 0 0 0 0 0 0 0 0 0 0 0 0 0 0 0 0 0 0 0 0 0 0 0 0 0 0 0 0 0 0 0 0 0 0 0 0 0 0 0 0 0 0 0 0 0 0 0 0 0 0 0 0 0 0 0 0 0 0 0 0 0 0 0 0 0 0 0 0 0 0 0 0 0 0 0 0 0 0 0 0 0 0 0 0 0 0 0 0 0 0 0 0 0 0 0 0 0 0 0 0 0 0 0 0 0 0 0 0 0 0 0 0 0 0 0 0 0 0 0 0 0 0 0 0 0 0 0 0 0 0 0 0 0 0 0 0 0 0 0 0 0 0 0 0 0 0 0 0 0 0 0 0 0 0 0 0 0 0 0 0 0 0 0 0 0 0 0 0 0 0 0 0 0 0 0 0 0 0 0 0 0 0 0 0 0 0 0 0 0 0 0 0 0 0 0 0 0 0 0 0 0 0 0 0 0 0 0 0 0 0 0 0 0 0 0 0 0 0 0 0 0 0 0 0 0 0 0 0 0 0 0 0 0 0 0 0 0 0 0 0 0 0 0 0 0 0 0 0 0 0 0 0 0 0 0 0 0 0 0 0 0 0 0 0 0 0 0 0 0 0 0 0 0 0 0 0 0 0 0 0 0 0 0 0 0 0 0 0 0 0 0 0 0 0 0 0 0 0 0 0 0 0 0 0 0 0 0 0 0 0 0 0 0 0 0 0 0 0 0 0 0 0 0 0 0 0 0 0 0 0 0 0 0 0 0 0 0 0 0 0 0 0 0 0 0 0 0 0 0 0 0 0 0 0 0 0 0 0 0 0 0 0 0 0 0 0 0 0 0 0 0 0 0 0 0 0 0 0 0 0 0 0 0 0 0 0 0 0 0 0 0 0 0 0 0 0 0 0 0 0 0 0 0 0 0 0 0 0 0 0 0 0 0 0 0 0 0 0 0 0 0 0 0 0 0 0 0 0 0 0 0 0 0 0 0 0 0 0 0 0 0 0 0 0 0 0 0 0 0 0 0 0 0 0 0 0 0 0 0 0 0 0 0 0 0 0 0 0 0 0 0 0 0 0 0 0 0 0 0 0 0 0 0 0 0 0 0 0 0 0 0 0 0 0 0 0 0 0 0 0 0 0 0 0 0 0 0 0 0 0 0 0 0 0 0 0 0 0 0 0 0 0 0 0 0 0 0 0 0 0 0 0 0 0 0 0 0 0 0 0 0 0 0 0 0 0 0 0 0 0 0 0 0 0 0 0 0 0 0 0 0 0 0 0 0 0 0 0 0 0 0 0 0 0 0 0 0 0 0 0 0 0 0 0 0 0 0 0 0 0 0 0 0 0 0 0 0 0 0 0 0 0 0 0 0 0 0 0 0 0 0 0 0 0 0 0 0 0 0 0 0 0 0 0 0 0 0 0 0 0 0 0 0 0 0 0 0 0 0 0 0 0 0 0 0 0 0 0 0 0 0 0 0 0 0 0 0 0 0 0 0 0 0 0 0 0 0 0 0 0 0 0 0 0 0 0 0 0 0 0 0 0 0 0 0 0 0 0 0 0 0 0 0 0 0 0 0 0 0 0 0 0 0 0 0 0 0 0 0 0 0 0 0 0 0 0 0 0 0 0 0 0 0 0 0 0 0 0 0 0 0 0 0 0 0 0 0 0 0 0 0 0 0 0 0 0 0 0 0 0 0 0 0 0 0 0 0 0 0 0 0 0 0 0 0 0 0 0 0 0 0 0 0 0 0 0 0 0 0 0 0 0 0 0 0 0 0 0 0 0 0 0 0 0 0 0 0 0 0 0 0 0 0 0 0 0 0 0 0 0 0 0 0 0 0 0 0 0 0 0 0 0 0 0 0 0 0 0 0 0 0 0 0 0 0 0 0 0 0 0 0 0 0 0 0 0 0 0 0 0 0 0 0 0 0 0 0 0 0 0 0 0 0 0 0 0 0 0 0 0 0 0 0 0 0 0 0 0 0 0 0 0 0 0 0 0 0 0 0 0 0 0 0 0 0 0 0 0 0 0 0 0 0 0 0 0 0 0 0 0 0 0 0 0 0 0 0 0 0 0 0 0 0 0 0 0 0 0 0 0 0 0 0 0 0 0 0 0 0 0 0 0 0 0 0 0 0 0 0 0 0 0 0 0 0 0 0 0 0 0 0 0 0 0 0 0 0 0 0 0 0 0 0 0 0 0 0 0 0 0 0 0 0 0 0 0 0 0 0 0 0 0 0 0 0 0 0 0 0 0 0 0 0 0 0 0 0 0 0 0 0 0 0 0 0 0 0 0 0 0 0 0 0 0 0 0 0 0 0 0 0 0 0 0 0 0 0 0 0 0 0 0 0 0 0 0 0 0 0 0 0 0 0 0 0 0 0 0 0 0 0 0 0 0 0 0 0 0 0 0 0 0 0 0 0 0 0 0 0 0 0 0 0 0 0 0 0 0 0 0 0 0 0 0 0 0 0 0 0 0 0 0 0 0 0 0 0 0 0 0 0 0 0 0 0 0 0 0 0 0 0 0 0 0 0 0 0 0 0 0 0 0 0 0 0 0 0 0 0 0 0 0 0 0 0 0 0 0 0 0 0 0 0 0 0 0 0 0 0 0 0 0 0 0 0 0 0 0 0 0 0 0 0 0 0 0 0 0 0 0 0 0 0 0 0 0 0 0 0 0 0 0 0 0 0 0 0 0 0 0 0 0 0 0 0 0 0 0 0 0 0 0 0 0 0 0 0 0 0 0 0 0 0 0 0 0 0 0 0 0 0 0 0 0 0 0 0 0 0 0 0 0 0 0 0 0 0 0 0 0 0 0 0 0 0 0 0 0 0 0 0 0 0 0 0 0 0 0 0 0 0 0 0 0 0 0 0 0 0 0 0 0 0 0 0 0 0 0 0 0 0 0 0 0 0 0 0 0 0 0 0 0 0 0 0 0 0 0 0 0 0 0 0 0 0 0 0 0 0 0 0 0 0 0 0 0 0 0 0 0 0 0 0 0 0 0 0 0 0 0 0 0 0 0 0 0 0 0 0 0 0 0 0 0 0 0 0 0 0 0 0 0 0 0 0 0 0 0 0 0 0 0 0 0 0 0 0 0 0 0 0 0 0 0 0 0 0 0 0 0 0 0 0 0 0 0 0 0 0 0 0 0 0 0 0 0 0 0 0 0 0 0 0 0 0 0 0 0 0 0 0 0 0 0 0 0 0 0 0 0 0 0 0 0 0 0 0 0 0 0 0 0 0 0 0 0 0 0 0 0 0 0 0 0 0 0 0 0 0 0 0 0 0 0 0 0 0 0 0 0 0 0 0 0 0 0 0 0 0 0 0 0 0 0 0 0 0 0 0 0 0 0 0 0 0 0 0 0 0 0 0 0 0 0 0 0 0 0 0 0 0 0 0 0 0 0 0 0 0 0 0 0 0 0 0 0 0 0 0 0 0 0 0 0 0 0 0 0 0 0 0 0 0 0 0 0 0 0 0 0 0 0 0 0 0 0 0 0 0 0 0 0 0 0 0 0 0 0 0 0 0 0 0 0 0 0 0 0 0 0 0 0 0 0 0 0 0 0 0 0 0 0 0 0 0 0 0 0 0 0 0 0 0 0 0 0 0 0 0 0 0 0 0 0 0 0 0 0 0 0 0 0 0 0 0 0 0 0 0 0 0 0 0 0 0 0 0 0 0 0 0 0 0 0 0 0 0 0 0 0 0 0 0 0 0 0 0 0 0 0 0 0 0 0 0 0 0 0 0 0 0 0 0 0 0 0 0 0 0 0 0 0 0 0 0 0 0 0 0 0 0 0 0 0 0 0 0 0 0 0 0 0 0 0 0 0 0 0 0 0 0 0 0 0 0 0 0 0 0 0 0 0 0 0 0 0 0 0 0 0 0 0 0 0 0 0 0 0 0 0 0 0 0 0 0 0 0 0 0 0 0 0 0 0 0 0 0 0 0 0 0 0 0 0 0 0 0 0 0 0 0 0 0 0 0 0 0 0 0 0 0 0 0 0 0 0 0 0 0 0 0 0 0 0 0 0 0 0 0 0 0 0 0 0 0 0 0 0 0 0 0 0 0 0 0 0 0 0 0 0 0 0 0 0 0 0 0 0 0 0 0 0 0 0 0 0 0 0 0 0 0 0 0 0 0 0 0 0 0 0 0 0 0 0 0 0 0 0 0 0 0 0 0 0 0 0 0 0 0 0 0 0 0 0 0 0 0 0 0 0 0 0 0 0 0 0 0 0 0 0 0 0 0 0 0 0 0 0 0 0 0 0 0 0 0 0 0 0 0 0 0 0 0 0 0 0 0 0 0 0 0 0 0 0 0 0 0 0 0 0 0 0 0 0 0 0 0 0 0 0 0 0 0 0 0 0 0 0 0 0 0 0 0 0 0 0 0 0 0 0 0 0 0 0 0 0 0 0 0 0 0 0 0 0 0 0 0 0 0 0 0 0 0 0 0 0 0 0 0 0 0 0 0 0 0 0 0 0 0 0 0 0 0 0 0 0 0 0 0 0 0 0 0 0 0 0 0 0 0 0 0 0 0 0 0 0 0 0 0 0 0 0 0 0 0 0 0 0 0 0 0 0 0 0 0 0 0 0 0 0 0 0 0 0 0 0 0 0 0 0 0 0 0 0 0 0 0 0 0 0 0 0 0 0 0 0 0 0 0 0 0 0 0 0 0 0 0 0 0 0 0 0 0 0 0 0 0 0 0 0 0 0 0 0 0 0 0 0 0 0 0 0 0 0 0 0 0 0 0 0 0 0 0 0 0 0 0 0 0 0 0 0 0 0 0 0 0 0 0 0 0 0 0 0 0 0 0 0 0 0 0 0 0 0 0 0 0 0 0 0 0 0 0 0 0 0 0 0 0 0 0 0 0 0 0 0 0 0 0 0 0 0 0 0 0 0 0 0 0 0 0 0 0 0 0 0 0 0 0 0 0 0 0 0 0 0 0 0 0 0 0 0 0 0 0 0 0 0 0 0 0 0 0 0 0 0 0 0 0 0 0 0 0 0 0 0 0 0 0 0 0 0 0 0 0 0 0 0 0 0 0 0 0 0 0 0 0 0 0 0 0 0 0 0 0 0 0 0 0 0 0 0 0 0 0 0 0 0 0 0 0 0 0 0 0 0 0 0 0 0 0 0 0 0 0 0 0 0 0 0 0 0 0 0 0 0 0 0 0 0 0 0 0 0 0 0 0 0 0 0 0 0 0 0 0 0 0 0 0 0 0 0 0 0 0 0 0 0 0 0 0 0 0 0 0 0 0 0 0 0 0 0 0 0 0 0 0 0 0 0 0 0 0 0 0 0 0 0 0 0 0 0 0 0 0 0 0 0 0 0 0 0 0 0 0 0 0 0 0 0 0 0 0 0 0 0 0 0 0 0 0 0 0 0 0 0 0 0 0 0 0 0 0 0 0 0 0 0 0 0 0 0 0 0 0 0 0 0 0 0 0 0 0 0 0 0 0 0 0 0 0 0 0 0 0 0 0 0 0 0 0 0 0 0 0 0 0 0 0 0 0 0 0 0 0 0 0 0 0 0 0 0 0 0 0 0 0 0 0 0 0 0 0 0 0 0 0 0 0 0 0 0 0 0 0 0 0 0 0 0 0 0 0 0 0 0 0 0 0 0 0 0 0 0 0 0 0 0 0 0 0 0 0 0 0 0 0 0 0 0 0 0 0 0 0 0 0 0 0 0 0 0 0 0 0 0 0 0 0 0 0 0 0 0 0 0 0 0 0 0 0 0 0 0 0 0 0 0 0 0 0 0 0 0 0 0 0 0 0 0 0 0 0 0 0 0 0 0 0 0 0 0 0 0 0 0 0 0 0 0 0 0 0 0 0 0 0 0 0 0 0 0 0 0 0 0 0 0 0 0 0 0 0 0 0 0 0 0 0 0 0 0 0 0 0 0 0 0 0 0 0 0 0 0 0 0 0 0 0 0 0 0 0 0 0 0 0 0 0 0 0 0 0 0 0 0 0 0 0 0 0 0 0 0 0 0 0 0 0 0 0 0 0 0 0 0 0 0 0 0 0 0 0 0 0 0 0 0 0 0 0 0 0 0 0 0 0 0 0 0 0 0 0 0 0 0 0 0 0 0 0 0 0 0 0 0 0 0 0 0 0 0 0 0 0 0 0 0 0 0 0 0 0 0 0 0 0 0 0 0 0 0 0 0 0 0 0 0 0 0 0 0 0 0 0 0 0 0 0 0 0 0 0 0 0 0 0 0 0 0 0 0 0 0 0 0 0 0 0 0 0 0 0 0 0 0 0 0 0 0 0 0 0 0 0 0 0 0 0 0 0 0 0 0 0 0 0 0 0 0 0 0 0 0 0 0 0 0 0 0 0 0 0 0 0 0 0 0 0 0 0 0 0 0 0 0 0 0 0 0 0 0 0 0 0 0 0 0 0 0 0 0 0 0 0 0 0 0 0 0 0 0 0 0 0 0 0 0 0 0 0 0 0 0 0 0 0 0 0 0 0 0 0 0 0 0 0 0 0 0 0 0 0 0 0 0 0 0 0 0 0 0 0 0 0 0 0 0 0 0 0 0 0 0 0 0 0 0 0 0 0 0 0 0 0 0 0 0 0 0 0 0 0 0 0 0 0 0 0 0 0 0 0 0 0 0 0 0 0 0 0 0 0 0 0 0 0 0 0 0 0 0 0 0 0 0 0 0 0 0 0 0 0 0 0 0 0 0 0 0 0 0 0 0 0 0 0 0 0 0 0 0 0 0 0 0 0 0 0 0 0 0 0 0 0 0 0 0 0 0 0 0 0 0 0 0 0 0 0 0 0 0 0 0 0 0 0 0 0 0 0 0 0 0 0 0 0 0 0 0 0 0 0 0 0 0 0 0 0 0 0 0 0 0 0 0 0 0 0 0 0 0 0 0 0 0 0 0 0 0 0 0 0 0 0 0 0 0 0 0 0 0 0 0 0 0 0 0 0 0 0 0 0 0 0 0 0 0 0 0 0 0 0 0 0 0 0 0 0 0 0 0 0 0 0 0 0 0 0 0 0 0 0 0 0 0 0 0 0 0 0 0 0 0 0 0 0 0 0 0 0 0 0 0 0 0 0 0 0 0 0 0 0 0 0 0 0 0 0 0 0 0 0 0 0 0 0 0 0 0 0 0 0 0 0 0 0 0 0 0 0 0 0 0 0 0 0 0 0 0 0 0 0 0 0 0 0 0 0 0 0 0 0 0 0 0 0 0 0 0 0 0 0 0 0 0 0 0 0 0 0 0 0 0 0 0 0 0 0 0 0 0 0 0 0 0 0 0 0 0 0 0 0 0 0 0 0 0 0 0 0 0 0 0 0 0 0 0 0 0 0 0 0 0 0 0 0 0 0 0 0 0 0 0 0 0 0 0 0 0 0 0 0 0 0 0 0 0 0 0 0 0 0 0 0 0 0 0 0 0 0 0 0 0 0 0 0 0 0 0 0 0 0 0 0 0 0 0 0 0 0 0 0 0 0 0 0 0 0 0 0 0 0 0 0 0 0 0 0 0 0 0 0 0 0 0 0 0 0 0 0 0 0 0 0 0 0 0 0 0 0 0 0 0 0 0 0 0 0 0 0 0 0 0 0 0 0 0 0 0 0 0 0 0 0 0 0 0 0 0 0 0 0 0 0 0 0 0 0 0 0 0 0 0 0 0 0 0 0 0 0 0 0 0 0 0 0 0 0 0 0 0 0 0 0 0 0 0 0 0 0 0 0 0 0 0 0 0 0 0 0 0 0 0 0 0 0 0 0 0 0 0 0 0 0 0 0 0 0 0 0 0 0 0 0 0 0 0 0 0 0 0 0 0 0 0 0 0 0 0 0 0 0 0 0 0 0 0 0 0 0 0 0 0 0 0 0 0 0 0 0 0 0 0 0 0 0 0 0 0 0 0 0 0 0 0 0 0 0 0 0 0 0 0 0 0 0 0 0 0 0 0 0 0 0 0 0 0 0 0 0 0 0 0 0 0 0 0 0 0 0 0 0 0 0 0 0 0 0 0 0 0 0 0 0 0 0 0 0 0 0 0 0 0 0 0 0 0 0 0 0 0 0 0 0 0 0 0 0 0 0 0 0 0 0 0 0 0 0 0 0 0 0 0 0 0 0 0 0 0 0 0 0 0 0 0 0 0 0 0 0 0 0 0 0 0 0 0 0 0 0 0 0 0 0 0 0 0 0 0 0 0 0 0 0 0 0 0 0 0 0 0 0 0 0 0 0 0 0 0 0 0 0 0 0 0 0 0 0 0 0 0 0 0 0 0 0 0 0 0 0 0 0 0 0 0 0 0 0 0 0 0 0 0 0 0 0 0 0 0 0 0 0 0 0 0 0 0 0 0 0 0 0 0 0 0 0 0 0 0 0 0 0 0 0 0 0 0 0 0 0 0 0 0 0 0 0 0 0 0 0 0 0 0 0 0 0 0 0 0 0 0 0 0 0 0 0 0 0 0 0 0 0 0 0 0 0 0 0 0 0 0 0 0 0 0 0 0 0 0 0 0 0 0 0 0 0 0 0 0 0 0 0 0 0 0 0 0 0 0 0 0 0 0 0 0 0 0 0 0 0 0 0 0 0 0 0 0 0 0 0 0 0 0 0 0 0 0 0 0 0 0 0 0 0 0 0 0 0 0 0 0 0 0 0 0 0 0 0 0 0 0 0 0 0 0 0 0 0 0 0 0 0 0 0 0 0 0 0 0 0 0 0 0 0 0 0 0 0 0 0 0 0 0 0 0 0 0 0 0 0 0 0 0 0 0 0 0 0 0 0 0 0 0 0 0 0 0 0 0 0 0 0 0 0 0 0 0 0 0 0 0 0 0 0 0 0 0 0 0 0 0 0 0 0 0 0 0 0 0 0 0 0 0 0 0 0 0 0 0 0 0 0 0 0 0 0 0 0 0 0 0 0 0 0 0 0 0 0 0 0 0 0 0 0 0 0 0 0 0 0 0 0 0 0 0 0 0 0 0 0 0 0 0 0 0 0 0 0 0 0 0 0 0 0 0 0 0 0 0 0 0 0 0 0 0 0 0 0 0 0 0 0 0 0 0 0 0 0 0 0 0 0 0 0 0 0 0 0 0 0 0 0 0 0 0 0 0 0 0 0 0 0 0 0 0 0 0 0 0 0 0 0 0 0 0 0 0 0 0 0 0 0 0 0 0 0 0 0 0 0 0 0 0 0 0 0 0 0 0 0 0 0 0 0 0 0 0 0 0 0 0 0 0 0 0 0 0 0 0 0 0 0 0 0 0 0 0 0 0 0 0 0 0 0 0 0 0 0 0 0 0 0 0 0 0 0 0 0 0 0 0 0 0 0 0 0 0 0 0 0 0 0 0 0 0 0 0 0 0 0 0 0 0 0 0 0 0 0 0 0 0 0 0 0 0 0 0 0 0 0 0 0 0 0 0 0 0 0 0 0 0 0 0 0 0 0 0 0 0 0 0 0 0 0 0 0 0 0 0 0 0 0 0 0 0 0 0 0 0 0 0 0 0 0 0 0 0 0 0 0 0 0 0 0 0 0 0 0 0 0 0 0 0 0 0 0 0 0 0 0 0 0 0 0 0 0 0 0 0 0 0 0 0 0 0 0 0 0 0 0 0 0 0 0 0 0 0 0 0 0 0 0 0 0 0 0 0 0 0 0 0 0 0 0 0 0 0 0 0 0 0 0 0 0 0 0 0 0 0 0 0 0 0 0 0 0 0 0 0 0 0 0 0 0 0 0 0 0 0 0 0 0 0 0 0 0 0 0 0 0 0 0 0 0 0 0 0 0 0 0 0 0 0 0 0 0 0 0 0 0 0 0 0 0 0 0 0 0 0 0 0 0 0 0 0 0 0 0 0 0 0 0 0 0 0 0 0 0 0 0 0 0 0 0 0 0 0 0 0 0 0 0 0 0 0 0 0 0 0 0 0 0 0 0 0 0 0 0 0 0 0 0 0 0 0 0 0 0 0 0 0 0 0 0 0 0 0 0 0 0 0 0 0 0 0 0 0 0 0 0 0 0 0 0 0 0 0 0 0 0 0 0 0 0 0 0 0 0 0 0 0 0 0 0 0 0 0 0 0 0 0 0 0 0 0 0 0 0 0 0 0 0 0 0 0 0 0 0 0 0 0 0 0 0 0 0 0 0 0 0 0 0 0 0 0 0 0 0 0 0 0 0 0 0 0 0 0 0 0 0 0 0 0 0 0 0 0 0 0 0 0 0 0 0 0 0 0 0 0 0 0 0 0 0 0 0 0 0 0 0 0 0 0 0 0 0 0 0 0 0 0 0 0 0 0 0 0 0 0 0 0 0 0 0 0 0 0 0 0 0 0 0 0 0 0 0 0 0 0 0 0 0 0 0 0 0 0 0 0 0 0 0 0 0 0 0 0 0 0 0 0 0 0 0 0 0 0 0 0 0 0 0 0 0 0 0 0 0 0 0 0 0 0 0 0 0 0 0 0 0 0 0 0 0 0 0 0 0 0 0 0 0 0 0 0 0 0 0 0 0 0 0 0 0 0 0 0 0 0 0 0 0 0 0 0 0 0 0 0 0 0 0 0 0 0 0 0 0 0 0 0 0 0 0 0 0 0 0 0 0 0 0 0 0 0 0 0 0 0 0 0 0 0 0 0 0 0 0 0 0 0 0 0 0 0 0 0 0 0 0 0 0 0 0 0 0 0 0 0 0 0 0 0 0 0 0 0 0 0 0 0 0 0 0 0 0 0 0 0 0 0 0 0 0 0 0 0 0 0 0 0 0 0 0 0 0 0 0 0 0 0 0 0 0 0 0 0 0 0 0 0 0 0 0 0 0 0 0 0 0 0 0 0 0 0 0 0 0 0 0 0 0 0 0 0 0 0 0 0 0 0 0 0 0 0 0 0 0 0 0 0 0 0 0 0 0 0 0 0 0 0 0 0 0 0 0 0 0 0 0 0 0 0 0 0 0 0 0 0 0 0 0 0 0 0 0 0 0 0 0 0 0 0 0 0 0 0 0 0 0 0 0 0 0 0 0 0 0 0 0 0 0 0 0 0 0 0 0 0 0 0 0 0 0 0 0 0 0 0 0 0 0 0 0 0 0 0 0 0 0 0 0 0 0 0 0 0 0 0 0 0 0 0 0 0 0 0 0 0 0 0 0 0 0 0 0 0 0 0 0 0 0 0 0 0 0 0 0 0 0 0 0 0 0 0 0 0 0 0 0 0 0 0 0 0 0 0 0 0 0 0 0 0 0 0 0 0 0 0 0 0 0 0 0 0 0 0 0 0 0 0 0 0 0 0 0 0 0 0 0 0 0 0 0 0 0 0 0 0 0 0 0 0 0 0 0 0 0 0 0 0 0 0 0 0 0 0 0 0 0 0 0 0 0 0 0 0 0 0 0 0 0 0 0 0 0 0 0 0 0 0 0 0 0 0 0 0 0 0 0 0 0 0 0 0 0 0 0 0 0 0 0 0 0 0 0 0 0 0 0 0 0 0 0 0 0 0 0 0 0 0 0 0 0 0 0 0 0 0 0 0 0 0 0 0 0 0 0 0 0 0 0 0 0 0 0 0 0 0 0 0 0 0 0 0 0 0 0 0 0 0 0 0 0 0 0 0 0 0 0 0 0 0 0 0 0 0 0 0 0 0 0 0 0 0 0 0 0 0 0 0 0 0 0 0 0 0 0 0 0 0 0 0 0 0 0 0 0 0 0 0 0 0 0 0 0 0 0 0 0 0 0 0 0 0 0 0 0 0 0 0 0 0 0 0 0 0 0 0 0 0 0 0 0 0 0 0 0 0 0 0 0 0 0 0 0 0 0 0 0 0 0 0 0 0 0 0 0 0 0 0 0 0 0 0 0 0 0 0 0 0 0 0 0 0 0 0 0 0 0 0 0 0 0 0 0 0 0 0 0 0 0 0 0 0 0 0 0 0 0 0 0 0 0 0 0 0 0 0 0 0 0 0 0 0 0 0 0 0 0 0 0 0 0 0 0 0 0 0 0 0 0 0 0 0 0 0 0 0 0 0 0 0 0 0 0 0 0 0 0 0 0 0 0 0 0 0 0 0 0 0 0 0 0 0 0 0 0 0 0 0 0 0 0 0 0 0 0 0 0 0 0 0 0 0 0 0 0 0 0 0 0 0 0 0 0 0 0 0 0 0 0 0 0 0 0 0 0 0 0 0 0 0 0 0 0 0 0 0 0 0 0 0 0 0 0 0 0 0 0 0 0 0 0 0 0 0 0 0 0 0 0 0 0 0 0 0 0 0 0 0 0 0 0 0 0 0 0 0 0 0 0 0 0 0 0 0 0 0 0 0 0 0 0 0 0 0 0 0 0 0 0 0 0 0 0 0 0 0 0 0 0 0 0 0 0 0 0 0 0 0 0 0 0 0 0 0 0 0 0 0 0 0 0 0 0 0 0 0 0 0 0 0 0 0 0 0 0 0 0 0 0 0 0 0 0 0 0 0 0 0 0 0 0 0 0 0 0 0 0 0 0 0 0 0 0 0 0 0 0 0 0 0 0 0 0 0 0 0 0 0 0 0 0 0 0 0 0 0 0 0 0 0 0 0 0 0 0 0 0 0 0 0 0 0 0 0 0 0 0 0 0 0 0 0 0 0 0 0 0 0 0 0 0 0 0 0 0 0 0 0 0 0 0 0 0 0 0 0 0 0 0 0 0 0 0 0 0 0 0 0 0 0 0 0 0 0 0 0 0 0 0 0 0 0 0 0 0 0 0 0 0 0 0 0 0 0 0 0 0 0 0 0 0 0 0 0 0 0 0 0 0 0 0 0 0 0 0 0 0 0 0 0 0 0 0 0 0 0 0 0 0 0 0 0 0 0 0 0 0 0 0 0 0 0 0 0 0 0 0 0 0 0 0 0 0 0 0 0 0 0 0 0 0 0 0 0 0 0 0 0 0 0 0 0 0 0 0 0 0 0 0 0 0 0 0 0 0 0 0 0 0 0 0 0 0 0 0 0 0 0 0 0 0 0 0 0 0 0 0 0 0 0 0 0 0 0 0 0 0 0 0 0 0 0 0 0 0 0 0 0 0 0 0 0 0 0 0 0 0 0 0 0 0 0 0 0 0 0 0 0 0 0 0 0 0 0 0 0 0 0 0 0 0 0 0 0 0 0 0 0 0 0 0 0 0 0 0 0 0 0 0 0 0 0 0 0 0 0 0 0 0 0 0 0 0 0 0 0 0 0 0 0 0 0 0 0 0 0 0 0 0 0 0 0 0 0 0 0 0 0 0 0 0 0 0 0 0 0 0 0 0 0 0 0 0 0 0 0 0 0 0 0 0 0 0 0 0 0 0 0 0 0 0 0 0 0 0 0 0 0 0 0 0 0 0 0 0 0 0 0 0 0 0 0 0 0 0 0 0 0 0 0 0 0 0 0 0 0 0 0 0 0 0 0 0 0 0 0 0 0 0 0 0 0 0 0 0 0 0 0 0 0 0 0 0 0 0 0 0 0 0 0 0 0 0 0 0 0 0 0 0 0 0 0 0 0 0 0 0 0 0 0 0 0 0 0 0 0 0 0 0 0 0 0 0 0 0 0 0 0 0 0 0 0 0 0 0 0 0 0 0 0 0 0 0 0 0 0 0 0 0 0 0 0 0 0 0 0 0 0 0 0 0 0 0 0 0 0 0 0 0 0 0 0 0 0 0 0 0 0 0 0 0 0 0 0 0 0 0 0 0 0 0 0 0 0 0 0 0 0 0 0 0 0 0 0 0 0 0 0 0 0 0 0 0 0 0 0 0 0 0 0 0 0 0 0 0 0 0 0 0 0 0 0 0 0 0 0 0 0 0 0 0 0 0 0 0 0 0 0 0 0 0 0 0 0 0 0 0 0 0 0 0 0 0 0 0 0 0 0 0 0 0 0 0 0 0 0 0 0 0 0 0 0 0 0 0 0 0 0 0 0 0 0 0 0 0 0 0 0 0 0 0 0 0 0 0 0 0 0 0 0 0 0 0 0 0 0 0 0 0 0 0 0 0 0 0 0 0 0 0 0 0 0 0 0 0 0 0 0 0 0 0 0 0 0 0 0 0 0 0 0 0 0 0 0 0 0 0 0 0 0 0 0 0 0 0 0 0 0 0 0 0 0 0 0 0 0 0 0 0 0 0 0 0 0 0 0 0 0 0 0 0 0 0 0 0 0 0 0 0 0 0 0 0 0 0 0 0 0 0 0 0 0 0 0 0 0 0 0 0 0 0 0 0 0 0 0 0 0 0 0 0 0 0 0 0 0 0 0 0 0 0 0 0 0 0 0 0 0 0 0 0 0 0 0 0 0 0 0 0 0 0 0 0 0 0 0 0 0 0 0 0 0 0 0 0 0 0 0 0 0 0 0 0 0 0 0 0 0 0 0 0 0 0 0 0 0 0 0 0 0 0 0 0 0 0 0 0 0 0 0 0 0 0 0 0 0 0 0 0 0 0 0 0 0 0 0 0 0 0 0 0 0 0 0 0 0 0 0 0 0 0 0 0 0 0 0 0 0 0 0 0 0 0 0 0 0 0 0 0 0 0 0 0 0 0 0 0 0 0 0 0 0 0 0 0 0 0 0 0 0 0 0 0 0 0 0 0 0 0 0 0 0 0 0 0 0 0 0 0 0 0 0 0 0 0 0 0 0 0 0 0 0 0 0 0 0 0 0 0 0 0 0 0 0 0 0 0 0 0 0 0 0 0 0 0 0 0 0 0 0 0 0 0 0 0 0 0 0 0 0 0 0 0 0 0 0 0 0 0 0 0 0 0 0 0 0 0 0 0 0 0 0 0 0 0 0 0 0 0 0 0 0 0 0 0 0 0 0 0 0 0 0 0 0 0 0 0 0 0 0 0 0 0 0 0 0 0 0 0 0 0 0 0 0 0 0 0 0 0 0 0 0 0 0 0 0 0 0 0 0 0 0 0 0 0 0 0 0 0 0 0 0 0 0 0 0 0 0 0 0 0 0 0 0 0 0 0 0 0 0 0 0 0 0 0 0 0 0 0 0 0 0 0 0 0 0 0 0 0 0 0 0 0 0 0 0 0 0 0 0 0 0 0 0 0 0 0 0 0 0 0 0 0 0 0 0 0 0 0 0 0 0 0 0 0 0 0 0 0 0 0 0 0 0 0 0 0 0 0 0 0 0 0 0 0 0 0 0 0 0 0 0 0 0 0 0 0 0 0 0 0 0 0 0 0 0 0 0 0 0 0 0 0 0 0 0 0 0 0 0 0 0 0 0 0 0 0 0 0 0 0 0 0 0 0 0 0 0 0 0 0 0 0 0 0 0 0 0 0 0 0 0 0 0 0 0 0 0 0 0 0 0 0 0 0 0 0 0 0 0 0 0 0 0 0 0 0 0 0 0 0 0 0 0 0 0 0 0 0 0 0 0 0 0 0 0 0 0 0 0 0 0 0 0 0 0 0 0 0 0 0 0 0 0 0 0 0 0 0 0 0 0 0 0 0 0 0 0 0 0 0 0 0 0 0 0 0 0 0 0 0 0 0 0 0 0 0 0 0 0 0 0 0 0 0 0 0 0 0 0 0 0 0 0 0 0 0 0 0 0 0 0 0 0 0 0 0 0 0 0 0 0 0 0 0 0 0 0 0 0 0 0 0 0 0 0 0 0 0 0 0 0 0 0 0 0 0 0 0 0 0 0 0 0 0 0 0 0 0 0 0 0 0 0 0 0 0 0 0 0 0 0 0 0 0 0 0 0 0 0 0 0 0 0 0 0 0 0 0 0 0 0 0 0 0 0 0 0 0 0 0 0 0 0 0 0 0 0 0 0 0 0 0 0 0 0 0 0 0 0 0 0 0 0 0 0 0 0 0 0 0 0 0 0 0 0 0 0 0 0 0 0 0 0 0 0 0 0 0 0 0 0 0 0 0 0 0 0 0 0 0 0 0 0 0 0 0 0 0 0 0 0 0 0 0 0 0 0 0 0 0 0 0 0 0 0 0 0 0 0 0 0 0 0 0 0 0 0 0 0 0 0 0 0 0 0 0 0 0 0 0 0 0 0 0 0 0 0 0 0 0 0 0 0 0 0 0 0 0 0 0 0 0 0 0 0 0 0 0 0 0 0 0 0 0 0 0 0 0 0 0 0 0 0 0 0 0 0 0 0 0 0 0 0 0 0 0 0 0 0 0 0 0 0 0 0 0 0 0 0 0 0 0 0 0 0 0 0 0 0 0 0 0 0 0 0 0 0 0 0 0 0 0 0 0 0 0 0 0 0 0 0 0 0 0 0 0 0 0 0 0 0 0 0 0 0 0 0 0 0 0 0 0 0 0 0 0 0 0 0 0 0 0 0 0 0 0 0 0 0 0 0 0 0 0 0 0 0 0 0 0 0 0 0 0 0 0 0 0 0 0 0 0 0 0 0 0 0 0 0 0 0 0 0 0 0 0 0 0 0 0 0 0 0 0 0 0 0 0 0 0 0 0 0 0 0 0 0 0 0 0 0 0 0 0 0 0 0 0 0 0 0 0 0 0 0 0 0 0 0 0 0 0 0 0 0 0 0 0 0 0 0 0 0 0 0 0 0 0 0 0 0 0 0 0 0 0 0 0 0 0 0 0 0 0 0 0 0 0 0 0 0 0 0 0 0 0 0 0 0 0 0 0 0 0 0 0 0 0 0 0 0 0 0 0 0 0 0 0 0 0 0 0 0 0 0 0 0 0 0 0 0 0 0 0 0 0 0 0 0 0 0 0 0 0 0 0 0 0 0 0 0 0 0 0 0 0 0 0 0 0 0 0 0 0 0 0 0 0 0 0 0 0 0 0 0 0 0 0 0 0 0 0 0 0 0 0 0 0 0 0 0 0 0 0 0 0 0 0 0 0 0 0 0 0 0 0 0 0 0 0 0 0 0 0 0 0 0 0 0 0 0 0 0 0 0 0 0 0 0 0 0 0 0 0 0 0 0 0 0 0 0 0 0 0 0 0 0 0 0 0 0 0 0 0 0 0 0 0 0 0 0 0 0 0 0 0 0 0 0 0 0 0 0 0 0 0 0 0 0 0 0 0 0 0 0 0 0 0 0 0 0 0 0 0 0 0 0 0 0 0 0 0 0 0 0 0 0 0 0 0 0 0 0 0 0 0 0 0 0 0 0 0 0 0 0 0 0 0 0 0 0 0 0 0 0 0 0 0 0 0 0 0 0 0 0 0 0 0 0 0 0 0 0 0 0 0 0 0 0 0 0 0 0 0 0 0 0 0 0 0 0 0 0 0 0 0 0 0 0 0 0 0 0 0 0 0 0 0 0 0 0 0 0 0 0 0 0 0 0 0 0 0 0 0 0 0 0 0 0 0 0 0 0 0 0 0 0 0 0 0 0 0 0 0 0 0 0 0 0 0 0 0 0 0 0 0 0 0 0 0 0 0 0 0 0 0 0 0 0 0 0 0 0 0 0 0 0 0 0 0 0 0 0 0 0 0 0 0 0 0 0 0 0 0 0 0 0 0 0 0 0 0 0 0 0 0 0 0 0 0 0 0 0 0 0 0 0 0 0 0 0 0 0 0 0 0 0 0 0 0 0 0 0 0 0 0 0 0 0 0 0 0 0 0 0 0 0 0 0 0 0 0 0 0 0 0 0 0 0 0 0 0 0 0 0 0 0 0 0 0 0 0 0 0 0 0 0 0 0 0 0 0 0 0 0 0 0 0 0 0 0 0 0 0 0 0 0 0 0 0 0 0 0 0 0 0 0 0 0 0 0 0 0 0 0 0 0 0 0 0 0 0 0 0 0 0 0 0 0 0 0 0 0 0 0 0 0 0 0 0 0 0 0 0 0 0 0 0 0 0 0 0 0 0 0 0 0 0 0 0 0 0 0 0 0 0 0 0 0 0 0 0 0 0 0 0 0 0 0 0 0 0 0 0 0 0 0 0 0 0 0 0 0 0 0 0 0 0 0 0 0 0 0 0 0 0 0 0 0 0 0 0 0 0 0 0 0 0 0 0 0 0 0 0 0 0 0 0 0 0 0 0 0 0 0 0 0 0 0 0 0 0 0 0 0 0 0 0 0 0 0 0 0 0 0 0 0 0 0 0 0 0 0 0 0 0 0 0 0 0 0 0 0 0 0 0 0 0 0 0 0 0 0 0 0 0 0 0 0 0 0 0 0 0 0 0 0 0 0 0 0 0 0 0 0 0 0 0 0 0 0 0 0 0 0 0 0 0 0 0 0 0 0 0 0 0 0 0 0 0 0 0 0 0 0 0 0 0 0 0 0 0 0 0 0 0 0 0 0 0 0 0 0 0 0 0 0 0 0 0 0 0 0 0 0 0 0 0 0 0 0 0 0 0 0 0 0 0 0 0 0 0 0 0 0 0 0 0 0 0 0 0 0 0 0 0 0 0 0 0 0 0 0 0 0 0 0 0 0 0 0 0 0 0 0 0 0 0 0 0 0 0 0 0 0 0 0 0 0 0 0 0 0 0 0 0 0 0 0 0 0 0 0 0 0 0 0 0 0 0 0 0 0 0 0 0 0 0 0 0 0 0 0 0 0 0 0 0 0 0 0 0 0 0 0 0 0 0 0 0 0 0 0 0 0 0 0 0 0 0 0 0 0 0 0 0 0 0 0 0 0 0 0 0 0 0 0 0 0 0 0 0 0 0 0 0 0 0 0 0 0 0 0 0 0 0 0 0 0 0 0 0 0 0 0 0 0 0 0 0 0 0 0 0 0 0 0 0 0 0 0 0 0 0 0 0 0 0 0 0 0 0 0 0 0 0 0 0 0 0 0 0 0 0 0 0 0 0 0 0 0 0 0 0 0 0 0 0 0 0 0 0 0 0 0 0 0 0 0 0 0 0 0 0 0 0 0 0 0 0 0 0 0 0 0 0 0 0 0 0 0 0 0 0 0 0 0 0 0 0 0 0 0 0 0 0 0 0 0 0 0 0 0 0 0 0 0 0 0 0 0 0 0 0 0 0 0 0 0 0 0 0 0 0 0 0 0 0 0 0 0 0 0 0 0 0 0 0 0 0 0 0 0 0 0 0 0 0 0 0 0 0 0 0 0 0 0 0 0 0 0 0 0 0 0 0 0 0 0 0 0 0 0 0 0 0 0 0 0 0 0 0 0 0 0 0 0 0 0 0 0 0 0 0 0 0 0 0 0 0 0 0 0 0 0 0 0 0 0 0 0 0 0 0 0 0 0 0 0 0 0 0 0 0 0 0 0 0 0 0 0 0 0 0 0 0 0 0 0 0 0 0 0 0 0 0 0 0 0 0 0 0 0 0 0 0 0 0 0 0 0 0 0 0 0 0 0 0 0 0 0 0 0 0 0 0 0 0 0 0 0 0 0 0 0 0 0 0 0 0 0 0 0 0 0 0 0 0 0 0 0 0 0 0 0 0 0 0 0 0 0 0 0 0 0 0 0 0 0 0 0 0 0 0 0 0 0 0 0 0 0 0 0 0 0 0 0 0 0 0 0 0 0 0 0 0 0 0 0 0 0 0 0 0 0 0 0 0 0 0 0 0 0 0 0 0 0 0 0 0 0 0 0 0 0 0 0 0 0 0 0 0 0 0 0 0 0 0 0 0 0 0 0 0 0 0 0 0 0 0 0 0 0 0 0 0 0 0 0 0 0 0 0 0 0 0 0 0 0 0 0 0 0 0 0 0 0 0 0 0 0 0 0 0 0 0 0 0 0 0 0 0 0 0 0 0 0 0 0 0 0 0 0 0 0 0 0 0 0 0 0 0 0 0 0 0 0 0 0 0 0 0 0 0 0 0 0 0 0 0 0 0 0 0 0 0 0 0 0 0 0 0 0 0 0 0 0 0 0 0 0 0 0 0 0 0 0 0 0 0 0 0 0 0 0 0 0 0 0 0 0 0 0 0 0 0 0 0 0 0 0 0 0 0 0 0 0 0 0 0 0 0 0 0 0 0 0 0 0 0 0 0 0 0 0 0 0 0 0 0 0 0 0 0 0 0 0 0 0 0 0 0 0 0 0 0 0 0 0 0 0 0 0 0 0 0 0 0 0 0 0 0 0 0 0 0 0 0 0 0 0 0 0 0 0 0 0 0 0 0 0 0 0 0 0 0 0 0 0 0 0 0 0 0 0 0 0 0 0 0 0 0 0 0 0 0 0 0 0 0 0 0 0 0 0 0 0 0 0 0 0 0 0 0 0 0 0 0 0 0 0 0 0 0 0 0 0 0 0 0 0 0 0 0 0 0 0 0 0 0 0 0 0 0 0 0 0 0 0 0 0 0 0 0 0 0 0 0 0 0 0 0 0 0 0 0 0 0 0 0 0 0 0 0 0 0 0 0 0 0 0 0 0 0 0 0 0 0 0 0 0 0 0 0 0 0 0 0 0 0 0 0 0 0 0 0 0 0 0 0 0 0 0 0 0 0 0 0 0 0 0 0 0 0 0 0 0 0 0 0 0 0 0 0 0 0 0 0 0 0 0 0 0 0 0 0 0 0 0 0 0 0 0 0 0 0 0 0 0 0 0 0 0 0 0 0 0 0 0 0 0 0 0 0 0 0 0 0 0 0 0 0 0 0 0 0 0 0 0 0 0 0 0 0 0 0 0 0 0 0 0 0 0 0 0 0 0 0 0 0 0 0 0 0 0 0 0 0 0 0 0 0 0 0 0 0 0 0 0 0 0 0 0 0 0 0 0 0 0 0 0 0 0 0 0 0 0 0 0 0 0 0 0 0 0 0 0 0 0 0 0 0 0 0 0 0 0 0 0 0 0 0 0 0 0 0 0 0 0 0 0 0 0 0 0 0 0 0 0 0 0 0 0 0 0 0 0 0 0 0 0 0 0 0 0 0 0 0 0 0 0 0 0 0 0 0 0 0 0 0 0 0 0 0 0 0 0 0 0 0 0 0 0 0 0 0 0 0 0 0 0 0 0 0 0 0 0 0 0 0 0 0 0 0 0 0 0 0 0 0 0 0 0 0 0 0 0 0 0 0 0 0 0 0 0 0 0 0 0 0 0 0 0 0 0 0 0 0 0 0 0 0 0 0 0 0 0 0 0 0 0 0 0 0 0 0 0 0 0 0 0 0 0 0 0 0 0 0 0 0 0 0 0 0 0 0 0 0 0 0 0 0 0 0 0 0 0 0 0 0 0 0 0 0 0 0 0 0 0 0 0 0 0 0 0 0 0 0 0 0 0 0 0 0 0 0 0 0 0 0 0 0 0 0 0 0 0 0 0 0 0 0 0 0 0 0 0 0 0 0 0 0 0 0 0 0 0 0 0 0 0 0 0 0 0 0 0 0 0 0 0 0 0 0 0 0 0 0 0 0 0 0 0 0 0 0 0 0 0 0 0 0 0 0 0 0 0 0 0 0 0 0 0 0 0 0 0 0 0 0 0 0 0 0 0 0 0 0 0 0 0 0 0 0 0 0 0 0 0 0 0 0 0 0 0 0 0 0 0 0 0 0 0 0 0 0 0 0 0 0 0 0 0 0 0 0 0 0 0 0 0 0 0 0 0 0 0 0 0 0 0 0 0 0 0 0 0 0 0 0 0 0 0 0 0 0 0 0 0 0 0 0 0 0 0 0 0 0 0 0 0 0 0 0 0 0 0 0 0 0 0 0 0 0 0 0 0 0 0 0 0 0 0 0 0 0 0 0 0 0 0 0 0 0 0 0 0 0 0 0 0 0 0 0 0 0 0 0 0 0 0 0 0 0 0 0 0 0 0 0 0 0 0 0 0 0 0 0 0 0 0 0 0 0 0 0 0 0 0 0 0 0 0 0 0 0 0 0 0 0 0 0 0 0 0 0 0 0 0 0 0 0 0 0 0 0 0 0 0 0 0 0 0 0 0 0 0 0 0 0 0 0 0 0 0 0 0 0 0 0 0 0 0 0 0 0 0 0 0 0 0 0 0 0 0 0 0 0 0 0 0 0 0 0 0 0 0 0 0 0 0 0 0 0 0 0 0 0 0 0 0 0 0 0 0 0 0 0 0 0 0 0 0 0 0 0 0 0 0 0 0 0 0 0 0 0 0 0 0 0 0 0 0 0 0 0 0 0 0 0 0 0 0 0 0 0 0 0 0 0 0 0 0 0 0 0 0 0 0 0 0 0 0 0 0 0 0 0 0 0 0 0 0 0 0 0 0 0 0 0 0 0 0 0 0 0 0 0 0 0 0 0 0 0 0 0 0 0 0 0 0 0 0 0 0 0 0 0 0 0 0 0 0 0 0 0 0 0 0 0 0 0 0 0 0 0 0 0 0 0 0 0 0 0 0 0 0 0 0 0 0 0 0 0 0 0 0 0 0 0 0 0 0 0 0 0 0 0 0 0 0 0 0 0 0 0 0 0 0 0 0 0 0 0 0 0 0 0 0 0 0 0 0 0 0 0 0 0 0 0 0 0 0 0 0 0 0 0 0 0 0 0 0 0 0 0 0 0 0 0 0 0 0 0 0 0 0 0 0 0 0 0 0 0 0 0 0 0 0 0 0 0 0 0 0 0 0 0 0 0 0 0 0 0 0 0 0 0 0 0 0 0 0 0 0 0 0 0 0 0 0 0 0 0 0 0 0 0 0 0 0 0 0 0 0 0 0 0 0 0 0 0 0 0 0 0 0 0 0 0 0 0 0 0 0 0 0 0 0 0 0 0 0 0 0 0 0 0 0 0 0 0 0 0 0 0 0 0 0 0 0 0 0 0 0 0 0 0 0 0 0 0 0 0 0 0 0 0 0 0 0 0 0 0 0 0 0 0 0 0 0 0 0 0 0 0 0 0 0 0 0 0 0 0 0 0 0 0 0 0 0 0 0 0 0 0 0 0 0 0 0 0 0 0 0 0 0 0 0 0 0 0 0 0 0 0 0 0 0 0 0 0 0 0 0 0 0 0 0 0 0 0 0 0 0 0 0 0 0 0 0 0 0 0 0 0 0 0 0 0 0 0 0 0 0 0 0 0 0 0 0 0 0 0 0 0 0 0 0 0 0 0 0 0 0 0 0 0 0 0 0 0 0 0 0 0 0 0 0 0 0 0 0 0 0 0 0 0 0 0 0 0 0 0 0 0 0 0 0 0 0 0 0 0 0 0 0 0 0 0 0 0 0 0 0 0 0 0 0 0 0 0 0 0 0 0 0 0 0 0 0 0 0 0 0 0 0 0 0 0 0 0 0 0 0 0 0 0 0 0 0 0 0 0 0 0 0 0 0 0 0 0 0 0 0 0 0 0 0 0 0 0 0 0 0 0 0 0 0 0 0 0 0 0 0 0 0 0 0 0 0 0 0 0 0 0 0 0 0 0 0 0 0 0 0 0 0 0 0 0 0 0 0 0 0 0 0 0 0 0 0 0 0 0 0 0 0 0 0 0 0 0 0 0 0 0 0 0 0 0 0 0 0 0 0 0 0 0 0 0 0 0 0 0 0 0 0 0 0 0 0 0 0 0 0 0 0 0 0 0 0 0 0 0 0 0 0 0 0 0 0 0 0 0 0 0 0 0 0 0 0 0 0 0 0 0 0 0 0 0 0 0 0 0 0 0 0 0 0 0 0 0 0 0 0 0 0 0 0 0 0 0 0 0 0 0 0 0 0 0 0 0 0 0 0 0 0 0 0 0 0 0 0 0 0 0 0 0 0 0 0 0 0 0 0 0 0 0 0 0 0 0 0 0 0 0 0 0 0 0 0 0 0 0 0 0 0 0 0 0 0 0 0 0 0 0 0 0 0 0 0 0 0 0 0 0 0 0 0 0 0 0 0 0 0 0 0 0 0 0 0 0 0 0 0 0 0 0 0 0 0 0 0 0 0 0 0 0 0 0 0 0 0 0 0 0 0 0 0 0 0 0 0 0 0 0 0 0 0 0 0 0 0 0 0 0 0 0 0 0 0 0 0 0 0 0 0 0 0 0 0 0 0 0 0 0 0 0 0 0 0 0 0 0 0 0 0 0 0 0 0 0 0 0 0 0 0 0 0 0 0 0 0 0 0 0 0 0 0 0 0 0 0 0 0 0 0 0 0 0 0 0 0 0 0 0 0 0 0 0 0 0 0 0 0 0 0 0 0 0 0 0 0 0 0 0 0 0 0 0 0 0 0 0 0 0 0 0 0 0 0 0 0 0 0 0 0 0 0 0 0 0 0 0 0 0 0 0 0 0 0 0 0 0 0 0 0 0 0 0 0 0 0 0 0 0 0 0 0 0 0 0 0 0 0 0 0 0 0 0 0 0 0 0 0 0 0 0 0 0 0 0 0 0 0 0 0 0 0 0 0 0 0 0 0 0 0 0 0 0 0 0 0 0 0 0 0 0 0 0 0 0 0 0 0 0 0 0 0 0 0 0 0 0 0 0 0 0 0 0 0 0 0 0 0 0 0 0 0 0 0 0 0 0 0 0 0 0 0 0 0 0 0 0 0 0 0 0 0 0 0 0 0 0 0 0 0 0 0 0 0 0 0 0 0 0 0 0 0 0 0 0 0 0 0 0 0 0 0 0 0 0 0 0 0 0 0 0 0 0 0 0 0 0 0 0 0 0 0 0 0 0 0 0 0 0 0 0 0 0 0 0 0 0 0 0 0 0 0 0 0 0 0 0 0 0 0 0 0 0 0 0 0 0 0 0 0 0 0 0 0 0 0 0 0 0 0 0 0 0 0 0 0 0 0 0 0 0 0 0 0 0 0 0 0 0 0 0 0 0 0 0 0 0 0 0 0 0 0 0 0 0 0 0 0 0 0 0 0 0 0 0 0 0 0 0 0 0 0 0 0 0 0 0 0 0 0 0 0 0 0 0 0 0 0 0 0 0 0 0 0 0 0 0 0 0 0 0 0 0 0 0 0 0 0 0 0 0 0 0 0 0 0 0 0 0 0 0 0 0 0 0 0 0 0 0 0 0 0 0 0 0 0 0 0 0 0 0 0 0 0 0 0 0 0 0 0 0 0 0 0 0 0 0 0 0 0 0 0 0 0 0 0 0 0 0 0 0 0 0 0 0 0 0 0 0 0 0 0 0 0 0 0 0 0 0 0 0 0 0 0 0 0 0 0 0 0 0 0 0 0 0 0 0 0 0 0 0 0 0 0 0 0 0 0 0 0 0 0 0 0 0 0 0 0 0 0 0 0 0 0 0 0 0 0 0 0 0 0 0 0 0 0 0 0 0 0 0 0 0 0 0 0 0 0 0 0 0 0 0 0 0 0 0 0 0 0 0 0 0 0 0 0 0 0 0 0 0 0 0 0 0 0 0 0 0 0 0 0 0 0 0 0 0 0 0 0 0 0 0 0 0 0 0 0 0 0 0 0 0 0 0 0 0 0 0 0 0 0 0 0 0 0 0 0 0 0 0 0 0 0 0 0 0 0 0 0 0 0 0 0 0 0 0 0 0 0 0 0 0 0 0 0 0 0 0 0 0 0 0 0 0 0 0 0 0 0 0 0 0 0 0 0 0 0 0 0 0 0 0 0 0 0 0 0 0 0 0 0 0 0 0 0 0 0 0 0 0 0 0 0 0 0 0 0 0 0 0 0 0 0 0 0 0 0 0 0 0 0 0 0 0 0 0 0 0 0 0 0 0 0 0 0 0 0 0 0 0 0 0 0 0 0 0 0 0 0 0 0 0 0 0 0 0 0 0 0 0 0 0 0 0 0 0 0 0 0 0 0 0 0 0 0 0 0 0 0 0 0 0 0 0 0 0 0 0 0 0 0 0 0 0 0 0 0 0 0 0 0 0 0 0 0 0 0 0 0 0 0 0 0 0 0 0 0 0 0 0 0 0 0 0 0 0 0 0 0 0 0 0 0 0 0 0 0 0 0 0 0 0 0 0 0 0 0 0 0 0 0 0 0 0 0 0 0 0 0 0 0 0 0 0 0 0 0 0 0 0 0 0 0 0 0 0 0 0 0 0 0 0 0 0 0 0 0 0 0 0 0 0 0 0 0 0 0 0 0 0 0 0 0 0 0 0 0 0 0 0 0 0 0 0 0 0 0 0 0 0 0 0 0 0 0 0 0 0 0 0 0 0 0 0 0 0 0 0 0 0 0 0 0 0 0 0 0 0 0 0 0 0 0 0 0 0 0 0 0 0 0 0 0 0 0 0 0 0 0 0 0 0 0 0 0 0 0 0 0 0 0 0 0 0 0 0 0 0 0 0 0 0 0 0 0 0 0 0 0 0 0 0 0 0 0 0 0 0 0 0 0 0 0 0 0 0 0 0 0 0 0 0 0 0 0 0 0 0 0 0 0 0 0 0 0 0 0 0 0 0 0 0 0 0 0 0 0 0 0 0 0 0 0 0 0 0 0 0 0 0 0 0 0 0 0 0 0 0 0 0 0 0 0 0 0 0 0 0 0 0 0 0 0 0 0 0 0 0 0 0 0 0 0 0 0 0 0 0 0 0 0 0 0 0 0 0 0 0 0 0 0 0 0 0 0 0 0 0 0 0 0 0 0 0 0 0 0 0 0 0 0 0 0 0 0 0 0 0 0 0 0 0 0 0 0 0 0 0 0 0 0 0 0 0 0 0 0 0 0 0 0 0 0 0 0 0 0 0 0 0 0 0 0 0 0 0 0 0 0 0 0 0 0 0 0 0 0 0 0 0 0 0 0 0 0 0 0 0 0 0 0 0 0 0 0 0 0 0 0 0 0 0 0 0 0 0 0 0 0 0 0 0 0 0 0 0 0 0 0 0 0 0 0 0 0 0 0 0 0 0 0 0 0 0 0 0 0 0 0 0 0 0 0 0 0 0 0 0 0 0 0 0 0 0 0 0 0 0 0 0 0 0 0 0 0 0 0 0 0 0 0 0 0 0 0 0 0 0 0 0 0 0 0 0 0 0 0 0 0 0 0 0 0 0 0 0 0 0 0 0 0 0 0 0 0 0 0 0 0 0 0 0 0 0 0 0 0 0 0 0 0 0 0 0 0 0 0 0 0 0 0 0 0 0 0 0 0 0 0 0 0 0 0 0 0 0 0 0 0 0 0 0 0 0 0 0 0 0 0 0 0 0 0 0 0 0 0 0 0 0 0 0 0 0 0 0 0 0 0 0 0 0 0 0 0 0 0 0 0 0 0 0 0 0 0 0 0 0 0 0 0 0 0 0 0 0 0 0 0 0 0 0 0 0 0 0 0 0 0 0 0 0 0 0 0 0 0 0 0 0 0 0 0 0 0 0 0 0 0 0 0 0 0 0 0 0 0 0 0 0 0 0 0 0 0 0 0 0 0 0 0 0 0 0 0 0 0 0 0 0 0 0 0 0 0 0 0 0 0 0 0 0 0 0 0 0 0 0 0 0 0 0 0 0 0 0 0 0 0 0 0 0 0 0 0 0 0 0 0 0 0 0 0 0 0 0 0 0 0 0 0 0 0 0 0 0 0 0 0 0 0 0 0 0 0 0 0 0 0 0 0 0 0 0 0 0 0 0 0 0 0 0 0 0 0 0 0 0 0 0 0 0 0 0 0 0 0 0 0 0 0 0 0 0 0 0 0 0 0 0 0 0 0 0 0 0 0 0 0 0 0 0 0 0 0 0 0 0 0 0 0 0 0 0 0 0 0 0 0 0 0 0 0 0 0 0 0 0 0 0 0 0 0 0 0 0 0 0 0 0 0 0 0 0 0 0 0 0 0 0 0 0 0 0 0 0 0 0 0 0 0 0 0 0 0 0 0 0 0 0 0 0 0 0 0 0 0 0 0 0 0 0 0 0 0 0 0 0 0 0 0 0 0 0 0 0 0 0 0 0 0 0 0 0 0 0 0 0 0 0 0 0 0 0 0 0 0 0 0 0 0 0 0 0 0 0 0 0 0 0 0 0 0 0 0 0 0 0 0 0 0 0 0 0 0 0 0 0 0 0 0 0 0 0 0 0 0 0 0 0 0 0 0 0 0 0 0 0 0 0 0 0 0 0 0 0 0 0 0 0 0 0 0 0 0 0 0 0 0 0 0 0 0 0 0 0 0 0 0 0 0 0 0 0 0 0 0 0 0 0 0 0 0 0 0 0 0 0 0 0 0 0 0 0 0 0 0 0 0 0 0 0 0 0 0 0 0 0 0 0 0 0 0 0 0 0 0 0 0 0 0 0 0 0 0 0 0 0 0 0 0 0 0 0 0 0 0 0 0 0 0 0 0 0 0 0 0 0 0 0 0 0 0 0 0 0 0 0 0 0 0 0 0 0 0 0 0 0 0 0 0 0 0 0 0 0 0 0 0 0 0 0 0 0 0 0 0 0 0 0 0 0 0 0 0 0 0 0 0 0 0 0 0 0 0 0 0 0 0 0 0 0 0 0 0 0 0 0 0 0 0 0 0 0 0 0 0 0 0 0 0 0 0 0 0 0 0 0 0 0 0 0 0 0 0 0 0 0 0 0 0 0 0 0 0 0 0 0 0 0 0 0 0 0 0 0 0 0 0 0 0 0 0 0 0 0 0 0 0 0 0 0 0 0 0 0 0 0 0 0 0 0 0 0 0 0 0 0 0 0 0 0 0 0 0 0 0 0 0 0 0 0 0 0 0 0 0 0 0 0 0 0 0 0 0 0 0 0 0 0 0 0 0 0 0 0 0 0 0 0 0 0 0 0 0 0 0 0 0 0 0 0 0 0 0 0 0 0 0 0 0 0 0 0 0 0 0 0 0 0 0 0 0 0 0 0 0 0 0 0 0 0 0 0 0 0 0 0 0 0 0 0 0 0 0 0 0 0 0 0 0 0 0 0 0 0 0 0 0 0 0 0 0 0 0 0 0 0 0 0 0 0 0 0 0 0 0 0 0 0 0 0 0 0 0 0 0 0 0 0 0 0 0 0 0 0 0 0 0 0 0 0 0 0 0 0 0 0 0 0 0 0 0 0 0 0 0 0 0 0 0 0 0 0 0 0 0 0 0 0 0 0 0 0 0 0 0 0 0 0 0 0 0 0 0 0 0 0 0 0 0 0 0 0 0 0 0 0 0 0 0 0 0 0 0 0 0 0 0 0 0 0 0 0 0 0 0 0 0 0 0 0 0 0 0 0 0 0 0 0 0 0 0 0 0 0 0 0 0 0 0 0 0 0 0 0 0 0 0 0 0 0 0 0 0 0 0 0 0 0 0 0 0 0 0 0 0 0 0 0 0 0 0 0 0 0 0 0 0 0 0 0 0 0 0 0 0 0 0 0 0 0 0 0 0 0 0 0 0 0 0 0 0 0 0 0 0 0 0 0 0 0 0 0 0 0 0 0 0 0 0 0 0 0 0 0 0 0 0 0 0 0 0 0 0 0 0 0 0 0 0 0 0 0 0 0 0 0 0 0 0 0 0 0 0 0 0 0 0 0 0 0 0 0 0 0 0 0 0 0 0 0 0 0 0 0 0 0 0 0 0 0 0 0 0 0 0 0 0 0 0 0 0 0 0 0 0 0 0 0 0 0 0 0 0 0 0 0 0 0 0 0 0 0 0 0 0 0 0 0 0 0 0 0 0 0 0 0 0 0 0 0 0 0 0 0 0 0 0 0 0 0 0 0 0 0 0 0 0 0 0 0 0 0 0 0 0 0 0 0 0 0 0 0 0 0 0 0 0 0 0 0 0 0 0 0 0 0 0 0 0 0 0 0 0 0 0 0 0 0 0 0 0 0 0 0 0 0 0 0 0 0 0 0 0 0 0 0 0 0 0 0 0 0 0 0 0 0 0 0 0 0 0 0 0 0 0 0 0 0 0 0 0 0 0 0 0 0 0 0 0 0 0 0 0 0 0 0 0 0 0 0 0 0 0 0 0 0 0 0 0 0 0 0 0 0 0 0 0 0 0 0 0 0 0 0 0 0 0 0 0 0 0 0 0 0 0 0 0 0 0 0 0 0 0 0 0 0 0 0 0 0 0 0 0 0 0 0 0 0 0 0 0 0 0 0 0 0 0 0 0 0 0 0 0 0 0 0 0 0 0 0 0 0 0 0 0 0 0 0 0 0 0 0 0 0 0 0 0 0 0 0 0 0 0 0 0 0 0 0 0 0 0 0 0 0 0 0 0 0 0 0 0 0 0 0 0 0 0 0 0 0 0 0 0 0 0 0 0 0 0 0 0 0 0 0 0 0 0 0 0 0 0 0 0 0 0 0 0 0 0 0 0 0 0 0 0 0 0 0 0 0 0 0 0 0 0 0 0 0 0 0 0 0 0 0 0 0 0 0 0 0 0 0 0 0 0 0 0 0 0 0 0 0 0 0 0 0 0 0 0 0 0 0 0 0 0 0 0 0 0 0 0 0 0 0 0 0 0 0 0 0 0 0 0 0 0 0 0 0 0 0 0 0 0 0 0 0 0 0 0 0 0 0 0 0 0 0 0 0 0 0 0 0 0 0 0 0 0 0 0 0 0 0 0 0 0 0 0 0 0 0 0 0 0 0 0 0 0 0 0 0 0 0 0 0 0 0 0 0 0 0 0 0 0 0 0 0 0 0 0 0 0 0 0 0 0 0 0 0 0 0 0 0 0 0 0 0 0 0 0 0 0 0 0 0 0 0 0 0 0 0 0 0 0 0 0 0 0 0 0 0 0 0 0 0 0 0 0 0 0 0 0 0 0 0 0 0 0 0 0 0 0 0 0 0 0 0 0 0 0 0 0 0 0 0 0 0 0 0 0 0 0 0 0 0 0 0 0 0 0 0 0 0 0 0 0 0 0 0 0 0 0 0 0 0 0 0 0 0 0 0 0 0 0 0 0 0 0 0 0 0 0 0 0 0 0 0 0 0 0 0 0 0 0 0 0 0 0 0 0 0 0 0 0 0 0 0 0 0 0 0 0 0 0 0 0 0 0 0 0 0 0 0 0 0 0 0 0 0 0 0 0 0 0 0 0 0 0 0 0 0 0 0 0 0 0 0 0 0 0 0 0 0 0 0 0 0 0 0 0 0 0 0 0 0 0 0 0 0 0 0 0 0 0 0 0 0 0 0 0 0 0 0 0 0 0 0 0 0 0 0 0 0 0 0 0 0 0 0 0 0 0 0 0 0 0 0 0 0 0 0 0 0 0 0 0 0 0 0 0 0 0 0 0 0 0 0 0 0 0 0 0 0 0 0 0 0 0 0 0 0 0 0 0 0 0 0 0 0 0 0 0 0 0 0 0 0 0 0 0 0 0 0 0 0 0 0 0 0 0 0 0 0 0 0 0 0 0 0 0 0 0 0 0 0 0 0 0 0 0 0 0 0 0 0 0 0 0 0 0 0 0 0 0 0 0 0 0 0 0 0 0 0 0 0 0 0 0 0 0 0 0 0 0 0 0 0 0 0 0 0 0 0 0 0 0 0 0 0 0 0 0 0 0 0 0 0 0 0 0 0 0 0 0 0 0 0 0 0 0 0 0 0 0 0 0 0 0 0 0 0 0 0 0 0 0 0 0 0 0 0 0 0 0 0 0 0 0 0 0 0 0 0 0 0 0 0 0 0 0 0 0 0 0 0 0 0 0 0 0 0 0 0 0 0 0 0 0 0 0 0 0 0 0 0 0 0 0 0 0 0 0 0 0 0 0 0 0 0 0 0 0 0 0 0 0 0 0 0 0 0 0 0 0 0 0 0 0 0 0 0 0 0 0 0 0 0 0 0 0 0 0 0 0 0 0 0 0 0 0 0 0 0 0 0 0 0 0 0 0 0 0 0 0 0 0 0 0 0 0 0 0 0 0 0 0 0 0 0 0 0 0 0 0 0 0 0 0 0 0 0 0 0 0 0 0 0 0 0 0 0 0 0 0 0 0 0 0 0 0 0 0 0 0 0 0 0 0 0 0 0 0 0 0 0 0 0 0 0 0 0 0 0 0 0 0 0 0 0 0 0 0 0 0 0 0 0 0 0 0 0 0 0 0 0 0 0 0 0 0 0 0 0 0 0 0 0 0 0 0 0 0 0 0 0 0 0 0 0 0 0 0 0 0 0 0 0 0 0 0 0 0 0 0 0 0 0 0 0 0 0 0 0 0 0 0 0 0 0 0 0 0 0 0 0 0 0 0 0 0 0 0 0 0 0 0 0 0 0 0 0 0 0 0 0 0 0 0 0 0 0 0 0 0 0 0 0 0 0 0 0 0 0 0 0 0 0 0 0 0 0 0 0 0 0 0 0 0 0 0 0 0 0 0 0 0 0 0 0 0 0 0 0 0 0 0 0 0 0 0 0 0 0 0 0 0 0 0 0 0 0 0 0 0 0 0 0 0 0 0 0 0 0 0 0 0 0 0 0 0 0 0 0 0 0 0 0 0 0 0 0 0 0 0 0 0 0 0 0 0 0 0 0 0 0 0 0 0 0 0 0 0 0 0 0 0 0 0 0 0 0 0 0 0 0 0 0 0 0 0 0 0 0 0 0 0 0 0 0 0 0 0 0 0 0 0 0 0 0 0 0 0 0 0 0 0 0 0 0 0 0 0 0 0 0 0 0 0 0 0 0 0 0 0 0 0 0 0 0 0 0 0 0 0 0 0 0 0 0 0 0 0 0 0 0 0 0 0 0 0 0 0 0 0 0 0 0 0 0 0 0 0 0 0 0 0 0 0 0 0 0 0 0 0 0 0 0 0 0 0 0 0 0 0 0 0 0 0 0 0 0 0 0 0 0 0 0 0 0 0 0 0 0 0 0 0 0 0 0 0 0 0 0 0 0 0 0 0 0 0 0 0 0 0 0 0 0 0 0 0 0 0 0 0 0 0 0 0 0 0 0 0 0 0 0 0 0 0 0 0 0 0 0 0 0 0 0 0 0 0 0 0 0 0 0 0 0 0 0 0 0 0 0 0 0 0 0 0 0 0 0 0 0 0 0 0 0 0 0 0 0 0 0 0 0 0 0 0 0 0 0 0 0 0 0 0 0 0 0 0 0 0 0 0 0 0 0 0 0 0 0 0 0 0 0 0 0 0 0 0 0 0 0 0 0 0 0 0 0 0 0 0 0 0 0 0 0 0 0 0 0 0 0 0 0 0 0 0 0 0 0 0 0 0 0 0 0 0 0 0 0 0 0 0 0 0 0 0 0 0 0 0 0 0 0 0 0 0 0 0 0 0 0 0 0 0 0 0 0 0 0 0 0 0 0 0 0 0 0 0 0 0 0 0 0 0 0 0 0 0 0 0 0 0 0 0 0 0 0 0 0 0 0 0 0 0 0 0 0 0 0 0 0 0 0 0 0 0 0 0 0 0 0 0 0 0 0 0 0 0 0 0 0 0 0 0 0 0 0 0 0 0 0 0 0 0 0 0 0 0 0 0 0 0 0 0 0 0 0 0 0 0 0 0 0 0 0 0 0 0 0 0 0 0 0 0 0 0 0 0 0 0 0 0 0 0 0 0 0 0 0 0 0 0 0 0 0 0 0 0 0 0 0 0 0 0 0 0 0 0 0 0 0 0 0 0 0 0 0 0 0 0 0 0 0 0 0 0 0 0 0 0 0 0 0 0 0 0 0 0 0 0 0 0 0 0 0 0 0 0 0 0 0 0 0 0 0 0 0 0 0 0 0 0 0 0 0 0 0 0 0 0 0 0 0 0 0 0 0 0 0 0 0 0 0 0 0 0 0 0 0 0 0 0 0 0 0 0 0 0 0 0 0 0 0 0 0 0 0 0 0 0 0 0 0 0 0 0 0 0 0 0 0 0 0 0 0 0 0 0 0 0 0 0 0 0 0 0 0 0 0 0 0 0 0 0 0 0 0 0 0 0 0 0 0 0 0 0 0 0 0 0 0 0 0 0 0 0 0 0 0 0 0 0 0 0 0 0 0 0 0 0 0 0 0 0 0 0 0 0 0 0 0 0 0 0 0 0 0 0 0 0 0 0 0 0 0 0 0 0 0 0 0 0 0 0 0 0 0 0 0 0 0 0 0 0 0 0 0 0 0 0 0 0 0 0 0 0 0 0 0 0 0 0 0 0 0 0 0 0 0 0 0 0 0 0 0 0 0 0 0 0 0 0 0 0 0 0 0 0 0 0 0 0 0 0 0 0 0 0 0 0 0 0 0 0 0 0 0 0 0 0 0 0 0 0 0 0 0 0 0 0 0 0 0 0 0 0 0 0 0 0 0 0 0 0 0 0 0 0 0 0 0 0 0 0 0 0 0 0 0 0 0 0 0 0 0 0 0 0 0 0 0 0 0 0 0 0 0 0 0 0 0 0 0 0 0 0 0 0 0 0 0 0 0 0 0 0 0 0 0 0 0 0 0 0 0 0 0 0 0 0 0 0 0 0 0 0 0 0 0 0 0 0 0 0 0 0 0 0 0 0 0 0 0 0 0 0 0 0 0 0 0 0 0 0 0 0 0 0 0 0 0 0 0 0 0 0 0 0 0 0 0 0 0 0 0 0 0 0 0 0 0 0 0 0 0 0 0 0 0 0 0 0 0 0 0 0 0 0 0 0 0 0 0 0 0 0 0 0 0 0 0 0 0 0 0 0 0 0 0 0 0 0 0 0 0 0 0 0 0 0 0 0 0 0 0 0 0 0 0 0 0 0 0 0 0 0 0 0 0 0 0 0 0 0 0 0 0 0 0 0 0 0 0 0 0 0 0 0 0 0 0 0 0 0 0 0 0 0 0 0 0 0 0 0 0 0 0 0 0 0 0 0 0 0 0 0 0 0 0 0 0 0 0 0 0 0 0 0 0 0 0 0 0 0 0 0 0 0 0 0 0 0 0 0 0 0 0 0 0 0 0 0 0 0 0 0 0 0 0 0 0 0 0 0 0 0 0 0 0 0 0 0 0 0 0 0 0 0 0 0 0 0 0 0 0 0 0 0 0 0 0 0 0 0 0 0 0 0 0 0 0 0 0 0 0 0 0 0 0 0 0 0 0 0 0 0 0 0 0 0 0 0 0 0 0 0 0 0 0 0 0 0 0 0 0 0 0 0 0 0 0 0 0 0 0 0 0 0 0 0 0 0 0 0 0 0 0 0 0 0 0 0 0 0 0 0 0 0 0 0 0 0 0 0 0 0 0 0 0 0 0 0 0 0 0 0 0 0 0 0 0 0 0 0 0 0 0 0 0 0 0 0 0 0 0 0 0 0 0 0 0 0 0 0 0 0 0 0 0 0 0 0 0 0 0 0 0 0 0 0 0 0 0 0 0 0 0 0 0 0 0 0 0 0 0 0 0 0 0 0 0 0 0 0 0 0 0 0 0 0 0 0 0 0 0 0 0 0 0 0 0 0 0 0 0 0 0 0 0 0 0 0 0 0 0 0 0 0 0 0 0 0 0 0 0 0 0 0 0 0 0 0 0 0 0 0 0 0 0 0 0 0 0 0 0 0 0 0 0 0 0 0 0 0 0 0 0 0 0 0 0 0 0 0 0 0 0 0 0 0 0 0 0 0 0 0 0 0 0 0 0 0 0 0 0 0 0 0 0 0 0 0 0 0 0 0 0 0 0 0 0 0 0 0 0 0 0 0 0 0 0 0 0 0 0 0 0 0 0 0 0 0 0 0 0 0 0 0 0 0 0 0 0 0 0 0 0 0 0 0 0 0 0 0 0 0 0 0 0 0 0 0 0 0 0 0 0 0 0 0 0 0 0 0 0 0 0 0 0 0 0 0 0 0 0 0 0 0 0 0 0 0 0 0 0 0 0 0 0 0 0 0 0 0 0 0 0 0 0 0 0 0 0 0 0 0 0 0 0 0 0 0 0 0 0 0 0 0 0 0 0 0 0 0 0 0 0 0 0 0 0 0 0 0 0 0 0 0 0 0 0 0 0 0 0 0 0 0 0 0 0 0 0 0 0 0 0 0 0 0 0 0 0 0 0 0 0 0 0 0 0 0 0 0 0 0 0 0 0 0 0 0 0 0 0 0 0 0 0 0 0 0 0 0 0 0 0 0 0 0 0 0 0 0 0 0 0 0 0 0 0 0 0 0 0 0 0 0 0 0 0 0 0 0 0 0 0 0 0 0 0 0 0 0 0 0 0 0 0 0 0 0 0 0 0 0 0 0 0 0 0 0 0 0 0 0 0 0 0 0 0 0 0 0 0 0 0 0 0 0 0 0 0 0 0 0 0 0 0 0 0 0 0 0 0 0 0 0 0 0 0 0 0 0 0 0 0 0 0 0 0 0 0 0 0 0 0 0 0 0 0 0 0 0 0 0 0 0 0 0 0 0 0 0 0 0 0 0 0 0 0 0 0 0 0 0 0 0 0 0 0 0 0 0 0 0 0 0 0 0 0 0 0 0 0 0 0 0 0 0 0 0 0 0 0 0 0 0 0 0 0 0 0 0 0 0 0 0 0 0 0 0 0 0 0 0 0 0 0 0 0 0 0 0 0 0 0 0 0 0 0 0 0 0 0 0 0 0 0 0 0 0 0 0 0 0 0 0 0 0 0 0 0 0 0 0 0 0 0 0 0 0 0 0 0 0 0 0 0 0 0 0 0 0 0 0 0 0 0 0 0 0 0 0 0 0 0 0 0 0 0 0 0 0 0 0 0 0 0 0 0 0 0 0 0 0 0 0 0 0 0 0 0 0 0 0 0 0 0 0 0 0 0 0 0 0 0 0 0 0 0 0 0 0 0 0 0 0 0 0 0 0 0 0 0 0 0 0 0 0 0 0 0 0 0 0 0 0 0 0 0 0 0 0 0 0 0 0 0 0 0 0 0 0 0 0 0 0 0 0 0 0 0 0 0 0 0 0 0 0 0 0 0 0 0 0 0 0 0 0 0 0 0 0 0 0 0 0 0 0 0 0 0 0 0 0 0 0 0 0 0 0 0 0 0 0 0 0 0 0 0 0 0 0 0 0 0 0 0 0 0 0 0 0 0 0 0 0 0 0 0 0 0 0 0 0 0 0 0 0 0 0 0 0 0 0 0 0 0 0 0 0 0 0 0 0 0 0 0 0 0 0 0 0 0 0 0 0 0 0 0 0 0 0 0 0 0 0 0 0 0 0 0 0 0 0 0 0 0 0 0 0 0 0 0 0 0 0 0 0 0 0 0 0 0 0 0 0 0 0 0 0 0 0 0 0 0 0 0 0 0 0 0 0 0 0 0 0 0 0 0 0 0 0 0 0 0 0 0 0 0 0 0 0 0 0 0 0 0 0 0 0 0 0 0 0 0 0 0 0 0 0 0 0 0 0 0 0 0 0 0 0 0 0 0 0 0 0 0 0 0 0 0 0 0 0 0 0 0 0 0 0 0 0 0 0 0 0 0 0 0 0 0 0 0 0 0 0 0 0 0 0 0 0 0 0 0 0 0 0 0 0 0 0 0 0 0 0 0 0 0 0 0 0 0 0 0 0 0 0 0 0 0 0 0 0 0 0 0 0 0 0 0 0 0 0 0 0 0 0 0 0 0 0 0 0 0 0 0 0 0 0 0 0 0 0 0 0 0 0 0 0 0 0 0 0 0 0 0 0 0 0 0 0 0 0 0 0 0 0 0 0 0 0 0 0 0 0 0 0 0 0 0 0 0 0 0 0 0 0 0 0 0 0 0 0 0 0 0 0 0 0 0 0 0 0 0 0 0 0 0 0 0 0 0 0 0 0 0 0 0 0 0 0 0 0 0 0 0 0 0 0 0 0 0 0 0 0 0 0 0 0 0 0 0 0 0 0 0 0 0 0 0 0 0 0 0 0 0 0 0 0 0 0 0 0 0 0 0 0 0 0 0 0 0 0 0 0 0 0 0 0 0 0 0 0 0 0 0 0 0 0 0 0 0 0 0 0 0 0 0 0 0 0 0 0 0 0 0 0 0 0 0 0 0 0 0 0 0 0 0 0 0 0 0 0 0 0 0 0 0 0 0 0 0 0 0 0 0 0 0 0 0 0 0 0 0 0 0 0 0 0 0 0 0 0 0 0 0 0 0 0 0 0 0 0 0 0 0 0 0 0 0 0 0 0 0 0 0 0 0 0 0 0 0 0 0 0 0 0 0 0 0 0 0 0 0 0 0 0 0 0 0 0 0 0 0 0 0 0 0 0 0 0 0 0 0 0 0 0 0 0 0 0 0 0 0 0 0 0 0 0 0 0 0 0 0 0 0 0 0 0 0 0 0 0 0 0 0 0 0 0 0 0 0 0 0 0 0 0 0 0 0 0 0 0 0 0 0 0 0 0 0 0 0 0 0 0 0 0 0 0 0 0 0 0 0 0 0 0 0 0 0 0 0 0 0 0 0 0 0 0 0 0 0 0 0 0 0 0 0 0 0 0 0 0 0 0 0 0 0 0 0 0 0 0 0 0 0 0 0 0 0 0 0 0 0 0 0 0 0 0 0 0 0 0 0 0 0 0 0 0 0 0 0 0 0 0 0 0 0 0 0 0 0 0 0 0 0 0 0 0 0 0 0 0 0 0 0 0 0 0 0 0 0 0 0 0 0 0 0 0 0 0 0 0 0 0 0 0 0 0 0 0 0 0 0 0 0 0 0 0 0 0 0 0 0 0 0 0 0 0 0 0 0 0 0 0 0 0 0 0 0 0 0 0 0 0 0 0 0 0 0 0 0 0 0 0 0 0 0 0 0 0 0 0 0 0 0 0 0 0 0 0 0 0 0 0 0 0 0 0 0 0 0 0 0 0 0 0 0 0 0 0 0 0 0 0 0 0 0 0 0 0 0 0 0 0 0 0 0 0 0 0 0 0 0 0 0 0 0 0 0 0 0 0 0 0 0 0 0 0 0 0 0 0 0 0 0 0 0 0 0 0 0 0 0 0 0 0 0 0 0 0 0 0 0 0 0 0 0 0 0 0 0 0 0 0 0 0 0 0 0 0 0 0 0 0 0 0 0 0 0 0 0 0 0 0 0 0 0 0 0 0 0 0 0 0 0 0 0 0 0 0 0 0 0 0 0 0 0 0 0 0 0 0 0 0 0 0 0 0 0 0 0 0 0 0 0 0 0 0 0 0 0 0 0 0 0 0 0 0 0 0 0 0 0 0 0 0 0 0 0 0 0 0 0 0 0 0 0 0 0 0 0 0 0 0 0 0 0 0 0 0 0 0 0 0 0 0 0 0 0 0 0 0 0 0 0 0 0 0 0 0 0 0 0 0 0 0 0 0 0 0 0 0 0 0 0 0 0 0 0 0 0 0 0 0 0 0 0 0 0 0 0 0 0 0 0 0 0 0 0 0 0 0 0 0 0 0 0 0 0 0 0 0 0 0 0 0 0 0 0 0 0 0 0 0 0 0 0 0 0 0 0 0 0 0 0 0 0 0 0 0 0 0 0 0 0 0 0 0 0 0 0 0 0 0 0 0 0 0 0 0 0 0 0 0 0 0 0 0 0 0 0 0 0 0 0 0 0 0 0 0 0 0 0 0 0 0 0 0 0 0 0 0 0 0 0 0 0 0 0 0 0 0 0 0 0 0 0 0 0 0 0 0 0 0 0 0 0 0 0 0 0 0 0 0 0 0 0 0 0 0 0 0 0 0 0 0 0 0 0 0 0 0 0 0 0 0 0 0 0 0 0 0 0 0 0 0 0 0 0 0 0 0 0 0 0 0 0 0 0 0 0 0 0 0 0 0 0 0 0 0 0 0 0 0 0 0 0 0 0 0 0 0 0 0 0 0 0 0 0 0 0 0 0 0 0 0 0 0 0 0 0 0 0 0 0 0 0 0 0 0 0 0 0 0 0 0 0 0 0 0 0 0 0 0 0 0 0 0 0 0 0 0 0 0 0 0 0 0 0 0 0 0 0 0 0 0 0 0 0 0 0 0 0 0 0 0 0 0 0 0 0 0 0 0 0 0 0 0 0 0 0 0 0 0 0 0 0 0 0 0 0 0 0 0 0 0 0 0 0 0 0 0 0 0 0 0 0 0 0 0 0 0 0 0 0 0 0 0 0 0 0 0 0 0 0 0 0 0 0 0 0 0 0 0 0 0 0 0 0 0 0 0 0 0 0 0 0 0 0 0 0 0 0 0 0 0 0 0 0 0 0 0 0 0 0 0 0 0 0 0 0 0 0 0 0 0 0 0 0 0 0 0 0 0 0 0 0 0 0 0 0 0 0 0 0 0 0 0 0 0 0 0 0 0 0 0 0 0 0 0 0 0 0 0 0 0 0 0 0 0 0 0 0 0 0 0 0 0 0 0 0 0 0 0 0 0 0 0 0 0 0 0 0 0 0 0 0 0 0 0 0 0 0 0 0 0 0 0 0 0 0 0 0 0 0 0 0 0 0 0 0 0 0 0 0 0 0 0 0 0 0 0 0 0 0 0 0 0 0 0 0 0 0 0 0 0 0 0 0 0 0 0 0 0 0 0 0 0 0 0 0 0 0 0 0 0 0 0 0 0 0 0 0 0 0 0 0 0 0 0 0 0 0 0 0 0 0 0 0 0 0 0 0 0 0 0 0 0 0 0 0 0 0 0 0 0 0 0 0 0 0 0 0 0 0 0 0 0 0 0 0 0 0 0 0 0 0 0 0 0 0 0 0 0 0 0 0 0 0 0 0 0 0 0 0 0 0 0 0 0 0 0 0 0 0 0 0 0 0 0 0 0 0 0 0 0 0 0 0 0 0 0 0 0 0 0 0 0 0 0 0 0 0 0 0 0 0 0 0 0 0 0 0 0 0 0 0 0 0 0 0 0 0 0 0 0 0 0 0 0 0 0 0 0 0 0 0 0 0 0 0 0 0 0 0 0 0 0 0 0 0 0 0 0 0 0 0 0 0 0 0 0 0 0 0 0 0 0 0 0 0 0 0 0 0 0 0 0 0 0 0 0 0 0 0 0 0 0 0 0 0 0 0 0 0 0 0 0 0 0 0 0 0 0 0 0 0 0 0 0 0 0 0 0 0 0 0 0 0 0 0 0 0 0 0 0 0 0 0 0 0 0 0 0 0 0 0 0 0 0 0 0 0 0 0 0 0 0 0 0 0 0 0 0 0 0 0 0 0 0 0 0 0 0 0 0 0 0 0 0 0 0 0 0 0 0 0 0 0 0 0 0 0 0 0 0 0 0 0 0 0 0 0 0 0 0 0 0 0 0 0 0 0 0 0 0 0 0 0 0 0 0 0 0 0 0 0 0 0 0 0 0 0 0 0 0 0 0 0 0 0 0 0 0 0 0 0 0 0 0 0 0 0 0 0 0 0 0 0 0 0 0 0 0 0 0 0 0 0 0 0 0 0 0 0 0 0 0 0 0 0 0 0 0 0 0 0 0 0 0 0 0 0 0 0 0 0 0 0 0 0 0 0 0 0 0 0 0 0 0 0 0 0 0 0 0 0 0 0 0 0 0 0 0 0 0 0 0 0 0 0 0 0 0 0 0 0 0 0 0 0 0 0 0 0 0 0 0 0 0 0 0 0 0 0 0 0 0 0 0 0 0 0 0 0 0 0 0 0 0 0 0 0 0 0 0 0 0 0 0 0 0 0 0 0 0 0 0 0 0 0 0 0 0 0 0 0 0 0 0 0 0 0 0 0 0 0 0 0 0 0 0 0 0 0 0 0 0 0 0 0 0 0 0 0 0 0 0 0 0 0 0 0 0 0 0 0 0 0 0 0 0 0 0 0 0 0 0 0 0 0 0 0 0 0 0 0 0 0 0 0 0 0 0 0 0 0 0 0 0 0 0 0 0 0 0 0 0 0 0 0 0 0 0 0 0 0 0 0 0 0 0 0 0 0 0 0 0 0 0 0 0 0 0 0 0 0 0 0 0 0 0 0 0 0 0 0 0 0 0 0 0 0 0 0 0 0 0 0 0 0 0 0 0 0 0 0 0 0 0 0 0 0 0 0 0 0 0 0 0 0 0 0 0 0 0 0 0 0 0 0 0 0 0 0 0 0 0 0 0 0 0 0 0 0 0 0 0 0 0 0 0 0 0 0 0 0 0 0 0 0 0 0 0 0 0 0 0 0 0 0 0 0 0 0 0 0 0 0 0 0 0 0 0 0 0 0 0 0 0 0 0 0 0 0 0 0 0 0 0 0 0 0 0 0 0 0 0 0 0 0 0 0 0 0 0 0 0 0 0 0 0 0 0 0 0 0 0 0 0 0 0 0 0 0 0 0 0 0 0 0 0 0 0 0 0 0 0 0 0 0 0 0 0 0 0 0 0 0 0 0 0 0 0 0 0 0 0 0 0 0 0 0 0 0 0 0 0 0 0 0 0 0 0 0 0 0 0 0 0 0 0 0 0 0 0 0 0 0 0 0 0 0 0 0 0 0 0 0 0 0 0 0 0 0 0 0 0 0 0 0 0 0 0 0 0 0 0 0 0 0 0 0 0 0 0 0 0 0 0 0 0 0 0 0 0 0 0 0 0 0 0 0 0 0 0 0 0 0 0 0 0 0 0 0 0 0 0 0 0 0 0 0 0 0 0 0 0 0 0 0 0 0 0 0 0 0 0 0 0 0 0 0 0 0 0 0 0 0 0 0 0 0 0 0 0 0 0 0 0 0 0 0 0 0 0 0 0 0 0 0 0 0 0 0 0 0 0 0 0 0 0 0 0 0 0 0 0 0 0 0 0 0 0 0 0 0 0 0 0 0 0 0 0 0 0 0 0 0 0 0 0 0 0 0 0 0 0 0 0 0 0 0 0 0 0 0 0 0 0 0 0 0 0 0 0 0 0 0 0 0 0 0 0 0 0 0 0 0 0 0 0 0 0 0 0 0 0 0 0 0 0 0 0 0 0 0 0 0 0 0 0 0 0 0 0 0 0 0 0 0 0 0 0 0 0 0 0 0 0 0 0 0 0 0 0 0 0 0 0 0 0 0 0 0 0 0 0 0 0 0 0 0 0 0 0 0 0 0 0 0 0 0 0 0 0 0 0 0 0 0 0 0 0 0 0 0 0 0 0 0 0 0 0 0 0 0 0 0 0 0 0 0 0 0 0 0 0 0 0 0 0 0 0 0 0 0 0 0 0 0 0 0 0 0 0 0 0 0 0 0 0 0 0 0 0 0 0 0 0 0 0 0 0 0 0 0 0 0 0 0 0 0 0 0 0 0 0 0 0 0 0 0 0 0 0 0 0 0 0 0 0 0 0 0 0 0 0 0 0 0 0 0 0 0 0 0 0 0 0 0 0 0 0 0 0 0 0 0 0 0 0 0 0 0 0 0 0 0 0 0 0 0 0 0 0 0 0 0 0 0 0 0 0 0 0 0 0 0 0 0 0 0 0 0 0 0 0 0 0 0 0 0 0 0 0 0 0 0 0 0 0 0 0 0 0 0 0 0 0 0 0 0 0 0 0 0 0 0 0 0 0 0 0 0 0 0 0 0 0 0 0 0 0 0 0 0 0 0 0 0 0 0 0 0 0 0 0 0 0 0 0 0 0 0 0 0 0 0 0 0 0 0 0 0 0 0 0 0 0 0 0 0 0 0 0 0 0 0 0 0 0 0 0 0 0 0 0 0 0 0 0 0 0 0 0 0 0 0 0 0 0 0 0 0 0 0 0 0 0 0 0 0 0 0 0 0 0 0 0 0 0 0 0 0 0 0 0 0 0 0 0 0 0 0 0 0 0 0 0 0 0 0 0 0 0 0 0 0 0 0 0 0 0 0 0 0 0 0 0 0 0 0 0 0 0 0 0 0 0 0 0 0 0 0 0 0 0 0 0 0 0 0 0 0 0 0 0 0 0 0 0 0 0 0 0 0 0 0 0 0 0 0 0 0 0 0 0 0 0 0 0 0 0 0 0 0 0 0 0 0 0 0 0 0 0 0 0 0 0 0 0 0 0 0 0 0 0 0 0 0 0 0 0 0 0 0 0 0 0 0 0 0 0 0 0 0 0 0 0 0 0 0 0 0 0 0 0 0 0 0 0 0 0 0 0 0 0 0 0 0 0 0 0 0 0 0 0 0 0 0 0 0 0 0 0 0 0 0 0 0 0 0 0 0 0 0 0 0 0 0 0 0 0 0 0 0 0 0 0 0 0 0 0 0 0 0 0 0 0 0 0 0 0 0 0 0 0 0 0 0 0 0 0 0 0 0 0 0 0 0 0 0 0 0 0 0 0 0 0 0 0 0 0 0 0 0 0 0 0 0 0 0 0 0 0 0 0 0 0 0 0 0 0 0 0 0 0 0 0 0 0 0 0 0 0 0 0 0 0 0 0 0 0 0 0 0 0 0 0 0 0 0 0 0 0 0 0 0 0 0 0 0 0 0 0 0 0 0 0 0 0 0 0 0 0 0 0 0 0 0 0 0 0 0 0 0 0 0 0 0 0 0 0 0 0 0 0 0 0 0 0 0 0 0 0 0 0 0 0 0 0 0 0 0 0 0 0 0 0 0 0 0 0 0 0 0 0 0 0 0 0 0 0 0 0 0 0 0 0 0 0 0 0 0 0 0 0 0 0 0 0 0 0 0 0 0 0 0 0 0 0 0 0 0 0 0 0 0 0 0 0 0 0 0 0 0 0 0 0 0 0 0 0 0 0 0 0 0 0 0 0 0 0 0 0 0 0 0 0 0 0 0 0 0 0 0 0 0 0 0 0 0 0 0 0 0 0 0 0 0 0 0 0 0 0 0 0 0 0 0 0 0 0 0 0 0 0 0 0 0 0 0 0 0 0 0 0 0 0 0 0 0 0 0 0 0 0 0 0 0 0 0 0 0 0 0 0 0 0 0 0 0 0 0 0 0 0 0 0 0 0 0 0 0 0 0 0 0 0 0 0 0 0 0 0 0 0 0 0 0 0 0 0 0 0 0 0 0 0 0 0 0 0 0 0 0 0 0 0 0 0 0 0 0 0 0 0 0 0 0 0 0 0 0 0 0 0 0 0 0 0 0 0 0 0 0 0 0 0 0 0 0 0 0 0 0 0 0 0 0 0 0 0 0 0 0 0 0 0 0 0 0 0 0 0 0 0 0 0 0 0 0 0 0 0 0 0 0 0 0 0 0 0 0 0 0 0 0 0 0 0 0 0 0 0 0 0 0 0 0 0 0 0 0 0 0 0 0 0 0 0 0 0 0 0 0 0 0 0 0 0 0 0 0 0 0 0 0 0 0 0 0 0 0 0 0 0 0 0 0 0 0 0 0 0 0 0 0 0 0 0 0 0 0 0 0 0 0 0 0 0 0 0 0 0 0 0 0 0 0 0 0 0 0 0 0 0 0 0 0 0 0 0 0 0 0 0 0 0 0 0 0 0 0 0 0 0 0 0 0 0 0 0 0 0 0 0 0 0 0 0 0 0 0 0 0 0 0 0 0 0 0 0 0 0 0 0 0 0 0 0 0 0 0 0 0 0 0 0 0 0 0 0 0 0 0 0 0 0 0 0 0 0 0 0 0 0 0 0 0 0 0 0 0 0 0 0 0 0 0 0 0 0 0 0 0 0 0 0 0 0 0 0 0 0 0 0 0 0 0 0 0 0 0 0 0 0 0 0 0 0 0 0 0 0 0 0 0 0 0 0 0 0 0 0 0 0 0 0 0 0 0 0 0 0 0 0 0 0 0 0 0 0 0 0 0 0 0 0 0 0 0 0 0 0 0 0 0 0 0 0 0 0 0 0 0 0 0 0 0 0 0 0 0 0 0 0 0 0 0 0 0 0 0 0 0 0 0 0 0 0 0 0 0 0 0 0 0 0 0 0 0 0 0 0 0 0 0 0 0 0 0 0 0 0 0 0 0 0 0 0 0 0 0 0 0 0 0 0 0 0 0 0 0 0 0 0 0 0 0 0 0 0 0 0 0 0 0 0 0 0 0 0 0 0 0 0 0 0 0 0 0 0 0 0 0 0 0 0 0 0 0 0 0 0 0 0 0 0 0 0 0 0 0 0 0 0 0 0 0 0 0 0 0 0 0 0 0 0 0 0 0 0 0 0 0 0 0 0 0 0 0 0 0 0 0 0 0 0 0 0 0 0 0 0 0 0 0 0 0 0 0 0 0 0 0 0 0 0 0 0 0 0 0 0 0 0 0 0 0 0 0 0 0 0 0 0 0 0 0 0 0 0 0 0 0 0 0 0 0 0 0 0 0 0 0 0 0 0 0 0 0 0 0 0 0 0 0 0 0 0 0 0 0 0 0 0 0 0 0 0 0 0 0 0 0 0 0 0 0 0 0 0 0 0 0 0 0 0 0 0 0 0 0 0 0 0 0 0 0 0 0 0 0 0 0 0 0 0 0 0 0 0 0 0 0 0 0 0 0 0 0 0 0 0 0 0 0 0 0 0 0 0 0 0 0 0 0 0 0 0 0 0 0 0 0 0 0 0 0 0 0 0 0 0 0 0 0 0 0 0 0 0 0 0 0 0 0 0 0 0 0 0 0 0 0 0 0 0 0 0 0 0 0 0 0 0 0 0 0 0 0 0 0 0 0 0 0 0 0 0 0 0 0 0 0 0 0 0 0 0 0 0 0 0 0 0 0 0 0 0 0 0 0 0 0 0 0 0 0 0 0 0 0 0 0 0 0 0 0 0 0 0 0 0 0 0 0 0 0 0 0 0 0 0 0 0 0 0 0 0 0 0 0 0 0 0 0 0 0 0 0 0 0 0 0 0 0 0 0 0 0 0 0 0 0 0 0 0 0 0 0 0 0 0 0 0 0 0 0 0 0 0 0 0 0 0 0 0 0 0 0 0 0 0 0 0 0 0 0 0 0 0 0 0 0 0 0 0 0 0 0 0 0 0 0 0 0 0 0 0 0 0 0 0 0 0 0 0 0 0 0 0 0 0 0 0 0 0 0 0 0 0 0 0 0 0 0 0 0 0 0 0 0 0 0 0 0 0 0 0 0 0 0 0 0 0 0 0 0 0 0 0 0 0 0 0 0 0 0 0 0 0 0 0 0 0 0 0 0 0 0 0 0 0 0 0 0 0 0 0 0 0 0 0 0 0 0 0 0 0 0 0 0 0 0 0 0 0 0 0 0 0 0 0 0 0 0 0 0 0 0 0 0 0 0 0 0 0 0 0 0 0 0 0 0 0 0 0 0 0 0 0 0 0 0 0 0 0 0 0 0 0 0 0 0 0 0 0 0 0 0 0 0 0 0 0 0 0 0 0 0 0 0 0 0 0 0 0 0 0 0 0 0 0 0 0 0 0 0 0 0 0 0 0 0 0 0 0 0 0 0 0 0 0 0 0 0 0 0 0 0 0 0 0 0 0 0 0 0 0 0 0 0 0 0 0 0 0 0 0 0 0 0 0 0 0 0 0 0 0 0 0 0 0 0 0 0 0 0 0 0 0 0 0 0 0 0 0 0 0 0 0 0 0 0 0 0 0 0 0 0 0 0 0 0 0 0 0 0 0 0 0 0 0 0 0 0 0 0 0 0 0 0 0 0 0 0 0 0 0 0 0 0 0 0 0 0 0 0 0 0 0 0 0 0 0 0 0 0 0 0 0 0 0 0 0 0 0 0 0 0 0 0 0 0 0 0 0 0 0 0 0 0 0 0 0 0 0 0 0 0 0 0 0 0 0 0 0 0 0 0 0 0 0 0 0 0 0 0 0 0 0 0 0 0 0 0 0 0 0 0 0 0 0 0 0 0 0 0 0 0 0 0 0 0 0 0 0 0 0 0 0 0 0 0 0 0 0 0 0 0 0 0 0 0 0 0 0 0 0 0 0 0 0 0 0 0 0 0 0 0 0 0 0 0 0 0 0 0 0 0 0 0 0 0 0 0 0 0 0 0 0 0 0 0 0 0 0 0 0 0 0 0 0 0 0 0 0 0 0 0 0 0 0 0 0 0 0 0 0 0 0 0 0 0 0 0 0 0 0 0 0 0 0 0 0 0 0 0 0 0 0 0 0 0 0 0 0 0 0 0 0 0 0 0 0 0 0 0 0 0 0 0 0 0 0 0 0 0 0 0 0 0 0 0 0 0 0 0 0 0 0 0 0 0 0 0 0 0 0 0 0 0 0 0 0 0 0 0 0 0 0 0 0 0 0 0 0 0 0 0 0 0 0 0 0 0 0 0 0 0 0 0 0 0 0 0 0 0 0 0 0 0 0 0 0 0 0 0 0 0 0 0 0 0 0 0 0 0 0 0 0 0 0 0 0 0 0 0 0 0 0 0 0 0 0 0 0 0 0 0 0 0 0 0 0 0 0 0 0 0 0 0 0 0 0 0 0 0 0 0 0 0 0 0 0 0 0 0 0 0 0 0 0 0 0 0 0 0 0 0 0 0 0 0 0 0 0 0 0 0 0 0 0 0 0 0 0 0 0 0 0 0 0 0 0 0 0 0 0 0 0 0 0 0 0 0 0 0 0 0 0 0 0 0 0 0 0 0 0 0 0 0 0 0 0 0 0 0 0 0 0 0 0 0 0 0 0 0 0 0 0 0 0 0 0 0 0 0 0 0 0 0 0 0 0 0 0 0 0 0 0 0 0 0 0 0 0 0 0 0 0 0 0 0 0 0 0 0 0 0 0 0 0 0 0 0 0 0 0 0 0 0 0 0 0 0 0 0 0 0 0 0 0 0 0 0 0 0 0 0 0 0 0 0 0 0 0 0 0 0 0 0 0 0 0 0 0 0 0 0 0 0 0 0 0 0 0 0 0 0 0 0 0 0 0 0 0 0 0 0 0 0 0 0 0 0 0 0 0 0 0 0 0 0 0 0 0 0 0 0 0 0 0 0 0 0 0 0 0 0 0 0 0 0 0 0 0 0 0 0 0 0 0 0 0 0 0 0 0 0 0 0 0 0 0 0 0 0 0 0 0 0 0 0 0 0 0 0 0 0 0 0 0 0 0 0 0 0 0 0 0 0 0 0 0 0 0 0 0 0 0 0 0 0 0 0 0 0 0 0 0 0 0 0 0 0 0 0 0 0 0 0 0 0 0 0 0 0 0 0 0 0 0 0 0 0 0 0 0 0 0 0 0 0 0 0 0 0 0 0 0 0 0 0 0 0 0 0 0 0 0 0 0 0 0 0 0 0 0 0 0 0 0 0 0 0 0 0 0 0 0 0 0 0 0 0 0 0 0 0 0 0 0 0 0 0 0 0 0 0 0 0 0 0 0 0 0 0 0 0 0 0 0 0 0 0 0 0 0 0 0 0 0 0 0 0 0 0 0 0 0 0 0 0 0 0 0 0 0 0 0 0 0 0 0 0 0 0 0 0 0 0 0 0 0 0 0 0 0 0 0 0 0 0 0 0 0 0 0 0 0 0 0 0 0 0 0 0 0 0 0 0 0 0 0 0 0 0 0 0 0 0 0 0 0 0 0 0 0 0 0 0 0 0 0 0 0 0 0 0 0 0 0 0 0 0 0 0 0 0 0 0 0 0 0 0 0 0 0 0 0 0 0 0 0 0 0 0 0 0 0 0 0 0 0 0 0 0 0 0 0 0 0 0 0 0 0 0 0 0 0 0 0 0 0 0 0 0 0 0 0 0 0 0 0 0 0 0 0 0 0 0 0 0 0 0 0 0 0 0 0 0 0 0 0 0 0 0 0 0 0 0 0 0 0 0 0 0 0 0 0 0 0 0 0 0 0 0 0 0 0 0 0 0 0 0 0 0 0 0 0 0 0 0 0 0 0 0 0 0 0 0 0 0 0 0 0 0 0 0 0 0 0 0 0 0 0 0 0 0 0 0 0 0 0 0 0 0 0 0 0 0 0 0 0 0 0 0 0 0 0 0 0 0 0 0 0 0 0 0 0 0 0 0 0 0 0 0 0 0 0 0 0 0 0 0 0 0 0 0 0 0 0 0 0 0 0 0 0 0 0 0 0 0 0 0 0 0 0 0 0 0 0 0 0 0 0 0 0 0 0 0 0 0 0 0 0 0 0 0 0 0 0 0 0 0 0 0 0 0 0 0 0 0 0 0 0 0 0 0 0 0 0 0 0 0 0 0 0 0 0 0 0 0 0 0 0 0 0 0 0 0 0 0 0 0 0 0 0 0 0 0 0 0 0 0 0 0 0 0 0 0 0 0 0 0 0 0 0 0 0 0 0 0 0 0 0 0 0 0 0 0 0 0 0 0 0 0 0 0 0 0 0 0 0 0 0 0 0 0 0 0 0 0 0 0 0 0 0 0 0 0 0 0 0 0 0 0 0 0 0 0 0 0 0 0 0 0 0 0 0 0 0 0 0 0 0 0 0 0 0 0 0 0 0 0 0 0 0 0 0 0 0 0 0 0 0 0 0 0 0 0 0 0 0 0 0 0 0 0 0 0 0 0 0 0 0 0 0 0 0 0 0 0 0 0 0 0 0 0 0 0 0 0 0 0 0 0 0 0 0 0 0 0 0 0 0 0 0 0 0 0 0 0 0 0 0 0 0 0 0 0 0 0 0 0 0 0 0 0 0 0 0 0 0 0 0 0 0 0 0 0 0 0 0 0 0 0 0 0 0 0 0 0 0 0 0 0 0 0 0 0 0 0 0 0 0 0 0 0 0 0 0 0 0 0 0 0 0 0 0 0 0 0 0 0 0 0 0 0 0 0 0 0 0 0 0 0 0 0 0 0 0 0 0 0 0 0 0 0 0 0 0 0 0 0 0 0 0 0 0 0 0 0 0 0 0 0 0 0 0 0 0 0 0 0 0 0 0 0 0 0 0 0 0 0 0 0 0 0 0 0 0 0 0 0 0 0 0 0 0 0 0 0 0 0 0 0 0 0 0 0 0 0 0 0 0 0 0 0 0 0 0 0 0 0 0 0 0 0 0 0 0 0 0 0 0 0 0 0 0 0 0 0 0 0 0 0 0 0 0 0 0 0 0 0 0 0 0 0 0 0 0 0 0 0 0 0 0 0 0 0 0 0 0 0 0 0 0 0 0 0 0 0 0 0 0 0 0 0 0 0 0 0 0 0 0 0 0 0 0 0 0 0 0 0 0 0 0 0 0 0 0 0 0 0 0 0 0 0 0 0 0 0 0 0 0 0 0 0 0 0 0 0 0 0 0 0 0 0 0 0 0 0 0 0 0 0 0 0 0 0 0 0 0 0 0 0 0 0 0 0 0 0 0 0 0 0 0 0 0 0 0 0 0 0 0 0 0 0 0 0 0 0 0 0 0 0 0 0 0 0 0 0 0 0 0 0 0 0 0 0 0 0 0 0 0 0 0 0 0 0 0 0 0 0 0 0 0 0 0 0 0 0 0 0 0 0 0 0 0 0 0 0 0 0 0 0 0 0 0 0 0 0 0 0 0 0 0 0 0 0 0 0 0 0 0 0 0 0 0 0 0 0 0 0 0 0 0 0 0 0 0 0 0 0 0 0 0 0 0 0 0 0 0 0 0 0 0 0 0 0 0 0 0 0 0 0 0 0 0 0 0 0 0 0 0 0 0 0 0 0 0 0 0 0 0 0 0 0 0 0 0 0 0 0 0 0 0 0 0 0 0 0 0 0 0 0 0 0 0 0 0 0 0 0 0 0 0 0 0 0 0 0 0 0 0 0 0 0 0 0 0 0 0 0 0 0 0 0 0 0 0 0 0 0 0 0 0 0 0 0 0 0 0 0 0 0 0 0 0 0 0 0 0 0 0 0 0 0 0 0 0 0 0 0 0 0 0 0 0 0 0 0 0 0 0 0 0 0 0 0 0 0 0 0 0 0 0 0 0 0 0 0 0 0 0 0 0 0 0 0 0 0 0 0 0 0 0 0 0 0 0 0 0 0 0 0 0 0 0 0 0 0 0 0 0 0 0 0 0 0 0 0 0 0 0 0 0 0 0 0 0 0 0 0 0 0 0 0 0 0 0 0 0 0 0 0 0 0 0 0 0 0 0 0 0 0 0 0 0 0 0 0 0 0 0 0 0 0 0 0 0 0 0 0 0 0 0 0 0 0 0 0 0 0 0 0 0 0 0 0 0 0 0 0 0 0 0 0 0 0 0 0 0 0 0 0 0 0 0 0 0 0 0 0 0 0 0 0 0 0 0 0 0 0 0 0 0 0 0 0 0 0 0 0 0 0 0 0 0 0 0 0 0 0 0 0 0 0 0 0 0 0 0 0 0 0 0 0 0 0 0 0 0 0 0 0 0 0 0 0 0 0 0 0 0 0 0 0 0 0 0 0 0 0 0 0 0 0 0 0 0 0 0 0 0 0 0 0 0 0 0 0 0 0 0 0 0 0 0 0 0 0 0 0 0 0 0 0 0 0 0 0 0 0 0 0 0 0 0 0 0 0 0 0 0 0 0 0 0 0 0 0 0 0 0 0 0 0 0 0 0 0 0 0 0 0 0 0 0 0 0 0 0 0 0 0 0 0 0 0 0 0 0 0 0 0 0 0 0 0 0 0 0 0 0 0 0 0 0 0 0 0 0 0 0 0 0 0 0 0 0 0 0 0 0 0 0 0 0 0 0 0 0 0 0 0 0 0 0 0 0 0 0 0 0 0 0 0 0 0 0 0 0 0 0 0 0 0 0 0 0 0 0 0 0 0 0 0 0 0 0 0 0 0 0 0 0 0 0 0 0 0 0 0 0 0 0 0 0 0 0 0 0 0 0 0 0 0 0 0 0 0 0 0 0 0 0 0 0 0 0 0 0 0 0 0 0 0 0 0 0 0 0 0 0 0 0 0 0 0 0 0 0 0 0 0 0 0 0 0 0 0 0 0 0 0 0 0 0 0 0 0 0 0 0 0 0 0 0 0 0 0 0 0 0 0 0 0 0 0 0 0 0 0 0 0 0 0 0 0 0 0 0 0 0 0 0 0 0 0 0 0 0 0 0 0 0 0 0 0 0 0 0 0 0 0 0 0 0 0 0 0 0 0 0 0 0 0 0 0 0 0 0 0 0 0 0 0 0 0 0 0 0 0 0 0 0 0 0 0 0 0 0 0 0 0 0 0 0 0 0 0 0 0 0 0 0 0 0 0 0 0 0 0 0 0 0 0 0 0 0 0 0 0 0 0 0 0 0 0 0 0 0 0 0 0 0 0 0 0 0 0 0 0 0 0 0 0 0 0 0 0 0 0 0 0 0 0 0 0 0 0 0 0 0 0 0 0 0 0 0 0 0 0 0 0 0 0 0 0 0 0 0 0 0 0 0 0 0 0 0 0 0 0 0 0 0 0 0 0 0 0 0 0 0 0 0 0 0 0 0 0 0 0 0 0 0 0 0 0 0 0 0 0 0 0 0 0 0 0 0 0 0 0 0 0 0 0 0 0 0 0 0 0 0 0 0 0 0 0 0 0 0 0 0 0 0 0 0 0 0 0 0 0 0 0 0 0 0 0 0 0 0 0 0 0 0 0 0 0 0 0 0 0 0 0 0 0 0 0 0 0 0 0 0 0 0 0 0 0 0 0 0 0 0 0 0 0 0 0 0 0 0 0 0 0 0 0 0 0 0 0 0 0 0 0 0 0 0 0 0 0 0 0 0 0 0 0 0 0 0 0 0 0 0 0 0 0 0 0 0 0 0 0 0 0 0 0 0 0 0 0 0 0 0 0 0 0 0 0 0 0 0 0 0 0 0 0 0 0 0 0 0 0 0 0 0 0 0 0 0 0 0 0 0 0 0 0 0 0 0 0 0 0 0 0 0 0 0 0 0 0 0 0 0 0 0 0 0 0 0 0 0 0 0 0 0 0 0 0 0 0 0 0 0 0 0 0 0 0 0 0 0 0 0 0 0 0 0 0 0 0 0 0 0 0 0 0 0 0 0 0 0 0 0 0 0 0 0 0 0 0 0 0 0 0 0 0 0 0 0 0 0 0 0 0 0 0 0 0 0 0 0 0 0 0 0 0 0 0 0 0 0 0 0 0 0 0 0 0 0 0 0 0 0 0 0 0 0 0 0 0 0 0 0 0 0 0 0 0 0 0 0 0 0 0 0 0 0 0 0 0 0 0 0 0 0 0 0 0 0 0 0 0 0 0 0 0 0 0 0 0 0 0 0 0 0 0 0 0 0 0 0 0 0 0 0 0 0 0 0 0 0 0 0 0 0 0 0 0 0 0 0 0 0 0 0 0 0 0 0 0 0 0 0 0 0 0 0 0 0 0 0 0 0 0 0 0 0 0 0 0 0 0 0 0 0 0 0 0 0 0 0 0 0 0 0 0 0 0 0 0 0 0 0 0 0 0 0 0 0 0 0 0 0 0 0 0 0 0 0 0 0 0 0 0 0 0 0 0 0 0 0 0 0 0 0 0 0 0 0 0 0 0 0 0 0 0 0 0 0 0 0 0 0 0 0 0 0 0 0 0 0 0 0 0 0 0 0 0 0 0 0 0 0 0 0 0 0 0 0 0 0 0 0 0 0 0 0 0 0 0 0 0 0 0 0 0 0 0 0 0 0 0 0 0 0 0 0 0 0 0 0 0 0 0 0 0 0 0 0 0 0 0 0 0 0 0 0 0 0 0 0 0 0 0 0 0 0 0 0 0 0 0 0 0 0 0 0 0 0 0 0 0 0 0 0 0 0 0 0 0 0 0 0 0 0 0 0 0 0 0 0 0 0 0 0 0 0 0 0 0 0 0 0 0 0 0 0 0 0 0 0 0 0 0 0 0 0 0 0 0 0 0 0 0 0 0 0 0 0 0 0 0 0 0 0 0 0 0 0 0 0 0 0 0 0 0 0 0 0 0 0 0 0 0 0 0 0 0 0 0 0 0 0 0 0 0 0 0 0 0 0 0 0 0 0 0 0 0 0 0 0 0 0 0 0 0 0 0 0 0 0 0 0 0 0 0 0 0 0 0 0 0 0 0 0 0 0 0 0 0 0 0 0 0 0 0 0 0 0 0 0 0 0 0 0 0 0 0 0 0 0 0 0 0 0 0 0 0 0 0 0 0 0 0 0 0 0 0 0 0 0 0 0 0 0 0 0 0 0 0 0 0 0 0 0 0 0 0 0 0 0 0 0 0 0 0 0 0 0 0 0 0 0 0 0 0 0 0 0 0 0 0 0 0 0 0 0 0 0 0 0 0 0 0 0 0 0 0 0 0 0 0 0 0 0 0 0 0 0 0 0 0 0 0 0 0 0 0 0 0 0 0 0 0 0 0 0 0 0 0 0 0 0 0 0 0 0 0 0 0 0 0 0 0 0 0 0 0 0 0 0 0 0 0 0 0 0 0 0 0 0 0 0 0 0 0 0 0 0 0 0 0 0 0 0 0 0 0 0 0 0 0 0 0 0 0 0 0 0 0 0 0 0 0 0 0 0 0 0 0 0 0 0 0 0 0 0 0 0 0 0 0 0 0 0 0 0 0 0 0 0 0 0 0 0 0 0 0 0 0 0 0 0 0 0 0 0 0 0 0 0 0 0 0 0 0 0 0 0 0 0 0 0 0 0 0 0 0 0 0 0 0 0 0 0 0 0 0 0 0 0 0 0 0 0 0 0 0 0 0 0 0 0 0 0 0 0 0 0 0 0 0 0 0 0 0 0 0 0 0 0 0 0 0 0 0 0 0 0 0 0 0 0 0 0 0 0 0 0 0 0 0 0 0 0 0 0 0 0 0 0 0 0 0 0 0 0 0 0 0 0 0 0 0 0 0 0 0 0 0 0 0 0 0 0 0 0 0 0 0 0 0 0 0 0 0 0 0 0 0 0 0 0 0 0 0 0 0 0 0 0 0 0 0 0 0 0 0 0 0 0 0 0 0 0 0 0 0 0 0 0 0 0 0 0 0 0 0 0 0 0 0 0 0 0 0 0 0 0 0 0 0 0 0 0 0 0 0 0 0 0 0 0 0 0 0 0 0 0 0 0 0 0 0 0 0 0 0 0 0 0 0 0 0 0 0 0 0 0 0 0 0 0 0 0 0 0 0 0 0 0 0 0 0 0 0 0 0 0 0 0 0 0 0 0 0 0 0 0 0 0 0 0 0 0 0 0 0 0 0 0 0 0 0 0 0 0 0 0 0 0 0 0 0 0 0 0 0 0 0 0 0 0 0 0 0 0 0 0 0 0 0 0 0 0 0 0 0 0 0 0 0 0 0 0 0 0 0 0 0 0 0 0 0 0 0 0 0 0 0 0 0 0 0 0 0 0 0 0 0 0 0 0 0 0 0 0 0 0 0 0 0 0 0 0 0 0 0 0 0 0 0 0 0 0 0 0 0 0 0 0 0 0 0 0 0 0 0 0 0 0 0 0 0 0 0 0 0 0 0 0 0 0 0 0 0 0 0 0 0 0 0 0 0 0 0 0 0 0 0 0 0 0 0 0 0 0 0 0 0 0 0 0 0 0 0 0 0 0 0 0 0 0 0 0 0 0 0 0 0 0 0 0 0 0 0 0 0 0 0 0 0 0 0 0 0 0 0 0 0 0 0 0 0 0 0 0 0 0 0 0 0 0 0 0 0 0 0 0 0 0 0 0 0 0 0 0 0 0 0 0 0 0 0 0 0 0 0 0 0 0 0 0 0 0 0 0 0 0 0 0 0 0 0 0 0 0 0 0 0 0 0 0 0 0 0 0 0 0 0 0 0 0 0 0 0 0 0 0 0 0 0 0 0 0 0 0 0 0 0 0 0 0 0 0 0 0 0 0 0 0 0 0 0 0 0 0 0 0 0 0 0 0 0 0 0 0 0 0 0 0 0 0 0 0 0 0 0 0 0 0 0 0 0 0 0 0 0 0 0 0 0 0 0 0 0 0 0 0 0 0 0 0 0 0 0 0 0 0 0 0 0 0 0 0 0 0 0 0 0 0 0 0 0 0 0 0 0 0 0 0 0 0 0 0 0 0 0 0 0 0 0 0 0 0 0 0 0 0 0 0 0 0 0 0 0 0 0 0 0 0 0 0 0 0 0 0 0 0 0 0 0 0 0 0 0 0 0 0 0 0 0 0 0 0 0 0 0 0 0 0 0 0 0 0 0 0 0 0 0 0 0 0 0 0 0 0 0 0 0 0 0 0 0 0 0 0 0 0 0 0 0 0 0 0 0 0 0 0 0 0 0 0 0 0 0 0 0 0 0 0 0 0 0 0 0 0 0 0 0 0 0 0 0 0 0 0 0 0 0 0 0 0 0 0 0 0 0 0 0 0 0 0 0 0 0 0 0 0 0 0 0 0 0 0 0 0 0 0 0 0 0 0 0 0 0 0 0 0 0 0 0 0 0 0 0 0 0 0 0 0 0 0 0 0 0 0 0 0 0 0 0 0 0 0 0 0 0 0 0 0 0 0 0 0 0 0 0 0 0 0 0 0 0 0 0 0 0 0 0 0 0 0 0 0 0 0 0 0 0 0 0 0 0 0 0 0 0 0 0 0 0 0 0 0 0 0 0 0 0 0 0 0 0 0 0 0 0 0 0 0 0 0 0 0 0 0 0 0 0 0 0 0 0 0 0 0 0 0 0 0 0 0 0 0 0 0 0 0 0 0 0 0 0 0 0 0 0 0 0 0 0 0 0 0 0 0 0 0 0 0 0 0 0 0 0 0 0 0 0 0 0 0 0 0 0 0 0 0 0 0 0 0 0 0 0 0 0 0 0 0 0 0 0 0 0 0 0 0 0 0 0 0 0 0 0 0 0 0 0 0 0 0 0 0 0 0 0 0 0 0 0 0 0 0 0 0 0 0 0 0 0 0 0 0 0 0 0 0 0 0 0 0 0 0 0 0 0 0 0 0 0 0 0 0 0 0 0 0 0 0 0 0 0 0 0 0 0 0 0 0 0 0 0 0 0 0 0 0 0 0 0 0 0 0 0 0 0 0 0 0 0 0 0 0 0 0 0 0 0 0 0 0 0 0 0 0 0 0 0 0 0 0 0 0 0 0 0 0 0 0 0 0 0 0 0 0 0 0 0 0 0 0 0 0 0 0 0 0 0 0 0 0 0 0 0 0 0 0 0 0 0 0 0 0 0 0 0 0 0 0 0 0 0 0 0 0 0 0 0 0 0 0 0 0 0 0 0 0 0 0 0 0 0 0 0 0 0 0 0 0 0 0 0 0 0 0 0 0 0 0 0 0 0 0 0 0 0 0 0 0 0 0 0 0 0 0 0 0 0 0 0 0 0 0 0 0 0 0 0 0 0 0 0 0 0 0 0 0 0 0 0 0 0 0 0 0 0 0 0 0 0 0 0 0 0 0 0 0 0 0 0 0 0 0 0 0 0 0 0 0 0 0 0 0 0 0 0 0 0 0 0 0 0 0 0 0 0 0 0 0 0 0 0 0 0 0 0 0 0 0 0 0 0 0 0 0 0 0 0 0 0 0 0 0 0 0 0 0 0 0 0 0 0 0 0 0 0 0 0 0 0 0 0 0 0 0 0 0 0 0 0 0 0 0 0 0 0 0 0 0 0 0 0 0 0 0 0 0 0 0 0 0 0 0 0 0 0 0 0 0 0 0 0 0 0 0 0 0 0 0 0 0 0 0 0 0 0 0 0 0 0 0 0 0 0 0 0 0 0 0 0 0 0 0 0 0 0 0 0 0 0 0 0 0 0 0 0 0 0 0 0 0 0 0 0 0 0 0 0 0 0 0 0 0 0 0 0 0 0 0 0 0 0 0 0 0 0 0 0 0 0 0 0 0 0 0 0 0 0 0 0 0 0 0 0 0 0 0 0 0 0 0 0 0 0 0 0 0 0 0 0 0 0 0 0 0 0 0 0 0 0 0 0 0 0 0 0 0 0 0 0 0 0 0 0 0 0 0 0 0 0 0 0 0 0 0 0 0 0 0 0 0 0 0 0 0 0 0 0 0 0 0 0 0 0 0 0 0 0 0 0 0 0 0 0 0 0 0 0 0 0 0 0 0 0 0 0 0 0 0 0 0 0 0 0 0 0 0 0 0 0 0 0 0 0 0 0 0 0 0 0 0 0 0 0 0 0 0 0 0 0 0 0 0 0 0 0 0 0 0 0 0 0 0 0 0 0 0 0 0 0 0 0 0 0 0 0 0 0 0 0 0 0 0 0 0 0 0 0 0 0 0 0 0 0 0 0 0 0 0 0 0 0 0 0 0 0 0 0 0 0 0 0 0 0 0 0 0 0 0 0 0 0 0 0 0 0 0 0 0 0 0 0 0 0 0 0 0 0 0 0 0 0 0 0 0 0 0 0 0 0 0 0 0 0 0 0 0 0 0 0 0 0 0 0 0 0 0 0 0 0 0 0 0 0 0 0 0 0 0 0 0 0 0 0 0 0 0 0 0 0 0 0 0 0 0 0 0 0 0 0 0 0 0 0 0 0 0 0 0 0 0 0 0 0 0 0 0 0 0 0 0 0 0 0 0 0 0 0 0 0 0 0 0 0 0 0 0 0 0 0 0 0 0 0 0 0 0 0 0 0 0 0 0 0 0 0 0 0 0 0 0 0 0 0 0 0 0 0 0 0 0 0 0 0 0 0 0 0 0 0 0 0 0 0 0 0 0 0 0 0 0 0 0 0 0 0 0 0 0 0 0 0 0 0 0 0 0 0 0 0 0 0 0 0 0 0 0 0 0 0 0 0 0 0 0 0 0 0 0 0 0 0 0 0 0 0 0 0 0 0 0 0 0 0 0 0 0 0 0 0 0 0 0 0 0 0 0 0 0 0 0 0 0 0 0 0 0 0 0 0 0 0 0 0 0 0 0 0 0 0 0 0 0 0 0 0 0 0 0 0 0 0 0 0 0 0 0 0 0 0 0 0 0 0 0 0 0 0 0 0 0 0 0 0 0 0 0 0 0 0 0 0 0 0 0 0 0 0 0 0 0 0 0 0 0 0 0 0 0 0 0 0 0 0 0 0 0 0 0 0 0 0 0 0 0 0 0 0 0 0 0 0 0 0 0 0 0 0 0 0 0 0 0 0 0 0 0 0 0 0 0 0 0 0 0 0 0 0 0 0 0 0 0 0 0 0 0 0 0 0 0 0 0 0 0 0 0 0 0 0 0 0 0 0 0 0 0 0 0 0 0 0 0 0 0 0 0 0 0 0 0 0 0 0 0 0 0 0 0 0 0 0 0 0 0 0 0 0 0 0 0 0 0 0 0 0 0 0 0 0 0 0 0 0 0 0 0 0 0 0 0 0 0 0 0 0 0 0 0 0 0 0 0 0 0 0 0 0 0 0 0 0 0 0 0 0 0 0 0 0 0 0 0 0 0 0 0 0 0 0 0 0 0 0 0 0 0 0 0 0 0 0 0 0 0 0 0 0 0 0 0 0 0 0 0 0 0 0 0 0 0 0 0 0 0 0 0 0 0 0 0 0 0 0 0 0 0 0 0 0 0 0 0 0 0 0 0 0 0 0 0 0 0 0 0 0 0 0 0 0 0 0 0 0 0 0 0 0 0 0 0 0 0 0 0 0 0 0 0 0 0 0 0 0 0 0 0 0 0 0 0 0 0 0 0 0 0 0 0 0 0 0 0 0 0 0 0 0 0 0 0 0 0 0 0 0 0 0 0 0 0 0 0 0 0 0 0 0 0 0 0 0 0 0 0 0 0 0 0 0 0 0 0 0 0 0 0 0 0 0 0 0 0 0 0 0 0 0 0 0 0 0 0 0 0 0 0 0 0 0 0 0 0 0 0 0 0 0 0 0 0 0 0 0 0 0 0 0 0 0 0 0 0 0 0 0 0 0 0 0 0 0 0 0 0 0 0 0 0 0 0 0 0 0 0 0 0 0 0 0 0 0 0 0 0 0 0 0 0 0 0 0 0 0 0 0 0 0 0 0 0 0 0 0 0 0 0 0 0 0 0 0 0 0 0 0 0 0 0 0 0 0 0 0 0 0 0 0 0 0 0 0 0 0 0 0 0 0 0 0 0 0 0 0 0 0 0 0 0 0 0 0 0 0 0 0 0 0 0 0 0 0 0 0 0 0 0 0 0 0 0 0 0 0 0 0 0 0 0 0 0 0 0 0 0 0 0 0 0 0 0 0 0 0 0 0 0 0 0 0 0 0 0 0 0 0 0 0 0 0 0 0 0 0 0 0 0 0 0 0 0 0 0 0 0 0 0 0 0 0 0 0 0 0 0 0 0 0 0 0 0 0 0 0 0 0 0 0 0 0 0 0 0 0 0 0 0 0 0 0 0 0 0 0 0 0 0 0 0 0 0 0 0 0 0 0 0 0 0 0 0 0 0 0 0 0 0 0 0 0 0 0 0 0 0 0 0 0 0 0 0 0 0 0 0 0 0 0 0 0 0 0 0 0 0 0 0 0 0 0 0 0 0 0 0 0 0 0 0 0 0 0 0 0 0 0 0 0 0 0 0 0 0 0 0 0 0 0 0 0 0 0 0 0 0 0 0 0 0 0 0 0 0 0 0 0 0 0 0 0 0 0 0 0 0 0 0 0 0 0 0 0 0 0 0 0 0 0 0 0 0 0 0 0 0 0 0 0 0 0 0 0 0 0 0 0 0 0 0 0 0 0 0 0 0 0 0 0 0 0 0 0 0 0 0 0 0 0 0 0 0 0 0 0 0 0 0 0 0 0 0 0 0 0 0 0 0 0 0 0 0 0 0 0 0 0 0 0 0 0 0 0 0 0 0 0 0 0 0 0 0 0 0 0 0 0 0 0 0 0 0 0 0 0 0 0 0 0 0 0 0 0 0 0 0 0 0 0 0 0 0 0 0 0 0 0 0 0 0 0 0 0 0 0 0 0 0 0 0 0 0 0 0 0 0 0 0 0 0 0 0 0 0 0 0 0 0 0 0 0 0 0 0 0 0 0 0 0 0 0 0 0 0 0 0 0 0 0 0 0 0 0 0 0 0 0 0 0 0 0 0 0 0 0 0 0 0 0 0 0 0 0 0 0 0 0 0 0 0 0 0 0 0 0 0 0 0 0 0 0 0 0 0 0 0 0 0 0 0 0 0 0 0 0 0 0 0 0 0 0 0 0 0 0 0 0 0 0 0 0 0 0 0 0 0 0 0 0 0 0 0 0 0 0 0 0 0 0 0 0 0 0 0 0 0 0 0 0 0 0 0 0 0 0 0 0 0 0 0 0 0 0 0 0 0 0 0 0 0 0 0 0 0 0 0 0 0 0 0 0 0 0 0 0 0 0 0 0 0 0 0 0 0 0 0 0 0 0 0 0 0 0 0 0 0 0 0 0 0 0 0 0 0 0 0 0 0 0 0 0 0 0 0 0 0 0 0 0 0 0 0 0 0 0 0 0 0 0 0 0 0 0 0 0 0 0 0 0 0 0 0 0 0 0 0 0 0 0 0 0 0 0 0 0 0 0 0 0 0 0 0 0 0 0 0 0 0 0 0 0 0 0 0 0 0 0 0 0 0 0 0 0 0 0 0 0 0 0 0 0 0 0 0 0 0 0 0 0 0 0 0 0 0 0 0 0 0 0 0 0 0 0 0 0 0 0 0 0 0 0 0 0 0 0 0 0 0 0 0 0 0 0 0 0 0 0 0 0 0 0 0 0 0 0 0 0 0 0 0 0 0 0 0 0 0 0 0 0 0 0 0 0 0 0 0 0 0 0 0 0 0 0 0 0 0 0 0 0 0 0 0 0 0 0 0 0 0 0 0 0 0 0 0 0 0 0 0 0 0 0 0 0 0 0 0 0 0 0 0 0 0 0 0 0 0 0 0 0 0 0 0 0 0 0 0 0 0 0 0 0 0 0 0 0 0 0 0 0 0 0 0 0 0 0 0 0 0 0 0 0 0 0 0 0 0 0 0 0 0 0 0 0 0 0 0 0 0 0 0 0 0 0 0 0 0 0 0 0 0 0 0 0 0 0 0 0 0 0 0 0 0 0 0 0 0 0 0 0 0 0 0 0 0 0 0 0 0 0 0 0 0 0 0 0 0 0 0 0 0 0 0 0 0 0 0 0 0 0 0 0 0 0 0 0 0 0 0 0 0 0 0 0 0 0 0 0 0 0 0 0 0 0 0 0 0 0 0 0 0 0 0 0 0 0 0 0 0 0 0 0 0 0 0 0 0 0 0 0 0 0 0 0 0 0 0 0 0 0 0 0 0 0 0 0 0 0 0 0 0 0 0 0 0 0 0 0 0 0 0 0 0 0 0 0 0 0 0 0 0 0 0 0 0 0 0 0 0 0 0 0 0 0 0 0 0 0 0 0 0 0 0 0 0 0 0 0 0 0 0 0 0 0 0 0 0 0 0 0 0 0 0 0 0 0 0 0 0 0 0 0 0 0 0 0 0 0 0 0 0 0 0 0 0 0 0 0 0 0 0 0 0 0 0 0 0 0 0 0 0 0 0 0 0 0 0 0 0 0 0 0 0 0 0 0 0 0 0 0 0 0 0 0 0 0 0 0 0 0 0 0 0 0 0 0 0 0 0 0 0 0 0 0 0 0 0 0 0 0 0 0 0 0 0 0 0 0 0 0 0 0 0 0 0 0 0 0 0 0 0 0 0 0 0 0 0 0 0 0 0 0 0 0 0 0 0 0 0 0 0 0 0 0 0 0 0 0 0 0 0 0 0 0 0 0 0 0 0 0 0 0 0 0 0 0 0 0 0 0 0 0 0 0 0 0 0 0 0 0 0 0 0 0 0 0 0 0 0 0 0 0 0 0 0 0 0 0 0 0 0 0 0 0 0 0 0 0 0 0 0 0 0 0 0 0 0 0 0 0 0 0 0 0 0 0 0 0 0 0 0 0 0 0 0 0 0 0 0 0 0 0 0 0 0 0 0 0 0 0 0 0 0 0 0 0 0 0 0 0 0 0 0 0 0 0 0 0 0 0 0 0 0 0 0 0 0 0 0 0 0 0 0 0 0 0 0 0 0 0 0 0 0 0 0 0 0 0 0 0 0 0 0 0 0 0 0 0 0 0 0 0 0 0 0 0 0 0 0 0 0 0 0 0 0 0 0 0 0 0 0 0 0 0 0 0 0 0 0 0 0 0 0 0 0 0 0 0 0 0 0 0 0 0 0 0 0 0 0 0 0 0 0 0 0 0 0 0 0 0 0 0 0 0 0 0 0 0 0 0 0 0 0 0 0 0 0 0 0 0 0 0 0 0 0 0 0 0 0 0 0 0 0 0 0 0 0 0 0 0 0 0 0 0 0 0 0 0 0 0 0 0 0 0 0 0 0 0 0 0 0 0 0 0 0 0 0 0 0 0 0 0 0 0 0 0 0 0 0 0 0 0 0 0 0 0 0 0 0 0 0 0 0 0 0 0 0 0 0 0 0 0 0 0 0 0 0 0 0 0 0 0 0 0 0 0 0 0 0 0 0 0 0 0 0 0 0 0 0 0 0 0 0 0 0 0 0 0 0 0 0 0 0 0 0 0 0 0 0 0 0 0 0 0 0 0 0 0 0 0 0 0 0 0 0 0 0 0 0 0 0 0 0 0 0 0 0 0 0 0 0 0 0 0 0 0 0 0 0 0 0 0 0 0 0 0 0 0 0 0 0 0 0 0 0 0 0 0 0 0 0 0 0 0 0 0 0 0 0 0 0 0 0 0 0 0 0 0 0 0 0 0 0 0 0 0 0 0 0 0 0 0 0 0 0 0 0 0 0 0 0 0 0 0 0 0 0 0 0 0 0 0 0 0 0 0 0 0 0 0 0 0 0 0 0 0 0 0 0 0 0 0 0 0 0 0 0 0 0 0 0 0 0 0 0 0 0 0 0 0 0 0 0 0 0 0 0 0 0 0 0 0 0 0 0 0 0 0 0 0 0 0 0 0 0 0 0 0 0 0 0 0 0 0 0 0 0 0 0 0 0 0 0 0 0 0 0 0 0 0 0 0 0 0 0 0 0 0 0 0 0 0 0 0 0 0 0 0 0 0 0 0 0 0 0 0 0 0 0 0 0 0 0 0 0 0 0 0 0 0 0 0 0 0 0 0 0 0 0 0 0 0 0 0 0 0 0 0 0 0 0 0 0 0 0 0 0 0 0 0 0 0 0 0 0 0 0 0 0 0 0 0 0 0 0 0 0 0 0 0 0 0 0 0 0 0 0 0 0 0 0 0 0 0 0 0 0 0 0 0 0 0 0 0 0 0 0 0 0 0 0 0 0 0 0 0 0 0 0 0 0 0 0 0 0 0 0 0 0 0 0 0 0 0 0 0 0 0 0 0 0 0 0 0 0 0 0 0 0 0 0 0 0 0 0 0 0 0 0 0 0 0 0 0 0 0 0 0 0 0 0 0 0 0 0 0 0 0 0 0 0 0 0 0 0 0 0 0 0 0 0 0 0 0 0 0 0 0 0 0 0 0 0 0 0 0 0 0 0 0 0 0 0 0 0 0 0 0 0 0 0 0 0 0 0 0 0 0 0 0 0 0 0 0 0 0 0 0 0 0 0 0 0 0 0 0 0 0 0 0 0 0 0 0 0 0 0 0 0 0 0 0 0 0 0 0 0 0 0 0 0 0 0 0 0 0 0 0 0 0 0 0 0 0 0 0 0 0 0 0 0 0 0 0 0 0 0 0 0 0 0 0 0 0 0 0 0 0 0 0 0 0 0 0 0 0 0 0 0 0 0 0 0 0 0 0 0 0 0 0 0 0 0 0 0 0 0 0 0 0 0 0 0 0 0 0 0 0 0 0 0 0 0 0 0 0 0 0 0 0 0 0 0 0 0 0 0 0 0 0 0 0 0 0 0 0 0 0 0 0 0 0 0 0 0 0 0 0 0 0 0 0 0 0 0 0 0 0 0 0 0 0 0 0 0 0 0 0 0 0 0 0 0 0 0 0 0 0 0 0 0 0 0 0 0 0 0 0 0 0 0 0 0 0 0 0 0 0 0 0 0 0 0 0 0 0 0 0 0 0 0 0 0 0 0 0 0 0 0 0 0 0 0 0 0 0 0 0 0 0 0 0 0 0 0 0 0 0 0 0 0 0 0 0 0 0 0 0 0 0 0 0 0 0 0 0 0 0 0 0 0 0 0 0 0 0 0 0 0 0 0 0 0 0 0 0 0 0 0 0 0 0 0 0 0 0 0 0 0 0 0 0 0 0 0 0 0 0 0 0 0 0 0 0 0 0 0 0 0 0 0 0 0 0 0 0 0 0 0 0 0 0 0 0 0 0 0 0 0 0 0 0 0 0 0 0 0 0 0 0 0 0 0 0 0 0 0 0 0 0 0 0 0 0 0 0 0 0 0 0 0 0 0 0 0 0 0 0 0 0 0 0 0 0 0 0 0 0 0 0 0 0 0 0 0 0 0 0 0 0 0 0 0 0 0 0 0 0 0 0 0 0 0 0 0 0 0 0 0 0 0 0 0 0 0 0 0 0 0 0 0 0 0 0 0 0 0 0 0 0 0 0 0 0 0 0 0 0 0 0 0 0 0 0 0 0 0 0 0 0 0 0 0 0 0 0 0 0 0 0 0 0 0 0 0 0 0 0 0 0 0 0 0 0 0 0 0 0 0 0 0 0 0 0 0 0 0 0 0 0 0 0 0 0 0 0 0 0 0 0 0 0 0 0 0 0 0 0 0 0 0 0 0 0 0 0 0 0 0 0 0 0 0 0 0 0 0 0 0 0 0 0 0 0 0 0 0 0 0 0 0 0 0 0 0 0 0 0 0 0 0 0 0 0 0 0 0 0 0 0 0 0 0 0 0 0 0 0 0 0 0 0 0 0 0 0 0 0 0 0 0 0 0 0 0 0 0 0 0 0 0 0 0 0 0 0 0 0 0 0 0 0 0 0 0 0 0 0 0 0 0 0 0 0 0 0 0 0 0 0 0 0 0 0 0 0 0 0 0 0 0 0 0 0 0 0 0 0 0 0 0 0 0 0 0 0 0 0 0 0 0 0 0 0 0 0 0 0 0 0 0 0 0 0 0 0 0 0 0 0 0 0 0 0 0 0 0 0 0 0 0 0 0 0 0 0 0 0 0 0 0 0 0 0 0 0 0 0 0 0 0 0 0 0 0 0 0 0 0 0 0 0 0 0 0 0 0 0 0 0 0 0 0 0 0 0 0 0 0 0 0 0 0 0 0 0 0 0 0 0 0 0 0 0 0 0 0 0 0 0 0 0 0 0 0 0 0 0 0 0 0 0 0 0 0 0 0 0 0 0 0 0 0 0 0 0 0 0 0 0 0 0 0 0 0 0 0 0 0 0 0 0 0 0 0 0 0 0 0 0 0 0 0 0 0 0 0 0 0 0 0 0 0 0 0 0 0 0 0 0 0 0 0 0 0 0 0 0 0 0 0 0 0 0 0 0 0 0 0 0 0 0 0 0 0 0 0 0 0 0 0 0 0 0 0 0 0 0 0 0 0 0 0 0 0 0 0 0 0 0 0 0 0 0 0 0 0 0 0 0 0 0 0 0 0 0 0 0 0 0 0 0 0 0 0 0 0 0 0 0 0 0 0 0 0 0 0 0 0 0 0 0 0 0 0 0 0 0 0 0 0 0 0 0 0 0 0 0 0 0 0 0 0 0 0 0 0 0 0 0 0 0 0 0 0 0 0 0 0 0 0 0 0 0 0 0 0 0 0 0 0 0 0 0 0 0 0 0 0 0 0 0 0 0 0 0 0 0 0 0 0 0 0 0 0 0 0 0 0 0 0 0 0 0 0 0 0 0 0 0 0 0 0 0 0 0 0 0 0 0 0 0 0 0 0 0 0 0 0 0 0 0 0 0 0 0 0 0 0 0 0 0 0 0 0 0 0 0 0 0 0 0 0 0 0 0 0 0 0 0 0 0 0 0 0 0 0 0 0 0 0 0 0 0 0 0 0 0 0 0 0 0 0 0 0 0 0 0 0 0 0 0 0 0 0 0 0 0 0 0 0 0 0 0 0 0 0 0 0 0 0 0 0 0 0 0 0 0 0 0 0 0 0 0 0 0 0 0 0 0 0 0 0 0 0 0 0 0 0 0 0 0 0 0 0 0 0 0 0 0 0 0 0 0 0 0 0 0 0 0 0 0 0 0 0 0 0 0 0 0 0 0 0 0 0 0 0 0 0 0 0 0 0 0 0 0 0 0 0 0 0 0 0 0 0 0 0 0 0 0 0 0 0 0 0 0 0 0 0 0 0 0 0 0 0 0 0 0 0 0 0 0 0 0 0 0 0 0 0 0 0 0 0 0 0 0 0 0 0 0 0 0 0 0 0 0 0 0 0 0 0 0 0 0 0 0 0 0 0 0 0 0 0 0 0 0 0 0 0 0 0 0 0 0 0 0 0 0 0 0 0 0 0 0 0 0 0 0 0 0 0 0 0 0 0 0 0 0 0 0 0 0 0 0 0 0 0 0 0 0 0 0 0 0 0 0 0 0 0 0 0 0 0 0 0 0 0 0 0 0 0 0 0 0 0 0 0 0 0 0 0 0 0 0 0 0 0 0 0 0 0 0 0 0 0 0 0 0 0 0 0 0 0 0 0 0 0 0 0 0 0 0 0 0 0 0 0 0 0 0 0 0 0 0 0 0 0 0 0 0 0 0 0 0 0 0 0 0 0 0 0 0 0 0 0 0 0 0 0 0 0 0 0 0 0 0 0 0 0 0 0 0 0 0 0 0 0 0 0 0 0 0 0 0 0 0 0 0 0 0 0 0 0 0 0 0 0 0 0 0 0 0 0 0 0 0 0 0 0 0 0 0 0 0 0 0 0 0 0 0 0 0 0 0 0 0 0 0 0 0 0 0 0 0 0 0 0 0 0 0 0 0 0 0 0 0 0 0 0 0 0 0 0 0 0 0 0 0 0 0 0 0 0 0 0 0 0 0 0 0 0 0 0 0 0 0 0 0 0 0 0 0 0 0 0 0 0 0 0 0 0 0 0 0 0 0 0 0 0 0 0 0 0 0 0 0 0 0 0 0 0 0 0 0 0 0 0 0 0 0 0 0 0 0 0 0 0 0 0 0 0 0 0 0 0 0 0 0 0 0 0 0 0 0 0 0 0 0 0 0 0 0 0 0 0 0 0 0 0 0 0 0 0 0 0 0 0 0 0 0 0 0 0 0 0 0 0 0 0 0 0 0 0 0 0 0 0 0 0 0 0 0 0 0 0 0 0 0 0 0 0 0 0 0 0 0 0 0 0 0 0 0 0 0 0 0 0 0 0 0 0 0 0 0 0 0 0 0 0 0 0 0 0 0 0 0 0 0 0 0 0 0 0 0 0 0 0 0 0 0 0 0 0 0 0 0 0 0 0 0 0 0 0 0 0 0 0 0 0 0 0 0 0 0 0 0 0 0 0 0 0 0 0 0 0 0 0 0 0 0 0 0 0 0 0 0 0 0 0 0 0 0 0 0 0 0 0 0 0 0 0 0 0 0 0 0 0 0 0 0 0 0 0 0 0 0 0 0 0 0 0 0 0 0 0 0 0 0 0 0 0 0 0 0 0 0 0 0 0 0 0 0 0 0 0 0 0 0 0 0 0 0 0 0 0 0 0 0 0 0 0 0 0 0 0 0 0 0 0 0 0 0 0 0 0 0 0 0 0 0 0 0 0 0 0 0 0 0 0 0 0 0 0 0 0 0 0 0 0 0 0 0 0 0 0 0 0 0 0 0 0 0 0 0 0 0 0 0 0 0 0 0 0 0 0 0 0 0 0 0 0 0 0 0 0 0 0 0 0 0 0 0 0 0 0 0 0 0 0 0 0 0 0 0 0 0 0 0 0 0 0 0 0 0 0 0 0 0 0 0 0 0 0 0 0 0 0 0 0 0 0 0 0 0 0 0 0 0 0 0 0 0 0 0 0 0 0 0 0 0 0 0 0 0 0 0 0 0 0 0 0 0 0 0 0 0 0 0 0 0 0 0 0 0 0 0 0 0 0 0 0 0 0 0 0 0 0 0 0 0 0 0 0 0 0 0 0 0 0 0 0 0 0 0 0 0 0 0 0 0 0 0 0 0 0 0 0 0 0 0 0 0 0 0 0 0 0 0 0 0 0 0 0 0 0 0 0 0 0 0 0 0 0 0 0 0 0 0 0 0 0 0 0 0 0 0 0 0 0 0 0 0 0 0 0 0 0 0 0 0 0 0 0 0 0 0 0 0 0 0 0 0 0 0 0 0 0 0 0 0 0 0 0 0 0 0 0 0 0 0 0 0 0 0 0 0 0 0 0 0 0 0 0 0 0 0 0 0 0 0 0 0 0 0 0 0 0 0 0 0 0 0 0 0 0 0 0 0 0 0 0 0 0 0 0 0 0 0 0 0 0 0 0 0 0 0 0 0 0 0 0 0 0 0 0 0 0 0 0 0 0 0 0 0 0 0 0 0 0 0 0 0 0 0 0 0 0 0 0 0 0 0 0 0 0 0 0 0 0 0 0 0 0 0 0 0 0 0 0 0 0 0 0 0 0 0 0 0 0 0 0 0 0 0 0 0 0 0 0 0 0 0 0 0 0 0 0 0 0 0 0 0 0 0 0 0 0 0 0 0 0 0 0 0 0 0 0 0 0 0 0 0 0 0 0 0 0 0 0 0 0 0 0 0 0 0 0 0 0 0 0 0 0 0 0 0 0 0 0 0 0 0 0 0 0 0 0 0 0 0 0 0 0 0 0 0 0 0 0 0 0 0 0 0 0 0 0 0 0 0 0 0 0 0 0 0 0 0 0 0 0 0 0 0 0 0 0 0 0 0 0 0 0 0 0 0 0 0 0 0 0 0 0 0 0 0 0 0 0 0 0 0 0 0 0 0 0 0 0 0 0 0 0 0 0 0 0 0 0 0 0 0 0 0 0 0 0 0 0 0 0 0 0 0 0 0 0 0 0 0 0 0 0 0 0 0 0 0 0 0 0 0 0 0 0 0 0 0 0 0 0 0 0 0 0 0 0 0 0 0 0 0 0 0 0 0 0 0 0 0 0 0 0 0 0 0 0 0 0 0 0 0 0 0 0 0 0 0 0 0 0 0 0 0 0 0 0 0 0 0 0 0 0 0 0 0 0 0 0 0 0 0 0 0 0 0 0 0 0 0 0 0 0 0 0 0 0 0 0 0 0 0 0 0 0 0 0 0 0 0 0 0 0 0 0 0 0 0 0 0 0 0 0 0 0 0 0 0 0 0 0 0 0 0 0 0 0 0 0 0 0 0 0 0 0 0 0 0 0 0 0 0 0 0 0 0 0 0 0 0 0 0 0 0 0 0 0 0 0 0 0 0 0 0 0 0 0 0 0 0 0 0 0 0 0 0 0 0 0 0 0 0 0 0 0 0 0 0 0 0 0 0 0 0 0 0 0 0 0 0 0 0 0 0 0 0 0 0 0 0 0 0 0 0 0 0 0 0 0 0 0 0 0 0 0 0 0 0 0 0 0 0 0 0 0 0 0 0 0 0 0 0 0 0 0 0 0 0 0 0 0 0 0 0 0 0 0 0 0 0 0 0 0 0 0 0 0 0 0 0 0 0 0 0 0 0 0 0 0 0 0 0 0 0 0 0 0 0 0 0 0 0 0 0 0 0 0 0 0 0 0 0 0 0 0 0 0 0 0 0 0 0 0 0 0 0 0 0 0 0 0 0 0 0 0 0 0 0 0 0 0 0 0 0 0 0 0 0 0 0 0 0 0 0 0 0 0 0 0 0 0 0 0 0 0 0 0 0 0 0 0 0 0 0 0 0 0 0 0 0 0 0 0 0 0 0 0 0 0 0 0 0 0 0 0 0 0 0 0 0 0 0 0 0 0 0 0 0 0 0 0 0 0 0 0 0 0 0 0 0 0 0 0 0 0 0 0 0 0 0 0 0 0 0 0 0 0 0 0 0 0 0 0 0 0 0 0 0 0 0 0 0 0 0 0 0 0 0 0 0 0 0 0 0 0 0 0 0 0 0 0 0 0 0 0 0 0 0 0 0 0 0 0 0 0 0 0 0 0 0 0 0 0 0 0 0 0 0 0 0 0 0 0 0 0 0 0 0 0 0 0 0 0 0 0 0 0 0 0 0 0 0 0 0 0 0 0 0 0 0 0 0 0 0 0 0 0 0 0 0 0 0 0 0 0 0 0 0 0 0 0 0 0 0 0 0 0 0 0 0 0 0 0 0 0 0 0 0 0 0 0 0 0 0 0 0 0 0 0 0 0 0 0 0 0 0 0 0 0 0 0 0 0 0 0 0 0 0 0 0 0 0 0 0 0 0 0 0 0 0 0 0 0 0 0 0 0 0 0 0 0 0 0 0 0 0 0 0 0 0 0 0 0 0 0 0 0 0 0 0 0 0 0 0 0 0 0 0 0 0 0 0 0 0 0 0 0 0 0 0 0 0 0 0 0 0 0 0 0 0 0 0 0 0 0 0 0 0 0 0 0 0 0 0 0 0 0 0 0 0 0 0 0 0 0 0 0 0 0 0 0 0 0 0 0 0 0 0 0 0 0 0 0 0 0 0 0 0 0 0 0 0 0 0 0 0 0 0 0 0 0 0 0 0 0 0 0 0 0 0 0 0 0 0 0 0 0 0 0 0 0 0 0 0 0 0 0 0 0 0 0 0 0 0 0 0 0 0 0 0 0 0 0 0 0 0 0 0 0 0 0 0 0 0 0 0 0 0 0 0 0 0 0 0 0 0 0 0 0 0 0 0 0 0 0 0 0 0 0 0 0 0 0 0 0 0 0 0 0 0 0 0 0 0 0 0 0 0 0 0 0 0 0 0 0 0 0 0 0 0 0 0 0 0 0 0 0 0 0 0 0 0 0 0 0 0 0 0 0 0 0 0 0 0 0 0 0 0 0 0 0 0 0 0 0 0 0 0 0 0 0 0 0 0 0 0 0 0 0 0 0 0 0 0 0 0 0 0 0 0 0 0 0 0 0 0 0 0 0 0 0 0 0 0 0 0 0 0 0 0 0 0 0 0 0 0 0 0 0 0 0 0 0 0 0 0 0 0 0 0 0 0 0 0 0 0 0 0 0 0 0 0 0 0 0 0 0 0 0 0 0 0 0 0 0 0 0 0 0 0 0 0 0 0 0 0 0 0 0 0 0 0 0 0 0 0 0 0 0 0 0 0 0 0 0 0 0 0 0 0 0 0 0 0 0 0 0 0 0 0 0 0 0 0 0 0 0 0 0 0 0 0 0 0 0 0 0 0 0 0 0 0 0 0 0 0 0 0 0 0 0 0 0 0 0 0 0 0 0 0 0 0 0 0 0 0 0 0 0 0 0 0 0 0 0 0 0 0 0 0 0 0 0 0 0 0 0 0 0 0 0 0 0 0 0 0 0 0 0 0 0 0 0 0 0 0 0 0 0 0 0 0 0 0 0 0 0 0 0 0 0 0 0 0 0 0 0 0 0 0 0 0 0 0 0 0 0 0 0 0 0 0 0 0 0 0 0 0 0 0 0 0 0 0 0 0 0 0 0 0 0 0 0 0 0 0 0 0 0 0 0 0 0 0 0 0 0 0 0 0 0 0 0 0 0 0 0 0 0 0 0 0 0 0 0 0 0 0 0 0 0 0 0 0 0 0 0 0 0 0 0 0 0 0 0 0 0 0 0 0 0 0 0 0 0 0 0 0 0 0 0 0 0 0 0 0 0 0 0 0 0 0 0 0 0 0 0 0 0 0 0 0 0 0 0 0 0 0 0 0 0 0 0 0 0 0 0 0 0 0 0 0 0 0 0 0 0 0 0 0 0 0 0 0 0 0 0 0 0 0 0 0 0 0 0 0 0 0 0 0 0 0 0 0 0 0 0 0 0 0 0 0 0 0 0 0 0 0 0 0 0 0 0 0 0 0 0 0 0 0 0 0 0 0 0 0 0 0 0 0 0 0 0 0 0 0 0 0 0 0 0 0 0 0 0 0 0 0 0 0 0 0 0 0 0 0 0 0 0 0 0 0 0 0 0 0 0 0 0 0 0 0 0 0 0 0 0 0 0 0 0 0 0 0 0 0 0 0 0 0 0 0 0 0 0 0 0 0 0 0 0 0 0 0 0 0 0 0 0 0 0 0 0 0 0 0 0 0 0 0 0 0 0 0 0 0 0 0 0 0 0 0 0 0 0 0 0 0 0 0 0 0 0 0 0 0 0 0 0 0 0 0 0 0 0 0 0 0 0 0 0 0 0 0 0 0 0 0 0 0 0 0 0 0 0 0 0 0 0 0 0 0 0 0 0 0 0 0 0 0 0 0 0 0 0 0 0 0 0 0 0 0 0 0 0 0 0 0 0 0 0 0 0 0 0 0 0 0 0 0 0 0 0 0 0 0 0 0 0 0 0 0 0 0 0 0 0 0 0 0 0 0 0 0 0 0 0 0 0 0 0 0 0 0 0 0 0 0 0 0 0 0 0 0 0 0 0 0 0 0 0 0 0 0 0 0 0 0 0 0 0 0 0 0 0 0 0 0 0 0 0 0 0 0 0 0 0 0 0 0 0 0 0 0 0 0 0 0 0 0 0 0 0 0 0 0 0 0 0 0 0 0 0 0 0 0 0 0 0 0 0 0 0 0 0 0 0 0 0 0 0 0 0 0 0 0 0 0 0 0 0 0 0 0 0 0 0 0 0 0 0 0 0 0 0 0 0 0 0 0 0 0 0 0 0 0 0 0 0 0 0 0 0 0 0 0 0 0 0 0 0 0 0 0 0 0 0 0 0 0 0 0 0 0 0 0 0 0 0 0 0 0 0 0 0 0 0 0 0 0 0 0 0 0 0 0 0 0 0 0 0 0 0 0 0 0 0 0 0 0 0 0 0 0 0 0 0 0 0 0 0 0 0 0 0 0 0 0 0 0 0 0 0 0 0 0 0 0 0 0 0 0 0 0 0 0 0 0 0 0 0 0 0 0 0 0 0 0 0 0 0 0 0 0 0 0 0 0 0 0 0 0 0 0 0 0 0 0 0 0 0 0 0 0 0 0 0 0 0 0 0 0 0 0 0 0 0 0 0 0 0 0 0 0 0 0 0 0 0 0 0 0 0 0 0 0 0 0 0 0 0 0 0 0 0 0 0 0 0 0 0 0 0 0 0 0 0 0 0 0 0 0 0 0 0 0 0 0 0 0 0 0 0 0 0 0 0 0 0 0 0 0 0 0 0 0 0 0 0 0 0 0 0 0 0 0 0 0 0 0 0 0 0 0 0 0 0 0 0 0 0 0 0 0 0 0 0 0 0 0 0 0 0 0 0 0 0 0 0 0 0 0 0 0 0 0 0 0 0 0 0 0 0 0 0 0 0 0 0 0 0 0 0 0 0 0 0 0 0 0 0 0 0 0 0 0 0 0 0 0 0 0 0 0 0 0 0 0 0 0 0 0 0 0 0 0 0 0 0 0 0 0 0 0 0 0 0 0 0 0 0 0 0 0 0 0 0 0 0 0 0 0 0 0 0 0 0 0 0 0 0 0 0 0 0 0 0 0 0 0 0 0 0 0 0 0 0 0 0 0 0 0 0 0 0 0 0 0 0 0 0 0 0 0 0 0 0 0 0 0 0 0 0 0 0 0 0 0 0 0 0 0 0 0 0 0 0 0 0 0 0 0 0 0 0 0 0 0 0 0 0 0 0 0 0 0 0 0 0 0 0 0 0 0 0 0 0 0 0 0 0 0 0 0 0 0 0 0 0 0 0 0 0 0 0 0 0 0 0 0 0 0 0 0 0 0 0 0 0 0 0 0 0 0 0 0 0 0 0 0 0 0 0 0 0 0 0 0 0 0 0 0 0 0 0 0 0 0 0 0 0 0 0 0 0 0 0 0 0 0 0 0 0 0 0 0 0 0 0 0 0 0 0 0 0 0 0 0 0 0 0 0 0 0 0 0 0 0 0 0 0 0 0 0 0 0 0 0 0 0 0 0 0 0 0 0 0 0 0 0 0 0 0 0 0 0 0 0 0 0 0 0 0 0 0 0 0 0 0 0 0 0 0 0 0 0 0 0 0 0 0 0 0 0 0 0 0 0 0 0 0 0 0 0 0 0 0 0 0 0 0 0 0 0 0 0 0 0 0 0 0 0 0 0 0 0 0 0 0 0 0 0 0 0 0 0 0 0 0 0 0 0 0 0 0 0 0 0 0 0 0 0 0 0 0 0 0 0 0 0 0 0 0 0 0 0 0 0 0 0 0 0 0 0 0 0 0 0 0 0 0 0 0 0 0 0 0 0 0 0 0 0 0 0 0 0 0 0 0 0 0 0 0 0 0 0 0 0 0 0 0 0 0 0 0 0 0 0 0 0 0 0 0 0 0 0 0 0 0 0 0 0 0 0 0 0 0 0 0 0 0 0 0 0 0 0 0 0 0 0 0 0 0 0 0 0 0 0 0 0 0 0 0 0 0 0 0 0 0 0 0 0 0 0 0 0 0 0 0 0 0 0 0 0 0 0 0 0 0 0 0 0 0 0 0 0 0 0 0 0 0 0 0 0 0 0 0 0 0 0 0 0 0 0 0 0 0 0 0 0 0 0 0 0 0 0 0 0 0 0 0 0 0 0 0 0 0 0 0 0 0 0 0 0 0 0 0 0 0 0 0 0 0 0 0 0 0 0 0 0 0 0 0 0 0 0 0 0 0 0 0 0 0 0 0 0 0 0 0 0 0 0 0 0 0 0 0 0 0 0 0 0 0 0 0 0 0 0 0 0 0 0 0 0 0 0 0 0 0 0 0 0 0 0 0 0 0 0 0 0 0 0 0 0 0 0 0 0 0 0 0 0 0 0 0 0 0 0 0 0 0 0 0 0 0 0 0 0 0 0 0 0 0 0 0 0 0 0 0 0 0 0 0 0 0 0 0 0 0 0 0 0 0 0 0 0 0 0 0 0 0 0 0 0 0 0 0 0 0 0 0 0 0 0 0 0 0 0 0 0 0 0 0 0 0 0 0 0 0 0 0 0 0 0 0 0 0 0 0 0 0 0 0 0 0 0 0 0 0 0 0 0 0 0 0 0 0 0 0 0 0 0 0 0 0 0 0 0 0 0 0 0 0 0 0 0 0 0 0 0 0 0 0 0 0 0 0 0 0 0 0 0 0 0 0 0 0 0 0 0 0 0 0 0 0 0 0 0 0 0 0 0 0 0 0 0 0 0 0 0 0 0 0 0 0 0 0 0 0 0 0 0 0 0 0 0 0 0 0 0 0 0 0 0 0 0 0 0 0 0 0 0 0 0 0 0 0 0 0 0 0 0 0 0 0 0 0 0 0 0 0 0 0 0 0 0 0 0 0 0 0 0 0 0 0 0 0 0 0 0 0 0 0 0 0 0 0 0 0 0 0 0 0 0 0 0 0 0 0 0 0 0 0 0 0 0 0 0 0 0 0 0 0 0 0 0 0 0 0 0 0 0 0 0 0 0 0 0 0 0 0 0 0 0 0 0 0 0 0 0 0 0 0 0 0 0 0 0 0 0 0 0 0 0 0 0 0 0 0 0 0 0 0 0 0 0 0 0 0 0 0 0 0 0 0 0 0 0 0 0 0 0 0 0 0 0 0 0 0 0 0 0 0 0 0 0 0 0 0 0 0 0 0 0 0 0 0 0 0 0 0 0 0 0 0 0 0 0 0 0 0 0 0 0 0 0 0 0 0 0 0 0 0 0 0 0 0 0 0 0 0 0 0 0 0 0 0 0 0 0 0 0 0 0 0 0 0 0 0 0 0 0 0 0 0 0 0 0 0 0 0 0 0 0 0 0 0 0 0 0 0 0 0 0 0 0 0 0 0 0 0 0 0 0 0 0 0 0 0 0 0 0 0 0 0 0 0 0 0 0 0 0 0 0 0 0 0 0 0 0 0 0 0 0 0 0 0 0 0 0 0 0 0 0 0 0 0 0 0 0 0 0 0 0 0 0 0 0 0 0 0 0 0 0 0 0 0 0 0 0 0 0 0 0 0 0 0 0 0 0 0 0 0 0 0 0 0 0 0 0 0 0 0 0 0 0 0 0 0 0 0 0 0 0 0 0 0 0 0 0 0 0 0 0 0 0 0 0 0 0 0 0 0 0 0 0 0 0 0 0 0 0 0 0 0 0 0 0 0 0 0 0 0 0 0 0 0 0 0 0 0 0 0 0 0 0 0 0 0 0 0 0 0 0 0 0 0 0 0 0 0 0 0 0 0 0 0 0 0 0 0 0 0 0 0 0 0 0 0 0 0 0 0 0 0 0 0 0 0 0 0 0 0 0 0 0 0 0 0 0 0 0 0 0 0 0 0 0 0 0 0 0 0 0 0 0 0 0 0 0 0 0 0 0 0 0 0 0 0 0 0 0 0 0 0 0 0 0 0 0 0 0 0 0 0 0 0 0 0 0 0 0 0 0 0 0 0 0 0 0 0 0 0 0 0 0 0 0 0 0 0 0 0 0 0 0 0 0 0 0 0 0 0 0 0 0 0 0 0 0 0 0 0 0 0 0 0 0 0 0 0 0 0 0 0 0 0 0 0 0 0 0 0 0 0 0 0 0 0 0 0 0 0 0 0 0 0 0 0 0 0 0 0 0 0 0 0 0 0 0 0 0 0 0 0 0 0 0 0 0 0 0 0 0 0 0 0 0 0 0 0 0 0 0 0 0 0 0 0 0 0 0 0 0 0 0 0 0 0 0 0 0 0 0 0 0 0 0 0 0 0 0 0 0 0 0 0 0 0 0 0 0 0 0 0 0 0 0 0 0 0 0 0 0 0 0 0 0 0 0 0 0 0 0 0 0 0 0 0 0 0 0 0 0 0 0 0 0 0 0 0 0 0 0 0 0 0 0 0 0 0 0 0 0 0 0 0 0 0 0 0 0 0 0 0 0 0 0 0 0 0 0 0 0 0 0 0 0 0 0 0 0 0 0 0 0 0 0 0 0 0 0 0 0 0 0 0 0 0 0 0 0 0 0 0 0 0 0 0 0 0 0 0 0 0 0 0 0 0 0 0 0 0 0 0 0 0 0 0 0 0 0 0 0 0 0 0 0 0 0 0 0 0 0 0 0 0 0 0 0 0 0 0 0 0 0 0 0 0 0 0 0 0 0 0 0 0 0 0 0 0 0 0 0 0 0 0 0 0 0 0 0 0 0 0 0 0 0 0 0 0 0 0 0 0 0 0 0 0 0 0 0 0 0 0 0 0 0 0 0 0 0 0 0 0 0 0 0 0 0 0 0 0 0 0 0 0 0 0 0 0 0 0 0 0 0 0 0 0 0 0 0 0 0 0 0 0 0 0 0 0 0 0 0 0 0 0 0 0 0 0 0 0 0 0 0 0 0 0 0 0 0 0 0 0 0 0 0 0 0 0 0 0 0 0 0 0 0 0 0 0 0 0 0 0 0 0 0 0 0 0 0 0 0 0 0 0 0 0 0 0 0 0 0 0 0 0 0 0 0 0 0 0 0 0 0 0 0 0 0 0 0 0 0 0 0 0 0 0 0 0 0 0 0 0 0 0 0 0 0 0 0 0 0 0 0 0 0 0 0 0 0 0 0 0 0 0 0 0 0 0 0 0 0 0 0 0 0 0 0 0 0 0 0 0 0 0 0 0 0 0 0 0 0 0 0 0 0 0 0 0 0 0 0 0 0 0 0 0 0 0 0 0 0 0 0 0 0 0 0 0 0 0 0 0 0 0 0 0 0 0 0 0 0 0 0 0 0 0 0 0 0 0 0 0 0 0 0 0 0 0 0 0 0 0 0 0 0 0 0 0 0 0 0 0 0 0 0 0 0 0 0 0 0 0 0 0 0 0 0 0 0 0 0 0 0 0 0 0 0 0 0 0 0 0 0 0 0 0 0 0 0 0 0 0 0 0 0 0 0 0 0 0 0 0 0 0 0 0 0 0 0 0 0 0 0 0 0 0 0 0 0 0 0 0 0 0 0 0 0 0 0 0 0 0 0 0 0 0 0 0 0 0 0 0 0 0 0 0 0 0 0 0 0 0 0 0 0 0 0 0 0 0 0 0 0 0 0 0 0 0 0 0 0 0 0 0 0 0 0 0 0 0 0 0 0 0 0 0 0 0 0 0 0 0 0 0 0 0 0 0 0 0 0 0 0 0 0 0 0 0 0 0 0 0 0 0 0 0 0 0 0 0 0 0 0 0 0 0 0 0 0 0 0 0 0 0 0 0 0 0 0 0 0 0 0 0 0 0 0 0 0 0 0 0 0 0 0 0 0 0 0 0 0 0 0 0 0 0 0 0 0 0 0 0 0 0 0 0 0 0 0 0 0 0 0 0 0 0 0 0 0 0 0 0 0 0 0 0 0 0 0 0 0 0 0 0 0 0 0 0 0 0 0 0 0 0 0 0 0 0 0 0 0 0 0 0 0 0 0 0 0 0 0 0 0 0 0 0 0 0 0 0 0 0 0 0 0 0 0 0 0 0 0 0 0 0 0 0 0 0 0 0 0 0 0 0 0 0 0 0 0 0 0 0 0 0 0 0 0 0 0 0 0 0 0 0 0 0 0 0 0 0 0 0 0 0 0 0 0 0 0 0 0 0 0 0 0 0 0 0 0 0 0 0 0 0 0 0 0 0 0 0 0 0 0 0 0 0 0 0 0 0 0 0 0 0 0 0 0 0 0 0 0 0 0 0 0 0 0 0 0 0 0 0 0 0 0 0 0 0 0 0 0 0 0 0 0 0 0 0 0 0 0 0 0 0 0 0 0 0 0 0 0 0 0 0 0 0 0 0 0 0 0 0 0 0 0 0 0 0 0 0 0 0 0 0 0 0 0 0 0 0 0 0 0 0 0 0 0 0 0 0 0 0 0 0 0 0 0 0 0 0 0 0 0 0 0 0 0 0 0 0 0 0 0 0 0 0 0 0 0 0 0 0 0 0 0 0 0 0 0 0 0 0 0 0 0 0 0 0 0 0 0 0 0 0 0 0 0 0 0 0 0 0 0 0 0 0 0 0 0 0 0 0 0 0 0 0 0 0 0 0 0 0 0 0 0 0 0 0 0 0 0 0 0 0 0 0 0 0 0 0 0 0 0 0 0 0 0 0 0 0 0 0 0 0 0 0 0 0 0 0 0 0 0 0 0 0 0 0 0 0 0 0 0 0 0 0 0 0 0 0 0 0 0 0 0 0 0 0 0 0 0 0 0 0 0 0 0 0 0 0 0 0 0 0 0 0 0 0 0 0 0 0 0 0 0 0 0 0 0 0 0 0 0 0 0 0 0 0 0 0 0 0 0 0 0 0 0 0 0 0 0 0 0 0 0 0 0 0 0 0 0 0 0 0 0 0 0 0 0 0 0 0 0 0 0 0 0 0 0 0 0 0 0 0 0 0 0 0 0 0 0 0 0 0 0 0 0 0 0 0 0 0 0 0 0 0 0 0 0 0 0 0 0 0 0 0 0 0 0 0 0 0 0 0 0 0 0 0 0 0 0 0 0 0 0 0 0 0 0 0 0 0 0 0 0 0 0 0 0 0 0 0 0 0 0 0 0 0 0 0 0 0 0 0 0 0 0 0 0 0 0 0 0 0 0 0 0 0 0 0 0 0 0 0 0 0 0 0 0 0 0 0 0 0 0 0 0 0 0 0 0 0 0 0 0 0 0 0 0 0 0 0 0 0 0 0 0 0 0 0 0 0 0 0 0 0 0 0 0 0 0 0 0 0 0 0 0 0 0 0 0 0 0 0 0 0 0 0 0 0 0 0 0 0 0 0 0 0 0 0 0 0 0 0 0 0 0 0 0 0 0 0 0 0 0 0 0 0 0 0 0 0 0 0 0 0 0 0 0 0 0 0 0 0 0 0 0 0 0 0 0 0 0 0 0 0 0 0 0 0 0 0 0 0 0 0 0 0 0 0 0 0 0 0 0 0 0 0 0 0 0 0 0 0 0 0 0 0 0 0 0 0 0 0 0 0 0 0 0 0 0 0 0 0 0 0 0 0 0 0 0 0 0 0 0 0 0 0 0 0 0 0 0 0 0 0 0 0 0 0 0 0 0 0 0 0 0 0 0 0 0 0 0 0 0 0 0 0 0 0 0 0 0 0 0 0 0 0 0 0 0 0 0 0 0 0 0 0 0 0 0 0 0 0 0 0 0 0 0 0 0 0 0 0 0 0 0 0 0 0 0 0 0 0 0 0 0 0 0 0 0 0 0 0 0 0 0 0 0 0 0 0 0 0 0 0 0 0 0 0 0 0 0 0 0 0 0 0 0 0 0 0 0 0 0 0 0 0 0 0 0 0 0 0 0 0 0 0 0 0 0 0 0 0 0 0 0 0 0 0 0 0 0 0 0 0 0 0 0 0 0 0 0 0 0 0 0 0 0 0 0 0 0 0 0 0 0 0 0 0 0 0 0 0 0 0 0 0 0 0 0 0 0 0 0 0 0 0 0 0 0 0 0 0 0 0 0 0 0 0 0 0 0 0 0 0 0 0 0 0 0 0 0 0 0 0 0 0 0 0 0 0 0 0 0 0 0 0 0 0 0 0 0 0 0 0 0 0 0 0 0 0 0 0 0 0 0 0 0 0 0 0 0 0 0 0 0 0 0 0 0 0 0 0 0 0 0 0 0 0 0 0 0 0 0 0 0 0 0 0 0 0 0 0 0 0 0 0 0 0 0 0 0 0 0 0 0 0 0 0 0 0 0 0 0 0 0 0 0 0 0 0 0 0 0 0 0 0 0 0 0 0 0 0 0 0 0 0 0 0 0 0 0 0 0 0 0 0 0 0 0 0 0 0 0 0 0 0 0 0 0 0 0 0 0 0 0 0 0 0 0 0 0 0 0 0 0 0 0 0 0 0 0 0 0 0 0 0 0 0 0 0 0 0 0 0 0 0 0 0 0 0 0 0 0 0 0 0 0 0 0 0 0 0 0 0 0 0 0 0 0 0 0 0 0 0 0 0 0 0 0 0 0 0 0 0 0 0 0 0 0 0 0 0 0 0 0 0 0 0 0 0 0 0 0 0 0 0 0 0 0 0 0 0 0 0 0 0 0 0 0 0 0 0 0 0 0 0 0 0 0 0 0 0 0 0 0 0 0 0 0 0 0 0 0 0 0 0 0 0 0 0 0 0 0 0 0 0 0 0 0 0 0 0 0 0 0 0 0 0 0 0 0 0 0 0 0 0 0 0 0 0 0 0 0 0 0 0 0 0 0 0 0 0 0 0 0 0 0 0 0 0 0 0 0 0 0 0 0 0 0 0 0 0 0 0 0 0 0 0 0 0 0 0 0 0 0 0 0 0 0 0 0 0 0 0 0 0 0 0 0 0 0 0 0 0 0 0 0 0 0 0 0 0 0 0 0 0 0 0 0 0 0 0 0 0 0 0 0 0 0 0 0 0 0 0 0 0 0 0 0 0 0 0 0 0 0 0 0 0 0 0 0 0 0 0 0 0 0 0 0 0 0 0 0 0 0 0 0 0 0 0 0 0 0 0 0 0 0 0 0 0 0 0 0 0 0 0 0 0 0 0 0 0 0 0 0 0 0 0 0 0 0 0 0 0 0 0 0 0 0 0 0 0 0 0 0 0 0 0 0 0 0 0 0 0 0 0 0 0 0 0 0 0 0 0 0 0 0 0 0 0 0 0 0 0 0 0 0 0 0 0 0 0 0 0 0 0 0 0 0 0 0 0 0 0 0 0 0 0 0 0 0 0 0 0 0 0 0 0 0 0 0 0 0 0 0 0 0 0 0 0 0 0 0 0 0 0 0 0 0 0 0 0 0 0 0 0 0 0 0 0 0 0 0 0 0 0 0 0 0 0 0 0 0 0 0 0 0 0 0 0 0 0 0 0 0 0 0 0 0 0 0 0 0 0 0 0 0 0 0 0 0 0 0 0 0 0 0 0 0 0 0 0 0 0 0 0 0 0 0 0 0 0 0 0 0 0 0 0 0 0 0 0 0 0 0 0 0 0 0 0 0 0 0 0 0 0 0 0 0 0 0 0 0 0 0 0 0 0 0 0 0 0 0 0 0 0 0 0 0 0 0 0 0 0 0 0 0 0 0 0 0 0 0 0 0 0 0 0 0 0 0 0 0 0 0 0 0 0 0 0 0 0 0 0 0 0 0 0 0 0 0 0 0 0 0 0 0 0 0 0 0 0 0 0 0 0 0 0 0 0 0 0 0 0 0 0 0 0 0 0 0 0 0 0 0 0 0 0 0 0 0 0 0 0 0 0 0 0 0 0 0 0 0 0 0 0 0 0 0 0 0 0 0 0 0 0 0 0 0 0 0 0 0 0 0 0 0 0 0 0 0 0 0 0 0 0 0 0 0 0 0 0 0 0 0 0 0 0 0 0 0 0 0 0 0 0 0 0 0 0 0 0 0 0 0 0 0 0 0 0 0 0 0 0 0 0 0 0 0 0 0 0 0 0 0 0 0 0 0 0 0 0 0 0 0 0 0 0 0 0 0 0 0 0 0 0 0 0 0 0 0 0 0 0 0 0 0 0 0 0 0 0 0 0 0 0 0 0 0 0 0 0 0 0 0 0 0 0 0 0 0 0 0 0 0 0 0 0 0 0 0 0 0 0 0 0 0 0 0 0 0 0 0 0 0 0 0 0 0 0 0 0 0 0 0 0 0 0 0 0 0 0 0 0 0 0 0 0 0 0 0 0 0 0 0 0 0 0 0 0 0 0 0 0 0 0 0 0 0 0 0 0 0 0 0 0 0 0 0 0 0 0 0 0 0 0 0 0 0 0 0 0 0 0 0 0 0 0 0 0 0 0 0 0 0 0 0 0 0 0 0 0 0 0 0 0 0 0 0 0 0 0 0 0 0 0 0 0 0 0 0 0 0 0 0 0 0 0 0 0 0 0 0 0 0 0 0 0 0 0 0 0 0 0 0 0 0 0 0 0 0 0 0 0 0 0 0 0 0 0 0 0 0 0 0 0 0 0 0 0 0 0 0 0 0 0 0 0 0 0 0 0 0 0 0 0 0 0 0 0 0 0 0 0 0 0 0 0 0 0 0 0 0 0 0 0 0 0 0 0 0 0 0 0 0 0 0 0 0 0 0 0 0 0 0 0 0 0 0 0 0 0 0 0 0 0 0 0 0 0 0 0 0 0 0 0 0 0 0 0 0 0 0 0 0 0 0 0 0 0 0 0 0 0 0 0 0 0 0 0 0 0 0 0 0 0 0 0 0 0 0 0 0 0 0 0 0 0 0 0 0 0 0 0 0 0 0 0 0 0 0 0 0 0 0 0 0 0 0 0 0 0 0 0 0 0 0 0 0 0 0 0 0 0 0 0 0 0 0 0 0 0 0 0 0 0 0 0 0 0 0 0 0 0 0 0 0 0 0 0 0 0 0 0 0 0 0 0 0 0 0 0 0 0 0 0 0 0 0 0 0 0 0 0 0 0 0 0 0 0 0 0 0 0 0 0 0 0 0 0 0 0 0 0 0 0 0 0 0 0 0 0 0 0 0 0 0 0 0 0 0 0 0 0 0 0 0 0 0 0 0 0 0 0 0 0 0 0 0 0 0 0 0 0 0 0 0 0 0 0 0 0 0 0 0 0 0 0 0 0 0 0 0 0 0 0 0 0 0 0 0 0 0 0 0 0 0 0 0 0 0 0 0 0 0 0 0 0 0 0 0 0 0 0 0 0 0 0 0 0 0 0 0 0 0 0 0 0 0 0 0 0 0 0 0 0 0 0 0 0 0 0 0 0 0 0 0 0 0 0 0 0 0 0 0 0 0 0 0 0 0 0 0 0 0 0 0 0 0 0 0 0 0 0 0 0 0 0 0 0 0 0 0 0 0 0 0 0 0 0 0 0 0 0 0 0 0 0 0 0 0 0 0 0 0 0 0 0 0 0 0 0 0 0 0 0 0 0 0 0 0 0 0 0 0 0 0 0 0 0 0 0 0 0 0 0 0 0 0 0 0 0 0 0 0 0 0 0 0 0 0 0 0 0 0 0 0 0 0 0 0 0 0 0 0 0 0 0 0 0 0 0 0 0 0 0 0 0 0 0 0 0 0 0 0 0 0 0 0 0 0 0 0 0 0 0 0 0 0 0 0 0 0 0 0 0 0 0 0 0 0 0 0 0 0 0 0 0 0 0 0 0 0 0 0 0 0 0 0 0 0 0 0 0 0 0 0 0 0 0 0 0 0 0 0 0 0 0 0 0 0 0 0 0 0 0 0 0 0 0 0 0 0 0 0 0 0 0 0 0 0 0 0 0 0 0 0 0 0 0 0 0 0 0 0 0 0 0 0 0 0 0 0 0 0 0 0 0 0 0 0 0 0 0 0 0 0 0 0 0 0 0 0 0 0 0 0 0 0 0 0 0 0 0 0 0 0 0 0 0 0 0 0 0 0 0 0 0 0 0 0 0 0 0 0 0 0 0 0 0 0 0 0 0 0 0 0 0 0 0 0 0 0 0 0 0 0 0 0 0 0 0 0 0 0 0 0 0 0 0 0 0 0 0 0 0 0 0 0 0 0 0 0 0 0 0 0 0 0 0 0 0 0 0 0 0 0 0 0 0 0 0 0 0 0 0 0 0 0 0 0 0 0 0 0 0 0 0 0 0 0 0 0 0 0 0 0 0 0 0 0 0 0 0 0 0 0 0 0 0 0 0 0 0 0 0 0 0 0 0 0 0 0 0 0 0 0 0 0 0 0 0 0 0 0 0 0 0 0 0 0 0 0 0 0 0 0 0 0 0 0 0 0 0 0 0 0 0 0 0 0 0 0 0 0 0 0 0 0 0 0 0 0 0 0 0 0 0 0 0 0 0 0 0 0 0 0 0 0 0 0 0 0 0 0 0 0 0 0 0 0 0 0 0 0 0 0 0 0 0 0 0 0 0 0 0 0 0 0 0 0 0 0 0 0 0 0 0 0 0 0 0 0 0 0 0 0 0 0 0 0 0 0 0 0 0 0 0 0 0 0 0 0 0 0 0 0 0 0 0 0 0 0 0 0 0 0 0 0 0 0 0 0 0 0 0 0 0 0 0 0 0 0 0 0 0 0 0 0 0 0 0 0 0 0 0 0 0 0 0 0 0 0 0 0 0 0 0 0 0 0 0 0 0 0 0 0 0 0 0 0 0 0 0 0 0 0 0 0 0 0 0 0 0 0 0 0 0 0 0 0 0 0 0 0 0 0 0 0 0 0 0 0 0 0 0 0 0 0 0 0 0 0 0 0 0 0 0 0 0 0 0 0 0 0 0 0 0 0 0 0 0 0 0 0 0 0 0 0 0 0 0 0 0 0 0 0 0 0 0 0 0 0 0 0 0 0 0 0 0 0 0 0 0 0 0 0 0 0 0 0 0 0 0 0 0 0 0 0 0 0 0 0 0 0 0 0 0 0 0 0 0 0 0 0 0 0 0 0 0 0 0 0 0 0 0 0 0 0 0 0 0 0 0 0 0 0 0 0 0 0 0 0 0 0 0 0 0 0 0 0 0 0 0 0 0 0 0 0 0 0 0 0 0 0 0 0 0 0 0 0 0 0 0 0 0 0 0 0 0 0 0 0 0 0 0 0 0 0 0 0 0 0 0 0 0 0 0 0 0 0 0 0 0 0 0 0 0 0 0 0 0 0 0 0 0 0 0 0 0 0 0 0 0 0 0 0 0 0 0 0 0 0 0 0 0 0 0 0 0 0 0 0 0 0 0 0 0 0 0 0 0 0 0 0 0 0 0 0 0 0 0 0 0 0 0 0 0 0 0 0 0 0 0 0 0 0 0 0 0 0 0 0 0 0 0 0 0 0 0 0 0 0 0 0 0 0 0 0 0 0 0 0 0 0 0 0 0 0 0 0 0 0 0 0 0 0 0 0 0 0 0 0 0 0 0 0 0 0 0 0 0 0 0 0 0 0 0 0 0 0 0 0 0 0 0 0 0 0 0 0 0 0 0 0 0 0 0 0 0 0 0 0 0 0 0 0 0 0 0 0 0 0 0 0 0 0 0 0 0 0 0 0 0 0 0 0 0 0 0 0 0 0 0 0 0 0 0 0 0 0 0 0 0 0 0 0 0 0 0 0 0 0 0 0 0 0 0 0 0 0 0 0 0 0 0 0 0 0 0 0 0 0 0 0 0 0 0 0 0 0 0 0 0 0 0 0 0 0 0 0 0 0 0 0 0 0 0 0 0 0 0 0 0 0 0 0 0 0 0 0 0 0 0 0 0 0 0 0 0 0 0 0 0 0 0 0 0 0 0 0 0 0 0 0 0 0 0 0 0 0 0 0 0 0 0 0 0 0 0 0 0 0 0 0 0 0 0 0 0 0 0 0 0 0 0 0 0 0 0 0 0 0 0 0 0 0 0 0 0 0 0 0 0 0 0 0 0 0 0 0 0 0 0 0 0 0 0 0 0 0 0 0 0 0 0 0 0 0 0 0 0 0 0 0 0 0 0 0 0 0 0 0 0 0 0 0 0 0 0 0 0 0 0 0 0 0 0 0 0 0 0 0 0 0 0 0 0 0 0 0 0 0 0 0 0 0 0 0 0 0 0 0 0 0 0 0 0 0 0 0 0 0 0 0 0 0 0 0 0 0 0 0 0 0 0 0 0 0 0 0 0 0 0 0 0 0 0 0 0 0 0 0 0 0 0 0 0 0 0 0 0 0 0 0 0 0 0 0 0 0 0 0 0 0 0 0 0 0 0 0 0 0 0 0 0 0 0 0 0 0 0 0 0 0 0 0 0 0 0 0 0 0 0 0 0 0 0 0 0 0 0 0 0 0 0 0 0 0 0 0 0 0 0 0 0 0 0 0 0 0 0 0 0 0 0 0 0 0 0 0 0 0 0 0 0 0 0 0 0 0 0 0 0 0 0 0 0 0 0 0 0 0 0 0 0 0 0 0 0 0 0 0 0 0 0 0 0 0 0 0 0 0 0 0 0 0 0 0 0 0 0 0 0 0 0 0 0 0 0 0 0 0 0 0 0 0 0 0 0 0 0 0 0 0 0 0 0 0 0 0 0 0 0 0 0 0 0 0 0 0 0 0 0 0 0 0 0 0 0 0 0 0 0 0 0 0 0 0 0 0 0 0 0 0 0 0 0 0 0 0 0 0 0 0 0 0 0 0 0 0 0 0 0 0 0 0 0 0 0 0 0 0 0 0 0 0 0 0 0 0 0 0 0 0 0 0 0 0 0 0 0 0 0 0 0 0 0 0 0 0 0 0 0 0 0 0 0 0 0 0 0 0 0 0 0 0 0 0 0 0 0 0 0 0 0 0 0 0 0 0 0 0 0 0 0 0 0 0 0 0 0 0 0 0 0 0 0 0 0 0 0 0 0 0 0 0 0 0 0 0 0 0 0 0 0 0 0 0 0 0 0 0 0 0 0 0 0 0 0 0 0 0 0 0 0 0 0 0 0 0 0 0 0 0 0 0 0 0 0 0 0 0 0 0 0 0 0 0 0 0 0 0 0 0 0 0 0 0 0 0 0 0 0 0 0 0 0 0 0 0 0 0 0 0 0 0 0 0 0 0 0 0 0 0 0 0 0 0 0 0 0 0 0 0 0 0 0 0 0 0 0 0 0 0 0 0 0 0 0 0 0 0 0 0 0 0 0 0 0 0 0 0 0 0 0 0 0 0 0 0 0 0 0 0 0 0 0 0 0 0 0 0 0 0 0 0 0 0 0 0 0 0 0 0 0 0 0 0 0 0 0 0 0 0 0 0 0 0 0 0 0 0 0 0 0 0 0 0 0 0 0 0 0 0 0 0 0 0 0 0 0 0 0 0 0 0 0 0 0 0 0 0 0 0 0 0 0 0 0 0 0 0 0 0 0 0 0 0 0 0 0 0 0 0 0 0 0 0 0 0 0 0 0 0 0 0 0 0 0 0 0 0 0 0 0 0 0 0 0 0 0 0 0 0 0 0 0 0 0 0 0 0 0 0 0 0 0 0 0 0 0 0 0 0 0 0 0 0 0 0 0 0 0 0 0 0 0 0 0 0 0 0 0 0 0 0 0 0 0 0 0 0 0 0 0 0 0 0 0 0 0 0 0 0 0 0 0 0 0 0 0 0 0 0 0 0 0 0 0 0 0 0 0 0 0 0 0 0 0 0 0 0 0 0 0 0 0 0 0 0 0 0 0 0 0 0 0 0 0 0 0 0 0 0 0 0 0 0 0 0 0 0 0 0 0 0 0 0 0 0 0 0 0 0 0 0 0 0 0 0 0 0 0 0 0 0 0 0 0 0 0 0 0 0 0 0 0 0 0 0 0 0 0 0 0 0 0 0 0 0 0 0 0 0 0 0 0 0 0 0 0 0 0 0 0 0 0 0 0 0 0 0 0 0 0 0 0 0 0 0 0 0 0 0 0 0 0 0 0 0 0 0 0 0 0 0 0 0 0 0 0 0 0 0 0 0 0 0 0 0 0 0 0 0 0 0 0 0 0 0 0 0 0 0 0 0 0 0 0 0 0 0 0 0 0 0 0 0 0 0 0 0 0 0 0 0 0 0 0 0 0 0 0 0 0 0 0 0 0 0 0 0 0 0 0 0 0 0 0 0 0 0 0 0 0 0 0 0 0 0 0 0 0 0 0 0 0 0 0 0 0 0 0 0 0 0 0 0 0 0 0 0 0 0 0 0 0 0 0 0 0 0 0 0 0 0 0 0 0 0 0 0 0 0 0 0 0 0 0 0 0 0 0 0 0 0 0 0 0 0 0 0 0 0 0 0 0 0 0 0 0 0 0 0 0 0 0 0 0 0 0 0 0 0 0 0 0 0 0 0 0 0 0 0 0 0 0 0 0 0 0 0 0 0 0 0 0 0 0 0 0 0 0 0 0 0 0 0 0 0 0 0 0 0 0 0 0 0 0 0 0 0 0 0 0 0 0 0 0 0 0 0 0 0 0 0 0 0 0 0 0 0 0 0 0 0 0 0 0 0 0 0 0 0 0 0 0 0 0 0 0 0 0 0 0 0 0 0 0 0 0 0 0 0 0 0 0 0 0 0 0 0 0 0 0 0 0 0 0 0 0 0 0 0 0 0 0 0 0 0 0 0 0 0 0 0 0 0 0 0 0 0 0 0 0 0 0 0 0 0 0 0 0 0 0 0 0 0 0 0 0 0 0 0 0 0 0 0 0 0 0 0 0 0 0 0 0 0 0 0 0 0 0 0 0 0 0 0 0 0 0 0 0 0 0 0 0 0 0 0 0 0 0 0 0 0 0 0 0 0 0 0 0 0 0 0 0 0 0 0 0 0 0 0 0 0 0 0 0 0 0 0 0 0 0 0 0 0 0 0 0 0 0 0 0 0 0 0 0 0 0 0 0 0 0 0 0 0 0 0 0 0 0 0 0 0 0 0 0 0 0 0 0 0 0 0 0 0 0 0 0 0 0 0 0 0 0 0 0 0 0 0 0 0 0 0 0 0 0 0 0 0 0 0 0 0 0 0 0 0 0 0 0 0 0 0 0 0 0 0 0 0 0 0 0 0 0 0 0 0 0 0 0 0 0 0 0 0 0 0 0 0 0 0 0 0 0 0 0 0 0 0 0 0 0 0 0 0 0 0 0 0 0 0 0 0 0 0 0 0 0 0 0 0 0 0 0 0 0 0 0 0 0 0 0 0 0 0 0 0 0 0 0 0 0 0 0 0 0 0 0 0 0 0 0 0 0 0 0 0 0 0 0 0 0 0 0 0 0 0 0 0 0 0 0 0 0 0 0 0 0 0 0 0 0 0 0 0 0 0 0 0 0 0 0 0 0 0 0 0 0 0 0 0 0 0 0 0 0 0 0 0 0 0 0 0 0 0 0 0 0 0 0 0 0 0 0 0 0 0 0 0 0 0 0 0 0 0 0 0 0 0 0 0 0 0 0 0 0 0 0 0 0 0 0 0 0 0 0 0 0 0 0 0 0 0 0 0 0 0 0 0 0 0 0 0 0 0 0 0 0 0 0 0 0 0 0 0 0 0 0 0 0 0 0 0 0 0 0 0 0 0 0 0 0 0 0 0 0 0 0 0 0 0 0 0 0 0 0 0 0 0 0 0 0 0 0 0 0 0 0 0 0 0 0 0 0 0 0 0 0 0 0 0 0 0 0 0 0 0 0 0 0 0 0 0 0 0 0 0 0 0 0 0 0 0 0 0 0 0 0 0 0 0 0 0 0 0 0 0 0 0 0 0 0 0 0 0 0 0 0 0 0 0 0 0 0 0 0 0 0 0 0 0 0 0 0 0 0 0 0 0 0 0 0 0 0 0 0 0 0 0 0 0 0 0 0 0 0 0 0 0 0 0 0 0 0 0 0 0 0 0 0 0 0 0 0 0 0 0 0 0 0 0 0 0 0 0 0 0 0 0 0 0 0 0 0 0 0 0 0 0 0 0 0 0 0 0 0 0 0 0 0 0 0 0 0 0 0 0 0 0 0 0 0 0 0 0 0 0 0 0 0 0 0 0 0 0 0 0 0 0 0 0 0 0 0 0 0 0 0 0 0 0 0 0 0 0 0 0 0 0 0 0 0 0 0 0 0 0 0 0 0 0 0 0 0 0 0 0 0 0 0 0 0 0 0 0 0 0 0 0 0 0 0 0 0 0 0 0 0 0 0 0 0 0 0 0 0 0 0 0 0 0 0 0 0 0 0 0 0 0 0 0 0 0 0 0 0 0 0 0 0 0 0 0 0 0 0 0 0 0 0 0 0 0 0 0 0 0 0 0 0 0 0 0 0 0 0 0 0 0 0 0 0 0 0 0 0 0 0 0 0 0 0 0 0 0 0 0 0 0 0 0 0 0 0 0 0 0 0 0 0 0 0 0 0 0 0 0 0 0 0 0 0 0 0 0 0 0 0 0 0 0 0 0 0 0 0 0 0 0 0 0 0 0 0 0 0 0 0 0 0 0 0 0 0 0 0 0 0 0 0 0 0 0 0 0 0 0 0 0 0 0 0 0 0 0 0 0 0 0 0 0 0 0 0 0 0 0 0 0 0 0 0 0 0 0 0 0 0 0 0 0 0 0 0 0 0 0 0 0 0 0 0 0 0 0 0 0 0 0 0 0 0 0 0 0 0 0 0 0 0 0 0 0 0 0 0 0 0 0 0 0 0 0 0 0 0 0 0 0 0 0 0 0 0 0 0 0 0 0 0 0 0 0 0 0 0 0 0 0 0 0 0 0 0 0 0 0 0 0 0 0 0 0 0 0 0 0 0 0 0 0 0 0 0 0 0 0 0 0 0 0 0 0 0 0 0 0 0 0 0 0 0 0 0 0 0 0 0 0 0 0 0 0 0 0 0 0 0 0 0 0 0 0 0 0 0 0 0 0 0 0 0 0 0 0 0 0 0 0 0 0 0 0 0 0 0 0 0 0 0 0 0 0 0 0 0 0 0 0 0 0 0 0 0 0 0 0 0 0 0 0 0 0 0 0 0 0 0 0 0 0 0 0 0 0 0 0 0 0 0 0 0 0 0 0 0 0 0 0 0 0 0 0 0 0 0 0 0 0 0 0 0 0 0 0 0 0 0 0 0 0 0 0 0 0 0 0 0 0 0 0 0 0 0 0 0 0 0 0 0 0 0 0 0 0 0 0 0 0 0 0 0 0 0 0 0 0 0 0 0 0 0 0 0 0 0 0 0 0 0 0 0 0 0 0 0 0 0 0 0 0 0 0 0 0 0 0 0 0 0 0 0 0 0 0 0 0 0 0 0 0 0 0 0 0 0 0 0 0 0 0 0 0 0 0 0 0 0 0 0 0 0 0 0 0 0 0 0 0 0 0 0 0 0 0 0 0 0 0 0 0 0 0 0 0 0 0 0 0 0 0 0 0 0 0 0 0 0 0 0 0 0 0 0 0 0 0 0 0 0 0 0 0 0 0 0 0 0 0 0 0 0 0 0 0 0 0 0 0 0 0 0 0 0 0 0 0 0 0 0 0 0 0 0 0 0 0 0 0 0 0 0 0 0 0 0 0 0 0 0 0 0 0 0 0 0 0 0 0 0 0 0 0 0 0 0 0 0 0 0 0 0 0 0 0 0 0 0 0 0 0 0 0 0 0 0 0 0 0 0 0 0 0 0 0 0 0 0 0 0 0 0 0 0 0 0 0 0 0 0 0 0 0 0 0 0 0 0 0 0 0 0 0 0 0 0 0 0 0 0 0 0 0 0 0 0 0 0 0 0 0 0 0 0 0 0 0 0 0 0 0 0 0 0 0 0 0 0 0 0 0 0 0 0 0 0 0 0 0 0 0 0 0 0 0 0 0 0 0 0 0 0 0 0 0 0 0 0 0 0 0 0 0 0 0 0 0 0 0 0 0 0 0 0 0 0 0 0 0 0 0 0 0 0 0 0 0 0 0 0 0 0 0 0 0 0 0 0 0 0 0 0 0 0 0 0 0 0 0 0 0 0 0 0 0 0 0 0 0 0 0 0 0 0 0 0 0 0 0 0 0 0 0 0 0 0 0 0 0 0 0 0 0 0 0 0 0 0 0 0 0 0 0 0 0 0 0 0 0 0 0 0 0 0 0 0 0 0 0 0 0 0 0 0 0 0 0 0 0 0 0 0 0 0 0 0 0 0 0 0 0 0 0 0 0 0 0 0 0 0 0 0 0 0 0 0 0 0 0 0 0 0 0 0 0 0 0 0 0 0 0 0 0 0 0 0 0 0 0 0 0 0 0 0 0 0 0 0 0 0 0 0 0 0 0 0 0 0 0 0 0 0 0 0 0 0 0 0 0 0 0 0 0 0 0 0 0 0 0 0 0 0 0 0 0 0 0 0 0 0 0 0 0 0 0 0 0 0 0 0 0 0 0 0 0 0 0 0 0 0 0 0 0 0 0 0 0 0 0 0 0 0 0 0 0 0 0 0 0 0 0 0 0 0 0 0 0 0 0 0 0 0 0 0 0 0 0 0 0 0 0 0 0 0 0 0 0 0 0 0 0 0 0 0 0 0 0 0 0 0 0 0 0 0 0 0 0 0 0 0 0 0 0 0 0 0 0 0 0 0 0 0 0 0 0 0 0 0 0 0 0 0 0 0 0 0 0 0 0 0 0 0 0 0 0 0 0 0 0 0 0 0 0 0 0 0 0 0 0 0 0 0 0 0 0 0 0 0 0 0 0 0 0 0 0 0 0 0 0 0 0 0 0 0 0 0 0 0 0 0 0 0 0 0 0 0 0 0 0 0 0 0 0 0 0 0 0 0 0 0 0 0 0 0 0 0 0 0 0 0 0 0 0 0 0 0 0 0 0 0 0 0 0 0 0 0 0 0 0 0 0 0 0 0 0 0 0 0 0 0 0 0 0 0 0 0 0 0 0 0 0 0 0 0 0 0 0 0 0 0 0 0 0 0 0 0 0 0 0 0 0 0 0 0 0 0 0 0 0 0 0 0 0 0 0 0 0 0 0 0 0 0 0 0 0 0 0 0 0 0 0 0 0 0 0 0 0 0 0 0 0 0 0 0 0 0 0 0 0 0 0 0 0 0 0 0 0 0 0 0 0 0 0 0 0 0 0 0 0 0 0 0 0 0 0 0 0 0 0 0 0 0 0 0 0 0 0 0 0 0 0 0 0 0 0 0 0 0 0 0 0 0 0 0 0 0 0 0 0 0 0 0 0 0 0 0 0 0 0 0 0 0 0 0 0 0 0 0 0 0 0 0 0 0 0 0 0 0 0 0 0 0 0 0 0 0 0 0 0 0 0 0 0 0 0 0 0 0 0 0 0 0 0 0 0 0 0 0 0 0 0 0 0 0 0 0 0 0 0 0 0 0 0 0 0 0 0 0 0 0 0 0 0 0 0 0 0 0 0 0 0 0 0 0 0 0 0 0 0 0 0 0 0 0 0 0 0 0 0 0 0 0 0 0 0 0 0 0 0 0 0 0 0 0 0 0 0 0 0 0 0 0 0 0 0 0 0 0 0 0 0 0 0 0 0 0 0 0 0 0 0 0 0 0 0 0 0 0 0 0 0 0 0 0 0 0 0 0 0 0 0 0 0 0 0 0 0 0 0 0 0 0 0 0 0 0 0 0 0 0 0 0 0 0 0 0 0 0 0 0 0 0 0 0 0 0 0 0 0 0 0 0 0 0 0 0 0 0 0 0 0 0 0 0 0 0 0 0 0 0 0 0 0 0 0 0 0 0 0 0 0 0 0 0 0 0 0 0 0 0 0 0 0 0 0 0 0 0 0 0 0 0 0 0 0 0 0 0 0 0 0 0 0 0 0 0 0 0 0 0 0 0 0 0 0 0 0 0 0 0 0 0 0 0 0 0 0 0 0 0 0 0 0 0 0 0 0 0 0 0 0 0 0 0 0 0 0 0 0 0 0 0 0 0 0 0 0 0 0 0 0 0 0 0 0 0 0 0 0 0 0 0 0 0 0 0 0 0 0 0 0 0 0 0 0 0 0 0 0 0 0 0 0 0 0 0 0 0 0 0 0 0 0 0 0 0 0 0 0 0 0 0 0 0 0 0 0 0 0 0 0 0 0 0 0 0 0 0 0 0 0 0 0 0 0 0 0 0 0 0 0 0 0 0 0 0 0 0 0 0 0 0 0 0 0 0 0 0 0 0 0 0 0 0 0 0 0 0 0 0 0 0 0 0 0 0 0 0 0 0 0 0 0 0 0 0 0 0 0 0 0 0 0 0 0 0 0 0 0 0 0 0 0 0 0 0 0 0 0 0 0 0 0 0 0 0 0 0 0 0 0 0 0 0 0 0 0 0 0 0 0 0 0 0 0 0 0 0 0 0 0 0 0 0 0 0 0 0 0 0 0 0 0 0 0 0 0 0 0 0 0 0 0 0 0 0 0 0 0 0 0 0 0 0 0 0 0 0 0 0 0 0 0 0 0 0 0 0 0 0 0 0 0 0 0 0 0 0 0 0 0 0 0 0 0 0 0 0 0 0 0 0 0 0 0 0 0 0 0 0 0 0 0 0 0 0 0 0 0 0 0 0 0 0 0 0 0 0 0 0 0 0 0 0 0 0 0 0 0 0 0 0 0 0 0 0 0 0 0 0 0 0 0 0 0 0 0 0 0 0 0 0 0 0 0 0 0 0 0 0 0 0 0 0 0 0 0 0 0 0 0 0 0 0 0 0 0 0 0 0 0 0 0 0 0 0 0 0 0 0 0 0 0 0 0 0 0 0 0 0 0 0 0 0 0 0 0 0 0 0 0 0 0 0 0 0 0 0 0 0 0 0 0 0 0 0 0 0 0 0 0 0 0 0 0 0 0 0 0 0 0 0 0 0 0 0 0 0 0 0 0 0 0 0 0 0 0 0 0 0 0 0 0 0 0 0 0 0 0 0 0 0 0 0 0 0 0 0 0 0 0 0 0 0 0 0 0 0 0 0 0 0 0 0 0 0 0 0 0 0 0 0 0 0 0 0 0 0 0 0 0 0 0 0 0 0 0 0 0 0 0 0 0 0 0 0 0 0 0 0 0 0 0 0 0 0 0 0 0 0 0 0 0 0 0 0 0 0 0 0 0 0 0 0 0 0 0 0 0 0 0 0 0 0 0 0 0 0 0 0 0 0 0 0 0 0 0 0 0 0 0 0 0 0 0 0 0 0 0 0 0 0 0 0 0 0 0 0 0 0 0 0 0 0 0 0 0 0 0 0 0 0 0 0 0 0 0 0 0 0 0 0 0 0 0 0 0 0 0 0 0 0 0 0 0 0 0 0 0 0 0 0 0 0 0 0 0 0 0 0 0 0 0 0 0 0 0 0 0 0 0 0 0 0 0 0 0 0 0 0 0 0 0 0 0 0 0 0 0 0 0 0 0 0 0 0 0 0 0 0 0 0 0 0 0 0 0 0 0 0 0 0 0 0 0 0 0 0 0 0 0 0 0 0 0 0 0 0 0 0 0 0 0 0 0 0 0 0 0 0 0 0 0 0 0 0 0 0 0 0 0 0 0 0 0 0 0 0 0 0 0 0 0 0 0 0 0 0 0 0 0 0 0 0 0 0 0 0 0 0 0 0 0 0 0 0 0 0 0 0 0 0 0 0 0 0 0 0 0 0 0 0 0 0 0 0 0 0 0 0 0 0 0 0 0 0 0 0 0 0 0 0 0 0 0 0 0 0 0 0 0 0 0 0 0 0 0 0 0 0 0 0 0 0 0 0 0 0 0 0 0 0 0 0 0 0 0 0 0 0 0 0 0 0 0 0 0 0 0 0 0 0 0 0 0 0 0 0 0 0 0 0 0 0 0 0 0 0 0 0 0 0 0 0 0 0 0 0 0 0 0 0 0 0 0 0 0 0 0 0 0 0 0 0 0 0 0 0 0 0 0 0 0 0 0 0 0 0 0 0 0 0 0 0 0 0 0 0 0 0 0 0 0 0 0 0 0 0 0 0 0 0 0 0 0 0 0 0 0 0 0 0 0 0 0 0 0 0 0 0 0 0 0 0 0 0 0 0 0 0 0 0 0 0 0 0 0 0 0 0 0 0 0 0 0 0 0 0 0 0 0 0 0 0 0 0 0 0 0 0 0 0 0 0 0 0 0 0 0 0 0 0 0 0 0 0 0 0 0 0 0 0 0 0 0 0 0 0 0 0 0 0 0 0 0 0 0 0 0 0 0 0 0 0 0 0 0 0 0 0 0 0 0 0 0 0 0 0 0 0 0 0 0 0 0 0 0 0 0 0 0 0 0 0 0 0 0 0 0 0 0 0 0 0 0 0 0 0 0 0 0 0 0 0 0 0 0 0 0 0 0 0 0 0 0 0 0 0 0 0 0 0 0 0 0 0 0 0 0 0 0 0 0 0 0 0 0 0 0 0 0 0 0 0 0 0 0 0 0 0 0 0 0 0 0 0 0 0 0 0 0 0 0 0 0 0 0 0 0 0 0 0 0 0 0 0 0 0 0 0 0 0 0 0 0 0 0 0 0 0 0 0 0 0 0 0 0 0 0 0 0 0 0 0 0 0 0 0 0 0 0 0 0 0 0 0 0 0 0 0 0 0 0 0 0 0 0 0 0 0 0 0 0 0 0 0 0 0 0 0 0 0 0 0 0 0 0 0 0 0 0 0 0 0 0 0 0 0 0 0 0 0 0 0 0 0 0 0 0 0 0 0 0 0 0 0 0 0 0 0 0 0 0 0 0 0 0 0 0 0 0 0 0 0 0 0 0 0 0 0 0 0 0 0 0 0 0 0 0 0 0 0 0 0 0 0 0 0 0 0 0 0 0 0 0 0 0 0 0 0 0 0 0 0 0 0 0 0 0 0 0 0 0 0 0 0 0 0 0 0 0 0 0 0 0 0 0 0 0 0 0 0 0 0 0 0 0 0 0 0 0 0 0 0 0 0.5794005 0.7955996 0.5794004 0.9544004 0.4205996 0.9544005 0.5794005 0.5455996 0.5794004 0.7044005 0.4205996 0.7044005 0.8294005 0.5455996 0.8294004 0.7044005 0.6705996 0.7044005 0.5794005 0.04559957 0.5794004 0.2044004 0.4205996 0.2044004 0.5794005 0.2955996 0.5794004 0.4544004 0.4205996 0.4544005 0.1705995 0.7044005 0.125 0.7044004 0.125 0.5455996 0.5794004 0 0.5794005 0.04559957 0.4205996 0.04559957 0.625 0.2044004 0.5794004 0.2044004 0.5794005 0.04559957 0.4205996 0.2955996 0.4205996 0.2044004 0.5794004 0.2044004 0.1705995 0.5455996 0.1705995 0.5 0.3294004 0.5 0.625 0.4544004 0.5794004 0.4544004 0.5794005 0.2955996 0.4205996 0.5455996 0.4205996 0.4544005 0.5794004 0.4544004 0.3294004 0.5455996 0.4205996 0.5455996 0.4205996 0.7044005 0.6705996 0.7044005 0.5794004 0.7044005 0.5794005 0.5455996 0.4205996 0.7955996 0.4205996 0.7044005 0.5794004 0.7044005 0.3294004 0.7044005 0.3294004 0.75 0.1705995 0.75 0.625 0.9544004 0.5794004 0.9544004 0.5794005 0.7955996 0.3294004 0.5455996 0.3294004 0.7044005 0.1705995 0.7044005</float_array>
          <technique_common>
            <accessor source="#Cube_001-mesh-map-array" count="23544" stride="2">
              <param name="S" type="float"/>
              <param name="T" type="float"/>
            </accessor>
          </technique_common>
        </source>
        <vertices id="Cube_001-mesh-vertices">
          <input semantic="POSITION" source="#Cube_001-mesh-positions"/>
        </vertices>
        <triangles material="Material_001-material" count="7848">
          <input semantic="VERTEX" source="#Cube_001-mesh-vertices" offset="0"/>
          <input semantic="NORMAL" source="#Cube_001-mesh-normals" offset="1"/>
          <input semantic="TEXCOORD" source="#Cube_001-mesh-map" offset="2" set="0"/>
          <p>16 0 0 1 0 1 14 0 2 22 1 3 13 1 4 20 1 5 9 2 6 15 2 7 21 2 8 5 3 9 7 3 10 2 3 11 10 4 12 19 4 13 8 4 14 0 5 15 1 5 16 2 5 17 3 6 18 4 6 19 5 6 20 6 7 21 7 7 22 8 7 23 9 8 24 10 8 25 11 8 26 12 9 27 13 9 28 14 9 29 15 10 30 16 10 31 17 10 32 18 11 33 19 11 34 20 11 35 21 12 36 22 12 37 23 12 38 0 13 39 7 13 40 6 13 41 3 14 42 2 14 43 1 14 44 9 15 45 5 15 46 4 15 47 8 16 48 11 16 49 10 16 50 6 17 51 19 17 52 18 17 53 21 18 54 10 18 55 9 18 56 20 19 57 23 19 58 22 19 59 18 20 60 13 20 61 12 20 62 15 21 63 22 21 64 21 21 65 14 22 66 17 22 67 16 22 68 12 23 69 1 23 70 0 23 71 4 24 72 16 24 73 15 24 74 18 25 75 0 25 76 6 25 77 3868 26 78 25 26 79 3808 26 80 330 27 81 391 27 82 270 27 83 452 28 84 513 28 85 392 28 86 574 29 87 635 29 88 514 29 89 696 30 90 757 30 91 636 30 92 818 31 93 879 31 94 758 31 95 940 32 96 1001 32 97 880 32 98 1062 33 99 1123 33 100 1002 33 101 1184 34 102 1245 34 103 1124 34 104 1306 35 105 1367 35 106 1246 35 107 1428 36 108 1489 36 109 1368 36 110 1550 37 111 1611 37 112 1490 37 113 1672 38 114 1733 38 115 1612 38 116 1794 39 117 1855 39 118 1734 39 119 1916 40 120 1977 40 121 1856 40 122 2038 41 123 2099 41 124 1978 41 125 2160 42 126 2221 42 127 2100 42 128 2282 43 129 2343 43 130 2222 43 131 2404 44 132 2465 44 133 2344 44 134 2526 45 135 2587 45 136 2466 45 137 2648 46 138 2709 46 139 2588 46 140 2770 47 141 2831 47 142 2710 47 143 2892 48 144 2953 48 145 2832 48 146 3014 49 147 3075 49 148 2954 49 149 3136 50 150 3197 50 151 3076 50 152 3258 51 153 3319 51 154 3198 51 155 3380 52 156 3441 52 157 3320 52 158 3502 53 159 3563 53 160 3442 53 161 3624 54 162 3685 54 163 3564 54 164 3746 55 165 3807 55 166 3686 55 167 208 56 168 269 56 169 148 56 170 817 2 171 329 2 172 2281 2 173 86 57 174 147 57 175 26 57 176 27 58 177 31 58 178 24 58 179 28 59 180 32 59 181 27 59 182 29 60 183 33 60 184 28 60 185 29 61 186 35 61 187 34 61 188 32 62 189 36 62 190 31 62 191 33 63 192 37 63 193 32 63 194 33 64 195 39 64 196 38 64 197 34 65 198 40 65 199 39 65 200 37 66 201 41 66 202 36 66 203 37 67 204 43 67 205 42 67 206 38 68 207 44 68 208 43 68 209 39 69 210 45 69 211 44 69 212 41 70 213 74 70 214 69 70 215 42 71 216 79 71 217 74 71 218 43 72 219 84 72 220 79 72 221 44 73 222 46 73 223 84 73 224 47 74 225 51 74 226 25 74 227 48 75 228 52 75 229 47 75 230 49 76 231 53 76 232 48 76 233 50 77 234 54 77 235 49 77 236 52 78 237 56 78 238 51 78 239 53 79 240 57 79 241 52 79 242 54 80 243 58 80 244 53 80 245 55 81 246 59 81 247 54 81 248 57 82 249 61 82 250 56 82 251 58 83 252 62 83 253 57 83 254 59 84 255 63 84 256 58 84 257 60 85 258 64 85 259 59 85 260 62 86 261 30 86 262 61 86 263 63 87 264 35 87 265 62 87 266 64 88 267 40 88 268 63 88 269 65 89 270 45 89 271 64 89 272 66 90 273 70 90 274 26 90 275 67 91 276 71 91 277 66 91 278 68 92 279 72 92 280 67 92 281 69 93 282 73 93 283 68 93 284 71 94 285 75 94 286 70 94 287 72 95 288 76 95 289 71 95 290 73 96 291 77 96 292 72 96 293 74 97 294 78 97 295 73 97 296 76 98 297 80 98 298 75 98 299 77 99 300 81 99 301 76 99 302 78 100 303 82 100 304 77 100 305 79 101 306 83 101 307 78 101 308 81 102 309 50 102 310 80 102 311 82 103 312 55 103 313 81 103 314 83 104 315 60 104 316 82 104 317 84 105 318 65 105 319 83 105 320 88 106 321 92 106 322 85 106 323 89 107 324 93 107 325 88 107 326 90 108 327 94 108 328 89 108 329 90 109 330 96 109 331 95 109 332 93 110 333 97 110 334 92 110 335 94 111 336 98 111 337 93 111 338 94 112 339 100 112 340 99 112 341 95 113 342 101 113 343 100 113 344 98 114 345 102 114 346 97 114 347 98 115 348 104 115 349 103 115 350 99 116 351 105 116 352 104 116 353 100 117 354 106 117 355 105 117 356 102 118 357 135 118 358 130 118 359 103 119 360 140 119 361 135 119 362 104 120 363 145 120 364 140 120 365 105 121 366 107 121 367 145 121 368 108 122 369 112 122 370 86 122 371 109 123 372 113 123 373 108 123 374 110 124 375 114 124 376 109 124 377 111 125 378 115 125 379 110 125 380 113 126 381 117 126 382 112 126 383 114 127 384 118 127 385 113 127 386 115 128 387 119 128 388 114 128 389 116 129 390 120 129 391 115 129 392 118 130 393 122 130 394 117 130 395 119 131 396 123 131 397 118 131 398 120 132 399 124 132 400 119 132 401 121 133 402 125 133 403 120 133 404 123 134 405 91 134 406 122 134 407 124 135 408 96 135 409 123 135 410 125 136 411 101 136 412 124 136 413 126 137 414 106 137 415 125 137 416 127 138 417 131 138 418 87 138 419 128 139 420 132 139 421 127 139 422 129 140 423 133 140 424 128 140 425 130 141 426 134 141 427 129 141 428 132 142 429 136 142 430 131 142 431 133 143 432 137 143 433 132 143 434 134 144 435 138 144 436 133 144 437 135 145 438 139 145 439 134 145 440 137 146 441 141 146 442 136 146 443 138 147 444 142 147 445 137 147 446 139 148 447 143 148 448 138 148 449 140 149 450 144 149 451 139 149 452 142 150 453 111 150 454 141 150 455 143 151 456 116 151 457 142 151 458 144 152 459 121 152 460 143 152 461 145 153 462 126 153 463 144 153 464 149 154 465 153 154 466 146 154 467 150 155 468 154 155 469 149 155 470 151 156 471 155 156 472 150 156 473 151 157 474 157 157 475 156 157 476 154 158 477 158 158 478 153 158 479 155 159 480 159 159 481 154 159 482 155 160 483 161 160 484 160 160 485 156 161 486 162 161 487 161 161 488 159 162 489 163 162 490 158 162 491 159 163 492 165 163 493 164 163 494 160 164 495 166 164 496 165 164 497 161 165 498 167 165 499 166 165 500 163 166 501 196 166 502 191 166 503 164 167 504 201 167 505 196 167 506 165 168 507 206 168 508 201 168 509 166 169 510 168 169 511 206 169 512 169 170 513 173 170 514 147 170 515 170 171 516 174 171 517 169 171 518 171 172 519 175 172 520 170 172 521 172 173 522 176 173 523 171 173 524 174 174 525 178 174 526 173 174 527 175 175 528 179 175 529 174 175 530 176 176 531 180 176 532 175 176 533 177 177 534 181 177 535 176 177 536 179 178 537 183 178 538 178 178 539 180 179 540 184 179 541 179 179 542 181 180 543 185 180 544 180 180 545 182 181 546 186 181 547 181 181 548 184 182 549 152 182 550 183 182 551 185 183 552 157 183 553 184 183 554 186 184 555 162 184 556 185 184 557 187 185 558 167 185 559 186 185 560 188 186 561 192 186 562 148 186 563 189 187 564 193 187 565 188 187 566 190 188 567 194 188 568 189 188 569 191 189 570 195 189 571 190 189 572 193 190 573 197 190 574 192 190 575 194 191 576 198 191 577 193 191 578 195 192 579 199 192 580 194 192 581 196 193 582 200 193 583 195 193 584 198 194 585 202 194 586 197 194 587 199 195 588 203 195 589 198 195 590 200 196 591 204 196 592 199 196 593 201 197 594 205 197 595 200 197 596 203 198 597 172 198 598 202 198 599 204 199 600 177 199 601 203 199 602 205 200 603 182 200 604 204 200 605 206 201 606 187 201 607 205 201 608 210 202 609 214 202 610 207 202 611 211 203 612 215 203 613 210 203 614 212 204 615 216 204 616 211 204 617 212 205 618 218 205 619 217 205 620 215 206 621 219 206 622 214 206 623 216 207 624 220 207 625 215 207 626 216 208 627 222 208 628 221 208 629 217 209 630 223 209 631 222 209 632 220 210 633 224 210 634 219 210 635 220 211 636 226 211 637 225 211 638 221 212 639 227 212 640 226 212 641 222 213 642 228 213 643 227 213 644 224 214 645 257 214 646 252 214 647 225 215 648 262 215 649 257 215 650 226 216 651 267 216 652 262 216 653 227 217 654 229 217 655 267 217 656 230 218 657 234 218 658 208 218 659 231 219 660 235 219 661 230 219 662 232 220 663 236 220 664 231 220 665 233 221 666 237 221 667 232 221 668 235 222 669 239 222 670 234 222 671 236 223 672 240 223 673 235 223 674 237 224 675 241 224 676 236 224 677 238 225 678 242 225 679 237 225 680 240 226 681 244 226 682 239 226 683 241 227 684 245 227 685 240 227 686 242 228 687 246 228 688 241 228 689 243 229 690 247 229 691 242 229 692 245 230 693 213 230 694 244 230 695 246 231 696 218 231 697 245 231 698 247 232 699 223 232 700 246 232 701 248 233 702 228 233 703 247 233 704 249 234 705 253 234 706 209 234 707 250 235 708 254 235 709 249 235 710 251 236 711 255 236 712 250 236 713 252 237 714 256 237 715 251 237 716 254 238 717 258 238 718 253 238 719 255 239 720 259 239 721 254 239 722 256 240 723 260 240 724 255 240 725 257 241 726 261 241 727 256 241 728 259 242 729 263 242 730 258 242 731 260 243 732 264 243 733 259 243 734 261 244 735 265 244 736 260 244 737 262 245 738 266 245 739 261 245 740 264 246 741 233 246 742 263 246 743 265 247 744 238 247 745 264 247 746 266 248 747 243 248 748 265 248 749 267 249 750 248 249 751 266 249 752 271 250 753 275 250 754 268 250 755 272 251 756 276 251 757 271 251 758 273 252 759 277 252 760 272 252 761 273 253 762 279 253 763 278 253 764 276 254 765 280 254 766 275 254 767 277 255 768 281 255 769 276 255 770 277 256 771 283 256 772 282 256 773 278 257 774 284 257 775 283 257 776 281 258 777 285 258 778 280 258 779 281 259 780 287 259 781 286 259 782 282 260 783 288 260 784 287 260 785 283 261 786 289 261 787 288 261 788 285 262 789 318 262 790 313 262 791 286 263 792 323 263 793 318 263 794 287 264 795 328 264 796 323 264 797 288 265 798 290 265 799 328 265 800 291 266 801 295 266 802 269 266 803 292 267 804 296 267 805 291 267 806 293 268 807 297 268 808 292 268 809 294 269 810 298 269 811 293 269 812 296 270 813 300 270 814 295 270 815 297 271 816 301 271 817 296 271 818 298 272 819 302 272 820 297 272 821 299 273 822 303 273 823 298 273 824 301 274 825 305 274 826 300 274 827 302 275 828 306 275 829 301 275 830 303 276 831 307 276 832 302 276 833 304 277 834 308 277 835 303 277 836 306 278 837 274 278 838 305 278 839 307 279 840 279 279 841 306 279 842 308 280 843 284 280 844 307 280 845 309 281 846 289 281 847 308 281 848 310 282 849 314 282 850 270 282 851 311 283 852 315 283 853 310 283 854 312 284 855 316 284 856 311 284 857 313 285 858 317 285 859 312 285 860 315 286 861 319 286 862 314 286 863 316 287 864 320 287 865 315 287 866 317 288 867 321 288 868 316 288 869 318 289 870 322 289 871 317 289 872 320 290 873 324 290 874 319 290 875 321 291 876 325 291 877 320 291 878 322 292 879 326 292 880 321 292 881 323 293 882 327 293 883 322 293 884 325 294 885 294 294 886 324 294 887 326 295 888 299 295 889 325 295 890 327 296 891 304 296 892 326 296 893 328 297 894 309 297 895 327 297 896 332 298 897 336 298 898 329 298 899 333 299 900 337 299 901 332 299 902 334 300 903 338 300 904 333 300 905 334 301 906 340 301 907 339 301 908 337 302 909 341 302 910 336 302 911 338 303 912 342 303 913 337 303 914 338 304 915 344 304 916 343 304 917 339 305 918 345 305 919 344 305 920 342 306 921 346 306 922 341 306 923 342 307 924 348 307 925 347 307 926 343 308 927 349 308 928 348 308 929 344 309 930 350 309 931 349 309 932 346 310 933 379 310 934 374 310 935 347 311 936 384 311 937 379 311 938 348 312 939 389 312 940 384 312 941 349 313 942 351 313 943 389 313 944 352 314 945 356 314 946 330 314 947 353 315 948 357 315 949 352 315 950 354 316 951 358 316 952 353 316 953 355 317 954 359 317 955 354 317 956 357 318 957 361 318 958 356 318 959 358 319 960 362 319 961 357 319 962 359 320 963 363 320 964 358 320 965 360 321 966 364 321 967 359 321 968 362 322 969 366 322 970 361 322 971 363 323 972 367 323 973 362 323 974 364 324 975 368 324 976 363 324 977 365 325 978 369 325 979 364 325 980 367 326 981 335 326 982 366 326 983 368 327 984 340 327 985 367 327 986 369 328 987 345 328 988 368 328 989 370 329 990 350 329 991 369 329 992 371 330 993 375 330 994 331 330 995 372 331 996 376 331 997 371 331 998 373 332 999 377 332 1000 372 332 1001 374 333 1002 378 333 1003 373 333 1004 376 334 1005 380 334 1006 375 334 1007 377 335 1008 381 335 1009 376 335 1010 378 336 1011 382 336 1012 377 336 1013 379 337 1014 383 337 1015 378 337 1016 381 338 1017 385 338 1018 380 338 1019 382 339 1020 386 339 1021 381 339 1022 383 340 1023 387 340 1024 382 340 1025 384 341 1026 388 341 1027 383 341 1028 386 342 1029 355 342 1030 385 342 1031 387 343 1032 360 343 1033 386 343 1034 388 344 1035 365 344 1036 387 344 1037 389 345 1038 370 345 1039 388 345 1040 393 346 1041 397 346 1042 390 346 1043 394 347 1044 398 347 1045 393 347 1046 395 348 1047 399 348 1048 394 348 1049 395 349 1050 401 349 1051 400 349 1052 398 350 1053 402 350 1054 397 350 1055 399 351 1056 403 351 1057 398 351 1058 399 352 1059 405 352 1060 404 352 1061 400 353 1062 406 353 1063 405 353 1064 403 354 1065 407 354 1066 402 354 1067 403 355 1068 409 355 1069 408 355 1070 404 356 1071 410 356 1072 409 356 1073 405 357 1074 411 357 1075 410 357 1076 407 358 1077 440 358 1078 435 358 1079 408 359 1080 445 359 1081 440 359 1082 409 360 1083 450 360 1084 445 360 1085 410 361 1086 412 361 1087 450 361 1088 413 362 1089 417 362 1090 391 362 1091 414 363 1092 418 363 1093 413 363 1094 415 364 1095 419 364 1096 414 364 1097 416 365 1098 420 365 1099 415 365 1100 418 366 1101 422 366 1102 417 366 1103 419 367 1104 423 367 1105 418 367 1106 420 368 1107 424 368 1108 419 368 1109 421 369 1110 425 369 1111 420 369 1112 423 370 1113 427 370 1114 422 370 1115 424 371 1116 428 371 1117 423 371 1118 425 372 1119 429 372 1120 424 372 1121 426 373 1122 430 373 1123 425 373 1124 428 374 1125 396 374 1126 427 374 1127 429 375 1128 401 375 1129 428 375 1130 430 376 1131 406 376 1132 429 376 1133 431 377 1134 411 377 1135 430 377 1136 432 378 1137 436 378 1138 392 378 1139 433 379 1140 437 379 1141 432 379 1142 434 380 1143 438 380 1144 433 380 1145 435 381 1146 439 381 1147 434 381 1148 437 382 1149 441 382 1150 436 382 1151 438 383 1152 442 383 1153 437 383 1154 439 384 1155 443 384 1156 438 384 1157 440 385 1158 444 385 1159 439 385 1160 442 386 1161 446 386 1162 441 386 1163 443 387 1164 447 387 1165 442 387 1166 444 388 1167 448 388 1168 443 388 1169 445 389 1170 449 389 1171 444 389 1172 447 390 1173 416 390 1174 446 390 1175 448 391 1176 421 391 1177 447 391 1178 449 392 1179 426 392 1180 448 392 1181 450 393 1182 431 393 1183 449 393 1184 454 394 1185 458 394 1186 451 394 1187 455 395 1188 459 395 1189 454 395 1190 456 396 1191 460 396 1192 455 396 1193 456 397 1194 462 397 1195 461 397 1196 459 398 1197 463 398 1198 458 398 1199 460 399 1200 464 399 1201 459 399 1202 460 400 1203 466 400 1204 465 400 1205 461 401 1206 467 401 1207 466 401 1208 464 402 1209 468 402 1210 463 402 1211 464 403 1212 470 403 1213 469 403 1214 465 404 1215 471 404 1216 470 404 1217 466 405 1218 472 405 1219 471 405 1220 468 406 1221 501 406 1222 496 406 1223 469 407 1224 506 407 1225 501 407 1226 470 408 1227 511 408 1228 506 408 1229 471 409 1230 473 409 1231 511 409 1232 474 410 1233 478 410 1234 452 410 1235 475 411 1236 479 411 1237 474 411 1238 476 412 1239 480 412 1240 475 412 1241 477 413 1242 481 413 1243 476 413 1244 479 414 1245 483 414 1246 478 414 1247 480 415 1248 484 415 1249 479 415 1250 481 416 1251 485 416 1252 480 416 1253 482 417 1254 486 417 1255 481 417 1256 484 418 1257 488 418 1258 483 418 1259 485 419 1260 489 419 1261 484 419 1262 486 420 1263 490 420 1264 485 420 1265 487 421 1266 491 421 1267 486 421 1268 489 422 1269 457 422 1270 488 422 1271 490 423 1272 462 423 1273 489 423 1274 491 424 1275 467 424 1276 490 424 1277 492 425 1278 472 425 1279 491 425 1280 493 426 1281 497 426 1282 453 426 1283 494 427 1284 498 427 1285 493 427 1286 495 428 1287 499 428 1288 494 428 1289 496 429 1290 500 429 1291 495 429 1292 498 430 1293 502 430 1294 497 430 1295 499 431 1296 503 431 1297 498 431 1298 500 432 1299 504 432 1300 499 432 1301 501 433 1302 505 433 1303 500 433 1304 503 434 1305 507 434 1306 502 434 1307 504 435 1308 508 435 1309 503 435 1310 505 436 1311 509 436 1312 504 436 1313 506 437 1314 510 437 1315 505 437 1316 508 438 1317 477 438 1318 507 438 1319 509 439 1320 482 439 1321 508 439 1322 510 440 1323 487 440 1324 509 440 1325 511 441 1326 492 441 1327 510 441 1328 515 442 1329 519 442 1330 512 442 1331 516 443 1332 520 443 1333 515 443 1334 517 444 1335 521 444 1336 516 444 1337 517 445 1338 523 445 1339 522 445 1340 520 446 1341 524 446 1342 519 446 1343 521 447 1344 525 447 1345 520 447 1346 521 448 1347 527 448 1348 526 448 1349 522 449 1350 528 449 1351 527 449 1352 525 450 1353 529 450 1354 524 450 1355 525 451 1356 531 451 1357 530 451 1358 526 452 1359 532 452 1360 531 452 1361 527 453 1362 533 453 1363 532 453 1364 529 454 1365 562 454 1366 557 454 1367 530 455 1368 567 455 1369 562 455 1370 531 456 1371 572 456 1372 567 456 1373 532 457 1374 534 457 1375 572 457 1376 535 458 1377 539 458 1378 513 458 1379 536 459 1380 540 459 1381 535 459 1382 537 460 1383 541 460 1384 536 460 1385 538 461 1386 542 461 1387 537 461 1388 540 462 1389 544 462 1390 539 462 1391 541 463 1392 545 463 1393 540 463 1394 542 464 1395 546 464 1396 541 464 1397 543 465 1398 547 465 1399 542 465 1400 545 466 1401 549 466 1402 544 466 1403 546 467 1404 550 467 1405 545 467 1406 547 468 1407 551 468 1408 546 468 1409 548 469 1410 552 469 1411 547 469 1412 550 470 1413 518 470 1414 549 470 1415 551 471 1416 523 471 1417 550 471 1418 552 472 1419 528 472 1420 551 472 1421 553 473 1422 533 473 1423 552 473 1424 554 474 1425 558 474 1426 514 474 1427 555 475 1428 559 475 1429 554 475 1430 556 476 1431 560 476 1432 555 476 1433 557 477 1434 561 477 1435 556 477 1436 559 478 1437 563 478 1438 558 478 1439 560 479 1440 564 479 1441 559 479 1442 561 480 1443 565 480 1444 560 480 1445 562 481 1446 566 481 1447 561 481 1448 564 482 1449 568 482 1450 563 482 1451 565 483 1452 569 483 1453 564 483 1454 566 484 1455 570 484 1456 565 484 1457 567 485 1458 571 485 1459 566 485 1460 569 486 1461 538 486 1462 568 486 1463 570 487 1464 543 487 1465 569 487 1466 571 488 1467 548 488 1468 570 488 1469 572 489 1470 553 489 1471 571 489 1472 576 490 1473 580 490 1474 573 490 1475 577 491 1476 581 491 1477 576 491 1478 578 492 1479 582 492 1480 577 492 1481 578 493 1482 584 493 1483 583 493 1484 581 494 1485 585 494 1486 580 494 1487 582 495 1488 586 495 1489 581 495 1490 582 496 1491 588 496 1492 587 496 1493 583 497 1494 589 497 1495 588 497 1496 586 498 1497 590 498 1498 585 498 1499 586 499 1500 592 499 1501 591 499 1502 587 500 1503 593 500 1504 592 500 1505 588 501 1506 594 501 1507 593 501 1508 590 502 1509 623 502 1510 618 502 1511 591 503 1512 628 503 1513 623 503 1514 592 504 1515 633 504 1516 628 504 1517 593 505 1518 595 505 1519 633 505 1520 596 506 1521 600 506 1522 574 506 1523 597 507 1524 601 507 1525 596 507 1526 598 508 1527 602 508 1528 597 508 1529 599 509 1530 603 509 1531 598 509 1532 601 510 1533 605 510 1534 600 510 1535 602 511 1536 606 511 1537 601 511 1538 603 512 1539 607 512 1540 602 512 1541 604 513 1542 608 513 1543 603 513 1544 606 514 1545 610 514 1546 605 514 1547 607 515 1548 611 515 1549 606 515 1550 608 516 1551 612 516 1552 607 516 1553 609 517 1554 613 517 1555 608 517 1556 611 518 1557 579 518 1558 610 518 1559 612 519 1560 584 519 1561 611 519 1562 613 520 1563 589 520 1564 612 520 1565 614 521 1566 594 521 1567 613 521 1568 615 522 1569 619 522 1570 575 522 1571 616 523 1572 620 523 1573 615 523 1574 617 524 1575 621 524 1576 616 524 1577 618 525 1578 622 525 1579 617 525 1580 620 526 1581 624 526 1582 619 526 1583 621 527 1584 625 527 1585 620 527 1586 622 528 1587 626 528 1588 621 528 1589 623 529 1590 627 529 1591 622 529 1592 625 530 1593 629 530 1594 624 530 1595 626 531 1596 630 531 1597 625 531 1598 627 532 1599 631 532 1600 626 532 1601 628 533 1602 632 533 1603 627 533 1604 630 534 1605 599 534 1606 629 534 1607 631 535 1608 604 535 1609 630 535 1610 632 536 1611 609 536 1612 631 536 1613 633 537 1614 614 537 1615 632 537 1616 637 538 1617 641 538 1618 634 538 1619 638 539 1620 642 539 1621 637 539 1622 639 540 1623 643 540 1624 638 540 1625 639 541 1626 645 541 1627 644 541 1628 642 542 1629 646 542 1630 641 542 1631 643 543 1632 647 543 1633 642 543 1634 643 544 1635 649 544 1636 648 544 1637 644 545 1638 650 545 1639 649 545 1640 647 546 1641 651 546 1642 646 546 1643 647 547 1644 653 547 1645 652 547 1646 648 548 1647 654 548 1648 653 548 1649 649 549 1650 655 549 1651 654 549 1652 651 550 1653 684 550 1654 679 550 1655 652 551 1656 689 551 1657 684 551 1658 653 552 1659 694 552 1660 689 552 1661 654 553 1662 656 553 1663 694 553 1664 657 554 1665 661 554 1666 635 554 1667 658 555 1668 662 555 1669 657 555 1670 659 556 1671 663 556 1672 658 556 1673 660 557 1674 664 557 1675 659 557 1676 662 558 1677 666 558 1678 661 558 1679 663 559 1680 667 559 1681 662 559 1682 664 560 1683 668 560 1684 663 560 1685 665 561 1686 669 561 1687 664 561 1688 667 562 1689 671 562 1690 666 562 1691 668 563 1692 672 563 1693 667 563 1694 669 564 1695 673 564 1696 668 564 1697 670 565 1698 674 565 1699 669 565 1700 672 566 1701 640 566 1702 671 566 1703 673 567 1704 645 567 1705 672 567 1706 674 568 1707 650 568 1708 673 568 1709 675 569 1710 655 569 1711 674 569 1712 676 570 1713 680 570 1714 636 570 1715 677 571 1716 681 571 1717 676 571 1718 678 572 1719 682 572 1720 677 572 1721 679 573 1722 683 573 1723 678 573 1724 681 574 1725 685 574 1726 680 574 1727 682 575 1728 686 575 1729 681 575 1730 683 576 1731 687 576 1732 682 576 1733 684 577 1734 688 577 1735 683 577 1736 686 578 1737 690 578 1738 685 578 1739 687 579 1740 691 579 1741 686 579 1742 688 580 1743 692 580 1744 687 580 1745 689 581 1746 693 581 1747 688 581 1748 691 582 1749 660 582 1750 690 582 1751 692 583 1752 665 583 1753 691 583 1754 693 584 1755 670 584 1756 692 584 1757 694 585 1758 675 585 1759 693 585 1760 698 586 1761 702 586 1762 695 586 1763 699 587 1764 703 587 1765 698 587 1766 700 588 1767 704 588 1768 699 588 1769 700 589 1770 706 589 1771 705 589 1772 703 590 1773 707 590 1774 702 590 1775 704 591 1776 708 591 1777 703 591 1778 704 592 1779 710 592 1780 709 592 1781 705 593 1782 711 593 1783 710 593 1784 708 594 1785 712 594 1786 707 594 1787 708 595 1788 714 595 1789 713 595 1790 709 596 1791 715 596 1792 714 596 1793 710 597 1794 716 597 1795 715 597 1796 712 598 1797 745 598 1798 740 598 1799 713 599 1800 750 599 1801 745 599 1802 714 600 1803 755 600 1804 750 600 1805 715 601 1806 717 601 1807 755 601 1808 718 602 1809 722 602 1810 696 602 1811 719 603 1812 723 603 1813 718 603 1814 720 604 1815 724 604 1816 719 604 1817 721 605 1818 725 605 1819 720 605 1820 723 606 1821 727 606 1822 722 606 1823 724 607 1824 728 607 1825 723 607 1826 725 608 1827 729 608 1828 724 608 1829 726 609 1830 730 609 1831 725 609 1832 728 610 1833 732 610 1834 727 610 1835 729 611 1836 733 611 1837 728 611 1838 730 612 1839 734 612 1840 729 612 1841 731 613 1842 735 613 1843 730 613 1844 733 614 1845 701 614 1846 732 614 1847 734 615 1848 706 615 1849 733 615 1850 735 616 1851 711 616 1852 734 616 1853 736 617 1854 716 617 1855 735 617 1856 737 618 1857 741 618 1858 697 618 1859 738 619 1860 742 619 1861 737 619 1862 739 620 1863 743 620 1864 738 620 1865 740 621 1866 744 621 1867 739 621 1868 742 622 1869 746 622 1870 741 622 1871 743 623 1872 747 623 1873 742 623 1874 744 624 1875 748 624 1876 743 624 1877 745 625 1878 749 625 1879 744 625 1880 747 626 1881 751 626 1882 746 626 1883 748 627 1884 752 627 1885 747 627 1886 749 628 1887 753 628 1888 748 628 1889 750 629 1890 754 629 1891 749 629 1892 752 630 1893 721 630 1894 751 630 1895 753 631 1896 726 631 1897 752 631 1898 754 632 1899 731 632 1900 753 632 1901 755 633 1902 736 633 1903 754 633 1904 759 634 1905 763 634 1906 756 634 1907 760 635 1908 764 635 1909 759 635 1910 761 636 1911 765 636 1912 760 636 1913 761 637 1914 767 637 1915 766 637 1916 764 638 1917 768 638 1918 763 638 1919 765 639 1920 769 639 1921 764 639 1922 765 640 1923 771 640 1924 770 640 1925 766 641 1926 772 641 1927 771 641 1928 769 642 1929 773 642 1930 768 642 1931 769 643 1932 775 643 1933 774 643 1934 770 644 1935 776 644 1936 775 644 1937 771 645 1938 777 645 1939 776 645 1940 773 646 1941 806 646 1942 801 646 1943 774 647 1944 811 647 1945 806 647 1946 775 648 1947 816 648 1948 811 648 1949 776 649 1950 778 649 1951 816 649 1952 779 650 1953 783 650 1954 757 650 1955 780 651 1956 784 651 1957 779 651 1958 781 652 1959 785 652 1960 780 652 1961 782 653 1962 786 653 1963 781 653 1964 784 654 1965 788 654 1966 783 654 1967 785 655 1968 789 655 1969 784 655 1970 786 656 1971 790 656 1972 785 656 1973 787 657 1974 791 657 1975 786 657 1976 789 658 1977 793 658 1978 788 658 1979 790 659 1980 794 659 1981 789 659 1982 791 660 1983 795 660 1984 790 660 1985 792 661 1986 796 661 1987 791 661 1988 794 662 1989 762 662 1990 793 662 1991 795 663 1992 767 663 1993 794 663 1994 796 664 1995 772 664 1996 795 664 1997 797 665 1998 777 665 1999 796 665 2000 798 666 2001 802 666 2002 758 666 2003 799 667 2004 803 667 2005 798 667 2006 800 668 2007 804 668 2008 799 668 2009 801 669 2010 805 669 2011 800 669 2012 803 670 2013 807 670 2014 802 670 2015 804 671 2016 808 671 2017 803 671 2018 805 672 2019 809 672 2020 804 672 2021 806 673 2022 810 673 2023 805 673 2024 808 674 2025 812 674 2026 807 674 2027 809 675 2028 813 675 2029 808 675 2030 810 676 2031 814 676 2032 809 676 2033 811 677 2034 815 677 2035 810 677 2036 813 678 2037 782 678 2038 812 678 2039 814 679 2040 787 679 2041 813 679 2042 815 680 2043 792 680 2044 814 680 2045 816 681 2046 797 681 2047 815 681 2048 820 682 2049 824 682 2050 817 682 2051 821 683 2052 825 683 2053 820 683 2054 822 684 2055 826 684 2056 821 684 2057 822 685 2058 828 685 2059 827 685 2060 825 686 2061 829 686 2062 824 686 2063 826 687 2064 830 687 2065 825 687 2066 826 688 2067 832 688 2068 831 688 2069 827 689 2070 833 689 2071 832 689 2072 830 690 2073 834 690 2074 829 690 2075 830 691 2076 836 691 2077 835 691 2078 831 692 2079 837 692 2080 836 692 2081 832 693 2082 838 693 2083 837 693 2084 834 694 2085 867 694 2086 862 694 2087 835 695 2088 872 695 2089 867 695 2090 836 696 2091 877 696 2092 872 696 2093 837 697 2094 839 697 2095 877 697 2096 840 698 2097 844 698 2098 818 698 2099 841 699 2100 845 699 2101 840 699 2102 842 700 2103 846 700 2104 841 700 2105 843 701 2106 847 701 2107 842 701 2108 845 702 2109 849 702 2110 844 702 2111 846 703 2112 850 703 2113 845 703 2114 847 704 2115 851 704 2116 846 704 2117 848 705 2118 852 705 2119 847 705 2120 850 706 2121 854 706 2122 849 706 2123 851 707 2124 855 707 2125 850 707 2126 852 708 2127 856 708 2128 851 708 2129 853 709 2130 857 709 2131 852 709 2132 855 710 2133 823 710 2134 854 710 2135 856 711 2136 828 711 2137 855 711 2138 857 712 2139 833 712 2140 856 712 2141 858 713 2142 838 713 2143 857 713 2144 859 714 2145 863 714 2146 819 714 2147 860 715 2148 864 715 2149 859 715 2150 861 716 2151 865 716 2152 860 716 2153 862 717 2154 866 717 2155 861 717 2156 864 718 2157 868 718 2158 863 718 2159 865 719 2160 869 719 2161 864 719 2162 866 720 2163 870 720 2164 865 720 2165 867 721 2166 871 721 2167 866 721 2168 869 722 2169 873 722 2170 868 722 2171 870 723 2172 874 723 2173 869 723 2174 871 724 2175 875 724 2176 870 724 2177 872 725 2178 876 725 2179 871 725 2180 874 726 2181 843 726 2182 873 726 2183 875 727 2184 848 727 2185 874 727 2186 876 728 2187 853 728 2188 875 728 2189 877 729 2190 858 729 2191 876 729 2192 881 730 2193 885 730 2194 878 730 2195 882 731 2196 886 731 2197 881 731 2198 883 732 2199 887 732 2200 882 732 2201 883 733 2202 889 733 2203 888 733 2204 886 734 2205 890 734 2206 885 734 2207 887 735 2208 891 735 2209 886 735 2210 887 736 2211 893 736 2212 892 736 2213 888 737 2214 894 737 2215 893 737 2216 891 738 2217 895 738 2218 890 738 2219 891 739 2220 897 739 2221 896 739 2222 892 740 2223 898 740 2224 897 740 2225 893 741 2226 899 741 2227 898 741 2228 895 742 2229 928 742 2230 923 742 2231 896 743 2232 933 743 2233 928 743 2234 897 744 2235 938 744 2236 933 744 2237 898 745 2238 900 745 2239 938 745 2240 901 746 2241 905 746 2242 879 746 2243 902 747 2244 906 747 2245 901 747 2246 903 748 2247 907 748 2248 902 748 2249 904 749 2250 908 749 2251 903 749 2252 906 750 2253 910 750 2254 905 750 2255 907 751 2256 911 751 2257 906 751 2258 908 752 2259 912 752 2260 907 752 2261 909 753 2262 913 753 2263 908 753 2264 911 754 2265 915 754 2266 910 754 2267 912 755 2268 916 755 2269 911 755 2270 913 756 2271 917 756 2272 912 756 2273 914 757 2274 918 757 2275 913 757 2276 916 758 2277 884 758 2278 915 758 2279 917 759 2280 889 759 2281 916 759 2282 918 760 2283 894 760 2284 917 760 2285 919 761 2286 899 761 2287 918 761 2288 920 762 2289 924 762 2290 880 762 2291 921 763 2292 925 763 2293 920 763 2294 922 764 2295 926 764 2296 921 764 2297 923 765 2298 927 765 2299 922 765 2300 925 766 2301 929 766 2302 924 766 2303 926 767 2304 930 767 2305 925 767 2306 927 768 2307 931 768 2308 926 768 2309 928 769 2310 932 769 2311 927 769 2312 930 770 2313 934 770 2314 929 770 2315 931 771 2316 935 771 2317 930 771 2318 932 772 2319 936 772 2320 931 772 2321 933 773 2322 937 773 2323 932 773 2324 935 774 2325 904 774 2326 934 774 2327 936 775 2328 909 775 2329 935 775 2330 937 776 2331 914 776 2332 936 776 2333 938 777 2334 919 777 2335 937 777 2336 942 778 2337 946 778 2338 939 778 2339 943 779 2340 947 779 2341 942 779 2342 944 780 2343 948 780 2344 943 780 2345 944 781 2346 950 781 2347 949 781 2348 947 782 2349 951 782 2350 946 782 2351 948 783 2352 952 783 2353 947 783 2354 948 784 2355 954 784 2356 953 784 2357 949 785 2358 955 785 2359 954 785 2360 952 786 2361 956 786 2362 951 786 2363 952 787 2364 958 787 2365 957 787 2366 953 788 2367 959 788 2368 958 788 2369 954 789 2370 960 789 2371 959 789 2372 956 790 2373 989 790 2374 984 790 2375 957 791 2376 994 791 2377 989 791 2378 958 792 2379 999 792 2380 994 792 2381 959 793 2382 961 793 2383 999 793 2384 962 794 2385 966 794 2386 940 794 2387 963 795 2388 967 795 2389 962 795 2390 964 796 2391 968 796 2392 963 796 2393 965 797 2394 969 797 2395 964 797 2396 967 798 2397 971 798 2398 966 798 2399 968 799 2400 972 799 2401 967 799 2402 969 800 2403 973 800 2404 968 800 2405 970 801 2406 974 801 2407 969 801 2408 972 802 2409 976 802 2410 971 802 2411 973 803 2412 977 803 2413 972 803 2414 974 804 2415 978 804 2416 973 804 2417 975 805 2418 979 805 2419 974 805 2420 977 806 2421 945 806 2422 976 806 2423 978 807 2424 950 807 2425 977 807 2426 979 808 2427 955 808 2428 978 808 2429 980 809 2430 960 809 2431 979 809 2432 981 810 2433 985 810 2434 941 810 2435 982 811 2436 986 811 2437 981 811 2438 983 812 2439 987 812 2440 982 812 2441 984 813 2442 988 813 2443 983 813 2444 986 814 2445 990 814 2446 985 814 2447 987 815 2448 991 815 2449 986 815 2450 988 816 2451 992 816 2452 987 816 2453 989 817 2454 993 817 2455 988 817 2456 991 818 2457 995 818 2458 990 818 2459 992 819 2460 996 819 2461 991 819 2462 993 820 2463 997 820 2464 992 820 2465 994 821 2466 998 821 2467 993 821 2468 996 822 2469 965 822 2470 995 822 2471 997 823 2472 970 823 2473 996 823 2474 998 824 2475 975 824 2476 997 824 2477 999 825 2478 980 825 2479 998 825 2480 1003 826 2481 1007 826 2482 1000 826 2483 1004 827 2484 1008 827 2485 1003 827 2486 1005 828 2487 1009 828 2488 1004 828 2489 1005 829 2490 1011 829 2491 1010 829 2492 1008 830 2493 1012 830 2494 1007 830 2495 1009 831 2496 1013 831 2497 1008 831 2498 1009 832 2499 1015 832 2500 1014 832 2501 1010 833 2502 1016 833 2503 1015 833 2504 1013 834 2505 1017 834 2506 1012 834 2507 1013 835 2508 1019 835 2509 1018 835 2510 1014 836 2511 1020 836 2512 1019 836 2513 1015 837 2514 1021 837 2515 1020 837 2516 1017 838 2517 1050 838 2518 1045 838 2519 1018 839 2520 1055 839 2521 1050 839 2522 1019 840 2523 1060 840 2524 1055 840 2525 1020 841 2526 1022 841 2527 1060 841 2528 1023 842 2529 1027 842 2530 1001 842 2531 1024 843 2532 1028 843 2533 1023 843 2534 1025 844 2535 1029 844 2536 1024 844 2537 1026 845 2538 1030 845 2539 1025 845 2540 1028 846 2541 1032 846 2542 1027 846 2543 1029 847 2544 1033 847 2545 1028 847 2546 1030 848 2547 1034 848 2548 1029 848 2549 1031 849 2550 1035 849 2551 1030 849 2552 1033 850 2553 1037 850 2554 1032 850 2555 1034 851 2556 1038 851 2557 1033 851 2558 1035 852 2559 1039 852 2560 1034 852 2561 1036 853 2562 1040 853 2563 1035 853 2564 1038 854 2565 1006 854 2566 1037 854 2567 1039 855 2568 1011 855 2569 1038 855 2570 1040 856 2571 1016 856 2572 1039 856 2573 1041 857 2574 1021 857 2575 1040 857 2576 1042 858 2577 1046 858 2578 1002 858 2579 1043 859 2580 1047 859 2581 1042 859 2582 1044 860 2583 1048 860 2584 1043 860 2585 1045 861 2586 1049 861 2587 1044 861 2588 1047 862 2589 1051 862 2590 1046 862 2591 1048 863 2592 1052 863 2593 1047 863 2594 1049 864 2595 1053 864 2596 1048 864 2597 1050 865 2598 1054 865 2599 1049 865 2600 1052 866 2601 1056 866 2602 1051 866 2603 1053 867 2604 1057 867 2605 1052 867 2606 1054 868 2607 1058 868 2608 1053 868 2609 1055 869 2610 1059 869 2611 1054 869 2612 1057 870 2613 1026 870 2614 1056 870 2615 1058 871 2616 1031 871 2617 1057 871 2618 1059 872 2619 1036 872 2620 1058 872 2621 1060 873 2622 1041 873 2623 1059 873 2624 1064 874 2625 1068 874 2626 1061 874 2627 1065 875 2628 1069 875 2629 1064 875 2630 1066 876 2631 1070 876 2632 1065 876 2633 1066 877 2634 1072 877 2635 1071 877 2636 1069 878 2637 1073 878 2638 1068 878 2639 1070 879 2640 1074 879 2641 1069 879 2642 1070 880 2643 1076 880 2644 1075 880 2645 1071 881 2646 1077 881 2647 1076 881 2648 1074 882 2649 1078 882 2650 1073 882 2651 1074 883 2652 1080 883 2653 1079 883 2654 1075 884 2655 1081 884 2656 1080 884 2657 1076 885 2658 1082 885 2659 1081 885 2660 1078 886 2661 1111 886 2662 1106 886 2663 1079 887 2664 1116 887 2665 1111 887 2666 1080 888 2667 1121 888 2668 1116 888 2669 1081 889 2670 1083 889 2671 1121 889 2672 1084 890 2673 1088 890 2674 1062 890 2675 1085 891 2676 1089 891 2677 1084 891 2678 1086 892 2679 1090 892 2680 1085 892 2681 1087 893 2682 1091 893 2683 1086 893 2684 1089 894 2685 1093 894 2686 1088 894 2687 1090 895 2688 1094 895 2689 1089 895 2690 1091 896 2691 1095 896 2692 1090 896 2693 1092 897 2694 1096 897 2695 1091 897 2696 1094 898 2697 1098 898 2698 1093 898 2699 1095 899 2700 1099 899 2701 1094 899 2702 1096 900 2703 1100 900 2704 1095 900 2705 1097 901 2706 1101 901 2707 1096 901 2708 1099 902 2709 1067 902 2710 1098 902 2711 1100 903 2712 1072 903 2713 1099 903 2714 1101 904 2715 1077 904 2716 1100 904 2717 1102 905 2718 1082 905 2719 1101 905 2720 1103 906 2721 1107 906 2722 1063 906 2723 1104 907 2724 1108 907 2725 1103 907 2726 1105 908 2727 1109 908 2728 1104 908 2729 1106 909 2730 1110 909 2731 1105 909 2732 1108 910 2733 1112 910 2734 1107 910 2735 1109 911 2736 1113 911 2737 1108 911 2738 1110 912 2739 1114 912 2740 1109 912 2741 1111 913 2742 1115 913 2743 1110 913 2744 1113 914 2745 1117 914 2746 1112 914 2747 1114 915 2748 1118 915 2749 1113 915 2750 1115 916 2751 1119 916 2752 1114 916 2753 1116 917 2754 1120 917 2755 1115 917 2756 1118 918 2757 1087 918 2758 1117 918 2759 1119 919 2760 1092 919 2761 1118 919 2762 1120 920 2763 1097 920 2764 1119 920 2765 1121 921 2766 1102 921 2767 1120 921 2768 1125 922 2769 1129 922 2770 1122 922 2771 1126 923 2772 1130 923 2773 1125 923 2774 1127 924 2775 1131 924 2776 1126 924 2777 1127 925 2778 1133 925 2779 1132 925 2780 1130 926 2781 1134 926 2782 1129 926 2783 1131 927 2784 1135 927 2785 1130 927 2786 1131 928 2787 1137 928 2788 1136 928 2789 1132 929 2790 1138 929 2791 1137 929 2792 1135 930 2793 1139 930 2794 1134 930 2795 1135 931 2796 1141 931 2797 1140 931 2798 1136 932 2799 1142 932 2800 1141 932 2801 1137 933 2802 1143 933 2803 1142 933 2804 1139 934 2805 1172 934 2806 1167 934 2807 1140 935 2808 1177 935 2809 1172 935 2810 1141 936 2811 1182 936 2812 1177 936 2813 1142 937 2814 1144 937 2815 1182 937 2816 1145 938 2817 1149 938 2818 1123 938 2819 1146 939 2820 1150 939 2821 1145 939 2822 1147 940 2823 1151 940 2824 1146 940 2825 1148 941 2826 1152 941 2827 1147 941 2828 1150 942 2829 1154 942 2830 1149 942 2831 1151 943 2832 1155 943 2833 1150 943 2834 1152 944 2835 1156 944 2836 1151 944 2837 1153 945 2838 1157 945 2839 1152 945 2840 1155 946 2841 1159 946 2842 1154 946 2843 1156 947 2844 1160 947 2845 1155 947 2846 1157 948 2847 1161 948 2848 1156 948 2849 1158 949 2850 1162 949 2851 1157 949 2852 1160 950 2853 1128 950 2854 1159 950 2855 1161 951 2856 1133 951 2857 1160 951 2858 1162 952 2859 1138 952 2860 1161 952 2861 1163 953 2862 1143 953 2863 1162 953 2864 1164 954 2865 1168 954 2866 1124 954 2867 1165 955 2868 1169 955 2869 1164 955 2870 1166 956 2871 1170 956 2872 1165 956 2873 1167 957 2874 1171 957 2875 1166 957 2876 1169 958 2877 1173 958 2878 1168 958 2879 1170 959 2880 1174 959 2881 1169 959 2882 1171 960 2883 1175 960 2884 1170 960 2885 1172 961 2886 1176 961 2887 1171 961 2888 1174 962 2889 1178 962 2890 1173 962 2891 1175 963 2892 1179 963 2893 1174 963 2894 1176 964 2895 1180 964 2896 1175 964 2897 1177 965 2898 1181 965 2899 1176 965 2900 1179 966 2901 1148 966 2902 1178 966 2903 1180 967 2904 1153 967 2905 1179 967 2906 1181 968 2907 1158 968 2908 1180 968 2909 1182 969 2910 1163 969 2911 1181 969 2912 1186 970 2913 1190 970 2914 1183 970 2915 1187 971 2916 1191 971 2917 1186 971 2918 1188 972 2919 1192 972 2920 1187 972 2921 1188 973 2922 1194 973 2923 1193 973 2924 1191 974 2925 1195 974 2926 1190 974 2927 1192 975 2928 1196 975 2929 1191 975 2930 1192 976 2931 1198 976 2932 1197 976 2933 1193 977 2934 1199 977 2935 1198 977 2936 1196 978 2937 1200 978 2938 1195 978 2939 1196 979 2940 1202 979 2941 1201 979 2942 1197 980 2943 1203 980 2944 1202 980 2945 1198 981 2946 1204 981 2947 1203 981 2948 1200 982 2949 1233 982 2950 1228 982 2951 1201 983 2952 1238 983 2953 1233 983 2954 1202 984 2955 1243 984 2956 1238 984 2957 1203 985 2958 1205 985 2959 1243 985 2960 1206 986 2961 1210 986 2962 1184 986 2963 1207 987 2964 1211 987 2965 1206 987 2966 1208 988 2967 1212 988 2968 1207 988 2969 1209 989 2970 1213 989 2971 1208 989 2972 1211 990 2973 1215 990 2974 1210 990 2975 1212 991 2976 1216 991 2977 1211 991 2978 1213 992 2979 1217 992 2980 1212 992 2981 1214 993 2982 1218 993 2983 1213 993 2984 1216 994 2985 1220 994 2986 1215 994 2987 1217 995 2988 1221 995 2989 1216 995 2990 1218 996 2991 1222 996 2992 1217 996 2993 1219 997 2994 1223 997 2995 1218 997 2996 1221 998 2997 1189 998 2998 1220 998 2999 1222 999 3000 1194 999 3001 1221 999 3002 1223 1000 3003 1199 1000 3004 1222 1000 3005 1224 1001 3006 1204 1001 3007 1223 1001 3008 1225 1002 3009 1229 1002 3010 1185 1002 3011 1226 1003 3012 1230 1003 3013 1225 1003 3014 1227 1004 3015 1231 1004 3016 1226 1004 3017 1228 1005 3018 1232 1005 3019 1227 1005 3020 1230 1006 3021 1234 1006 3022 1229 1006 3023 1231 1007 3024 1235 1007 3025 1230 1007 3026 1232 1008 3027 1236 1008 3028 1231 1008 3029 1233 1009 3030 1237 1009 3031 1232 1009 3032 1235 1010 3033 1239 1010 3034 1234 1010 3035 1236 1011 3036 1240 1011 3037 1235 1011 3038 1237 1012 3039 1241 1012 3040 1236 1012 3041 1238 1013 3042 1242 1013 3043 1237 1013 3044 1240 1014 3045 1209 1014 3046 1239 1014 3047 1241 1015 3048 1214 1015 3049 1240 1015 3050 1242 1016 3051 1219 1016 3052 1241 1016 3053 1243 1017 3054 1224 1017 3055 1242 1017 3056 1247 1018 3057 1251 1018 3058 1244 1018 3059 1248 1019 3060 1252 1019 3061 1247 1019 3062 1249 1020 3063 1253 1020 3064 1248 1020 3065 1249 1021 3066 1255 1021 3067 1254 1021 3068 1252 1022 3069 1256 1022 3070 1251 1022 3071 1253 1023 3072 1257 1023 3073 1252 1023 3074 1253 1024 3075 1259 1024 3076 1258 1024 3077 1254 1025 3078 1260 1025 3079 1259 1025 3080 1257 1026 3081 1261 1026 3082 1256 1026 3083 1257 1027 3084 1263 1027 3085 1262 1027 3086 1258 1028 3087 1264 1028 3088 1263 1028 3089 1259 1029 3090 1265 1029 3091 1264 1029 3092 1261 1030 3093 1294 1030 3094 1289 1030 3095 1262 1031 3096 1299 1031 3097 1294 1031 3098 1263 1032 3099 1304 1032 3100 1299 1032 3101 1264 1033 3102 1266 1033 3103 1304 1033 3104 1267 1034 3105 1271 1034 3106 1245 1034 3107 1268 1035 3108 1272 1035 3109 1267 1035 3110 1269 1036 3111 1273 1036 3112 1268 1036 3113 1270 1037 3114 1274 1037 3115 1269 1037 3116 1272 1038 3117 1276 1038 3118 1271 1038 3119 1273 1039 3120 1277 1039 3121 1272 1039 3122 1274 1040 3123 1278 1040 3124 1273 1040 3125 1275 1041 3126 1279 1041 3127 1274 1041 3128 1277 1042 3129 1281 1042 3130 1276 1042 3131 1278 1043 3132 1282 1043 3133 1277 1043 3134 1279 1044 3135 1283 1044 3136 1278 1044 3137 1280 1045 3138 1284 1045 3139 1279 1045 3140 1282 1046 3141 1250 1046 3142 1281 1046 3143 1283 1047 3144 1255 1047 3145 1282 1047 3146 1284 1048 3147 1260 1048 3148 1283 1048 3149 1285 1049 3150 1265 1049 3151 1284 1049 3152 1286 1050 3153 1290 1050 3154 1246 1050 3155 1287 1051 3156 1291 1051 3157 1286 1051 3158 1288 1052 3159 1292 1052 3160 1287 1052 3161 1289 1053 3162 1293 1053 3163 1288 1053 3164 1291 1054 3165 1295 1054 3166 1290 1054 3167 1292 1055 3168 1296 1055 3169 1291 1055 3170 1293 1056 3171 1297 1056 3172 1292 1056 3173 1294 1057 3174 1298 1057 3175 1293 1057 3176 1296 1058 3177 1300 1058 3178 1295 1058 3179 1297 1059 3180 1301 1059 3181 1296 1059 3182 1298 1060 3183 1302 1060 3184 1297 1060 3185 1299 1061 3186 1303 1061 3187 1298 1061 3188 1301 1062 3189 1270 1062 3190 1300 1062 3191 1302 1063 3192 1275 1063 3193 1301 1063 3194 1303 1064 3195 1280 1064 3196 1302 1064 3197 1304 1065 3198 1285 1065 3199 1303 1065 3200 1308 1066 3201 1312 1066 3202 1305 1066 3203 1309 1067 3204 1313 1067 3205 1308 1067 3206 1310 1068 3207 1314 1068 3208 1309 1068 3209 1310 1069 3210 1316 1069 3211 1315 1069 3212 1313 1070 3213 1317 1070 3214 1312 1070 3215 1314 1071 3216 1318 1071 3217 1313 1071 3218 1314 1072 3219 1320 1072 3220 1319 1072 3221 1315 1073 3222 1321 1073 3223 1320 1073 3224 1318 1074 3225 1322 1074 3226 1317 1074 3227 1318 1075 3228 1324 1075 3229 1323 1075 3230 1319 1076 3231 1325 1076 3232 1324 1076 3233 1320 1077 3234 1326 1077 3235 1325 1077 3236 1322 1078 3237 1355 1078 3238 1350 1078 3239 1323 1079 3240 1360 1079 3241 1355 1079 3242 1324 1080 3243 1365 1080 3244 1360 1080 3245 1325 1081 3246 1327 1081 3247 1365 1081 3248 1328 1082 3249 1332 1082 3250 1306 1082 3251 1329 1083 3252 1333 1083 3253 1328 1083 3254 1330 1084 3255 1334 1084 3256 1329 1084 3257 1331 1085 3258 1335 1085 3259 1330 1085 3260 1333 1086 3261 1337 1086 3262 1332 1086 3263 1334 1087 3264 1338 1087 3265 1333 1087 3266 1335 1088 3267 1339 1088 3268 1334 1088 3269 1336 1089 3270 1340 1089 3271 1335 1089 3272 1338 1090 3273 1342 1090 3274 1337 1090 3275 1339 1091 3276 1343 1091 3277 1338 1091 3278 1340 1092 3279 1344 1092 3280 1339 1092 3281 1341 1093 3282 1345 1093 3283 1340 1093 3284 1343 1094 3285 1311 1094 3286 1342 1094 3287 1344 1095 3288 1316 1095 3289 1343 1095 3290 1345 1096 3291 1321 1096 3292 1344 1096 3293 1346 1097 3294 1326 1097 3295 1345 1097 3296 1347 1098 3297 1351 1098 3298 1307 1098 3299 1348 1099 3300 1352 1099 3301 1347 1099 3302 1349 1100 3303 1353 1100 3304 1348 1100 3305 1350 1101 3306 1354 1101 3307 1349 1101 3308 1352 1102 3309 1356 1102 3310 1351 1102 3311 1353 1103 3312 1357 1103 3313 1352 1103 3314 1354 1104 3315 1358 1104 3316 1353 1104 3317 1355 1105 3318 1359 1105 3319 1354 1105 3320 1357 1106 3321 1361 1106 3322 1356 1106 3323 1358 1107 3324 1362 1107 3325 1357 1107 3326 1359 1108 3327 1363 1108 3328 1358 1108 3329 1360 1109 3330 1364 1109 3331 1359 1109 3332 1362 1110 3333 1331 1110 3334 1361 1110 3335 1363 1111 3336 1336 1111 3337 1362 1111 3338 1364 1112 3339 1341 1112 3340 1363 1112 3341 1365 1113 3342 1346 1113 3343 1364 1113 3344 1369 1114 3345 1373 1114 3346 1366 1114 3347 1370 1115 3348 1374 1115 3349 1369 1115 3350 1371 1116 3351 1375 1116 3352 1370 1116 3353 1371 1117 3354 1377 1117 3355 1376 1117 3356 1374 1118 3357 1378 1118 3358 1373 1118 3359 1375 1119 3360 1379 1119 3361 1374 1119 3362 1375 1120 3363 1381 1120 3364 1380 1120 3365 1376 1121 3366 1382 1121 3367 1381 1121 3368 1379 1122 3369 1383 1122 3370 1378 1122 3371 1379 1123 3372 1385 1123 3373 1384 1123 3374 1380 1124 3375 1386 1124 3376 1385 1124 3377 1381 1125 3378 1387 1125 3379 1386 1125 3380 1383 1126 3381 1416 1126 3382 1411 1126 3383 1384 1127 3384 1421 1127 3385 1416 1127 3386 1385 1128 3387 1426 1128 3388 1421 1128 3389 1386 1129 3390 1388 1129 3391 1426 1129 3392 1389 1130 3393 1393 1130 3394 1367 1130 3395 1390 1131 3396 1394 1131 3397 1389 1131 3398 1391 1132 3399 1395 1132 3400 1390 1132 3401 1392 1133 3402 1396 1133 3403 1391 1133 3404 1394 1134 3405 1398 1134 3406 1393 1134 3407 1395 1135 3408 1399 1135 3409 1394 1135 3410 1396 1136 3411 1400 1136 3412 1395 1136 3413 1397 1137 3414 1401 1137 3415 1396 1137 3416 1399 1138 3417 1403 1138 3418 1398 1138 3419 1400 1139 3420 1404 1139 3421 1399 1139 3422 1401 1140 3423 1405 1140 3424 1400 1140 3425 1402 1141 3426 1406 1141 3427 1401 1141 3428 1404 1142 3429 1372 1142 3430 1403 1142 3431 1405 1143 3432 1377 1143 3433 1404 1143 3434 1406 1144 3435 1382 1144 3436 1405 1144 3437 1407 1145 3438 1387 1145 3439 1406 1145 3440 1408 1146 3441 1412 1146 3442 1368 1146 3443 1409 1147 3444 1413 1147 3445 1408 1147 3446 1410 1148 3447 1414 1148 3448 1409 1148 3449 1411 1149 3450 1415 1149 3451 1410 1149 3452 1413 1150 3453 1417 1150 3454 1412 1150 3455 1414 1151 3456 1418 1151 3457 1413 1151 3458 1415 1152 3459 1419 1152 3460 1414 1152 3461 1416 1153 3462 1420 1153 3463 1415 1153 3464 1418 1154 3465 1422 1154 3466 1417 1154 3467 1419 1155 3468 1423 1155 3469 1418 1155 3470 1420 1156 3471 1424 1156 3472 1419 1156 3473 1421 1157 3474 1425 1157 3475 1420 1157 3476 1423 1158 3477 1392 1158 3478 1422 1158 3479 1424 1159 3480 1397 1159 3481 1423 1159 3482 1425 1160 3483 1402 1160 3484 1424 1160 3485 1426 1161 3486 1407 1161 3487 1425 1161 3488 1430 1162 3489 1434 1162 3490 1427 1162 3491 1431 1163 3492 1435 1163 3493 1430 1163 3494 1432 1164 3495 1436 1164 3496 1431 1164 3497 1432 1165 3498 1438 1165 3499 1437 1165 3500 1435 1166 3501 1439 1166 3502 1434 1166 3503 1436 1167 3504 1440 1167 3505 1435 1167 3506 1436 1168 3507 1442 1168 3508 1441 1168 3509 1437 1169 3510 1443 1169 3511 1442 1169 3512 1440 1170 3513 1444 1170 3514 1439 1170 3515 1440 1171 3516 1446 1171 3517 1445 1171 3518 1441 1172 3519 1447 1172 3520 1446 1172 3521 1442 1173 3522 1448 1173 3523 1447 1173 3524 1444 1174 3525 1477 1174 3526 1472 1174 3527 1445 1175 3528 1482 1175 3529 1477 1175 3530 1446 1176 3531 1487 1176 3532 1482 1176 3533 1447 1177 3534 1449 1177 3535 1487 1177 3536 1450 1178 3537 1454 1178 3538 1428 1178 3539 1451 1179 3540 1455 1179 3541 1450 1179 3542 1452 1180 3543 1456 1180 3544 1451 1180 3545 1453 1181 3546 1457 1181 3547 1452 1181 3548 1455 1182 3549 1459 1182 3550 1454 1182 3551 1456 1183 3552 1460 1183 3553 1455 1183 3554 1457 1184 3555 1461 1184 3556 1456 1184 3557 1458 1185 3558 1462 1185 3559 1457 1185 3560 1460 1186 3561 1464 1186 3562 1459 1186 3563 1461 1187 3564 1465 1187 3565 1460 1187 3566 1462 1188 3567 1466 1188 3568 1461 1188 3569 1463 1189 3570 1467 1189 3571 1462 1189 3572 1465 1190 3573 1433 1190 3574 1464 1190 3575 1466 1191 3576 1438 1191 3577 1465 1191 3578 1467 1192 3579 1443 1192 3580 1466 1192 3581 1468 1193 3582 1448 1193 3583 1467 1193 3584 1469 1194 3585 1473 1194 3586 1429 1194 3587 1470 1195 3588 1474 1195 3589 1469 1195 3590 1471 1196 3591 1475 1196 3592 1470 1196 3593 1472 1197 3594 1476 1197 3595 1471 1197 3596 1474 1198 3597 1478 1198 3598 1473 1198 3599 1475 1199 3600 1479 1199 3601 1474 1199 3602 1476 1200 3603 1480 1200 3604 1475 1200 3605 1477 1201 3606 1481 1201 3607 1476 1201 3608 1479 1202 3609 1483 1202 3610 1478 1202 3611 1480 1203 3612 1484 1203 3613 1479 1203 3614 1481 1204 3615 1485 1204 3616 1480 1204 3617 1482 1205 3618 1486 1205 3619 1481 1205 3620 1484 1206 3621 1453 1206 3622 1483 1206 3623 1485 1207 3624 1458 1207 3625 1484 1207 3626 1486 1208 3627 1463 1208 3628 1485 1208 3629 1487 1209 3630 1468 1209 3631 1486 1209 3632 1491 1210 3633 1495 1210 3634 1488 1210 3635 1492 1211 3636 1496 1211 3637 1491 1211 3638 1493 1212 3639 1497 1212 3640 1492 1212 3641 1493 1213 3642 1499 1213 3643 1498 1213 3644 1496 1214 3645 1500 1214 3646 1495 1214 3647 1497 1215 3648 1501 1215 3649 1496 1215 3650 1497 1216 3651 1503 1216 3652 1502 1216 3653 1498 1217 3654 1504 1217 3655 1503 1217 3656 1501 1218 3657 1505 1218 3658 1500 1218 3659 1501 1219 3660 1507 1219 3661 1506 1219 3662 1502 1220 3663 1508 1220 3664 1507 1220 3665 1503 1221 3666 1509 1221 3667 1508 1221 3668 1505 1222 3669 1538 1222 3670 1533 1222 3671 1506 1223 3672 1543 1223 3673 1538 1223 3674 1507 1224 3675 1548 1224 3676 1543 1224 3677 1508 1225 3678 1510 1225 3679 1548 1225 3680 1511 1226 3681 1515 1226 3682 1489 1226 3683 1512 1227 3684 1516 1227 3685 1511 1227 3686 1513 1228 3687 1517 1228 3688 1512 1228 3689 1514 1229 3690 1518 1229 3691 1513 1229 3692 1516 1230 3693 1520 1230 3694 1515 1230 3695 1517 1231 3696 1521 1231 3697 1516 1231 3698 1518 1232 3699 1522 1232 3700 1517 1232 3701 1519 1233 3702 1523 1233 3703 1518 1233 3704 1521 1234 3705 1525 1234 3706 1520 1234 3707 1522 1235 3708 1526 1235 3709 1521 1235 3710 1523 1236 3711 1527 1236 3712 1522 1236 3713 1524 1237 3714 1528 1237 3715 1523 1237 3716 1526 1238 3717 1494 1238 3718 1525 1238 3719 1527 1239 3720 1499 1239 3721 1526 1239 3722 1528 1240 3723 1504 1240 3724 1527 1240 3725 1529 1241 3726 1509 1241 3727 1528 1241 3728 1530 1242 3729 1534 1242 3730 1490 1242 3731 1531 1243 3732 1535 1243 3733 1530 1243 3734 1532 1244 3735 1536 1244 3736 1531 1244 3737 1533 1245 3738 1537 1245 3739 1532 1245 3740 1535 1246 3741 1539 1246 3742 1534 1246 3743 1536 1247 3744 1540 1247 3745 1535 1247 3746 1537 1248 3747 1541 1248 3748 1536 1248 3749 1538 1249 3750 1542 1249 3751 1537 1249 3752 1540 1250 3753 1544 1250 3754 1539 1250 3755 1541 1251 3756 1545 1251 3757 1540 1251 3758 1542 1252 3759 1546 1252 3760 1541 1252 3761 1543 1253 3762 1547 1253 3763 1542 1253 3764 1545 1254 3765 1514 1254 3766 1544 1254 3767 1546 1255 3768 1519 1255 3769 1545 1255 3770 1547 1256 3771 1524 1256 3772 1546 1256 3773 1548 1257 3774 1529 1257 3775 1547 1257 3776 1552 1258 3777 1556 1258 3778 1549 1258 3779 1553 1259 3780 1557 1259 3781 1552 1259 3782 1554 1260 3783 1558 1260 3784 1553 1260 3785 1554 1261 3786 1560 1261 3787 1559 1261 3788 1557 1262 3789 1561 1262 3790 1556 1262 3791 1558 1263 3792 1562 1263 3793 1557 1263 3794 1558 1264 3795 1564 1264 3796 1563 1264 3797 1559 1265 3798 1565 1265 3799 1564 1265 3800 1562 1266 3801 1566 1266 3802 1561 1266 3803 1562 1267 3804 1568 1267 3805 1567 1267 3806 1563 1268 3807 1569 1268 3808 1568 1268 3809 1564 1269 3810 1570 1269 3811 1569 1269 3812 1566 1270 3813 1599 1270 3814 1594 1270 3815 1567 1271 3816 1604 1271 3817 1599 1271 3818 1568 1272 3819 1609 1272 3820 1604 1272 3821 1569 1273 3822 1571 1273 3823 1609 1273 3824 1572 1274 3825 1576 1274 3826 1550 1274 3827 1573 1275 3828 1577 1275 3829 1572 1275 3830 1574 1276 3831 1578 1276 3832 1573 1276 3833 1575 1277 3834 1579 1277 3835 1574 1277 3836 1577 1278 3837 1581 1278 3838 1576 1278 3839 1578 1279 3840 1582 1279 3841 1577 1279 3842 1579 1280 3843 1583 1280 3844 1578 1280 3845 1580 1281 3846 1584 1281 3847 1579 1281 3848 1582 1282 3849 1586 1282 3850 1581 1282 3851 1583 1283 3852 1587 1283 3853 1582 1283 3854 1584 1284 3855 1588 1284 3856 1583 1284 3857 1585 1285 3858 1589 1285 3859 1584 1285 3860 1587 1286 3861 1555 1286 3862 1586 1286 3863 1588 1287 3864 1560 1287 3865 1587 1287 3866 1589 1288 3867 1565 1288 3868 1588 1288 3869 1590 1289 3870 1570 1289 3871 1589 1289 3872 1591 1290 3873 1595 1290 3874 1551 1290 3875 1592 1291 3876 1596 1291 3877 1591 1291 3878 1593 1292 3879 1597 1292 3880 1592 1292 3881 1594 1293 3882 1598 1293 3883 1593 1293 3884 1596 1294 3885 1600 1294 3886 1595 1294 3887 1597 1295 3888 1601 1295 3889 1596 1295 3890 1598 1296 3891 1602 1296 3892 1597 1296 3893 1599 1297 3894 1603 1297 3895 1598 1297 3896 1601 1298 3897 1605 1298 3898 1600 1298 3899 1602 1299 3900 1606 1299 3901 1601 1299 3902 1603 1300 3903 1607 1300 3904 1602 1300 3905 1604 1301 3906 1608 1301 3907 1603 1301 3908 1606 1302 3909 1575 1302 3910 1605 1302 3911 1607 1303 3912 1580 1303 3913 1606 1303 3914 1608 1304 3915 1585 1304 3916 1607 1304 3917 1609 1305 3918 1590 1305 3919 1608 1305 3920 1613 1306 3921 1617 1306 3922 1610 1306 3923 1614 1307 3924 1618 1307 3925 1613 1307 3926 1615 1308 3927 1619 1308 3928 1614 1308 3929 1615 1309 3930 1621 1309 3931 1620 1309 3932 1618 1310 3933 1622 1310 3934 1617 1310 3935 1619 1311 3936 1623 1311 3937 1618 1311 3938 1619 1312 3939 1625 1312 3940 1624 1312 3941 1620 1313 3942 1626 1313 3943 1625 1313 3944 1623 1314 3945 1627 1314 3946 1622 1314 3947 1623 1315 3948 1629 1315 3949 1628 1315 3950 1624 1316 3951 1630 1316 3952 1629 1316 3953 1625 1317 3954 1631 1317 3955 1630 1317 3956 1627 1318 3957 1660 1318 3958 1655 1318 3959 1628 1319 3960 1665 1319 3961 1660 1319 3962 1629 1320 3963 1670 1320 3964 1665 1320 3965 1630 1321 3966 1632 1321 3967 1670 1321 3968 1633 1322 3969 1637 1322 3970 1611 1322 3971 1634 1323 3972 1638 1323 3973 1633 1323 3974 1635 1324 3975 1639 1324 3976 1634 1324 3977 1636 1325 3978 1640 1325 3979 1635 1325 3980 1638 1326 3981 1642 1326 3982 1637 1326 3983 1639 1327 3984 1643 1327 3985 1638 1327 3986 1640 1328 3987 1644 1328 3988 1639 1328 3989 1641 1329 3990 1645 1329 3991 1640 1329 3992 1643 1330 3993 1647 1330 3994 1642 1330 3995 1644 1331 3996 1648 1331 3997 1643 1331 3998 1645 1332 3999 1649 1332 4000 1644 1332 4001 1646 1333 4002 1650 1333 4003 1645 1333 4004 1648 1334 4005 1616 1334 4006 1647 1334 4007 1649 1335 4008 1621 1335 4009 1648 1335 4010 1650 1336 4011 1626 1336 4012 1649 1336 4013 1651 1337 4014 1631 1337 4015 1650 1337 4016 1652 1338 4017 1656 1338 4018 1612 1338 4019 1653 1339 4020 1657 1339 4021 1652 1339 4022 1654 1340 4023 1658 1340 4024 1653 1340 4025 1655 1341 4026 1659 1341 4027 1654 1341 4028 1657 1342 4029 1661 1342 4030 1656 1342 4031 1658 1343 4032 1662 1343 4033 1657 1343 4034 1659 1344 4035 1663 1344 4036 1658 1344 4037 1660 1345 4038 1664 1345 4039 1659 1345 4040 1662 1346 4041 1666 1346 4042 1661 1346 4043 1663 1347 4044 1667 1347 4045 1662 1347 4046 1664 1348 4047 1668 1348 4048 1663 1348 4049 1665 1349 4050 1669 1349 4051 1664 1349 4052 1667 1350 4053 1636 1350 4054 1666 1350 4055 1668 1351 4056 1641 1351 4057 1667 1351 4058 1669 1352 4059 1646 1352 4060 1668 1352 4061 1670 1353 4062 1651 1353 4063 1669 1353 4064 1674 1354 4065 1678 1354 4066 1671 1354 4067 1675 1355 4068 1679 1355 4069 1674 1355 4070 1676 1356 4071 1680 1356 4072 1675 1356 4073 1676 1357 4074 1682 1357 4075 1681 1357 4076 1679 1358 4077 1683 1358 4078 1678 1358 4079 1680 1359 4080 1684 1359 4081 1679 1359 4082 1680 1360 4083 1686 1360 4084 1685 1360 4085 1681 1361 4086 1687 1361 4087 1686 1361 4088 1684 1362 4089 1688 1362 4090 1683 1362 4091 1684 1363 4092 1690 1363 4093 1689 1363 4094 1685 1364 4095 1691 1364 4096 1690 1364 4097 1686 1365 4098 1692 1365 4099 1691 1365 4100 1688 1366 4101 1721 1366 4102 1716 1366 4103 1689 1367 4104 1726 1367 4105 1721 1367 4106 1690 1368 4107 1731 1368 4108 1726 1368 4109 1691 1369 4110 1693 1369 4111 1731 1369 4112 1694 1370 4113 1698 1370 4114 1672 1370 4115 1695 1371 4116 1699 1371 4117 1694 1371 4118 1696 1372 4119 1700 1372 4120 1695 1372 4121 1697 1373 4122 1701 1373 4123 1696 1373 4124 1699 1374 4125 1703 1374 4126 1698 1374 4127 1700 1375 4128 1704 1375 4129 1699 1375 4130 1701 1376 4131 1705 1376 4132 1700 1376 4133 1702 1377 4134 1706 1377 4135 1701 1377 4136 1704 1378 4137 1708 1378 4138 1703 1378 4139 1705 1379 4140 1709 1379 4141 1704 1379 4142 1706 1380 4143 1710 1380 4144 1705 1380 4145 1707 1381 4146 1711 1381 4147 1706 1381 4148 1709 1382 4149 1677 1382 4150 1708 1382 4151 1710 1383 4152 1682 1383 4153 1709 1383 4154 1711 1384 4155 1687 1384 4156 1710 1384 4157 1712 1385 4158 1692 1385 4159 1711 1385 4160 1713 1386 4161 1717 1386 4162 1673 1386 4163 1714 1387 4164 1718 1387 4165 1713 1387 4166 1715 1388 4167 1719 1388 4168 1714 1388 4169 1716 1389 4170 1720 1389 4171 1715 1389 4172 1718 1390 4173 1722 1390 4174 1717 1390 4175 1719 1391 4176 1723 1391 4177 1718 1391 4178 1720 1392 4179 1724 1392 4180 1719 1392 4181 1721 1393 4182 1725 1393 4183 1720 1393 4184 1723 1394 4185 1727 1394 4186 1722 1394 4187 1724 1395 4188 1728 1395 4189 1723 1395 4190 1725 1396 4191 1729 1396 4192 1724 1396 4193 1726 1397 4194 1730 1397 4195 1725 1397 4196 1728 1398 4197 1697 1398 4198 1727 1398 4199 1729 1399 4200 1702 1399 4201 1728 1399 4202 1730 1400 4203 1707 1400 4204 1729 1400 4205 1731 1401 4206 1712 1401 4207 1730 1401 4208 1735 1402 4209 1739 1402 4210 1732 1402 4211 1736 1403 4212 1740 1403 4213 1735 1403 4214 1737 1404 4215 1741 1404 4216 1736 1404 4217 1737 1405 4218 1743 1405 4219 1742 1405 4220 1740 1406 4221 1744 1406 4222 1739 1406 4223 1741 1407 4224 1745 1407 4225 1740 1407 4226 1741 1408 4227 1747 1408 4228 1746 1408 4229 1742 1409 4230 1748 1409 4231 1747 1409 4232 1745 1410 4233 1749 1410 4234 1744 1410 4235 1745 1411 4236 1751 1411 4237 1750 1411 4238 1746 1412 4239 1752 1412 4240 1751 1412 4241 1747 1413 4242 1753 1413 4243 1752 1413 4244 1749 1414 4245 1782 1414 4246 1777 1414 4247 1750 1415 4248 1787 1415 4249 1782 1415 4250 1751 1416 4251 1792 1416 4252 1787 1416 4253 1752 1417 4254 1754 1417 4255 1792 1417 4256 1755 1418 4257 1759 1418 4258 1733 1418 4259 1756 1419 4260 1760 1419 4261 1755 1419 4262 1757 1420 4263 1761 1420 4264 1756 1420 4265 1758 1421 4266 1762 1421 4267 1757 1421 4268 1760 1422 4269 1764 1422 4270 1759 1422 4271 1761 1423 4272 1765 1423 4273 1760 1423 4274 1762 1424 4275 1766 1424 4276 1761 1424 4277 1763 1425 4278 1767 1425 4279 1762 1425 4280 1765 1426 4281 1769 1426 4282 1764 1426 4283 1766 1427 4284 1770 1427 4285 1765 1427 4286 1767 1428 4287 1771 1428 4288 1766 1428 4289 1768 1429 4290 1772 1429 4291 1767 1429 4292 1770 1430 4293 1738 1430 4294 1769 1430 4295 1771 1431 4296 1743 1431 4297 1770 1431 4298 1772 1432 4299 1748 1432 4300 1771 1432 4301 1773 1433 4302 1753 1433 4303 1772 1433 4304 1774 1434 4305 1778 1434 4306 1734 1434 4307 1775 1435 4308 1779 1435 4309 1774 1435 4310 1776 1436 4311 1780 1436 4312 1775 1436 4313 1777 1437 4314 1781 1437 4315 1776 1437 4316 1779 1438 4317 1783 1438 4318 1778 1438 4319 1780 1439 4320 1784 1439 4321 1779 1439 4322 1781 1440 4323 1785 1440 4324 1780 1440 4325 1782 1441 4326 1786 1441 4327 1781 1441 4328 1784 1442 4329 1788 1442 4330 1783 1442 4331 1785 1443 4332 1789 1443 4333 1784 1443 4334 1786 1444 4335 1790 1444 4336 1785 1444 4337 1787 1445 4338 1791 1445 4339 1786 1445 4340 1789 1446 4341 1758 1446 4342 1788 1446 4343 1790 1447 4344 1763 1447 4345 1789 1447 4346 1791 1448 4347 1768 1448 4348 1790 1448 4349 1792 1449 4350 1773 1449 4351 1791 1449 4352 1796 1450 4353 1800 1450 4354 1793 1450 4355 1797 1451 4356 1801 1451 4357 1796 1451 4358 1798 1452 4359 1802 1452 4360 1797 1452 4361 1798 1453 4362 1804 1453 4363 1803 1453 4364 1801 1454 4365 1805 1454 4366 1800 1454 4367 1802 1455 4368 1806 1455 4369 1801 1455 4370 1802 1456 4371 1808 1456 4372 1807 1456 4373 1803 1457 4374 1809 1457 4375 1808 1457 4376 1806 1458 4377 1810 1458 4378 1805 1458 4379 1806 1459 4380 1812 1459 4381 1811 1459 4382 1807 1460 4383 1813 1460 4384 1812 1460 4385 1808 1461 4386 1814 1461 4387 1813 1461 4388 1810 1462 4389 1843 1462 4390 1838 1462 4391 1811 1463 4392 1848 1463 4393 1843 1463 4394 1812 1464 4395 1853 1464 4396 1848 1464 4397 1813 1465 4398 1815 1465 4399 1853 1465 4400 1816 1466 4401 1820 1466 4402 1794 1466 4403 1817 1467 4404 1821 1467 4405 1816 1467 4406 1818 1468 4407 1822 1468 4408 1817 1468 4409 1819 1469 4410 1823 1469 4411 1818 1469 4412 1821 1470 4413 1825 1470 4414 1820 1470 4415 1822 1471 4416 1826 1471 4417 1821 1471 4418 1823 1472 4419 1827 1472 4420 1822 1472 4421 1824 1473 4422 1828 1473 4423 1823 1473 4424 1826 1474 4425 1830 1474 4426 1825 1474 4427 1827 1475 4428 1831 1475 4429 1826 1475 4430 1828 1476 4431 1832 1476 4432 1827 1476 4433 1829 1477 4434 1833 1477 4435 1828 1477 4436 1831 1478 4437 1799 1478 4438 1830 1478 4439 1832 1479 4440 1804 1479 4441 1831 1479 4442 1833 1480 4443 1809 1480 4444 1832 1480 4445 1834 1481 4446 1814 1481 4447 1833 1481 4448 1835 1482 4449 1839 1482 4450 1795 1482 4451 1836 1483 4452 1840 1483 4453 1835 1483 4454 1837 1484 4455 1841 1484 4456 1836 1484 4457 1838 1485 4458 1842 1485 4459 1837 1485 4460 1840 1486 4461 1844 1486 4462 1839 1486 4463 1841 1487 4464 1845 1487 4465 1840 1487 4466 1842 1488 4467 1846 1488 4468 1841 1488 4469 1843 1489 4470 1847 1489 4471 1842 1489 4472 1845 1490 4473 1849 1490 4474 1844 1490 4475 1846 1491 4476 1850 1491 4477 1845 1491 4478 1847 1492 4479 1851 1492 4480 1846 1492 4481 1848 1493 4482 1852 1493 4483 1847 1493 4484 1850 1494 4485 1819 1494 4486 1849 1494 4487 1851 1495 4488 1824 1495 4489 1850 1495 4490 1852 1496 4491 1829 1496 4492 1851 1496 4493 1853 1497 4494 1834 1497 4495 1852 1497 4496 1857 1498 4497 1861 1498 4498 1854 1498 4499 1858 1499 4500 1862 1499 4501 1857 1499 4502 1859 1500 4503 1863 1500 4504 1858 1500 4505 1859 1501 4506 1865 1501 4507 1864 1501 4508 1862 1502 4509 1866 1502 4510 1861 1502 4511 1863 1503 4512 1867 1503 4513 1862 1503 4514 1863 1504 4515 1869 1504 4516 1868 1504 4517 1864 1505 4518 1870 1505 4519 1869 1505 4520 1867 1506 4521 1871 1506 4522 1866 1506 4523 1867 1507 4524 1873 1507 4525 1872 1507 4526 1868 1508 4527 1874 1508 4528 1873 1508 4529 1869 1509 4530 1875 1509 4531 1874 1509 4532 1871 1510 4533 1904 1510 4534 1899 1510 4535 1872 1511 4536 1909 1511 4537 1904 1511 4538 1873 1512 4539 1914 1512 4540 1909 1512 4541 1874 1513 4542 1876 1513 4543 1914 1513 4544 1877 1514 4545 1881 1514 4546 1855 1514 4547 1878 1515 4548 1882 1515 4549 1877 1515 4550 1879 1516 4551 1883 1516 4552 1878 1516 4553 1880 1517 4554 1884 1517 4555 1879 1517 4556 1882 1518 4557 1886 1518 4558 1881 1518 4559 1883 1519 4560 1887 1519 4561 1882 1519 4562 1884 1520 4563 1888 1520 4564 1883 1520 4565 1885 1521 4566 1889 1521 4567 1884 1521 4568 1887 1522 4569 1891 1522 4570 1886 1522 4571 1888 1523 4572 1892 1523 4573 1887 1523 4574 1889 1524 4575 1893 1524 4576 1888 1524 4577 1890 1525 4578 1894 1525 4579 1889 1525 4580 1892 1526 4581 1860 1526 4582 1891 1526 4583 1893 1527 4584 1865 1527 4585 1892 1527 4586 1894 1528 4587 1870 1528 4588 1893 1528 4589 1895 1529 4590 1875 1529 4591 1894 1529 4592 1896 1530 4593 1900 1530 4594 1856 1530 4595 1897 1531 4596 1901 1531 4597 1896 1531 4598 1898 1532 4599 1902 1532 4600 1897 1532 4601 1899 1533 4602 1903 1533 4603 1898 1533 4604 1901 1534 4605 1905 1534 4606 1900 1534 4607 1902 1535 4608 1906 1535 4609 1901 1535 4610 1903 1536 4611 1907 1536 4612 1902 1536 4613 1904 1537 4614 1908 1537 4615 1903 1537 4616 1906 1538 4617 1910 1538 4618 1905 1538 4619 1907 1539 4620 1911 1539 4621 1906 1539 4622 1908 1540 4623 1912 1540 4624 1907 1540 4625 1909 1541 4626 1913 1541 4627 1908 1541 4628 1911 1542 4629 1880 1542 4630 1910 1542 4631 1912 1543 4632 1885 1543 4633 1911 1543 4634 1913 1544 4635 1890 1544 4636 1912 1544 4637 1914 1545 4638 1895 1545 4639 1913 1545 4640 1918 1546 4641 1922 1546 4642 1915 1546 4643 1919 1547 4644 1923 1547 4645 1918 1547 4646 1920 1548 4647 1924 1548 4648 1919 1548 4649 1920 1549 4650 1926 1549 4651 1925 1549 4652 1923 1550 4653 1927 1550 4654 1922 1550 4655 1924 1551 4656 1928 1551 4657 1923 1551 4658 1924 1552 4659 1930 1552 4660 1929 1552 4661 1925 1553 4662 1931 1553 4663 1930 1553 4664 1928 1554 4665 1932 1554 4666 1927 1554 4667 1928 1555 4668 1934 1555 4669 1933 1555 4670 1929 1556 4671 1935 1556 4672 1934 1556 4673 1930 1557 4674 1936 1557 4675 1935 1557 4676 1932 1558 4677 1965 1558 4678 1960 1558 4679 1933 1559 4680 1970 1559 4681 1965 1559 4682 1934 1560 4683 1975 1560 4684 1970 1560 4685 1935 1561 4686 1937 1561 4687 1975 1561 4688 1938 1562 4689 1942 1562 4690 1916 1562 4691 1939 1563 4692 1943 1563 4693 1938 1563 4694 1940 1564 4695 1944 1564 4696 1939 1564 4697 1941 1565 4698 1945 1565 4699 1940 1565 4700 1943 1566 4701 1947 1566 4702 1942 1566 4703 1944 1567 4704 1948 1567 4705 1943 1567 4706 1945 1568 4707 1949 1568 4708 1944 1568 4709 1946 1569 4710 1950 1569 4711 1945 1569 4712 1948 1570 4713 1952 1570 4714 1947 1570 4715 1949 1571 4716 1953 1571 4717 1948 1571 4718 1950 1572 4719 1954 1572 4720 1949 1572 4721 1951 1573 4722 1955 1573 4723 1950 1573 4724 1953 1574 4725 1921 1574 4726 1952 1574 4727 1954 1575 4728 1926 1575 4729 1953 1575 4730 1955 1576 4731 1931 1576 4732 1954 1576 4733 1956 1577 4734 1936 1577 4735 1955 1577 4736 1957 1578 4737 1961 1578 4738 1917 1578 4739 1958 1579 4740 1962 1579 4741 1957 1579 4742 1959 1580 4743 1963 1580 4744 1958 1580 4745 1960 1581 4746 1964 1581 4747 1959 1581 4748 1962 1582 4749 1966 1582 4750 1961 1582 4751 1963 1583 4752 1967 1583 4753 1962 1583 4754 1964 1584 4755 1968 1584 4756 1963 1584 4757 1965 1585 4758 1969 1585 4759 1964 1585 4760 1967 1586 4761 1971 1586 4762 1966 1586 4763 1968 1587 4764 1972 1587 4765 1967 1587 4766 1969 1588 4767 1973 1588 4768 1968 1588 4769 1970 1589 4770 1974 1589 4771 1969 1589 4772 1972 1590 4773 1941 1590 4774 1971 1590 4775 1973 1591 4776 1946 1591 4777 1972 1591 4778 1974 1592 4779 1951 1592 4780 1973 1592 4781 1975 1593 4782 1956 1593 4783 1974 1593 4784 1979 1594 4785 1983 1594 4786 1976 1594 4787 1980 1595 4788 1984 1595 4789 1979 1595 4790 1981 1596 4791 1985 1596 4792 1980 1596 4793 1981 1597 4794 1987 1597 4795 1986 1597 4796 1984 1598 4797 1988 1598 4798 1983 1598 4799 1985 1599 4800 1989 1599 4801 1984 1599 4802 1985 1600 4803 1991 1600 4804 1990 1600 4805 1986 1601 4806 1992 1601 4807 1991 1601 4808 1989 1602 4809 1993 1602 4810 1988 1602 4811 1989 1603 4812 1995 1603 4813 1994 1603 4814 1990 1604 4815 1996 1604 4816 1995 1604 4817 1991 1605 4818 1997 1605 4819 1996 1605 4820 1993 1606 4821 2026 1606 4822 2021 1606 4823 1994 1607 4824 2031 1607 4825 2026 1607 4826 1995 1608 4827 2036 1608 4828 2031 1608 4829 1996 1609 4830 1998 1609 4831 2036 1609 4832 1999 1610 4833 2003 1610 4834 1977 1610 4835 2000 1611 4836 2004 1611 4837 1999 1611 4838 2001 1612 4839 2005 1612 4840 2000 1612 4841 2002 1613 4842 2006 1613 4843 2001 1613 4844 2004 1614 4845 2008 1614 4846 2003 1614 4847 2005 1615 4848 2009 1615 4849 2004 1615 4850 2006 1616 4851 2010 1616 4852 2005 1616 4853 2007 1617 4854 2011 1617 4855 2006 1617 4856 2009 1618 4857 2013 1618 4858 2008 1618 4859 2010 1619 4860 2014 1619 4861 2009 1619 4862 2011 1620 4863 2015 1620 4864 2010 1620 4865 2012 1621 4866 2016 1621 4867 2011 1621 4868 2014 1622 4869 1982 1622 4870 2013 1622 4871 2015 1623 4872 1987 1623 4873 2014 1623 4874 2016 1624 4875 1992 1624 4876 2015 1624 4877 2017 1625 4878 1997 1625 4879 2016 1625 4880 2018 1626 4881 2022 1626 4882 1978 1626 4883 2019 1627 4884 2023 1627 4885 2018 1627 4886 2020 1628 4887 2024 1628 4888 2019 1628 4889 2021 1629 4890 2025 1629 4891 2020 1629 4892 2023 1630 4893 2027 1630 4894 2022 1630 4895 2024 1631 4896 2028 1631 4897 2023 1631 4898 2025 1632 4899 2029 1632 4900 2024 1632 4901 2026 1633 4902 2030 1633 4903 2025 1633 4904 2028 1634 4905 2032 1634 4906 2027 1634 4907 2029 1635 4908 2033 1635 4909 2028 1635 4910 2030 1636 4911 2034 1636 4912 2029 1636 4913 2031 1637 4914 2035 1637 4915 2030 1637 4916 2033 1638 4917 2002 1638 4918 2032 1638 4919 2034 1639 4920 2007 1639 4921 2033 1639 4922 2035 1640 4923 2012 1640 4924 2034 1640 4925 2036 1641 4926 2017 1641 4927 2035 1641 4928 2040 1642 4929 2044 1642 4930 2037 1642 4931 2041 1643 4932 2045 1643 4933 2040 1643 4934 2042 1644 4935 2046 1644 4936 2041 1644 4937 2042 1645 4938 2048 1645 4939 2047 1645 4940 2045 1646 4941 2049 1646 4942 2044 1646 4943 2046 1647 4944 2050 1647 4945 2045 1647 4946 2046 1648 4947 2052 1648 4948 2051 1648 4949 2047 1649 4950 2053 1649 4951 2052 1649 4952 2050 1650 4953 2054 1650 4954 2049 1650 4955 2050 1651 4956 2056 1651 4957 2055 1651 4958 2051 1652 4959 2057 1652 4960 2056 1652 4961 2052 1653 4962 2058 1653 4963 2057 1653 4964 2054 1654 4965 2087 1654 4966 2082 1654 4967 2055 1655 4968 2092 1655 4969 2087 1655 4970 2056 1656 4971 2097 1656 4972 2092 1656 4973 2057 1657 4974 2059 1657 4975 2097 1657 4976 2060 1658 4977 2064 1658 4978 2038 1658 4979 2061 1659 4980 2065 1659 4981 2060 1659 4982 2062 1660 4983 2066 1660 4984 2061 1660 4985 2063 1661 4986 2067 1661 4987 2062 1661 4988 2065 1662 4989 2069 1662 4990 2064 1662 4991 2066 1663 4992 2070 1663 4993 2065 1663 4994 2067 1664 4995 2071 1664 4996 2066 1664 4997 2068 1665 4998 2072 1665 4999 2067 1665 5000 2070 1666 5001 2074 1666 5002 2069 1666 5003 2071 1667 5004 2075 1667 5005 2070 1667 5006 2072 1668 5007 2076 1668 5008 2071 1668 5009 2073 1669 5010 2077 1669 5011 2072 1669 5012 2075 1670 5013 2043 1670 5014 2074 1670 5015 2076 1671 5016 2048 1671 5017 2075 1671 5018 2077 1672 5019 2053 1672 5020 2076 1672 5021 2078 1673 5022 2058 1673 5023 2077 1673 5024 2079 1674 5025 2083 1674 5026 2039 1674 5027 2080 1675 5028 2084 1675 5029 2079 1675 5030 2081 1676 5031 2085 1676 5032 2080 1676 5033 2082 1677 5034 2086 1677 5035 2081 1677 5036 2084 1678 5037 2088 1678 5038 2083 1678 5039 2085 1679 5040 2089 1679 5041 2084 1679 5042 2086 1680 5043 2090 1680 5044 2085 1680 5045 2087 1681 5046 2091 1681 5047 2086 1681 5048 2089 1682 5049 2093 1682 5050 2088 1682 5051 2090 1683 5052 2094 1683 5053 2089 1683 5054 2091 1684 5055 2095 1684 5056 2090 1684 5057 2092 1685 5058 2096 1685 5059 2091 1685 5060 2094 1686 5061 2063 1686 5062 2093 1686 5063 2095 1687 5064 2068 1687 5065 2094 1687 5066 2096 1688 5067 2073 1688 5068 2095 1688 5069 2097 1689 5070 2078 1689 5071 2096 1689 5072 2101 1690 5073 2105 1690 5074 2098 1690 5075 2102 1691 5076 2106 1691 5077 2101 1691 5078 2103 1692 5079 2107 1692 5080 2102 1692 5081 2103 1693 5082 2109 1693 5083 2108 1693 5084 2106 1694 5085 2110 1694 5086 2105 1694 5087 2107 1695 5088 2111 1695 5089 2106 1695 5090 2107 1696 5091 2113 1696 5092 2112 1696 5093 2108 1697 5094 2114 1697 5095 2113 1697 5096 2111 1698 5097 2115 1698 5098 2110 1698 5099 2111 1699 5100 2117 1699 5101 2116 1699 5102 2112 1700 5103 2118 1700 5104 2117 1700 5105 2113 1701 5106 2119 1701 5107 2118 1701 5108 2115 1702 5109 2148 1702 5110 2143 1702 5111 2116 1703 5112 2153 1703 5113 2148 1703 5114 2117 1704 5115 2158 1704 5116 2153 1704 5117 2118 1705 5118 2120 1705 5119 2158 1705 5120 2121 1706 5121 2125 1706 5122 2099 1706 5123 2122 1707 5124 2126 1707 5125 2121 1707 5126 2123 1708 5127 2127 1708 5128 2122 1708 5129 2124 1709 5130 2128 1709 5131 2123 1709 5132 2126 1710 5133 2130 1710 5134 2125 1710 5135 2127 1711 5136 2131 1711 5137 2126 1711 5138 2128 1712 5139 2132 1712 5140 2127 1712 5141 2129 1713 5142 2133 1713 5143 2128 1713 5144 2131 1714 5145 2135 1714 5146 2130 1714 5147 2132 1715 5148 2136 1715 5149 2131 1715 5150 2133 1716 5151 2137 1716 5152 2132 1716 5153 2134 1717 5154 2138 1717 5155 2133 1717 5156 2136 1718 5157 2104 1718 5158 2135 1718 5159 2137 1719 5160 2109 1719 5161 2136 1719 5162 2138 1720 5163 2114 1720 5164 2137 1720 5165 2139 1721 5166 2119 1721 5167 2138 1721 5168 2140 1722 5169 2144 1722 5170 2100 1722 5171 2141 1723 5172 2145 1723 5173 2140 1723 5174 2142 1724 5175 2146 1724 5176 2141 1724 5177 2143 1725 5178 2147 1725 5179 2142 1725 5180 2145 1726 5181 2149 1726 5182 2144 1726 5183 2146 1727 5184 2150 1727 5185 2145 1727 5186 2147 1728 5187 2151 1728 5188 2146 1728 5189 2148 1729 5190 2152 1729 5191 2147 1729 5192 2150 1730 5193 2154 1730 5194 2149 1730 5195 2151 1731 5196 2155 1731 5197 2150 1731 5198 2152 1732 5199 2156 1732 5200 2151 1732 5201 2153 1733 5202 2157 1733 5203 2152 1733 5204 2155 1734 5205 2124 1734 5206 2154 1734 5207 2156 1735 5208 2129 1735 5209 2155 1735 5210 2157 1736 5211 2134 1736 5212 2156 1736 5213 2158 1737 5214 2139 1737 5215 2157 1737 5216 2162 1738 5217 2166 1738 5218 2159 1738 5219 2163 1739 5220 2167 1739 5221 2162 1739 5222 2164 1740 5223 2168 1740 5224 2163 1740 5225 2164 1741 5226 2170 1741 5227 2169 1741 5228 2167 1742 5229 2171 1742 5230 2166 1742 5231 2168 1743 5232 2172 1743 5233 2167 1743 5234 2168 1744 5235 2174 1744 5236 2173 1744 5237 2169 1745 5238 2175 1745 5239 2174 1745 5240 2172 1746 5241 2176 1746 5242 2171 1746 5243 2172 1747 5244 2178 1747 5245 2177 1747 5246 2173 1748 5247 2179 1748 5248 2178 1748 5249 2174 1749 5250 2180 1749 5251 2179 1749 5252 2176 1750 5253 2209 1750 5254 2204 1750 5255 2177 1751 5256 2214 1751 5257 2209 1751 5258 2178 1752 5259 2219 1752 5260 2214 1752 5261 2179 1753 5262 2181 1753 5263 2219 1753 5264 2182 1754 5265 2186 1754 5266 2160 1754 5267 2183 1755 5268 2187 1755 5269 2182 1755 5270 2184 1756 5271 2188 1756 5272 2183 1756 5273 2185 1757 5274 2189 1757 5275 2184 1757 5276 2187 1758 5277 2191 1758 5278 2186 1758 5279 2188 1759 5280 2192 1759 5281 2187 1759 5282 2189 1760 5283 2193 1760 5284 2188 1760 5285 2190 1761 5286 2194 1761 5287 2189 1761 5288 2192 1762 5289 2196 1762 5290 2191 1762 5291 2193 1763 5292 2197 1763 5293 2192 1763 5294 2194 1764 5295 2198 1764 5296 2193 1764 5297 2195 1765 5298 2199 1765 5299 2194 1765 5300 2197 1766 5301 2165 1766 5302 2196 1766 5303 2198 1767 5304 2170 1767 5305 2197 1767 5306 2199 1768 5307 2175 1768 5308 2198 1768 5309 2200 1769 5310 2180 1769 5311 2199 1769 5312 2201 1770 5313 2205 1770 5314 2161 1770 5315 2202 1771 5316 2206 1771 5317 2201 1771 5318 2203 1772 5319 2207 1772 5320 2202 1772 5321 2204 1773 5322 2208 1773 5323 2203 1773 5324 2206 1774 5325 2210 1774 5326 2205 1774 5327 2207 1775 5328 2211 1775 5329 2206 1775 5330 2208 1776 5331 2212 1776 5332 2207 1776 5333 2209 1777 5334 2213 1777 5335 2208 1777 5336 2211 1778 5337 2215 1778 5338 2210 1778 5339 2212 1779 5340 2216 1779 5341 2211 1779 5342 2213 1780 5343 2217 1780 5344 2212 1780 5345 2214 1781 5346 2218 1781 5347 2213 1781 5348 2216 1782 5349 2185 1782 5350 2215 1782 5351 2217 1783 5352 2190 1783 5353 2216 1783 5354 2218 1784 5355 2195 1784 5356 2217 1784 5357 2219 1785 5358 2200 1785 5359 2218 1785 5360 2223 1786 5361 2227 1786 5362 2220 1786 5363 2224 1787 5364 2228 1787 5365 2223 1787 5366 2225 1788 5367 2229 1788 5368 2224 1788 5369 2225 1789 5370 2231 1789 5371 2230 1789 5372 2228 1790 5373 2232 1790 5374 2227 1790 5375 2229 1791 5376 2233 1791 5377 2228 1791 5378 2229 1792 5379 2235 1792 5380 2234 1792 5381 2230 1793 5382 2236 1793 5383 2235 1793 5384 2233 1794 5385 2237 1794 5386 2232 1794 5387 2233 1795 5388 2239 1795 5389 2238 1795 5390 2234 1796 5391 2240 1796 5392 2239 1796 5393 2235 1797 5394 2241 1797 5395 2240 1797 5396 2237 1798 5397 2270 1798 5398 2265 1798 5399 2238 1799 5400 2275 1799 5401 2270 1799 5402 2239 1800 5403 2280 1800 5404 2275 1800 5405 2240 1801 5406 2242 1801 5407 2280 1801 5408 2243 1802 5409 2247 1802 5410 2221 1802 5411 2244 1803 5412 2248 1803 5413 2243 1803 5414 2245 1804 5415 2249 1804 5416 2244 1804 5417 2246 1805 5418 2250 1805 5419 2245 1805 5420 2248 1806 5421 2252 1806 5422 2247 1806 5423 2249 1807 5424 2253 1807 5425 2248 1807 5426 2250 1808 5427 2254 1808 5428 2249 1808 5429 2251 1809 5430 2255 1809 5431 2250 1809 5432 2253 1810 5433 2257 1810 5434 2252 1810 5435 2254 1811 5436 2258 1811 5437 2253 1811 5438 2255 1812 5439 2259 1812 5440 2254 1812 5441 2256 1813 5442 2260 1813 5443 2255 1813 5444 2258 1814 5445 2226 1814 5446 2257 1814 5447 2259 1815 5448 2231 1815 5449 2258 1815 5450 2260 1816 5451 2236 1816 5452 2259 1816 5453 2261 1817 5454 2241 1817 5455 2260 1817 5456 2262 1818 5457 2266 1818 5458 2222 1818 5459 2263 1819 5460 2267 1819 5461 2262 1819 5462 2264 1820 5463 2268 1820 5464 2263 1820 5465 2265 1821 5466 2269 1821 5467 2264 1821 5468 2267 1822 5469 2271 1822 5470 2266 1822 5471 2268 1823 5472 2272 1823 5473 2267 1823 5474 2269 1824 5475 2273 1824 5476 2268 1824 5477 2270 1825 5478 2274 1825 5479 2269 1825 5480 2272 1826 5481 2276 1826 5482 2271 1826 5483 2273 1827 5484 2277 1827 5485 2272 1827 5486 2274 1828 5487 2278 1828 5488 2273 1828 5489 2275 1829 5490 2279 1829 5491 2274 1829 5492 2277 1830 5493 2246 1830 5494 2276 1830 5495 2278 1831 5496 2251 1831 5497 2277 1831 5498 2279 1832 5499 2256 1832 5500 2278 1832 5501 2280 1833 5502 2261 1833 5503 2279 1833 5504 2284 1834 5505 2288 1834 5506 2281 1834 5507 2285 1835 5508 2289 1835 5509 2284 1835 5510 2286 1836 5511 2290 1836 5512 2285 1836 5513 2286 1837 5514 2292 1837 5515 2291 1837 5516 2289 1838 5517 2293 1838 5518 2288 1838 5519 2290 1839 5520 2294 1839 5521 2289 1839 5522 2290 1840 5523 2296 1840 5524 2295 1840 5525 2291 1841 5526 2297 1841 5527 2296 1841 5528 2294 1842 5529 2298 1842 5530 2293 1842 5531 2294 1843 5532 2300 1843 5533 2299 1843 5534 2295 1844 5535 2301 1844 5536 2300 1844 5537 2296 1845 5538 2302 1845 5539 2301 1845 5540 2298 1846 5541 2331 1846 5542 2326 1846 5543 2299 1847 5544 2336 1847 5545 2331 1847 5546 2300 1848 5547 2341 1848 5548 2336 1848 5549 2301 1849 5550 2303 1849 5551 2341 1849 5552 2304 1850 5553 2308 1850 5554 2282 1850 5555 2305 1851 5556 2309 1851 5557 2304 1851 5558 2306 1852 5559 2310 1852 5560 2305 1852 5561 2307 1853 5562 2311 1853 5563 2306 1853 5564 2309 1854 5565 2313 1854 5566 2308 1854 5567 2310 1855 5568 2314 1855 5569 2309 1855 5570 2311 1856 5571 2315 1856 5572 2310 1856 5573 2312 1857 5574 2316 1857 5575 2311 1857 5576 2314 1858 5577 2318 1858 5578 2313 1858 5579 2315 1859 5580 2319 1859 5581 2314 1859 5582 2316 1860 5583 2320 1860 5584 2315 1860 5585 2317 1861 5586 2321 1861 5587 2316 1861 5588 2319 1862 5589 2287 1862 5590 2318 1862 5591 2320 1863 5592 2292 1863 5593 2319 1863 5594 2321 1864 5595 2297 1864 5596 2320 1864 5597 2322 1865 5598 2302 1865 5599 2321 1865 5600 2323 1866 5601 2327 1866 5602 2283 1866 5603 2324 1867 5604 2328 1867 5605 2323 1867 5606 2325 1868 5607 2329 1868 5608 2324 1868 5609 2326 1869 5610 2330 1869 5611 2325 1869 5612 2328 1870 5613 2332 1870 5614 2327 1870 5615 2329 1871 5616 2333 1871 5617 2328 1871 5618 2330 1872 5619 2334 1872 5620 2329 1872 5621 2331 1873 5622 2335 1873 5623 2330 1873 5624 2333 1874 5625 2337 1874 5626 2332 1874 5627 2334 1875 5628 2338 1875 5629 2333 1875 5630 2335 1876 5631 2339 1876 5632 2334 1876 5633 2336 1877 5634 2340 1877 5635 2335 1877 5636 2338 1878 5637 2307 1878 5638 2337 1878 5639 2339 1879 5640 2312 1879 5641 2338 1879 5642 2340 1880 5643 2317 1880 5644 2339 1880 5645 2341 1881 5646 2322 1881 5647 2340 1881 5648 2345 1882 5649 2349 1882 5650 2342 1882 5651 2346 1883 5652 2350 1883 5653 2345 1883 5654 2347 1884 5655 2351 1884 5656 2346 1884 5657 2347 1885 5658 2353 1885 5659 2352 1885 5660 2350 1886 5661 2354 1886 5662 2349 1886 5663 2351 1887 5664 2355 1887 5665 2350 1887 5666 2351 1888 5667 2357 1888 5668 2356 1888 5669 2352 1889 5670 2358 1889 5671 2357 1889 5672 2355 1890 5673 2359 1890 5674 2354 1890 5675 2355 1891 5676 2361 1891 5677 2360 1891 5678 2356 1892 5679 2362 1892 5680 2361 1892 5681 2357 1893 5682 2363 1893 5683 2362 1893 5684 2359 1894 5685 2392 1894 5686 2387 1894 5687 2360 1895 5688 2397 1895 5689 2392 1895 5690 2361 1896 5691 2402 1896 5692 2397 1896 5693 2362 1897 5694 2364 1897 5695 2402 1897 5696 2365 1898 5697 2369 1898 5698 2343 1898 5699 2366 1899 5700 2370 1899 5701 2365 1899 5702 2367 1900 5703 2371 1900 5704 2366 1900 5705 2368 1901 5706 2372 1901 5707 2367 1901 5708 2370 1902 5709 2374 1902 5710 2369 1902 5711 2371 1903 5712 2375 1903 5713 2370 1903 5714 2372 1904 5715 2376 1904 5716 2371 1904 5717 2373 1905 5718 2377 1905 5719 2372 1905 5720 2375 1906 5721 2379 1906 5722 2374 1906 5723 2376 1907 5724 2380 1907 5725 2375 1907 5726 2377 1908 5727 2381 1908 5728 2376 1908 5729 2378 1909 5730 2382 1909 5731 2377 1909 5732 2380 1910 5733 2348 1910 5734 2379 1910 5735 2381 1911 5736 2353 1911 5737 2380 1911 5738 2382 1912 5739 2358 1912 5740 2381 1912 5741 2383 1913 5742 2363 1913 5743 2382 1913 5744 2384 1914 5745 2388 1914 5746 2344 1914 5747 2385 1915 5748 2389 1915 5749 2384 1915 5750 2386 1916 5751 2390 1916 5752 2385 1916 5753 2387 1917 5754 2391 1917 5755 2386 1917 5756 2389 1918 5757 2393 1918 5758 2388 1918 5759 2390 1919 5760 2394 1919 5761 2389 1919 5762 2391 1920 5763 2395 1920 5764 2390 1920 5765 2392 1921 5766 2396 1921 5767 2391 1921 5768 2394 1922 5769 2398 1922 5770 2393 1922 5771 2395 1923 5772 2399 1923 5773 2394 1923 5774 2396 1924 5775 2400 1924 5776 2395 1924 5777 2397 1925 5778 2401 1925 5779 2396 1925 5780 2399 1926 5781 2368 1926 5782 2398 1926 5783 2400 1927 5784 2373 1927 5785 2399 1927 5786 2401 1928 5787 2378 1928 5788 2400 1928 5789 2402 1929 5790 2383 1929 5791 2401 1929 5792 2406 1930 5793 2410 1930 5794 2403 1930 5795 2407 1931 5796 2411 1931 5797 2406 1931 5798 2408 1932 5799 2412 1932 5800 2407 1932 5801 2408 1933 5802 2414 1933 5803 2413 1933 5804 2411 1934 5805 2415 1934 5806 2410 1934 5807 2412 1935 5808 2416 1935 5809 2411 1935 5810 2412 1936 5811 2418 1936 5812 2417 1936 5813 2413 1937 5814 2419 1937 5815 2418 1937 5816 2416 1938 5817 2420 1938 5818 2415 1938 5819 2416 1939 5820 2422 1939 5821 2421 1939 5822 2417 1940 5823 2423 1940 5824 2422 1940 5825 2418 1941 5826 2424 1941 5827 2423 1941 5828 2420 1942 5829 2453 1942 5830 2448 1942 5831 2421 1943 5832 2458 1943 5833 2453 1943 5834 2422 1944 5835 2463 1944 5836 2458 1944 5837 2423 1945 5838 2425 1945 5839 2463 1945 5840 2426 1946 5841 2430 1946 5842 2404 1946 5843 2427 1947 5844 2431 1947 5845 2426 1947 5846 2428 1948 5847 2432 1948 5848 2427 1948 5849 2429 1949 5850 2433 1949 5851 2428 1949 5852 2431 1950 5853 2435 1950 5854 2430 1950 5855 2432 1951 5856 2436 1951 5857 2431 1951 5858 2433 1952 5859 2437 1952 5860 2432 1952 5861 2434 1953 5862 2438 1953 5863 2433 1953 5864 2436 1954 5865 2440 1954 5866 2435 1954 5867 2437 1955 5868 2441 1955 5869 2436 1955 5870 2438 1956 5871 2442 1956 5872 2437 1956 5873 2439 1957 5874 2443 1957 5875 2438 1957 5876 2441 1958 5877 2409 1958 5878 2440 1958 5879 2442 1959 5880 2414 1959 5881 2441 1959 5882 2443 1960 5883 2419 1960 5884 2442 1960 5885 2444 1961 5886 2424 1961 5887 2443 1961 5888 2445 1962 5889 2449 1962 5890 2405 1962 5891 2446 1963 5892 2450 1963 5893 2445 1963 5894 2447 1964 5895 2451 1964 5896 2446 1964 5897 2448 1965 5898 2452 1965 5899 2447 1965 5900 2450 1966 5901 2454 1966 5902 2449 1966 5903 2451 1967 5904 2455 1967 5905 2450 1967 5906 2452 1968 5907 2456 1968 5908 2451 1968 5909 2453 1969 5910 2457 1969 5911 2452 1969 5912 2455 1970 5913 2459 1970 5914 2454 1970 5915 2456 1971 5916 2460 1971 5917 2455 1971 5918 2457 1972 5919 2461 1972 5920 2456 1972 5921 2458 1973 5922 2462 1973 5923 2457 1973 5924 2460 1974 5925 2429 1974 5926 2459 1974 5927 2461 1975 5928 2434 1975 5929 2460 1975 5930 2462 1976 5931 2439 1976 5932 2461 1976 5933 2463 1977 5934 2444 1977 5935 2462 1977 5936 2467 1978 5937 2471 1978 5938 2464 1978 5939 2468 1979 5940 2472 1979 5941 2467 1979 5942 2469 1980 5943 2473 1980 5944 2468 1980 5945 2469 1981 5946 2475 1981 5947 2474 1981 5948 2472 1982 5949 2476 1982 5950 2471 1982 5951 2473 1983 5952 2477 1983 5953 2472 1983 5954 2473 1984 5955 2479 1984 5956 2478 1984 5957 2474 1985 5958 2480 1985 5959 2479 1985 5960 2477 1986 5961 2481 1986 5962 2476 1986 5963 2477 1987 5964 2483 1987 5965 2482 1987 5966 2478 1988 5967 2484 1988 5968 2483 1988 5969 2479 1989 5970 2485 1989 5971 2484 1989 5972 2481 1990 5973 2514 1990 5974 2509 1990 5975 2482 1991 5976 2519 1991 5977 2514 1991 5978 2483 1992 5979 2524 1992 5980 2519 1992 5981 2484 1993 5982 2486 1993 5983 2524 1993 5984 2487 1994 5985 2491 1994 5986 2465 1994 5987 2488 1995 5988 2492 1995 5989 2487 1995 5990 2489 1996 5991 2493 1996 5992 2488 1996 5993 2490 1997 5994 2494 1997 5995 2489 1997 5996 2492 1998 5997 2496 1998 5998 2491 1998 5999 2493 1999 6000 2497 1999 6001 2492 1999 6002 2494 2000 6003 2498 2000 6004 2493 2000 6005 2495 2001 6006 2499 2001 6007 2494 2001 6008 2497 2002 6009 2501 2002 6010 2496 2002 6011 2498 2003 6012 2502 2003 6013 2497 2003 6014 2499 2004 6015 2503 2004 6016 2498 2004 6017 2500 2005 6018 2504 2005 6019 2499 2005 6020 2502 2006 6021 2470 2006 6022 2501 2006 6023 2503 2007 6024 2475 2007 6025 2502 2007 6026 2504 2008 6027 2480 2008 6028 2503 2008 6029 2505 2009 6030 2485 2009 6031 2504 2009 6032 2506 2010 6033 2510 2010 6034 2466 2010 6035 2507 2011 6036 2511 2011 6037 2506 2011 6038 2508 2012 6039 2512 2012 6040 2507 2012 6041 2509 2013 6042 2513 2013 6043 2508 2013 6044 2511 2014 6045 2515 2014 6046 2510 2014 6047 2512 2015 6048 2516 2015 6049 2511 2015 6050 2513 2016 6051 2517 2016 6052 2512 2016 6053 2514 2017 6054 2518 2017 6055 2513 2017 6056 2516 2018 6057 2520 2018 6058 2515 2018 6059 2517 2019 6060 2521 2019 6061 2516 2019 6062 2518 2020 6063 2522 2020 6064 2517 2020 6065 2519 2021 6066 2523 2021 6067 2518 2021 6068 2521 2022 6069 2490 2022 6070 2520 2022 6071 2522 2023 6072 2495 2023 6073 2521 2023 6074 2523 2024 6075 2500 2024 6076 2522 2024 6077 2524 2025 6078 2505 2025 6079 2523 2025 6080 2528 2026 6081 2532 2026 6082 2525 2026 6083 2529 2027 6084 2533 2027 6085 2528 2027 6086 2530 2028 6087 2534 2028 6088 2529 2028 6089 2530 2029 6090 2536 2029 6091 2535 2029 6092 2533 2030 6093 2537 2030 6094 2532 2030 6095 2534 2031 6096 2538 2031 6097 2533 2031 6098 2534 2032 6099 2540 2032 6100 2539 2032 6101 2535 2033 6102 2541 2033 6103 2540 2033 6104 2538 2034 6105 2542 2034 6106 2537 2034 6107 2538 2035 6108 2544 2035 6109 2543 2035 6110 2539 2036 6111 2545 2036 6112 2544 2036 6113 2540 2037 6114 2546 2037 6115 2545 2037 6116 2542 2038 6117 2575 2038 6118 2570 2038 6119 2543 2039 6120 2580 2039 6121 2575 2039 6122 2544 2040 6123 2585 2040 6124 2580 2040 6125 2545 2041 6126 2547 2041 6127 2585 2041 6128 2548 2042 6129 2552 2042 6130 2526 2042 6131 2549 2043 6132 2553 2043 6133 2548 2043 6134 2550 2044 6135 2554 2044 6136 2549 2044 6137 2551 2045 6138 2555 2045 6139 2550 2045 6140 2553 2046 6141 2557 2046 6142 2552 2046 6143 2554 2047 6144 2558 2047 6145 2553 2047 6146 2555 2048 6147 2559 2048 6148 2554 2048 6149 2556 2049 6150 2560 2049 6151 2555 2049 6152 2558 2050 6153 2562 2050 6154 2557 2050 6155 2559 2051 6156 2563 2051 6157 2558 2051 6158 2560 2052 6159 2564 2052 6160 2559 2052 6161 2561 2053 6162 2565 2053 6163 2560 2053 6164 2563 2054 6165 2531 2054 6166 2562 2054 6167 2564 2055 6168 2536 2055 6169 2563 2055 6170 2565 2056 6171 2541 2056 6172 2564 2056 6173 2566 2057 6174 2546 2057 6175 2565 2057 6176 2567 2058 6177 2571 2058 6178 2527 2058 6179 2568 2059 6180 2572 2059 6181 2567 2059 6182 2569 2060 6183 2573 2060 6184 2568 2060 6185 2570 2061 6186 2574 2061 6187 2569 2061 6188 2572 2062 6189 2576 2062 6190 2571 2062 6191 2573 2063 6192 2577 2063 6193 2572 2063 6194 2574 2064 6195 2578 2064 6196 2573 2064 6197 2575 2065 6198 2579 2065 6199 2574 2065 6200 2577 2066 6201 2581 2066 6202 2576 2066 6203 2578 2067 6204 2582 2067 6205 2577 2067 6206 2579 2068 6207 2583 2068 6208 2578 2068 6209 2580 2069 6210 2584 2069 6211 2579 2069 6212 2582 2070 6213 2551 2070 6214 2581 2070 6215 2583 2071 6216 2556 2071 6217 2582 2071 6218 2584 2072 6219 2561 2072 6220 2583 2072 6221 2585 2073 6222 2566 2073 6223 2584 2073 6224 2589 2074 6225 2593 2074 6226 2586 2074 6227 2590 2075 6228 2594 2075 6229 2589 2075 6230 2591 2076 6231 2595 2076 6232 2590 2076 6233 2591 2077 6234 2597 2077 6235 2596 2077 6236 2594 2078 6237 2598 2078 6238 2593 2078 6239 2595 2079 6240 2599 2079 6241 2594 2079 6242 2595 2080 6243 2601 2080 6244 2600 2080 6245 2596 2081 6246 2602 2081 6247 2601 2081 6248 2599 2082 6249 2603 2082 6250 2598 2082 6251 2599 2083 6252 2605 2083 6253 2604 2083 6254 2600 2084 6255 2606 2084 6256 2605 2084 6257 2601 2085 6258 2607 2085 6259 2606 2085 6260 2603 2086 6261 2636 2086 6262 2631 2086 6263 2604 2087 6264 2641 2087 6265 2636 2087 6266 2605 2088 6267 2646 2088 6268 2641 2088 6269 2606 2089 6270 2608 2089 6271 2646 2089 6272 2609 2090 6273 2613 2090 6274 2587 2090 6275 2610 2091 6276 2614 2091 6277 2609 2091 6278 2611 2092 6279 2615 2092 6280 2610 2092 6281 2612 2093 6282 2616 2093 6283 2611 2093 6284 2614 2094 6285 2618 2094 6286 2613 2094 6287 2615 2095 6288 2619 2095 6289 2614 2095 6290 2616 2096 6291 2620 2096 6292 2615 2096 6293 2617 2097 6294 2621 2097 6295 2616 2097 6296 2619 2098 6297 2623 2098 6298 2618 2098 6299 2620 2099 6300 2624 2099 6301 2619 2099 6302 2621 2100 6303 2625 2100 6304 2620 2100 6305 2622 2101 6306 2626 2101 6307 2621 2101 6308 2624 2102 6309 2592 2102 6310 2623 2102 6311 2625 2103 6312 2597 2103 6313 2624 2103 6314 2626 2104 6315 2602 2104 6316 2625 2104 6317 2627 2105 6318 2607 2105 6319 2626 2105 6320 2628 2106 6321 2632 2106 6322 2588 2106 6323 2629 2107 6324 2633 2107 6325 2628 2107 6326 2630 2108 6327 2634 2108 6328 2629 2108 6329 2631 2109 6330 2635 2109 6331 2630 2109 6332 2633 2110 6333 2637 2110 6334 2632 2110 6335 2634 2111 6336 2638 2111 6337 2633 2111 6338 2635 2112 6339 2639 2112 6340 2634 2112 6341 2636 2113 6342 2640 2113 6343 2635 2113 6344 2638 2114 6345 2642 2114 6346 2637 2114 6347 2639 2115 6348 2643 2115 6349 2638 2115 6350 2640 2116 6351 2644 2116 6352 2639 2116 6353 2641 2117 6354 2645 2117 6355 2640 2117 6356 2643 2118 6357 2612 2118 6358 2642 2118 6359 2644 2119 6360 2617 2119 6361 2643 2119 6362 2645 2120 6363 2622 2120 6364 2644 2120 6365 2646 2121 6366 2627 2121 6367 2645 2121 6368 2650 2122 6369 2654 2122 6370 2647 2122 6371 2651 2123 6372 2655 2123 6373 2650 2123 6374 2652 2124 6375 2656 2124 6376 2651 2124 6377 2652 2125 6378 2658 2125 6379 2657 2125 6380 2655 2126 6381 2659 2126 6382 2654 2126 6383 2656 2127 6384 2660 2127 6385 2655 2127 6386 2656 2128 6387 2662 2128 6388 2661 2128 6389 2657 2129 6390 2663 2129 6391 2662 2129 6392 2660 2130 6393 2664 2130 6394 2659 2130 6395 2660 2131 6396 2666 2131 6397 2665 2131 6398 2661 2132 6399 2667 2132 6400 2666 2132 6401 2662 2133 6402 2668 2133 6403 2667 2133 6404 2664 2134 6405 2697 2134 6406 2692 2134 6407 2665 2135 6408 2702 2135 6409 2697 2135 6410 2666 2136 6411 2707 2136 6412 2702 2136 6413 2667 2137 6414 2669 2137 6415 2707 2137 6416 2670 2138 6417 2674 2138 6418 2648 2138 6419 2671 2139 6420 2675 2139 6421 2670 2139 6422 2672 2140 6423 2676 2140 6424 2671 2140 6425 2673 2141 6426 2677 2141 6427 2672 2141 6428 2675 2142 6429 2679 2142 6430 2674 2142 6431 2676 2143 6432 2680 2143 6433 2675 2143 6434 2677 2144 6435 2681 2144 6436 2676 2144 6437 2678 2145 6438 2682 2145 6439 2677 2145 6440 2680 2146 6441 2684 2146 6442 2679 2146 6443 2681 2147 6444 2685 2147 6445 2680 2147 6446 2682 2148 6447 2686 2148 6448 2681 2148 6449 2683 2149 6450 2687 2149 6451 2682 2149 6452 2685 2150 6453 2653 2150 6454 2684 2150 6455 2686 2151 6456 2658 2151 6457 2685 2151 6458 2687 2152 6459 2663 2152 6460 2686 2152 6461 2688 2153 6462 2668 2153 6463 2687 2153 6464 2689 2154 6465 2693 2154 6466 2649 2154 6467 2690 2155 6468 2694 2155 6469 2689 2155 6470 2691 2156 6471 2695 2156 6472 2690 2156 6473 2692 2157 6474 2696 2157 6475 2691 2157 6476 2694 2158 6477 2698 2158 6478 2693 2158 6479 2695 2159 6480 2699 2159 6481 2694 2159 6482 2696 2160 6483 2700 2160 6484 2695 2160 6485 2697 2161 6486 2701 2161 6487 2696 2161 6488 2699 2162 6489 2703 2162 6490 2698 2162 6491 2700 2163 6492 2704 2163 6493 2699 2163 6494 2701 2164 6495 2705 2164 6496 2700 2164 6497 2702 2165 6498 2706 2165 6499 2701 2165 6500 2704 2166 6501 2673 2166 6502 2703 2166 6503 2705 2167 6504 2678 2167 6505 2704 2167 6506 2706 2168 6507 2683 2168 6508 2705 2168 6509 2707 2169 6510 2688 2169 6511 2706 2169 6512 2711 2170 6513 2715 2170 6514 2708 2170 6515 2712 2171 6516 2716 2171 6517 2711 2171 6518 2713 2172 6519 2717 2172 6520 2712 2172 6521 2713 2173 6522 2719 2173 6523 2718 2173 6524 2716 2174 6525 2720 2174 6526 2715 2174 6527 2717 2175 6528 2721 2175 6529 2716 2175 6530 2717 2176 6531 2723 2176 6532 2722 2176 6533 2718 2177 6534 2724 2177 6535 2723 2177 6536 2721 2178 6537 2725 2178 6538 2720 2178 6539 2721 2179 6540 2727 2179 6541 2726 2179 6542 2722 2180 6543 2728 2180 6544 2727 2180 6545 2723 2181 6546 2729 2181 6547 2728 2181 6548 2725 2182 6549 2758 2182 6550 2753 2182 6551 2726 2183 6552 2763 2183 6553 2758 2183 6554 2727 2184 6555 2768 2184 6556 2763 2184 6557 2728 2185 6558 2730 2185 6559 2768 2185 6560 2731 2186 6561 2735 2186 6562 2709 2186 6563 2732 2187 6564 2736 2187 6565 2731 2187 6566 2733 2188 6567 2737 2188 6568 2732 2188 6569 2734 2189 6570 2738 2189 6571 2733 2189 6572 2736 2190 6573 2740 2190 6574 2735 2190 6575 2737 2191 6576 2741 2191 6577 2736 2191 6578 2738 2192 6579 2742 2192 6580 2737 2192 6581 2739 2193 6582 2743 2193 6583 2738 2193 6584 2741 2194 6585 2745 2194 6586 2740 2194 6587 2742 2195 6588 2746 2195 6589 2741 2195 6590 2743 2196 6591 2747 2196 6592 2742 2196 6593 2744 2197 6594 2748 2197 6595 2743 2197 6596 2746 2198 6597 2714 2198 6598 2745 2198 6599 2747 2199 6600 2719 2199 6601 2746 2199 6602 2748 2200 6603 2724 2200 6604 2747 2200 6605 2749 2201 6606 2729 2201 6607 2748 2201 6608 2750 2202 6609 2754 2202 6610 2710 2202 6611 2751 2203 6612 2755 2203 6613 2750 2203 6614 2752 2204 6615 2756 2204 6616 2751 2204 6617 2753 2205 6618 2757 2205 6619 2752 2205 6620 2755 2206 6621 2759 2206 6622 2754 2206 6623 2756 2207 6624 2760 2207 6625 2755 2207 6626 2757 2208 6627 2761 2208 6628 2756 2208 6629 2758 2209 6630 2762 2209 6631 2757 2209 6632 2760 2210 6633 2764 2210 6634 2759 2210 6635 2761 2211 6636 2765 2211 6637 2760 2211 6638 2762 2212 6639 2766 2212 6640 2761 2212 6641 2763 2213 6642 2767 2213 6643 2762 2213 6644 2765 2214 6645 2734 2214 6646 2764 2214 6647 2766 2215 6648 2739 2215 6649 2765 2215 6650 2767 2216 6651 2744 2216 6652 2766 2216 6653 2768 2217 6654 2749 2217 6655 2767 2217 6656 2772 2218 6657 2776 2218 6658 2769 2218 6659 2773 2219 6660 2777 2219 6661 2772 2219 6662 2774 2220 6663 2778 2220 6664 2773 2220 6665 2774 2221 6666 2780 2221 6667 2779 2221 6668 2777 2222 6669 2781 2222 6670 2776 2222 6671 2778 2223 6672 2782 2223 6673 2777 2223 6674 2778 2224 6675 2784 2224 6676 2783 2224 6677 2779 2225 6678 2785 2225 6679 2784 2225 6680 2782 2226 6681 2786 2226 6682 2781 2226 6683 2782 2227 6684 2788 2227 6685 2787 2227 6686 2783 2228 6687 2789 2228 6688 2788 2228 6689 2784 2229 6690 2790 2229 6691 2789 2229 6692 2786 2230 6693 2819 2230 6694 2814 2230 6695 2787 2231 6696 2824 2231 6697 2819 2231 6698 2788 2232 6699 2829 2232 6700 2824 2232 6701 2789 2233 6702 2791 2233 6703 2829 2233 6704 2792 2234 6705 2796 2234 6706 2770 2234 6707 2793 2235 6708 2797 2235 6709 2792 2235 6710 2794 2236 6711 2798 2236 6712 2793 2236 6713 2795 2237 6714 2799 2237 6715 2794 2237 6716 2797 2238 6717 2801 2238 6718 2796 2238 6719 2798 2239 6720 2802 2239 6721 2797 2239 6722 2799 2240 6723 2803 2240 6724 2798 2240 6725 2800 2241 6726 2804 2241 6727 2799 2241 6728 2802 2242 6729 2806 2242 6730 2801 2242 6731 2803 2243 6732 2807 2243 6733 2802 2243 6734 2804 2244 6735 2808 2244 6736 2803 2244 6737 2805 2245 6738 2809 2245 6739 2804 2245 6740 2807 2246 6741 2775 2246 6742 2806 2246 6743 2808 2247 6744 2780 2247 6745 2807 2247 6746 2809 2248 6747 2785 2248 6748 2808 2248 6749 2810 2249 6750 2790 2249 6751 2809 2249 6752 2811 2250 6753 2815 2250 6754 2771 2250 6755 2812 2251 6756 2816 2251 6757 2811 2251 6758 2813 2252 6759 2817 2252 6760 2812 2252 6761 2814 2253 6762 2818 2253 6763 2813 2253 6764 2816 2254 6765 2820 2254 6766 2815 2254 6767 2817 2255 6768 2821 2255 6769 2816 2255 6770 2818 2256 6771 2822 2256 6772 2817 2256 6773 2819 2257 6774 2823 2257 6775 2818 2257 6776 2821 2258 6777 2825 2258 6778 2820 2258 6779 2822 2259 6780 2826 2259 6781 2821 2259 6782 2823 2260 6783 2827 2260 6784 2822 2260 6785 2824 2261 6786 2828 2261 6787 2823 2261 6788 2826 2262 6789 2795 2262 6790 2825 2262 6791 2827 2263 6792 2800 2263 6793 2826 2263 6794 2828 2264 6795 2805 2264 6796 2827 2264 6797 2829 2265 6798 2810 2265 6799 2828 2265 6800 2833 2266 6801 2837 2266 6802 2830 2266 6803 2834 2267 6804 2838 2267 6805 2833 2267 6806 2835 2268 6807 2839 2268 6808 2834 2268 6809 2835 2269 6810 2841 2269 6811 2840 2269 6812 2838 2270 6813 2842 2270 6814 2837 2270 6815 2839 2271 6816 2843 2271 6817 2838 2271 6818 2839 2272 6819 2845 2272 6820 2844 2272 6821 2840 2273 6822 2846 2273 6823 2845 2273 6824 2843 2274 6825 2847 2274 6826 2842 2274 6827 2843 2275 6828 2849 2275 6829 2848 2275 6830 2844 2276 6831 2850 2276 6832 2849 2276 6833 2845 2277 6834 2851 2277 6835 2850 2277 6836 2847 2278 6837 2880 2278 6838 2875 2278 6839 2848 2279 6840 2885 2279 6841 2880 2279 6842 2849 2280 6843 2890 2280 6844 2885 2280 6845 2850 2281 6846 2852 2281 6847 2890 2281 6848 2853 2282 6849 2857 2282 6850 2831 2282 6851 2854 2283 6852 2858 2283 6853 2853 2283 6854 2855 2284 6855 2859 2284 6856 2854 2284 6857 2856 2285 6858 2860 2285 6859 2855 2285 6860 2858 2286 6861 2862 2286 6862 2857 2286 6863 2859 2287 6864 2863 2287 6865 2858 2287 6866 2860 2288 6867 2864 2288 6868 2859 2288 6869 2861 2289 6870 2865 2289 6871 2860 2289 6872 2863 2290 6873 2867 2290 6874 2862 2290 6875 2864 2291 6876 2868 2291 6877 2863 2291 6878 2865 2292 6879 2869 2292 6880 2864 2292 6881 2866 2293 6882 2870 2293 6883 2865 2293 6884 2868 2294 6885 2836 2294 6886 2867 2294 6887 2869 2295 6888 2841 2295 6889 2868 2295 6890 2870 2296 6891 2846 2296 6892 2869 2296 6893 2871 2297 6894 2851 2297 6895 2870 2297 6896 2872 2298 6897 2876 2298 6898 2832 2298 6899 2873 2299 6900 2877 2299 6901 2872 2299 6902 2874 2300 6903 2878 2300 6904 2873 2300 6905 2875 2301 6906 2879 2301 6907 2874 2301 6908 2877 2302 6909 2881 2302 6910 2876 2302 6911 2878 2303 6912 2882 2303 6913 2877 2303 6914 2879 2304 6915 2883 2304 6916 2878 2304 6917 2880 2305 6918 2884 2305 6919 2879 2305 6920 2882 2306 6921 2886 2306 6922 2881 2306 6923 2883 2307 6924 2887 2307 6925 2882 2307 6926 2884 2308 6927 2888 2308 6928 2883 2308 6929 2885 2309 6930 2889 2309 6931 2884 2309 6932 2887 2310 6933 2856 2310 6934 2886 2310 6935 2888 2311 6936 2861 2311 6937 2887 2311 6938 2889 2312 6939 2866 2312 6940 2888 2312 6941 2890 2313 6942 2871 2313 6943 2889 2313 6944 2894 2314 6945 2898 2314 6946 2891 2314 6947 2895 2315 6948 2899 2315 6949 2894 2315 6950 2896 2316 6951 2900 2316 6952 2895 2316 6953 2896 2317 6954 2902 2317 6955 2901 2317 6956 2899 2318 6957 2903 2318 6958 2898 2318 6959 2900 2319 6960 2904 2319 6961 2899 2319 6962 2900 2320 6963 2906 2320 6964 2905 2320 6965 2901 2321 6966 2907 2321 6967 2906 2321 6968 2904 2322 6969 2908 2322 6970 2903 2322 6971 2904 2323 6972 2910 2323 6973 2909 2323 6974 2905 2324 6975 2911 2324 6976 2910 2324 6977 2906 2325 6978 2912 2325 6979 2911 2325 6980 2908 2326 6981 2941 2326 6982 2936 2326 6983 2909 2327 6984 2946 2327 6985 2941 2327 6986 2910 2328 6987 2951 2328 6988 2946 2328 6989 2911 2329 6990 2913 2329 6991 2951 2329 6992 2914 2330 6993 2918 2330 6994 2892 2330 6995 2915 2331 6996 2919 2331 6997 2914 2331 6998 2916 2332 6999 2920 2332 7000 2915 2332 7001 2917 2333 7002 2921 2333 7003 2916 2333 7004 2919 2334 7005 2923 2334 7006 2918 2334 7007 2920 2335 7008 2924 2335 7009 2919 2335 7010 2921 2336 7011 2925 2336 7012 2920 2336 7013 2922 2337 7014 2926 2337 7015 2921 2337 7016 2924 2338 7017 2928 2338 7018 2923 2338 7019 2925 2339 7020 2929 2339 7021 2924 2339 7022 2926 2340 7023 2930 2340 7024 2925 2340 7025 2927 2341 7026 2931 2341 7027 2926 2341 7028 2929 2342 7029 2897 2342 7030 2928 2342 7031 2930 2343 7032 2902 2343 7033 2929 2343 7034 2931 2344 7035 2907 2344 7036 2930 2344 7037 2932 2345 7038 2912 2345 7039 2931 2345 7040 2933 2346 7041 2937 2346 7042 2893 2346 7043 2934 2347 7044 2938 2347 7045 2933 2347 7046 2935 2348 7047 2939 2348 7048 2934 2348 7049 2936 2349 7050 2940 2349 7051 2935 2349 7052 2938 2350 7053 2942 2350 7054 2937 2350 7055 2939 2351 7056 2943 2351 7057 2938 2351 7058 2940 2352 7059 2944 2352 7060 2939 2352 7061 2941 2353 7062 2945 2353 7063 2940 2353 7064 2943 2354 7065 2947 2354 7066 2942 2354 7067 2944 2355 7068 2948 2355 7069 2943 2355 7070 2945 2356 7071 2949 2356 7072 2944 2356 7073 2946 2357 7074 2950 2357 7075 2945 2357 7076 2948 2358 7077 2917 2358 7078 2947 2358 7079 2949 2359 7080 2922 2359 7081 2948 2359 7082 2950 2360 7083 2927 2360 7084 2949 2360 7085 2951 2361 7086 2932 2361 7087 2950 2361 7088 2955 2362 7089 2959 2362 7090 2952 2362 7091 2956 2363 7092 2960 2363 7093 2955 2363 7094 2957 2364 7095 2961 2364 7096 2956 2364 7097 2957 2365 7098 2963 2365 7099 2962 2365 7100 2960 2366 7101 2964 2366 7102 2959 2366 7103 2961 2367 7104 2965 2367 7105 2960 2367 7106 2961 2368 7107 2967 2368 7108 2966 2368 7109 2962 2369 7110 2968 2369 7111 2967 2369 7112 2965 2370 7113 2969 2370 7114 2964 2370 7115 2965 2371 7116 2971 2371 7117 2970 2371 7118 2966 2372 7119 2972 2372 7120 2971 2372 7121 2967 2373 7122 2973 2373 7123 2972 2373 7124 2969 2374 7125 3002 2374 7126 2997 2374 7127 2970 2375 7128 3007 2375 7129 3002 2375 7130 2971 2376 7131 3012 2376 7132 3007 2376 7133 2972 2377 7134 2974 2377 7135 3012 2377 7136 2975 2378 7137 2979 2378 7138 2953 2378 7139 2976 2379 7140 2980 2379 7141 2975 2379 7142 2977 2380 7143 2981 2380 7144 2976 2380 7145 2978 2381 7146 2982 2381 7147 2977 2381 7148 2980 2382 7149 2984 2382 7150 2979 2382 7151 2981 2383 7152 2985 2383 7153 2980 2383 7154 2982 2384 7155 2986 2384 7156 2981 2384 7157 2983 2385 7158 2987 2385 7159 2982 2385 7160 2985 2386 7161 2989 2386 7162 2984 2386 7163 2986 2387 7164 2990 2387 7165 2985 2387 7166 2987 2388 7167 2991 2388 7168 2986 2388 7169 2988 2389 7170 2992 2389 7171 2987 2389 7172 2990 2390 7173 2958 2390 7174 2989 2390 7175 2991 2391 7176 2963 2391 7177 2990 2391 7178 2992 2392 7179 2968 2392 7180 2991 2392 7181 2993 2393 7182 2973 2393 7183 2992 2393 7184 2994 2394 7185 2998 2394 7186 2954 2394 7187 2995 2395 7188 2999 2395 7189 2994 2395 7190 2996 2396 7191 3000 2396 7192 2995 2396 7193 2997 2397 7194 3001 2397 7195 2996 2397 7196 2999 2398 7197 3003 2398 7198 2998 2398 7199 3000 2399 7200 3004 2399 7201 2999 2399 7202 3001 2400 7203 3005 2400 7204 3000 2400 7205 3002 2401 7206 3006 2401 7207 3001 2401 7208 3004 2402 7209 3008 2402 7210 3003 2402 7211 3005 2403 7212 3009 2403 7213 3004 2403 7214 3006 2404 7215 3010 2404 7216 3005 2404 7217 3007 2405 7218 3011 2405 7219 3006 2405 7220 3009 2406 7221 2978 2406 7222 3008 2406 7223 3010 2407 7224 2983 2407 7225 3009 2407 7226 3011 2408 7227 2988 2408 7228 3010 2408 7229 3012 2409 7230 2993 2409 7231 3011 2409 7232 3016 2410 7233 3020 2410 7234 3013 2410 7235 3017 2411 7236 3021 2411 7237 3016 2411 7238 3018 2412 7239 3022 2412 7240 3017 2412 7241 3018 2413 7242 3024 2413 7243 3023 2413 7244 3021 2414 7245 3025 2414 7246 3020 2414 7247 3022 2415 7248 3026 2415 7249 3021 2415 7250 3022 2416 7251 3028 2416 7252 3027 2416 7253 3023 2417 7254 3029 2417 7255 3028 2417 7256 3026 2418 7257 3030 2418 7258 3025 2418 7259 3026 2419 7260 3032 2419 7261 3031 2419 7262 3027 2420 7263 3033 2420 7264 3032 2420 7265 3028 2421 7266 3034 2421 7267 3033 2421 7268 3030 2422 7269 3063 2422 7270 3058 2422 7271 3031 2423 7272 3068 2423 7273 3063 2423 7274 3032 2424 7275 3073 2424 7276 3068 2424 7277 3033 2425 7278 3035 2425 7279 3073 2425 7280 3036 2426 7281 3040 2426 7282 3014 2426 7283 3037 2427 7284 3041 2427 7285 3036 2427 7286 3038 2428 7287 3042 2428 7288 3037 2428 7289 3039 2429 7290 3043 2429 7291 3038 2429 7292 3041 2430 7293 3045 2430 7294 3040 2430 7295 3042 2431 7296 3046 2431 7297 3041 2431 7298 3043 2432 7299 3047 2432 7300 3042 2432 7301 3044 2433 7302 3048 2433 7303 3043 2433 7304 3046 2434 7305 3050 2434 7306 3045 2434 7307 3047 2435 7308 3051 2435 7309 3046 2435 7310 3048 2436 7311 3052 2436 7312 3047 2436 7313 3049 2437 7314 3053 2437 7315 3048 2437 7316 3051 2438 7317 3019 2438 7318 3050 2438 7319 3052 2439 7320 3024 2439 7321 3051 2439 7322 3053 2440 7323 3029 2440 7324 3052 2440 7325 3054 2441 7326 3034 2441 7327 3053 2441 7328 3055 2442 7329 3059 2442 7330 3015 2442 7331 3056 2443 7332 3060 2443 7333 3055 2443 7334 3057 2444 7335 3061 2444 7336 3056 2444 7337 3058 2445 7338 3062 2445 7339 3057 2445 7340 3060 2446 7341 3064 2446 7342 3059 2446 7343 3061 2447 7344 3065 2447 7345 3060 2447 7346 3062 2448 7347 3066 2448 7348 3061 2448 7349 3063 2449 7350 3067 2449 7351 3062 2449 7352 3065 2450 7353 3069 2450 7354 3064 2450 7355 3066 2451 7356 3070 2451 7357 3065 2451 7358 3067 2452 7359 3071 2452 7360 3066 2452 7361 3068 2453 7362 3072 2453 7363 3067 2453 7364 3070 2454 7365 3039 2454 7366 3069 2454 7367 3071 2455 7368 3044 2455 7369 3070 2455 7370 3072 2456 7371 3049 2456 7372 3071 2456 7373 3073 2457 7374 3054 2457 7375 3072 2457 7376 3077 2458 7377 3081 2458 7378 3074 2458 7379 3078 2459 7380 3082 2459 7381 3077 2459 7382 3079 2460 7383 3083 2460 7384 3078 2460 7385 3079 2461 7386 3085 2461 7387 3084 2461 7388 3082 2462 7389 3086 2462 7390 3081 2462 7391 3083 2463 7392 3087 2463 7393 3082 2463 7394 3083 2464 7395 3089 2464 7396 3088 2464 7397 3084 2465 7398 3090 2465 7399 3089 2465 7400 3087 2466 7401 3091 2466 7402 3086 2466 7403 3087 2467 7404 3093 2467 7405 3092 2467 7406 3088 2468 7407 3094 2468 7408 3093 2468 7409 3089 2469 7410 3095 2469 7411 3094 2469 7412 3091 2470 7413 3124 2470 7414 3119 2470 7415 3092 2471 7416 3129 2471 7417 3124 2471 7418 3093 2472 7419 3134 2472 7420 3129 2472 7421 3094 2473 7422 3096 2473 7423 3134 2473 7424 3097 2474 7425 3101 2474 7426 3075 2474 7427 3098 2475 7428 3102 2475 7429 3097 2475 7430 3099 2476 7431 3103 2476 7432 3098 2476 7433 3100 2477 7434 3104 2477 7435 3099 2477 7436 3102 2478 7437 3106 2478 7438 3101 2478 7439 3103 2479 7440 3107 2479 7441 3102 2479 7442 3104 2480 7443 3108 2480 7444 3103 2480 7445 3105 2481 7446 3109 2481 7447 3104 2481 7448 3107 2482 7449 3111 2482 7450 3106 2482 7451 3108 2483 7452 3112 2483 7453 3107 2483 7454 3109 2484 7455 3113 2484 7456 3108 2484 7457 3110 2485 7458 3114 2485 7459 3109 2485 7460 3112 2486 7461 3080 2486 7462 3111 2486 7463 3113 2487 7464 3085 2487 7465 3112 2487 7466 3114 2488 7467 3090 2488 7468 3113 2488 7469 3115 2489 7470 3095 2489 7471 3114 2489 7472 3116 2490 7473 3120 2490 7474 3076 2490 7475 3117 2491 7476 3121 2491 7477 3116 2491 7478 3118 2492 7479 3122 2492 7480 3117 2492 7481 3119 2493 7482 3123 2493 7483 3118 2493 7484 3121 2494 7485 3125 2494 7486 3120 2494 7487 3122 2495 7488 3126 2495 7489 3121 2495 7490 3123 2496 7491 3127 2496 7492 3122 2496 7493 3124 2497 7494 3128 2497 7495 3123 2497 7496 3126 2498 7497 3130 2498 7498 3125 2498 7499 3127 2499 7500 3131 2499 7501 3126 2499 7502 3128 2500 7503 3132 2500 7504 3127 2500 7505 3129 2501 7506 3133 2501 7507 3128 2501 7508 3131 2502 7509 3100 2502 7510 3130 2502 7511 3132 2503 7512 3105 2503 7513 3131 2503 7514 3133 2504 7515 3110 2504 7516 3132 2504 7517 3134 2505 7518 3115 2505 7519 3133 2505 7520 3138 2506 7521 3142 2506 7522 3135 2506 7523 3139 2507 7524 3143 2507 7525 3138 2507 7526 3140 2508 7527 3144 2508 7528 3139 2508 7529 3140 2509 7530 3146 2509 7531 3145 2509 7532 3143 2510 7533 3147 2510 7534 3142 2510 7535 3144 2511 7536 3148 2511 7537 3143 2511 7538 3144 2512 7539 3150 2512 7540 3149 2512 7541 3145 2513 7542 3151 2513 7543 3150 2513 7544 3148 2514 7545 3152 2514 7546 3147 2514 7547 3148 2515 7548 3154 2515 7549 3153 2515 7550 3149 2516 7551 3155 2516 7552 3154 2516 7553 3150 2517 7554 3156 2517 7555 3155 2517 7556 3152 2518 7557 3185 2518 7558 3180 2518 7559 3153 2519 7560 3190 2519 7561 3185 2519 7562 3154 2520 7563 3195 2520 7564 3190 2520 7565 3155 2521 7566 3157 2521 7567 3195 2521 7568 3158 2522 7569 3162 2522 7570 3136 2522 7571 3159 2523 7572 3163 2523 7573 3158 2523 7574 3160 2524 7575 3164 2524 7576 3159 2524 7577 3161 2525 7578 3165 2525 7579 3160 2525 7580 3163 2526 7581 3167 2526 7582 3162 2526 7583 3164 2527 7584 3168 2527 7585 3163 2527 7586 3165 2528 7587 3169 2528 7588 3164 2528 7589 3166 2529 7590 3170 2529 7591 3165 2529 7592 3168 2530 7593 3172 2530 7594 3167 2530 7595 3169 2531 7596 3173 2531 7597 3168 2531 7598 3170 2532 7599 3174 2532 7600 3169 2532 7601 3171 2533 7602 3175 2533 7603 3170 2533 7604 3173 2534 7605 3141 2534 7606 3172 2534 7607 3174 2535 7608 3146 2535 7609 3173 2535 7610 3175 2536 7611 3151 2536 7612 3174 2536 7613 3176 2537 7614 3156 2537 7615 3175 2537 7616 3177 2538 7617 3181 2538 7618 3137 2538 7619 3178 2539 7620 3182 2539 7621 3177 2539 7622 3179 2540 7623 3183 2540 7624 3178 2540 7625 3180 2541 7626 3184 2541 7627 3179 2541 7628 3182 2542 7629 3186 2542 7630 3181 2542 7631 3183 2543 7632 3187 2543 7633 3182 2543 7634 3184 2544 7635 3188 2544 7636 3183 2544 7637 3185 2545 7638 3189 2545 7639 3184 2545 7640 3187 2546 7641 3191 2546 7642 3186 2546 7643 3188 2547 7644 3192 2547 7645 3187 2547 7646 3189 2548 7647 3193 2548 7648 3188 2548 7649 3190 2549 7650 3194 2549 7651 3189 2549 7652 3192 2550 7653 3161 2550 7654 3191 2550 7655 3193 2551 7656 3166 2551 7657 3192 2551 7658 3194 2552 7659 3171 2552 7660 3193 2552 7661 3195 2553 7662 3176 2553 7663 3194 2553 7664 3199 2554 7665 3203 2554 7666 3196 2554 7667 3200 2555 7668 3204 2555 7669 3199 2555 7670 3201 2556 7671 3205 2556 7672 3200 2556 7673 3201 2557 7674 3207 2557 7675 3206 2557 7676 3204 2558 7677 3208 2558 7678 3203 2558 7679 3205 2559 7680 3209 2559 7681 3204 2559 7682 3205 2560 7683 3211 2560 7684 3210 2560 7685 3206 2561 7686 3212 2561 7687 3211 2561 7688 3209 2562 7689 3213 2562 7690 3208 2562 7691 3209 2563 7692 3215 2563 7693 3214 2563 7694 3210 2564 7695 3216 2564 7696 3215 2564 7697 3211 2565 7698 3217 2565 7699 3216 2565 7700 3213 2566 7701 3246 2566 7702 3241 2566 7703 3214 2567 7704 3251 2567 7705 3246 2567 7706 3215 2568 7707 3256 2568 7708 3251 2568 7709 3216 2569 7710 3218 2569 7711 3256 2569 7712 3219 2570 7713 3223 2570 7714 3197 2570 7715 3220 2571 7716 3224 2571 7717 3219 2571 7718 3221 2572 7719 3225 2572 7720 3220 2572 7721 3222 2573 7722 3226 2573 7723 3221 2573 7724 3224 2574 7725 3228 2574 7726 3223 2574 7727 3225 2575 7728 3229 2575 7729 3224 2575 7730 3226 2576 7731 3230 2576 7732 3225 2576 7733 3227 2577 7734 3231 2577 7735 3226 2577 7736 3229 2578 7737 3233 2578 7738 3228 2578 7739 3230 2579 7740 3234 2579 7741 3229 2579 7742 3231 2580 7743 3235 2580 7744 3230 2580 7745 3232 2581 7746 3236 2581 7747 3231 2581 7748 3234 2582 7749 3202 2582 7750 3233 2582 7751 3235 2583 7752 3207 2583 7753 3234 2583 7754 3236 2584 7755 3212 2584 7756 3235 2584 7757 3237 2585 7758 3217 2585 7759 3236 2585 7760 3238 2586 7761 3242 2586 7762 3198 2586 7763 3239 2587 7764 3243 2587 7765 3238 2587 7766 3240 2588 7767 3244 2588 7768 3239 2588 7769 3241 2589 7770 3245 2589 7771 3240 2589 7772 3243 2590 7773 3247 2590 7774 3242 2590 7775 3244 2591 7776 3248 2591 7777 3243 2591 7778 3245 2592 7779 3249 2592 7780 3244 2592 7781 3246 2593 7782 3250 2593 7783 3245 2593 7784 3248 2594 7785 3252 2594 7786 3247 2594 7787 3249 2595 7788 3253 2595 7789 3248 2595 7790 3250 2596 7791 3254 2596 7792 3249 2596 7793 3251 2597 7794 3255 2597 7795 3250 2597 7796 3253 2598 7797 3222 2598 7798 3252 2598 7799 3254 2599 7800 3227 2599 7801 3253 2599 7802 3255 2600 7803 3232 2600 7804 3254 2600 7805 3256 2601 7806 3237 2601 7807 3255 2601 7808 3260 2602 7809 3264 2602 7810 3257 2602 7811 3261 2603 7812 3265 2603 7813 3260 2603 7814 3262 2604 7815 3266 2604 7816 3261 2604 7817 3262 2605 7818 3268 2605 7819 3267 2605 7820 3265 2606 7821 3269 2606 7822 3264 2606 7823 3266 2607 7824 3270 2607 7825 3265 2607 7826 3266 2608 7827 3272 2608 7828 3271 2608 7829 3267 2609 7830 3273 2609 7831 3272 2609 7832 3270 2610 7833 3274 2610 7834 3269 2610 7835 3270 2611 7836 3276 2611 7837 3275 2611 7838 3271 2612 7839 3277 2612 7840 3276 2612 7841 3272 2613 7842 3278 2613 7843 3277 2613 7844 3274 2614 7845 3307 2614 7846 3302 2614 7847 3275 2615 7848 3312 2615 7849 3307 2615 7850 3276 2616 7851 3317 2616 7852 3312 2616 7853 3277 2617 7854 3279 2617 7855 3317 2617 7856 3280 2618 7857 3284 2618 7858 3258 2618 7859 3281 2619 7860 3285 2619 7861 3280 2619 7862 3282 2620 7863 3286 2620 7864 3281 2620 7865 3283 2621 7866 3287 2621 7867 3282 2621 7868 3285 2622 7869 3289 2622 7870 3284 2622 7871 3286 2623 7872 3290 2623 7873 3285 2623 7874 3287 2624 7875 3291 2624 7876 3286 2624 7877 3288 2625 7878 3292 2625 7879 3287 2625 7880 3290 2626 7881 3294 2626 7882 3289 2626 7883 3291 2627 7884 3295 2627 7885 3290 2627 7886 3292 2628 7887 3296 2628 7888 3291 2628 7889 3293 2629 7890 3297 2629 7891 3292 2629 7892 3295 2630 7893 3263 2630 7894 3294 2630 7895 3296 2631 7896 3268 2631 7897 3295 2631 7898 3297 2632 7899 3273 2632 7900 3296 2632 7901 3298 2633 7902 3278 2633 7903 3297 2633 7904 3299 2634 7905 3303 2634 7906 3259 2634 7907 3300 2635 7908 3304 2635 7909 3299 2635 7910 3301 2636 7911 3305 2636 7912 3300 2636 7913 3302 2637 7914 3306 2637 7915 3301 2637 7916 3304 2638 7917 3308 2638 7918 3303 2638 7919 3305 2639 7920 3309 2639 7921 3304 2639 7922 3306 2640 7923 3310 2640 7924 3305 2640 7925 3307 2641 7926 3311 2641 7927 3306 2641 7928 3309 2642 7929 3313 2642 7930 3308 2642 7931 3310 2643 7932 3314 2643 7933 3309 2643 7934 3311 2644 7935 3315 2644 7936 3310 2644 7937 3312 2645 7938 3316 2645 7939 3311 2645 7940 3314 2646 7941 3283 2646 7942 3313 2646 7943 3315 2647 7944 3288 2647 7945 3314 2647 7946 3316 2648 7947 3293 2648 7948 3315 2648 7949 3317 2649 7950 3298 2649 7951 3316 2649 7952 3321 2650 7953 3325 2650 7954 3318 2650 7955 3322 2651 7956 3326 2651 7957 3321 2651 7958 3323 2652 7959 3327 2652 7960 3322 2652 7961 3323 2653 7962 3329 2653 7963 3328 2653 7964 3326 2654 7965 3330 2654 7966 3325 2654 7967 3327 2655 7968 3331 2655 7969 3326 2655 7970 3327 2656 7971 3333 2656 7972 3332 2656 7973 3328 2657 7974 3334 2657 7975 3333 2657 7976 3331 2658 7977 3335 2658 7978 3330 2658 7979 3331 2659 7980 3337 2659 7981 3336 2659 7982 3332 2660 7983 3338 2660 7984 3337 2660 7985 3333 2661 7986 3339 2661 7987 3338 2661 7988 3335 2662 7989 3368 2662 7990 3363 2662 7991 3336 2663 7992 3373 2663 7993 3368 2663 7994 3337 2664 7995 3378 2664 7996 3373 2664 7997 3338 2665 7998 3340 2665 7999 3378 2665 8000 3341 2666 8001 3345 2666 8002 3319 2666 8003 3342 2667 8004 3346 2667 8005 3341 2667 8006 3343 2668 8007 3347 2668 8008 3342 2668 8009 3344 2669 8010 3348 2669 8011 3343 2669 8012 3346 2670 8013 3350 2670 8014 3345 2670 8015 3347 2671 8016 3351 2671 8017 3346 2671 8018 3348 2672 8019 3352 2672 8020 3347 2672 8021 3349 2673 8022 3353 2673 8023 3348 2673 8024 3351 2674 8025 3355 2674 8026 3350 2674 8027 3352 2675 8028 3356 2675 8029 3351 2675 8030 3353 2676 8031 3357 2676 8032 3352 2676 8033 3354 2677 8034 3358 2677 8035 3353 2677 8036 3356 2678 8037 3324 2678 8038 3355 2678 8039 3357 2679 8040 3329 2679 8041 3356 2679 8042 3358 2680 8043 3334 2680 8044 3357 2680 8045 3359 2681 8046 3339 2681 8047 3358 2681 8048 3360 2682 8049 3364 2682 8050 3320 2682 8051 3361 2683 8052 3365 2683 8053 3360 2683 8054 3362 2684 8055 3366 2684 8056 3361 2684 8057 3363 2685 8058 3367 2685 8059 3362 2685 8060 3365 2686 8061 3369 2686 8062 3364 2686 8063 3366 2687 8064 3370 2687 8065 3365 2687 8066 3367 2688 8067 3371 2688 8068 3366 2688 8069 3368 2689 8070 3372 2689 8071 3367 2689 8072 3370 2690 8073 3374 2690 8074 3369 2690 8075 3371 2691 8076 3375 2691 8077 3370 2691 8078 3372 2692 8079 3376 2692 8080 3371 2692 8081 3373 2693 8082 3377 2693 8083 3372 2693 8084 3375 2694 8085 3344 2694 8086 3374 2694 8087 3376 2695 8088 3349 2695 8089 3375 2695 8090 3377 2696 8091 3354 2696 8092 3376 2696 8093 3378 2697 8094 3359 2697 8095 3377 2697 8096 3382 2698 8097 3386 2698 8098 3379 2698 8099 3383 2699 8100 3387 2699 8101 3382 2699 8102 3384 2700 8103 3388 2700 8104 3383 2700 8105 3384 2701 8106 3390 2701 8107 3389 2701 8108 3387 2702 8109 3391 2702 8110 3386 2702 8111 3388 2703 8112 3392 2703 8113 3387 2703 8114 3388 2704 8115 3394 2704 8116 3393 2704 8117 3389 2705 8118 3395 2705 8119 3394 2705 8120 3392 2706 8121 3396 2706 8122 3391 2706 8123 3392 2707 8124 3398 2707 8125 3397 2707 8126 3393 2708 8127 3399 2708 8128 3398 2708 8129 3394 2709 8130 3400 2709 8131 3399 2709 8132 3396 2710 8133 3429 2710 8134 3424 2710 8135 3397 2711 8136 3434 2711 8137 3429 2711 8138 3398 2712 8139 3439 2712 8140 3434 2712 8141 3399 2713 8142 3401 2713 8143 3439 2713 8144 3402 2714 8145 3406 2714 8146 3380 2714 8147 3403 2715 8148 3407 2715 8149 3402 2715 8150 3404 2716 8151 3408 2716 8152 3403 2716 8153 3405 2717 8154 3409 2717 8155 3404 2717 8156 3407 2718 8157 3411 2718 8158 3406 2718 8159 3408 2719 8160 3412 2719 8161 3407 2719 8162 3409 2720 8163 3413 2720 8164 3408 2720 8165 3410 2721 8166 3414 2721 8167 3409 2721 8168 3412 2722 8169 3416 2722 8170 3411 2722 8171 3413 2723 8172 3417 2723 8173 3412 2723 8174 3414 2724 8175 3418 2724 8176 3413 2724 8177 3415 2725 8178 3419 2725 8179 3414 2725 8180 3417 2726 8181 3385 2726 8182 3416 2726 8183 3418 2727 8184 3390 2727 8185 3417 2727 8186 3419 2728 8187 3395 2728 8188 3418 2728 8189 3420 2729 8190 3400 2729 8191 3419 2729 8192 3421 2730 8193 3425 2730 8194 3381 2730 8195 3422 2731 8196 3426 2731 8197 3421 2731 8198 3423 2732 8199 3427 2732 8200 3422 2732 8201 3424 2733 8202 3428 2733 8203 3423 2733 8204 3426 2734 8205 3430 2734 8206 3425 2734 8207 3427 2735 8208 3431 2735 8209 3426 2735 8210 3428 2736 8211 3432 2736 8212 3427 2736 8213 3429 2737 8214 3433 2737 8215 3428 2737 8216 3431 2738 8217 3435 2738 8218 3430 2738 8219 3432 2739 8220 3436 2739 8221 3431 2739 8222 3433 2740 8223 3437 2740 8224 3432 2740 8225 3434 2741 8226 3438 2741 8227 3433 2741 8228 3436 2742 8229 3405 2742 8230 3435 2742 8231 3437 2743 8232 3410 2743 8233 3436 2743 8234 3438 2744 8235 3415 2744 8236 3437 2744 8237 3439 2745 8238 3420 2745 8239 3438 2745 8240 3443 2746 8241 3447 2746 8242 3440 2746 8243 3444 2747 8244 3448 2747 8245 3443 2747 8246 3445 2748 8247 3449 2748 8248 3444 2748 8249 3445 2749 8250 3451 2749 8251 3450 2749 8252 3448 2750 8253 3452 2750 8254 3447 2750 8255 3449 2751 8256 3453 2751 8257 3448 2751 8258 3449 2752 8259 3455 2752 8260 3454 2752 8261 3450 2753 8262 3456 2753 8263 3455 2753 8264 3453 2754 8265 3457 2754 8266 3452 2754 8267 3453 2755 8268 3459 2755 8269 3458 2755 8270 3454 2756 8271 3460 2756 8272 3459 2756 8273 3455 2757 8274 3461 2757 8275 3460 2757 8276 3457 2758 8277 3490 2758 8278 3485 2758 8279 3458 2759 8280 3495 2759 8281 3490 2759 8282 3459 2760 8283 3500 2760 8284 3495 2760 8285 3460 2761 8286 3462 2761 8287 3500 2761 8288 3463 2762 8289 3467 2762 8290 3441 2762 8291 3464 2763 8292 3468 2763 8293 3463 2763 8294 3465 2764 8295 3469 2764 8296 3464 2764 8297 3466 2765 8298 3470 2765 8299 3465 2765 8300 3468 2766 8301 3472 2766 8302 3467 2766 8303 3469 2767 8304 3473 2767 8305 3468 2767 8306 3470 2768 8307 3474 2768 8308 3469 2768 8309 3471 2769 8310 3475 2769 8311 3470 2769 8312 3473 2770 8313 3477 2770 8314 3472 2770 8315 3474 2771 8316 3478 2771 8317 3473 2771 8318 3475 2772 8319 3479 2772 8320 3474 2772 8321 3476 2773 8322 3480 2773 8323 3475 2773 8324 3478 2774 8325 3446 2774 8326 3477 2774 8327 3479 2775 8328 3451 2775 8329 3478 2775 8330 3480 2776 8331 3456 2776 8332 3479 2776 8333 3481 2777 8334 3461 2777 8335 3480 2777 8336 3482 2778 8337 3486 2778 8338 3442 2778 8339 3483 2779 8340 3487 2779 8341 3482 2779 8342 3484 2780 8343 3488 2780 8344 3483 2780 8345 3485 2781 8346 3489 2781 8347 3484 2781 8348 3487 2782 8349 3491 2782 8350 3486 2782 8351 3488 2783 8352 3492 2783 8353 3487 2783 8354 3489 2784 8355 3493 2784 8356 3488 2784 8357 3490 2785 8358 3494 2785 8359 3489 2785 8360 3492 2786 8361 3496 2786 8362 3491 2786 8363 3493 2787 8364 3497 2787 8365 3492 2787 8366 3494 2788 8367 3498 2788 8368 3493 2788 8369 3495 2789 8370 3499 2789 8371 3494 2789 8372 3497 2790 8373 3466 2790 8374 3496 2790 8375 3498 2791 8376 3471 2791 8377 3497 2791 8378 3499 2792 8379 3476 2792 8380 3498 2792 8381 3500 2793 8382 3481 2793 8383 3499 2793 8384 3504 2794 8385 3508 2794 8386 3501 2794 8387 3505 2795 8388 3509 2795 8389 3504 2795 8390 3506 2796 8391 3510 2796 8392 3505 2796 8393 3506 2797 8394 3512 2797 8395 3511 2797 8396 3509 2798 8397 3513 2798 8398 3508 2798 8399 3510 2799 8400 3514 2799 8401 3509 2799 8402 3510 2800 8403 3516 2800 8404 3515 2800 8405 3511 2801 8406 3517 2801 8407 3516 2801 8408 3514 2802 8409 3518 2802 8410 3513 2802 8411 3514 2803 8412 3520 2803 8413 3519 2803 8414 3515 2804 8415 3521 2804 8416 3520 2804 8417 3516 2805 8418 3522 2805 8419 3521 2805 8420 3518 2806 8421 3551 2806 8422 3546 2806 8423 3519 2807 8424 3556 2807 8425 3551 2807 8426 3520 2808 8427 3561 2808 8428 3556 2808 8429 3521 2809 8430 3523 2809 8431 3561 2809 8432 3524 2810 8433 3528 2810 8434 3502 2810 8435 3525 2811 8436 3529 2811 8437 3524 2811 8438 3526 2812 8439 3530 2812 8440 3525 2812 8441 3527 2813 8442 3531 2813 8443 3526 2813 8444 3529 2814 8445 3533 2814 8446 3528 2814 8447 3530 2815 8448 3534 2815 8449 3529 2815 8450 3531 2816 8451 3535 2816 8452 3530 2816 8453 3532 2817 8454 3536 2817 8455 3531 2817 8456 3534 2818 8457 3538 2818 8458 3533 2818 8459 3535 2819 8460 3539 2819 8461 3534 2819 8462 3536 2820 8463 3540 2820 8464 3535 2820 8465 3537 2821 8466 3541 2821 8467 3536 2821 8468 3539 2822 8469 3507 2822 8470 3538 2822 8471 3540 2823 8472 3512 2823 8473 3539 2823 8474 3541 2824 8475 3517 2824 8476 3540 2824 8477 3542 2825 8478 3522 2825 8479 3541 2825 8480 3543 2826 8481 3547 2826 8482 3503 2826 8483 3544 2827 8484 3548 2827 8485 3543 2827 8486 3545 2828 8487 3549 2828 8488 3544 2828 8489 3546 2829 8490 3550 2829 8491 3545 2829 8492 3548 2830 8493 3552 2830 8494 3547 2830 8495 3549 2831 8496 3553 2831 8497 3548 2831 8498 3550 2832 8499 3554 2832 8500 3549 2832 8501 3551 2833 8502 3555 2833 8503 3550 2833 8504 3553 2834 8505 3557 2834 8506 3552 2834 8507 3554 2835 8508 3558 2835 8509 3553 2835 8510 3555 2836 8511 3559 2836 8512 3554 2836 8513 3556 2837 8514 3560 2837 8515 3555 2837 8516 3558 2838 8517 3527 2838 8518 3557 2838 8519 3559 2839 8520 3532 2839 8521 3558 2839 8522 3560 2840 8523 3537 2840 8524 3559 2840 8525 3561 2841 8526 3542 2841 8527 3560 2841 8528 3565 2842 8529 3569 2842 8530 3562 2842 8531 3566 2843 8532 3570 2843 8533 3565 2843 8534 3567 2844 8535 3571 2844 8536 3566 2844 8537 3567 2845 8538 3573 2845 8539 3572 2845 8540 3570 2846 8541 3574 2846 8542 3569 2846 8543 3571 2847 8544 3575 2847 8545 3570 2847 8546 3571 2848 8547 3577 2848 8548 3576 2848 8549 3572 2849 8550 3578 2849 8551 3577 2849 8552 3575 2850 8553 3579 2850 8554 3574 2850 8555 3575 2851 8556 3581 2851 8557 3580 2851 8558 3576 2852 8559 3582 2852 8560 3581 2852 8561 3577 2853 8562 3583 2853 8563 3582 2853 8564 3579 2854 8565 3612 2854 8566 3607 2854 8567 3580 2855 8568 3617 2855 8569 3612 2855 8570 3581 2856 8571 3622 2856 8572 3617 2856 8573 3582 2857 8574 3584 2857 8575 3622 2857 8576 3585 2858 8577 3589 2858 8578 3563 2858 8579 3586 2859 8580 3590 2859 8581 3585 2859 8582 3587 2860 8583 3591 2860 8584 3586 2860 8585 3588 2861 8586 3592 2861 8587 3587 2861 8588 3590 2862 8589 3594 2862 8590 3589 2862 8591 3591 2863 8592 3595 2863 8593 3590 2863 8594 3592 2864 8595 3596 2864 8596 3591 2864 8597 3593 2865 8598 3597 2865 8599 3592 2865 8600 3595 2866 8601 3599 2866 8602 3594 2866 8603 3596 2867 8604 3600 2867 8605 3595 2867 8606 3597 2868 8607 3601 2868 8608 3596 2868 8609 3598 2869 8610 3602 2869 8611 3597 2869 8612 3600 2870 8613 3568 2870 8614 3599 2870 8615 3601 2871 8616 3573 2871 8617 3600 2871 8618 3602 2872 8619 3578 2872 8620 3601 2872 8621 3603 2873 8622 3583 2873 8623 3602 2873 8624 3604 2874 8625 3608 2874 8626 3564 2874 8627 3605 2875 8628 3609 2875 8629 3604 2875 8630 3606 2876 8631 3610 2876 8632 3605 2876 8633 3607 2877 8634 3611 2877 8635 3606 2877 8636 3609 2878 8637 3613 2878 8638 3608 2878 8639 3610 2879 8640 3614 2879 8641 3609 2879 8642 3611 2880 8643 3615 2880 8644 3610 2880 8645 3612 2881 8646 3616 2881 8647 3611 2881 8648 3614 2882 8649 3618 2882 8650 3613 2882 8651 3615 2883 8652 3619 2883 8653 3614 2883 8654 3616 2884 8655 3620 2884 8656 3615 2884 8657 3617 2885 8658 3621 2885 8659 3616 2885 8660 3619 2886 8661 3588 2886 8662 3618 2886 8663 3620 2887 8664 3593 2887 8665 3619 2887 8666 3621 2888 8667 3598 2888 8668 3620 2888 8669 3622 2889 8670 3603 2889 8671 3621 2889 8672 3626 2890 8673 3630 2890 8674 3623 2890 8675 3627 2891 8676 3631 2891 8677 3626 2891 8678 3628 2892 8679 3632 2892 8680 3627 2892 8681 3628 2893 8682 3634 2893 8683 3633 2893 8684 3631 2894 8685 3635 2894 8686 3630 2894 8687 3632 2895 8688 3636 2895 8689 3631 2895 8690 3632 2896 8691 3638 2896 8692 3637 2896 8693 3633 2897 8694 3639 2897 8695 3638 2897 8696 3636 2898 8697 3640 2898 8698 3635 2898 8699 3636 2899 8700 3642 2899 8701 3641 2899 8702 3637 2900 8703 3643 2900 8704 3642 2900 8705 3638 2901 8706 3644 2901 8707 3643 2901 8708 3640 2902 8709 3673 2902 8710 3668 2902 8711 3641 2903 8712 3678 2903 8713 3673 2903 8714 3642 2904 8715 3683 2904 8716 3678 2904 8717 3643 2905 8718 3645 2905 8719 3683 2905 8720 3646 2906 8721 3650 2906 8722 3624 2906 8723 3647 2907 8724 3651 2907 8725 3646 2907 8726 3648 2908 8727 3652 2908 8728 3647 2908 8729 3649 2909 8730 3653 2909 8731 3648 2909 8732 3651 2910 8733 3655 2910 8734 3650 2910 8735 3652 2911 8736 3656 2911 8737 3651 2911 8738 3653 2912 8739 3657 2912 8740 3652 2912 8741 3654 2913 8742 3658 2913 8743 3653 2913 8744 3656 2914 8745 3660 2914 8746 3655 2914 8747 3657 2915 8748 3661 2915 8749 3656 2915 8750 3658 2916 8751 3662 2916 8752 3657 2916 8753 3659 2917 8754 3663 2917 8755 3658 2917 8756 3661 2918 8757 3629 2918 8758 3660 2918 8759 3662 2919 8760 3634 2919 8761 3661 2919 8762 3663 2920 8763 3639 2920 8764 3662 2920 8765 3664 2921 8766 3644 2921 8767 3663 2921 8768 3665 2922 8769 3669 2922 8770 3625 2922 8771 3666 2923 8772 3670 2923 8773 3665 2923 8774 3667 2924 8775 3671 2924 8776 3666 2924 8777 3668 2925 8778 3672 2925 8779 3667 2925 8780 3670 2926 8781 3674 2926 8782 3669 2926 8783 3671 2927 8784 3675 2927 8785 3670 2927 8786 3672 2928 8787 3676 2928 8788 3671 2928 8789 3673 2929 8790 3677 2929 8791 3672 2929 8792 3675 2930 8793 3679 2930 8794 3674 2930 8795 3676 2931 8796 3680 2931 8797 3675 2931 8798 3677 2932 8799 3681 2932 8800 3676 2932 8801 3678 2933 8802 3682 2933 8803 3677 2933 8804 3680 2934 8805 3649 2934 8806 3679 2934 8807 3681 2935 8808 3654 2935 8809 3680 2935 8810 3682 2936 8811 3659 2936 8812 3681 2936 8813 3683 2937 8814 3664 2937 8815 3682 2937 8816 3687 2938 8817 3691 2938 8818 3684 2938 8819 3688 2939 8820 3692 2939 8821 3687 2939 8822 3689 2940 8823 3693 2940 8824 3688 2940 8825 3689 2941 8826 3695 2941 8827 3694 2941 8828 3692 2942 8829 3696 2942 8830 3691 2942 8831 3693 2943 8832 3697 2943 8833 3692 2943 8834 3693 2944 8835 3699 2944 8836 3698 2944 8837 3694 2945 8838 3700 2945 8839 3699 2945 8840 3697 2946 8841 3701 2946 8842 3696 2946 8843 3697 2947 8844 3703 2947 8845 3702 2947 8846 3698 2948 8847 3704 2948 8848 3703 2948 8849 3699 2949 8850 3705 2949 8851 3704 2949 8852 3701 2950 8853 3734 2950 8854 3729 2950 8855 3702 2951 8856 3739 2951 8857 3734 2951 8858 3703 2952 8859 3744 2952 8860 3739 2952 8861 3704 2953 8862 3706 2953 8863 3744 2953 8864 3707 2954 8865 3711 2954 8866 3685 2954 8867 3708 2955 8868 3712 2955 8869 3707 2955 8870 3709 2956 8871 3713 2956 8872 3708 2956 8873 3710 2957 8874 3714 2957 8875 3709 2957 8876 3712 2958 8877 3716 2958 8878 3711 2958 8879 3713 2959 8880 3717 2959 8881 3712 2959 8882 3714 2960 8883 3718 2960 8884 3713 2960 8885 3715 2961 8886 3719 2961 8887 3714 2961 8888 3717 2962 8889 3721 2962 8890 3716 2962 8891 3718 2963 8892 3722 2963 8893 3717 2963 8894 3719 2964 8895 3723 2964 8896 3718 2964 8897 3720 2965 8898 3724 2965 8899 3719 2965 8900 3722 2966 8901 3690 2966 8902 3721 2966 8903 3723 2967 8904 3695 2967 8905 3722 2967 8906 3724 2968 8907 3700 2968 8908 3723 2968 8909 3725 2969 8910 3705 2969 8911 3724 2969 8912 3726 2970 8913 3730 2970 8914 3686 2970 8915 3727 2971 8916 3731 2971 8917 3726 2971 8918 3728 2972 8919 3732 2972 8920 3727 2972 8921 3729 2973 8922 3733 2973 8923 3728 2973 8924 3731 2974 8925 3735 2974 8926 3730 2974 8927 3732 2975 8928 3736 2975 8929 3731 2975 8930 3733 2976 8931 3737 2976 8932 3732 2976 8933 3734 2977 8934 3738 2977 8935 3733 2977 8936 3736 2978 8937 3740 2978 8938 3735 2978 8939 3737 2979 8940 3741 2979 8941 3736 2979 8942 3738 2980 8943 3742 2980 8944 3737 2980 8945 3739 2981 8946 3743 2981 8947 3738 2981 8948 3741 2982 8949 3710 2982 8950 3740 2982 8951 3742 2983 8952 3715 2983 8953 3741 2983 8954 3743 2984 8955 3720 2984 8956 3742 2984 8957 3744 2985 8958 3725 2985 8959 3743 2985 8960 3748 2986 8961 3752 2986 8962 3745 2986 8963 3749 2987 8964 3753 2987 8965 3748 2987 8966 3750 2988 8967 3754 2988 8968 3749 2988 8969 3750 2989 8970 3756 2989 8971 3755 2989 8972 3753 2990 8973 3757 2990 8974 3752 2990 8975 3754 2991 8976 3758 2991 8977 3753 2991 8978 3754 2992 8979 3760 2992 8980 3759 2992 8981 3755 2993 8982 3761 2993 8983 3760 2993 8984 3758 2994 8985 3762 2994 8986 3757 2994 8987 3758 2995 8988 3764 2995 8989 3763 2995 8990 3759 2996 8991 3765 2996 8992 3764 2996 8993 3760 2997 8994 3766 2997 8995 3765 2997 8996 3762 2998 8997 3795 2998 8998 3790 2998 8999 3763 2999 9000 3800 2999 9001 3795 2999 9002 3764 3000 9003 3805 3000 9004 3800 3000 9005 3765 3001 9006 3767 3001 9007 3805 3001 9008 3768 3002 9009 3772 3002 9010 3746 3002 9011 3769 3003 9012 3773 3003 9013 3768 3003 9014 3770 3004 9015 3774 3004 9016 3769 3004 9017 3771 3005 9018 3775 3005 9019 3770 3005 9020 3773 3006 9021 3777 3006 9022 3772 3006 9023 3774 3007 9024 3778 3007 9025 3773 3007 9026 3775 3008 9027 3779 3008 9028 3774 3008 9029 3776 3009 9030 3780 3009 9031 3775 3009 9032 3778 3010 9033 3782 3010 9034 3777 3010 9035 3779 3011 9036 3783 3011 9037 3778 3011 9038 3780 3012 9039 3784 3012 9040 3779 3012 9041 3781 3013 9042 3785 3013 9043 3780 3013 9044 3783 3014 9045 3751 3014 9046 3782 3014 9047 3784 3015 9048 3756 3015 9049 3783 3015 9050 3785 3016 9051 3761 3016 9052 3784 3016 9053 3786 3017 9054 3766 3017 9055 3785 3017 9056 3787 3018 9057 3791 3018 9058 3747 3018 9059 3788 3019 9060 3792 3019 9061 3787 3019 9062 3789 3020 9063 3793 3020 9064 3788 3020 9065 3790 3021 9066 3794 3021 9067 3789 3021 9068 3792 3022 9069 3796 3022 9070 3791 3022 9071 3793 3023 9072 3797 3023 9073 3792 3023 9074 3794 3024 9075 3798 3024 9076 3793 3024 9077 3795 3025 9078 3799 3025 9079 3794 3025 9080 3797 3026 9081 3801 3026 9082 3796 3026 9083 3798 3027 9084 3802 3027 9085 3797 3027 9086 3799 3028 9087 3803 3028 9088 3798 3028 9089 3800 3029 9090 3804 3029 9091 3799 3029 9092 3802 3030 9093 3771 3030 9094 3801 3030 9095 3803 3031 9096 3776 3031 9097 3802 3031 9098 3804 3032 9099 3781 3032 9100 3803 3032 9101 3805 3033 9102 3786 3033 9103 3804 3033 9104 3809 3034 9105 3813 3034 9106 3806 3034 9107 3810 3035 9108 3814 3035 9109 3809 3035 9110 3811 3036 9111 3815 3036 9112 3810 3036 9113 3811 3037 9114 3817 3037 9115 3816 3037 9116 3814 3038 9117 3818 3038 9118 3813 3038 9119 3815 3039 9120 3819 3039 9121 3814 3039 9122 3815 3040 9123 3821 3040 9124 3820 3040 9125 3816 3041 9126 3822 3041 9127 3821 3041 9128 3819 3042 9129 3823 3042 9130 3818 3042 9131 3819 3043 9132 3825 3043 9133 3824 3043 9134 3820 3044 9135 3826 3044 9136 3825 3044 9137 3821 3045 9138 3827 3045 9139 3826 3045 9140 3823 3046 9141 3856 3046 9142 3851 3046 9143 3824 3047 9144 3861 3047 9145 3856 3047 9146 3825 3048 9147 3866 3048 9148 3861 3048 9149 3826 3049 9150 3828 3049 9151 3866 3049 9152 3829 3050 9153 3833 3050 9154 3807 3050 9155 3830 3051 9156 3834 3051 9157 3829 3051 9158 3831 3052 9159 3835 3052 9160 3830 3052 9161 3832 3053 9162 3836 3053 9163 3831 3053 9164 3834 3054 9165 3838 3054 9166 3833 3054 9167 3835 3055 9168 3839 3055 9169 3834 3055 9170 3836 3056 9171 3840 3056 9172 3835 3056 9173 3837 3057 9174 3841 3057 9175 3836 3057 9176 3839 3058 9177 3843 3058 9178 3838 3058 9179 3840 3059 9180 3844 3059 9181 3839 3059 9182 3841 3060 9183 3845 3060 9184 3840 3060 9185 3842 3061 9186 3846 3061 9187 3841 3061 9188 3844 3062 9189 3812 3062 9190 3843 3062 9191 3845 3063 9192 3817 3063 9193 3844 3063 9194 3846 3064 9195 3822 3064 9196 3845 3064 9197 3847 3065 9198 3827 3065 9199 3846 3065 9200 3848 3066 9201 3852 3066 9202 3808 3066 9203 3849 3067 9204 3853 3067 9205 3848 3067 9206 3850 3068 9207 3854 3068 9208 3849 3068 9209 3851 3069 9210 3855 3069 9211 3850 3069 9212 3853 3070 9213 3857 3070 9214 3852 3070 9215 3854 3071 9216 3858 3071 9217 3853 3071 9218 3855 3072 9219 3859 3072 9220 3854 3072 9221 3856 3073 9222 3860 3073 9223 3855 3073 9224 3858 3074 9225 3862 3074 9226 3857 3074 9227 3859 3075 9228 3863 3075 9229 3858 3075 9230 3860 3076 9231 3864 3076 9232 3859 3076 9233 3861 3077 9234 3865 3077 9235 3860 3077 9236 3863 3078 9237 3832 3078 9238 3862 3078 9239 3864 3079 9240 3837 3079 9241 3863 3079 9242 3865 3080 9243 3842 3080 9244 3864 3080 9245 3866 3081 9246 3847 3081 9247 3865 3081 9248 3870 3082 9249 3874 3082 9250 3867 3082 9251 3871 3083 9252 3875 3083 9253 3870 3083 9254 3872 3084 9255 3876 3084 9256 3871 3084 9257 3872 3085 9258 3878 3085 9259 3877 3085 9260 3875 3086 9261 3879 3086 9262 3874 3086 9263 3876 3087 9264 3880 3087 9265 3875 3087 9266 3876 3088 9267 3882 3088 9268 3881 3088 9269 3877 3089 9270 3883 3089 9271 3882 3089 9272 3880 3090 9273 3884 3090 9274 3879 3090 9275 3880 3091 9276 3886 3091 9277 3885 3091 9278 3881 3092 9279 3887 3092 9280 3886 3092 9281 3882 3093 9282 3888 3093 9283 3887 3093 9284 3884 3094 9285 3917 3094 9286 3912 3094 9287 3885 3095 9288 3922 3095 9289 3917 3095 9290 3886 3096 9291 3927 3096 9292 3922 3096 9293 3887 3097 9294 3889 3097 9295 3927 3097 9296 3890 3098 9297 3894 3098 9298 3868 3098 9299 3891 3099 9300 3895 3099 9301 3890 3099 9302 3892 3100 9303 3896 3100 9304 3891 3100 9305 3893 3101 9306 3897 3101 9307 3892 3101 9308 3895 3102 9309 3899 3102 9310 3894 3102 9311 3896 3103 9312 3900 3103 9313 3895 3103 9314 3897 3104 9315 3901 3104 9316 3896 3104 9317 3898 3105 9318 3902 3105 9319 3897 3105 9320 3900 3106 9321 3904 3106 9322 3899 3106 9323 3901 3107 9324 3905 3107 9325 3900 3107 9326 3902 3108 9327 3906 3108 9328 3901 3108 9329 3903 3109 9330 3907 3109 9331 3902 3109 9332 3905 3110 9333 3873 3110 9334 3904 3110 9335 3906 3111 9336 3878 3111 9337 3905 3111 9338 3907 3112 9339 3883 3112 9340 3906 3112 9341 3908 3113 9342 3888 3113 9343 3907 3113 9344 3909 3114 9345 3913 3114 9346 3869 3114 9347 3910 3115 9348 3914 3115 9349 3909 3115 9350 3911 3116 9351 3915 3116 9352 3910 3116 9353 3912 3117 9354 3916 3117 9355 3911 3117 9356 3914 3118 9357 3918 3118 9358 3913 3118 9359 3915 3119 9360 3919 3119 9361 3914 3119 9362 3916 3120 9363 3920 3120 9364 3915 3120 9365 3917 3121 9366 3921 3121 9367 3916 3121 9368 3919 3122 9369 3923 3122 9370 3918 3122 9371 3920 3123 9372 3924 3123 9373 3919 3123 9374 3921 3124 9375 3925 3124 9376 3920 3124 9377 3922 3125 9378 3926 3125 9379 3921 3125 9380 3924 3126 9381 3893 3126 9382 3923 3126 9383 3925 3127 9384 3898 3127 9385 3924 3127 9386 3926 3128 9387 3903 3128 9388 3925 3128 9389 3927 3129 9390 3908 3129 9391 3926 3129 9392 147 3130 9393 66 3130 9394 26 3130 9395 66 3131 9396 178 3131 9397 67 3131 9398 67 3132 9399 183 3132 9400 68 3132 9401 68 3133 9402 152 3133 9403 69 3133 9404 69 3134 9405 151 3134 9406 41 3134 9407 41 3135 9408 150 3135 9409 36 3135 9410 36 3136 9411 149 3136 9412 31 3136 9413 149 3137 9414 24 3137 9415 31 3137 9416 209 3138 9417 112 3138 9418 249 3138 9419 112 3139 9420 250 3139 9421 249 3139 9422 117 3140 9423 251 3140 9424 250 3140 9425 122 3141 9426 252 3141 9427 251 3141 9428 91 3142 9429 224 3142 9430 252 3142 9431 90 3143 9432 219 3143 9433 224 3143 9434 89 3144 9435 214 3144 9436 219 3144 9437 214 3145 9438 85 3145 9439 207 3145 9440 87 3146 9441 47 3146 9442 25 3146 9443 131 3147 9444 48 3147 9445 47 3147 9446 136 3148 9447 49 3148 9448 48 3148 9449 141 3149 9450 50 3149 9451 49 3149 9452 111 3150 9453 80 3150 9454 50 3150 9455 110 3151 9456 75 3151 9457 80 3151 9458 109 3152 9459 70 3152 9460 75 3152 9461 108 3153 9462 26 3153 9463 70 3153 9464 148 3154 9465 230 3154 9466 208 3154 9467 192 3155 9468 231 3155 9469 230 3155 9470 197 3156 9471 232 3156 9472 231 3156 9473 202 3157 9474 233 3157 9475 232 3157 9476 172 3158 9477 263 3158 9478 233 3158 9479 171 3159 9480 258 3159 9481 263 3159 9482 170 3160 9483 253 3160 9484 258 3160 9485 169 3161 9486 209 3161 9487 253 3161 9488 148 3162 9489 295 3162 9490 188 3162 9491 295 3163 9492 189 3163 9493 188 3163 9494 300 3164 9495 190 3164 9496 189 3164 9497 305 3165 9498 191 3165 9499 190 3165 9500 274 3166 9501 163 3166 9502 191 3166 9503 273 3167 9504 158 3167 9505 163 3167 9506 272 3168 9507 153 3168 9508 158 3168 9509 153 3169 9510 268 3169 9511 146 3169 9512 208 3170 9513 371 3170 9514 331 3170 9515 371 3171 9516 239 3171 9517 372 3171 9518 372 3172 9519 244 3172 9520 373 3172 9521 373 3173 9522 213 3173 9523 374 3173 9524 374 3174 9525 212 3174 9526 346 3174 9527 346 3175 9528 211 3175 9529 341 3175 9530 341 3176 9531 210 3176 9532 336 3176 9533 210 3177 9534 329 3177 9535 336 3177 9536 330 3178 9537 314 3178 9538 352 3178 9539 314 3179 9540 353 3179 9541 352 3179 9542 319 3180 9543 354 3180 9544 353 3180 9545 324 3181 9546 355 3181 9547 354 3181 9548 294 3182 9549 385 3182 9550 355 3182 9551 293 3183 9552 380 3183 9553 385 3183 9554 292 3184 9555 375 3184 9556 380 3184 9557 291 3185 9558 331 3185 9559 375 3185 9560 391 3186 9561 310 3186 9562 270 3186 9563 417 3187 9564 311 3187 9565 310 3187 9566 311 3188 9567 427 3188 9568 312 3188 9569 312 3189 9570 396 3189 9571 313 3189 9572 313 3190 9573 395 3190 9574 285 3190 9575 285 3191 9576 394 3191 9577 280 3191 9578 394 3192 9579 275 3192 9580 280 3192 9581 393 3193 9582 268 3193 9583 275 3193 9584 330 3194 9585 493 3194 9586 453 3194 9587 493 3195 9588 361 3195 9589 494 3195 9590 361 3196 9591 495 3196 9592 494 3196 9593 366 3197 9594 496 3197 9595 495 3197 9596 496 3198 9597 334 3198 9598 468 3198 9599 468 3199 9600 333 3199 9601 463 3199 9602 463 3200 9603 332 3200 9604 458 3200 9605 458 3201 9606 329 3201 9607 451 3201 9608 392 3202 9609 474 3202 9610 452 3202 9611 436 3203 9612 475 3203 9613 474 3203 9614 441 3204 9615 476 3204 9616 475 3204 9617 446 3205 9618 477 3205 9619 476 3205 9620 416 3206 9621 507 3206 9622 477 3206 9623 415 3207 9624 502 3207 9625 507 3207 9626 414 3208 9627 497 3208 9628 502 3208 9629 413 3209 9630 453 3209 9631 497 3209 9632 513 3210 9633 432 3210 9634 392 3210 9635 432 3211 9636 544 3211 9637 433 3211 9638 544 3212 9639 434 3212 9640 433 3212 9641 549 3213 9642 435 3213 9643 434 3213 9644 518 3214 9645 407 3214 9646 435 3214 9647 517 3215 9648 402 3215 9649 407 3215 9650 402 3216 9651 515 3216 9652 397 3216 9653 515 3217 9654 390 3217 9655 397 3217 9656 452 3218 9657 615 3218 9658 575 3218 9659 478 3219 9660 616 3219 9661 615 3219 9662 616 3220 9663 488 3220 9664 617 3220 9665 617 3221 9666 457 3221 9667 618 3221 9668 618 3222 9669 456 3222 9670 590 3222 9671 590 3223 9672 455 3223 9673 585 3223 9674 455 3224 9675 580 3224 9676 585 3224 9677 454 3225 9678 573 3225 9679 580 3225 9680 514 3226 9681 596 3226 9682 574 3226 9683 558 3227 9684 597 3227 9685 596 3227 9686 563 3228 9687 598 3228 9688 597 3228 9689 568 3229 9690 599 3229 9691 598 3229 9692 538 3230 9693 629 3230 9694 599 3230 9695 537 3231 9696 624 3231 9697 629 3231 9698 536 3232 9699 619 3232 9700 624 3232 9701 535 3233 9702 575 3233 9703 619 3233 9704 635 3234 9705 554 3234 9706 514 3234 9707 661 3235 9708 555 3235 9709 554 3235 9710 555 3236 9711 671 3236 9712 556 3236 9713 556 3237 9714 640 3237 9715 557 3237 9716 557 3238 9717 639 3238 9718 529 3238 9719 529 3239 9720 638 3239 9721 524 3239 9722 638 3240 9723 519 3240 9724 524 3240 9725 637 3241 9726 512 3241 9727 519 3241 9728 574 3242 9729 737 3242 9730 697 3242 9731 737 3243 9732 605 3243 9733 738 3243 9734 605 3244 9735 739 3244 9736 738 3244 9737 610 3245 9738 740 3245 9739 739 3245 9740 579 3246 9741 712 3246 9742 740 3246 9743 578 3247 9744 707 3247 9745 712 3247 9746 707 3248 9747 576 3248 9748 702 3248 9749 576 3249 9750 695 3249 9751 702 3249 9752 636 3250 9753 718 3250 9754 696 3250 9755 680 3251 9756 719 3251 9757 718 3251 9758 685 3252 9759 720 3252 9760 719 3252 9761 690 3253 9762 721 3253 9763 720 3253 9764 660 3254 9765 751 3254 9766 721 3254 9767 659 3255 9768 746 3255 9769 751 3255 9770 658 3256 9771 741 3256 9772 746 3256 9773 657 3257 9774 697 3257 9775 741 3257 9776 757 3258 9777 676 3258 9778 636 3258 9779 676 3259 9780 788 3259 9781 677 3259 9782 788 3260 9783 678 3260 9784 677 3260 9785 793 3261 9786 679 3261 9787 678 3261 9788 679 3262 9789 761 3262 9790 651 3262 9791 651 3263 9792 760 3263 9793 646 3263 9794 646 3264 9795 759 3264 9796 641 3264 9797 641 3265 9798 756 3265 9799 634 3265 9800 696 3266 9801 859 3266 9802 819 3266 9803 722 3267 9804 860 3267 9805 859 3267 9806 860 3268 9807 732 3268 9808 861 3268 9809 861 3269 9810 701 3269 9811 862 3269 9812 862 3270 9813 700 3270 9814 834 3270 9815 834 3271 9816 699 3271 9817 829 3271 9818 699 3272 9819 824 3272 9820 829 3272 9821 698 3273 9822 817 3273 9823 824 3273 9824 758 3274 9825 840 3274 9826 818 3274 9827 802 3275 9828 841 3275 9829 840 3275 9830 807 3276 9831 842 3276 9832 841 3276 9833 812 3277 9834 843 3277 9835 842 3277 9836 782 3278 9837 873 3278 9838 843 3278 9839 781 3279 9840 868 3279 9841 873 3279 9842 780 3280 9843 863 3280 9844 868 3280 9845 779 3281 9846 819 3281 9847 863 3281 9848 879 3282 9849 798 3282 9850 758 3282 9851 798 3283 9852 910 3283 9853 799 3283 9854 799 3284 9855 915 3284 9856 800 3284 9857 800 3285 9858 884 3285 9859 801 3285 9860 801 3286 9861 883 3286 9862 773 3286 9863 773 3287 9864 882 3287 9865 768 3287 9866 768 3288 9867 881 3288 9868 763 3288 9869 881 3289 9870 756 3289 9871 763 3289 9872 941 3290 9873 844 3290 9874 981 3290 9875 844 3291 9876 982 3291 9877 981 3291 9878 849 3292 9879 983 3292 9880 982 3292 9881 854 3293 9882 984 3293 9883 983 3293 9884 823 3294 9885 956 3294 9886 984 3294 9887 822 3295 9888 951 3295 9889 956 3295 9890 821 3296 9891 946 3296 9892 951 3296 9893 946 3297 9894 817 3297 9895 939 3297 9896 880 3298 9897 962 3298 9898 940 3298 9899 924 3299 9900 963 3299 9901 962 3299 9902 929 3300 9903 964 3300 9904 963 3300 9905 934 3301 9906 965 3301 9907 964 3301 9908 904 3302 9909 995 3302 9910 965 3302 9911 903 3303 9912 990 3303 9913 995 3303 9914 902 3304 9915 985 3304 9916 990 3304 9917 901 3305 9918 941 3305 9919 985 3305 9920 880 3306 9921 1027 3306 9922 920 3306 9923 1027 3307 9924 921 3307 9925 920 3307 9926 1032 3308 9927 922 3308 9928 921 3308 9929 1037 3309 9930 923 3309 9931 922 3309 9932 1006 3310 9933 895 3310 9934 923 3310 9935 1005 3311 9936 890 3311 9937 895 3311 9938 1004 3312 9939 885 3312 9940 890 3312 9941 885 3313 9942 1000 3313 9943 878 3313 9944 940 3314 9945 1103 3314 9946 1063 3314 9947 1103 3315 9948 971 3315 9949 1104 3315 9950 1104 3316 9951 976 3316 9952 1105 3316 9953 1105 3317 9954 945 3317 9955 1106 3317 9956 1106 3318 9957 944 3318 9958 1078 3318 9959 1078 3319 9960 943 3319 9961 1073 3319 9962 1073 3320 9963 942 3320 9964 1068 3320 9965 942 3321 9966 1061 3321 9967 1068 3321 9968 1002 3322 9969 1084 3322 9970 1062 3322 9971 1046 3323 9972 1085 3323 9973 1084 3323 9974 1051 3324 9975 1086 3324 9976 1085 3324 9977 1056 3325 9978 1087 3325 9979 1086 3325 9980 1026 3326 9981 1117 3326 9982 1087 3326 9983 1025 3327 9984 1112 3327 9985 1117 3327 9986 1024 3328 9987 1107 3328 9988 1112 3328 9989 1023 3329 9990 1063 3329 9991 1107 3329 9992 1123 3330 9993 1042 3330 9994 1002 3330 9995 1042 3331 9996 1154 3331 9997 1043 3331 9998 1043 3332 9999 1159 3332 10000 1044 3332 10001 1044 3333 10002 1128 3333 10003 1045 3333 10004 1045 3334 10005 1127 3334 10006 1017 3334 10007 1017 3335 10008 1126 3335 10009 1012 3335 10010 1012 3336 10011 1125 3336 10012 1007 3336 10013 1125 3337 10014 1000 3337 10015 1007 3337 10016 1185 3338 10017 1088 3338 10018 1225 3338 10019 1088 3339 10020 1226 3339 10021 1225 3339 10022 1093 3340 10023 1227 3340 10024 1226 3340 10025 1098 3341 10026 1228 3341 10027 1227 3341 10028 1067 3342 10029 1200 3342 10030 1228 3342 10031 1066 3343 10032 1195 3343 10033 1200 3343 10034 1065 3344 10035 1190 3344 10036 1195 3344 10037 1190 3345 10038 1061 3345 10039 1183 3345 10040 1124 3346 10041 1206 3346 10042 1184 3346 10043 1168 3347 10044 1207 3347 10045 1206 3347 10046 1173 3348 10047 1208 3348 10048 1207 3348 10049 1178 3349 10050 1209 3349 10051 1208 3349 10052 1148 3350 10053 1239 3350 10054 1209 3350 10055 1147 3351 10056 1234 3351 10057 1239 3351 10058 1146 3352 10059 1229 3352 10060 1234 3352 10061 1145 3353 10062 1185 3353 10063 1229 3353 10064 1124 3354 10065 1271 3354 10066 1164 3354 10067 1271 3355 10068 1165 3355 10069 1164 3355 10070 1276 3356 10071 1166 3356 10072 1165 3356 10073 1281 3357 10074 1167 3357 10075 1166 3357 10076 1250 3358 10077 1139 3358 10078 1167 3358 10079 1249 3359 10080 1134 3359 10081 1139 3359 10082 1248 3360 10083 1129 3360 10084 1134 3360 10085 1129 3361 10086 1244 3361 10087 1122 3361 10088 1184 3362 10089 1347 3362 10090 1307 3362 10091 1347 3363 10092 1215 3363 10093 1348 3363 10094 1348 3364 10095 1220 3364 10096 1349 3364 10097 1349 3365 10098 1189 3365 10099 1350 3365 10100 1350 3366 10101 1188 3366 10102 1322 3366 10103 1322 3367 10104 1187 3367 10105 1317 3367 10106 1317 3368 10107 1186 3368 10108 1312 3368 10109 1186 3369 10110 1305 3369 10111 1312 3369 10112 1306 3370 10113 1290 3370 10114 1328 3370 10115 1290 3371 10116 1329 3371 10117 1328 3371 10118 1295 3372 10119 1330 3372 10120 1329 3372 10121 1300 3373 10122 1331 3373 10123 1330 3373 10124 1270 3374 10125 1361 3374 10126 1331 3374 10127 1269 3375 10128 1356 3375 10129 1361 3375 10130 1268 3376 10131 1351 3376 10132 1356 3376 10133 1267 3377 10134 1307 3377 10135 1351 3377 10136 1367 3378 10137 1286 3378 10138 1246 3378 10139 1393 3379 10140 1287 3379 10141 1286 3379 10142 1287 3380 10143 1403 3380 10144 1288 3380 10145 1288 3381 10146 1372 3381 10147 1289 3381 10148 1289 3382 10149 1371 3382 10150 1261 3382 10151 1261 3383 10152 1370 3383 10153 1256 3383 10154 1370 3384 10155 1251 3384 10156 1256 3384 10157 1369 3385 10158 1244 3385 10159 1251 3385 10160 1306 3386 10161 1469 3386 10162 1429 3386 10163 1469 3387 10164 1337 3387 10165 1470 3387 10166 1337 3388 10167 1471 3388 10168 1470 3388 10169 1342 3389 10170 1472 3389 10171 1471 3389 10172 1472 3390 10173 1310 3390 10174 1444 3390 10175 1444 3391 10176 1309 3391 10177 1439 3391 10178 1439 3392 10179 1308 3392 10180 1434 3392 10181 1434 3393 10182 1305 3393 10183 1427 3393 10184 1368 3394 10185 1450 3394 10186 1428 3394 10187 1412 3395 10188 1451 3395 10189 1450 3395 10190 1417 3396 10191 1452 3396 10192 1451 3396 10193 1422 3397 10194 1453 3397 10195 1452 3397 10196 1392 3398 10197 1483 3398 10198 1453 3398 10199 1391 3399 10200 1478 3399 10201 1483 3399 10202 1390 3400 10203 1473 3400 10204 1478 3400 10205 1389 3401 10206 1429 3401 10207 1473 3401 10208 1489 3402 10209 1408 3402 10210 1368 3402 10211 1408 3403 10212 1520 3403 10213 1409 3403 10214 1520 3404 10215 1410 3404 10216 1409 3404 10217 1525 3405 10218 1411 3405 10219 1410 3405 10220 1494 3406 10221 1383 3406 10222 1411 3406 10223 1493 3407 10224 1378 3407 10225 1383 3407 10226 1378 3408 10227 1491 3408 10228 1373 3408 10229 1491 3409 10230 1366 3409 10231 1373 3409 10232 1428 3410 10233 1591 3410 10234 1551 3410 10235 1454 3411 10236 1592 3411 10237 1591 3411 10238 1592 3412 10239 1464 3412 10240 1593 3412 10241 1593 3413 10242 1433 3413 10243 1594 3413 10244 1594 3414 10245 1432 3414 10246 1566 3414 10247 1566 3415 10248 1431 3415 10249 1561 3415 10250 1431 3416 10251 1556 3416 10252 1561 3416 10253 1430 3417 10254 1549 3417 10255 1556 3417 10256 1490 3418 10257 1572 3418 10258 1550 3418 10259 1534 3419 10260 1573 3419 10261 1572 3419 10262 1539 3420 10263 1574 3420 10264 1573 3420 10265 1544 3421 10266 1575 3421 10267 1574 3421 10268 1514 3422 10269 1605 3422 10270 1575 3422 10271 1513 3423 10272 1600 3423 10273 1605 3423 10274 1512 3424 10275 1595 3424 10276 1600 3424 10277 1511 3425 10278 1551 3425 10279 1595 3425 10280 1611 3426 10281 1530 3426 10282 1490 3426 10283 1637 3427 10284 1531 3427 10285 1530 3427 10286 1531 3428 10287 1647 3428 10288 1532 3428 10289 1532 3429 10290 1616 3429 10291 1533 3429 10292 1533 3430 10293 1615 3430 10294 1505 3430 10295 1505 3431 10296 1614 3431 10297 1500 3431 10298 1614 3432 10299 1495 3432 10300 1500 3432 10301 1613 3433 10302 1488 3433 10303 1495 3433 10304 1550 3434 10305 1713 3434 10306 1673 3434 10307 1713 3435 10308 1581 3435 10309 1714 3435 10310 1581 3436 10311 1715 3436 10312 1714 3436 10313 1586 3437 10314 1716 3437 10315 1715 3437 10316 1555 3438 10317 1688 3438 10318 1716 3438 10319 1554 3439 10320 1683 3439 10321 1688 3439 10322 1683 3440 10323 1552 3440 10324 1678 3440 10325 1552 3441 10326 1671 3441 10327 1678 3441 10328 1612 3442 10329 1694 3442 10330 1672 3442 10331 1656 3443 10332 1695 3443 10333 1694 3443 10334 1661 3444 10335 1696 3444 10336 1695 3444 10337 1666 3445 10338 1697 3445 10339 1696 3445 10340 1636 3446 10341 1727 3446 10342 1697 3446 10343 1635 3447 10344 1722 3447 10345 1727 3447 10346 1634 3448 10347 1717 3448 10348 1722 3448 10349 1633 3449 10350 1673 3449 10351 1717 3449 10352 1733 3450 10353 1652 3450 10354 1612 3450 10355 1652 3451 10356 1764 3451 10357 1653 3451 10358 1764 3452 10359 1654 3452 10360 1653 3452 10361 1769 3453 10362 1655 3453 10363 1654 3453 10364 1655 3454 10365 1737 3454 10366 1627 3454 10367 1627 3455 10368 1736 3455 10369 1622 3455 10370 1622 3456 10371 1735 3456 10372 1617 3456 10373 1617 3457 10374 1732 3457 10375 1610 3457 10376 1672 3458 10377 1835 3458 10378 1795 3458 10379 1698 3459 10380 1836 3459 10381 1835 3459 10382 1836 3460 10383 1708 3460 10384 1837 3460 10385 1837 3461 10386 1677 3461 10387 1838 3461 10388 1838 3462 10389 1676 3462 10390 1810 3462 10391 1810 3463 10392 1675 3463 10393 1805 3463 10394 1675 3464 10395 1800 3464 10396 1805 3464 10397 1674 3465 10398 1793 3465 10399 1800 3465 10400 1734 3466 10401 1816 3466 10402 1794 3466 10403 1778 3467 10404 1817 3467 10405 1816 3467 10406 1783 3468 10407 1818 3468 10408 1817 3468 10409 1788 3469 10410 1819 3469 10411 1818 3469 10412 1758 3470 10413 1849 3470 10414 1819 3470 10415 1757 3471 10416 1844 3471 10417 1849 3471 10418 1756 3472 10419 1839 3472 10420 1844 3472 10421 1755 3473 10422 1795 3473 10423 1839 3473 10424 1855 3474 10425 1774 3474 10426 1734 3474 10427 1774 3475 10428 1886 3475 10429 1775 3475 10430 1775 3476 10431 1891 3476 10432 1776 3476 10433 1776 3477 10434 1860 3477 10435 1777 3477 10436 1777 3478 10437 1859 3478 10438 1749 3478 10439 1749 3479 10440 1858 3479 10441 1744 3479 10442 1744 3480 10443 1857 3480 10444 1739 3480 10445 1857 3481 10446 1732 3481 10447 1739 3481 10448 1917 3482 10449 1820 3482 10450 1957 3482 10451 1820 3483 10452 1958 3483 10453 1957 3483 10454 1825 3484 10455 1959 3484 10456 1958 3484 10457 1830 3485 10458 1960 3485 10459 1959 3485 10460 1799 3486 10461 1932 3486 10462 1960 3486 10463 1798 3487 10464 1927 3487 10465 1932 3487 10466 1797 3488 10467 1922 3488 10468 1927 3488 10469 1922 3489 10470 1793 3489 10471 1915 3489 10472 1856 3490 10473 1938 3490 10474 1916 3490 10475 1900 3491 10476 1939 3491 10477 1938 3491 10478 1905 3492 10479 1940 3492 10480 1939 3492 10481 1910 3493 10482 1941 3493 10483 1940 3493 10484 1880 3494 10485 1971 3494 10486 1941 3494 10487 1879 3495 10488 1966 3495 10489 1971 3495 10490 1878 3496 10491 1961 3496 10492 1966 3496 10493 1877 3497 10494 1917 3497 10495 1961 3497 10496 1856 3498 10497 2003 3498 10498 1896 3498 10499 2003 3499 10500 1897 3499 10501 1896 3499 10502 2008 3500 10503 1898 3500 10504 1897 3500 10505 2013 3501 10506 1899 3501 10507 1898 3501 10508 1982 3502 10509 1871 3502 10510 1899 3502 10511 1981 3503 10512 1866 3503 10513 1871 3503 10514 1980 3504 10515 1861 3504 10516 1866 3504 10517 1861 3505 10518 1976 3505 10519 1854 3505 10520 1916 3506 10521 2079 3506 10522 2039 3506 10523 2079 3507 10524 1947 3507 10525 2080 3507 10526 2080 3508 10527 1952 3508 10528 2081 3508 10529 2081 3509 10530 1921 3509 10531 2082 3509 10532 2082 3510 10533 1920 3510 10534 2054 3510 10535 2054 3511 10536 1919 3511 10537 2049 3511 10538 2049 3512 10539 1918 3512 10540 2044 3512 10541 1918 3513 10542 2037 3513 10543 2044 3513 10544 1978 3514 10545 2060 3514 10546 2038 3514 10547 2022 3515 10548 2061 3515 10549 2060 3515 10550 2027 3516 10551 2062 3516 10552 2061 3516 10553 2032 3517 10554 2063 3517 10555 2062 3517 10556 2002 3518 10557 2093 3518 10558 2063 3518 10559 2001 3519 10560 2088 3519 10561 2093 3519 10562 2000 3520 10563 2083 3520 10564 2088 3520 10565 1999 3521 10566 2039 3521 10567 2083 3521 10568 2099 3522 10569 2018 3522 10570 1978 3522 10571 2018 3523 10572 2130 3523 10573 2019 3523 10574 2019 3524 10575 2135 3524 10576 2020 3524 10577 2020 3525 10578 2104 3525 10579 2021 3525 10580 2021 3526 10581 2103 3526 10582 1993 3526 10583 1993 3527 10584 2102 3527 10585 1988 3527 10586 1988 3528 10587 2101 3528 10588 1983 3528 10589 2101 3529 10590 1976 3529 10591 1983 3529 10592 2161 3530 10593 2064 3530 10594 2201 3530 10595 2064 3531 10596 2202 3531 10597 2201 3531 10598 2069 3532 10599 2203 3532 10600 2202 3532 10601 2074 3533 10602 2204 3533 10603 2203 3533 10604 2043 3534 10605 2176 3534 10606 2204 3534 10607 2042 3535 10608 2171 3535 10609 2176 3535 10610 2041 3536 10611 2166 3536 10612 2171 3536 10613 2166 3537 10614 2037 3537 10615 2159 3537 10616 2100 3538 10617 2182 3538 10618 2160 3538 10619 2144 3539 10620 2183 3539 10621 2182 3539 10622 2149 3540 10623 2184 3540 10624 2183 3540 10625 2154 3541 10626 2185 3541 10627 2184 3541 10628 2124 3542 10629 2215 3542 10630 2185 3542 10631 2123 3543 10632 2210 3543 10633 2215 3543 10634 2122 3544 10635 2205 3544 10636 2210 3544 10637 2121 3545 10638 2161 3545 10639 2205 3545 10640 2100 3546 10641 2247 3546 10642 2140 3546 10643 2247 3547 10644 2141 3547 10645 2140 3547 10646 2252 3548 10647 2142 3548 10648 2141 3548 10649 2257 3549 10650 2143 3549 10651 2142 3549 10652 2226 3550 10653 2115 3550 10654 2143 3550 10655 2225 3551 10656 2110 3551 10657 2115 3551 10658 2224 3552 10659 2105 3552 10660 2110 3552 10661 2105 3553 10662 2220 3553 10663 2098 3553 10664 2160 3554 10665 2323 3554 10666 2283 3554 10667 2323 3555 10668 2191 3555 10669 2324 3555 10670 2324 3556 10671 2196 3556 10672 2325 3556 10673 2325 3557 10674 2165 3557 10675 2326 3557 10676 2326 3558 10677 2164 3558 10678 2298 3558 10679 2298 3559 10680 2163 3559 10681 2293 3559 10682 2293 3560 10683 2162 3560 10684 2288 3560 10685 2162 3561 10686 2281 3561 10687 2288 3561 10688 2282 3562 10689 2266 3562 10690 2304 3562 10691 2266 3563 10692 2305 3563 10693 2304 3563 10694 2271 3564 10695 2306 3564 10696 2305 3564 10697 2276 3565 10698 2307 3565 10699 2306 3565 10700 2246 3566 10701 2337 3566 10702 2307 3566 10703 2245 3567 10704 2332 3567 10705 2337 3567 10706 2244 3568 10707 2327 3568 10708 2332 3568 10709 2243 3569 10710 2283 3569 10711 2327 3569 10712 2343 3570 10713 2262 3570 10714 2222 3570 10715 2369 3571 10716 2263 3571 10717 2262 3571 10718 2263 3572 10719 2379 3572 10720 2264 3572 10721 2264 3573 10722 2348 3573 10723 2265 3573 10724 2265 3574 10725 2347 3574 10726 2237 3574 10727 2237 3575 10728 2346 3575 10729 2232 3575 10730 2346 3576 10731 2227 3576 10732 2232 3576 10733 2345 3577 10734 2220 3577 10735 2227 3577 10736 2282 3578 10737 2445 3578 10738 2405 3578 10739 2445 3579 10740 2313 3579 10741 2446 3579 10742 2313 3580 10743 2447 3580 10744 2446 3580 10745 2318 3581 10746 2448 3581 10747 2447 3581 10748 2448 3582 10749 2286 3582 10750 2420 3582 10751 2420 3583 10752 2285 3583 10753 2415 3583 10754 2415 3584 10755 2284 3584 10756 2410 3584 10757 2410 3585 10758 2281 3585 10759 2403 3585 10760 2344 3586 10761 2426 3586 10762 2404 3586 10763 2388 3587 10764 2427 3587 10765 2426 3587 10766 2393 3588 10767 2428 3588 10768 2427 3588 10769 2398 3589 10770 2429 3589 10771 2428 3589 10772 2368 3590 10773 2459 3590 10774 2429 3590 10775 2367 3591 10776 2454 3591 10777 2459 3591 10778 2366 3592 10779 2449 3592 10780 2454 3592 10781 2365 3593 10782 2405 3593 10783 2449 3593 10784 2465 3594 10785 2384 3594 10786 2344 3594 10787 2384 3595 10788 2496 3595 10789 2385 3595 10790 2496 3596 10791 2386 3596 10792 2385 3596 10793 2501 3597 10794 2387 3597 10795 2386 3597 10796 2470 3598 10797 2359 3598 10798 2387 3598 10799 2469 3599 10800 2354 3599 10801 2359 3599 10802 2354 3600 10803 2467 3600 10804 2349 3600 10805 2467 3601 10806 2342 3601 10807 2349 3601 10808 2404 3602 10809 2567 3602 10810 2527 3602 10811 2430 3603 10812 2568 3603 10813 2567 3603 10814 2568 3604 10815 2440 3604 10816 2569 3604 10817 2569 3605 10818 2409 3605 10819 2570 3605 10820 2570 3606 10821 2408 3606 10822 2542 3606 10823 2542 3607 10824 2407 3607 10825 2537 3607 10826 2407 3608 10827 2532 3608 10828 2537 3608 10829 2406 3609 10830 2525 3609 10831 2532 3609 10832 2466 3610 10833 2548 3610 10834 2526 3610 10835 2510 3611 10836 2549 3611 10837 2548 3611 10838 2515 3612 10839 2550 3612 10840 2549 3612 10841 2520 3613 10842 2551 3613 10843 2550 3613 10844 2490 3614 10845 2581 3614 10846 2551 3614 10847 2489 3615 10848 2576 3615 10849 2581 3615 10850 2488 3616 10851 2571 3616 10852 2576 3616 10853 2487 3617 10854 2527 3617 10855 2571 3617 10856 2587 3618 10857 2506 3618 10858 2466 3618 10859 2613 3619 10860 2507 3619 10861 2506 3619 10862 2507 3620 10863 2623 3620 10864 2508 3620 10865 2508 3621 10866 2592 3621 10867 2509 3621 10868 2509 3622 10869 2591 3622 10870 2481 3622 10871 2481 3623 10872 2590 3623 10873 2476 3623 10874 2590 3624 10875 2471 3624 10876 2476 3624 10877 2589 3625 10878 2464 3625 10879 2471 3625 10880 2526 3626 10881 2689 3626 10882 2649 3626 10883 2689 3627 10884 2557 3627 10885 2690 3627 10886 2557 3628 10887 2691 3628 10888 2690 3628 10889 2562 3629 10890 2692 3629 10891 2691 3629 10892 2531 3630 10893 2664 3630 10894 2692 3630 10895 2530 3631 10896 2659 3631 10897 2664 3631 10898 2659 3632 10899 2528 3632 10900 2654 3632 10901 2528 3633 10902 2647 3633 10903 2654 3633 10904 2588 3634 10905 2670 3634 10906 2648 3634 10907 2632 3635 10908 2671 3635 10909 2670 3635 10910 2637 3636 10911 2672 3636 10912 2671 3636 10913 2642 3637 10914 2673 3637 10915 2672 3637 10916 2612 3638 10917 2703 3638 10918 2673 3638 10919 2611 3639 10920 2698 3639 10921 2703 3639 10922 2610 3640 10923 2693 3640 10924 2698 3640 10925 2609 3641 10926 2649 3641 10927 2693 3641 10928 2709 3642 10929 2628 3642 10930 2588 3642 10931 2628 3643 10932 2740 3643 10933 2629 3643 10934 2740 3644 10935 2630 3644 10936 2629 3644 10937 2745 3645 10938 2631 3645 10939 2630 3645 10940 2631 3646 10941 2713 3646 10942 2603 3646 10943 2603 3647 10944 2712 3647 10945 2598 3647 10946 2598 3648 10947 2711 3648 10948 2593 3648 10949 2593 3649 10950 2708 3649 10951 2586 3649 10952 2648 3650 10953 2811 3650 10954 2771 3650 10955 2674 3651 10956 2812 3651 10957 2811 3651 10958 2812 3652 10959 2684 3652 10960 2813 3652 10961 2813 3653 10962 2653 3653 10963 2814 3653 10964 2814 3654 10965 2652 3654 10966 2786 3654 10967 2786 3655 10968 2651 3655 10969 2781 3655 10970 2651 3656 10971 2776 3656 10972 2781 3656 10973 2650 3657 10974 2769 3657 10975 2776 3657 10976 2710 3658 10977 2792 3658 10978 2770 3658 10979 2754 3659 10980 2793 3659 10981 2792 3659 10982 2759 3660 10983 2794 3660 10984 2793 3660 10985 2764 3661 10986 2795 3661 10987 2794 3661 10988 2734 3662 10989 2825 3662 10990 2795 3662 10991 2733 3663 10992 2820 3663 10993 2825 3663 10994 2732 3664 10995 2815 3664 10996 2820 3664 10997 2731 3665 10998 2771 3665 10999 2815 3665 11000 2831 3666 11001 2750 3666 11002 2710 3666 11003 2750 3667 11004 2862 3667 11005 2751 3667 11006 2751 3668 11007 2867 3668 11008 2752 3668 11009 2752 3669 11010 2836 3669 11011 2753 3669 11012 2753 3670 11013 2835 3670 11014 2725 3670 11015 2725 3671 11016 2834 3671 11017 2720 3671 11018 2720 3672 11019 2833 3672 11020 2715 3672 11021 2833 3673 11022 2708 3673 11023 2715 3673 11024 2893 3674 11025 2796 3674 11026 2933 3674 11027 2796 3675 11028 2934 3675 11029 2933 3675 11030 2801 3676 11031 2935 3676 11032 2934 3676 11033 2806 3677 11034 2936 3677 11035 2935 3677 11036 2775 3678 11037 2908 3678 11038 2936 3678 11039 2774 3679 11040 2903 3679 11041 2908 3679 11042 2773 3680 11043 2898 3680 11044 2903 3680 11045 2898 3681 11046 2769 3681 11047 2891 3681 11048 2832 3682 11049 2914 3682 11050 2892 3682 11051 2876 3683 11052 2915 3683 11053 2914 3683 11054 2881 3684 11055 2916 3684 11056 2915 3684 11057 2886 3685 11058 2917 3685 11059 2916 3685 11060 2856 3686 11061 2947 3686 11062 2917 3686 11063 2855 3687 11064 2942 3687 11065 2947 3687 11066 2854 3688 11067 2937 3688 11068 2942 3688 11069 2853 3689 11070 2893 3689 11071 2937 3689 11072 2832 3690 11073 2979 3690 11074 2872 3690 11075 2979 3691 11076 2873 3691 11077 2872 3691 11078 2984 3692 11079 2874 3692 11080 2873 3692 11081 2989 3693 11082 2875 3693 11083 2874 3693 11084 2958 3694 11085 2847 3694 11086 2875 3694 11087 2957 3695 11088 2842 3695 11089 2847 3695 11090 2956 3696 11091 2837 3696 11092 2842 3696 11093 2837 3697 11094 2952 3697 11095 2830 3697 11096 2892 3698 11097 3055 3698 11098 3015 3698 11099 3055 3699 11100 2923 3699 11101 3056 3699 11102 3056 3700 11103 2928 3700 11104 3057 3700 11105 3057 3701 11106 2897 3701 11107 3058 3701 11108 3058 3702 11109 2896 3702 11110 3030 3702 11111 3030 3703 11112 2895 3703 11113 3025 3703 11114 3025 3704 11115 2894 3704 11116 3020 3704 11117 2894 3705 11118 3013 3705 11119 3020 3705 11120 2954 3706 11121 3036 3706 11122 3014 3706 11123 2998 3707 11124 3037 3707 11125 3036 3707 11126 3003 3708 11127 3038 3708 11128 3037 3708 11129 3008 3709 11130 3039 3709 11131 3038 3709 11132 2978 3710 11133 3069 3710 11134 3039 3710 11135 2977 3711 11136 3064 3711 11137 3069 3711 11138 2976 3712 11139 3059 3712 11140 3064 3712 11141 2975 3713 11142 3015 3713 11143 3059 3713 11144 3075 3714 11145 2994 3714 11146 2954 3714 11147 2994 3715 11148 3106 3715 11149 2995 3715 11150 2995 3716 11151 3111 3716 11152 2996 3716 11153 2996 3717 11154 3080 3717 11155 2997 3717 11156 2997 3718 11157 3079 3718 11158 2969 3718 11159 2969 3719 11160 3078 3719 11161 2964 3719 11162 2964 3720 11163 3077 3720 11164 2959 3720 11165 3077 3721 11166 2952 3721 11167 2959 3721 11168 3137 3722 11169 3040 3722 11170 3177 3722 11171 3040 3723 11172 3178 3723 11173 3177 3723 11174 3045 3724 11175 3179 3724 11176 3178 3724 11177 3050 3725 11178 3180 3725 11179 3179 3725 11180 3019 3726 11181 3152 3726 11182 3180 3726 11183 3018 3727 11184 3147 3727 11185 3152 3727 11186 3017 3728 11187 3142 3728 11188 3147 3728 11189 3142 3729 11190 3013 3729 11191 3135 3729 11192 3076 3730 11193 3158 3730 11194 3136 3730 11195 3120 3731 11196 3159 3731 11197 3158 3731 11198 3125 3732 11199 3160 3732 11200 3159 3732 11201 3130 3733 11202 3161 3733 11203 3160 3733 11204 3100 3734 11205 3191 3734 11206 3161 3734 11207 3099 3735 11208 3186 3735 11209 3191 3735 11210 3098 3736 11211 3181 3736 11212 3186 3736 11213 3097 3737 11214 3137 3737 11215 3181 3737 11216 3076 3738 11217 3223 3738 11218 3116 3738 11219 3223 3739 11220 3117 3739 11221 3116 3739 11222 3228 3740 11223 3118 3740 11224 3117 3740 11225 3233 3741 11226 3119 3741 11227 3118 3741 11228 3202 3742 11229 3091 3742 11230 3119 3742 11231 3201 3743 11232 3086 3743 11233 3091 3743 11234 3200 3744 11235 3081 3744 11236 3086 3744 11237 3081 3745 11238 3196 3745 11239 3074 3745 11240 3136 3746 11241 3299 3746 11242 3259 3746 11243 3299 3747 11244 3167 3747 11245 3300 3747 11246 3300 3748 11247 3172 3748 11248 3301 3748 11249 3301 3749 11250 3141 3749 11251 3302 3749 11252 3302 3750 11253 3140 3750 11254 3274 3750 11255 3274 3751 11256 3139 3751 11257 3269 3751 11258 3269 3752 11259 3138 3752 11260 3264 3752 11261 3138 3753 11262 3257 3753 11263 3264 3753 11264 3258 3754 11265 3242 3754 11266 3280 3754 11267 3242 3755 11268 3281 3755 11269 3280 3755 11270 3247 3756 11271 3282 3756 11272 3281 3756 11273 3252 3757 11274 3283 3757 11275 3282 3757 11276 3222 3758 11277 3313 3758 11278 3283 3758 11279 3221 3759 11280 3308 3759 11281 3313 3759 11282 3220 3760 11283 3303 3760 11284 3308 3760 11285 3219 3761 11286 3259 3761 11287 3303 3761 11288 3319 3762 11289 3238 3762 11290 3198 3762 11291 3345 3763 11292 3239 3763 11293 3238 3763 11294 3239 3764 11295 3355 3764 11296 3240 3764 11297 3240 3765 11298 3324 3765 11299 3241 3765 11300 3241 3766 11301 3323 3766 11302 3213 3766 11303 3213 3767 11304 3322 3767 11305 3208 3767 11306 3322 3768 11307 3203 3768 11308 3208 3768 11309 3321 3769 11310 3196 3769 11311 3203 3769 11312 3258 3770 11313 3421 3770 11314 3381 3770 11315 3421 3771 11316 3289 3771 11317 3422 3771 11318 3289 3772 11319 3423 3772 11320 3422 3772 11321 3294 3773 11322 3424 3773 11323 3423 3773 11324 3424 3774 11325 3262 3774 11326 3396 3774 11327 3396 3775 11328 3261 3775 11329 3391 3775 11330 3391 3776 11331 3260 3776 11332 3386 3776 11333 3386 3777 11334 3257 3777 11335 3379 3777 11336 3320 3778 11337 3402 3778 11338 3380 3778 11339 3364 3779 11340 3403 3779 11341 3402 3779 11342 3369 3780 11343 3404 3780 11344 3403 3780 11345 3374 3781 11346 3405 3781 11347 3404 3781 11348 3344 3782 11349 3435 3782 11350 3405 3782 11351 3343 3783 11352 3430 3783 11353 3435 3783 11354 3342 3784 11355 3425 3784 11356 3430 3784 11357 3341 3785 11358 3381 3785 11359 3425 3785 11360 3441 3786 11361 3360 3786 11362 3320 3786 11363 3360 3787 11364 3472 3787 11365 3361 3787 11366 3472 3788 11367 3362 3788 11368 3361 3788 11369 3477 3789 11370 3363 3789 11371 3362 3789 11372 3446 3790 11373 3335 3790 11374 3363 3790 11375 3445 3791 11376 3330 3791 11377 3335 3791 11378 3330 3792 11379 3443 3792 11380 3325 3792 11381 3443 3793 11382 3318 3793 11383 3325 3793 11384 3380 3794 11385 3543 3794 11386 3503 3794 11387 3406 3795 11388 3544 3795 11389 3543 3795 11390 3544 3796 11391 3416 3796 11392 3545 3796 11393 3545 3797 11394 3385 3797 11395 3546 3797 11396 3546 3798 11397 3384 3798 11398 3518 3798 11399 3518 3799 11400 3383 3799 11401 3513 3799 11402 3383 3800 11403 3508 3800 11404 3513 3800 11405 3382 3801 11406 3501 3801 11407 3508 3801 11408 3442 3802 11409 3524 3802 11410 3502 3802 11411 3486 3803 11412 3525 3803 11413 3524 3803 11414 3491 3804 11415 3526 3804 11416 3525 3804 11417 3496 3805 11418 3527 3805 11419 3526 3805 11420 3466 3806 11421 3557 3806 11422 3527 3806 11423 3465 3807 11424 3552 3807 11425 3557 3807 11426 3464 3808 11427 3547 3808 11428 3552 3808 11429 3463 3809 11430 3503 3809 11431 3547 3809 11432 3563 3810 11433 3482 3810 11434 3442 3810 11435 3589 3811 11436 3483 3811 11437 3482 3811 11438 3483 3812 11439 3599 3812 11440 3484 3812 11441 3484 3813 11442 3568 3813 11443 3485 3813 11444 3485 3814 11445 3567 3814 11446 3457 3814 11447 3457 3815 11448 3566 3815 11449 3452 3815 11450 3566 3816 11451 3447 3816 11452 3452 3816 11453 3565 3817 11454 3440 3817 11455 3447 3817 11456 3502 3818 11457 3665 3818 11458 3625 3818 11459 3665 3819 11460 3533 3819 11461 3666 3819 11462 3533 3820 11463 3667 3820 11464 3666 3820 11465 3538 3821 11466 3668 3821 11467 3667 3821 11468 3507 3822 11469 3640 3822 11470 3668 3822 11471 3506 3823 11472 3635 3823 11473 3640 3823 11474 3635 3824 11475 3504 3824 11476 3630 3824 11477 3504 3825 11478 3623 3825 11479 3630 3825 11480 3564 3826 11481 3646 3826 11482 3624 3826 11483 3608 3827 11484 3647 3827 11485 3646 3827 11486 3613 3828 11487 3648 3828 11488 3647 3828 11489 3618 3829 11490 3649 3829 11491 3648 3829 11492 3588 3830 11493 3679 3830 11494 3649 3830 11495 3587 3831 11496 3674 3831 11497 3679 3831 11498 3586 3832 11499 3669 3832 11500 3674 3832 11501 3585 3833 11502 3625 3833 11503 3669 3833 11504 3685 3834 11505 3604 3834 11506 3564 3834 11507 3604 3835 11508 3716 3835 11509 3605 3835 11510 3716 3836 11511 3606 3836 11512 3605 3836 11513 3721 3837 11514 3607 3837 11515 3606 3837 11516 3607 3838 11517 3689 3838 11518 3579 3838 11519 3579 3839 11520 3688 3839 11521 3574 3839 11522 3574 3840 11523 3687 3840 11524 3569 3840 11525 3569 3841 11526 3684 3841 11527 3562 3841 11528 3624 3842 11529 3787 3842 11530 3747 3842 11531 3650 3843 11532 3788 3843 11533 3787 3843 11534 3788 3844 11535 3660 3844 11536 3789 3844 11537 3789 3845 11538 3629 3845 11539 3790 3845 11540 3790 3846 11541 3628 3846 11542 3762 3846 11543 3762 3847 11544 3627 3847 11545 3757 3847 11546 3627 3848 11547 3752 3848 11548 3757 3848 11549 3626 3849 11550 3745 3849 11551 3752 3849 11552 3686 3850 11553 3768 3850 11554 3746 3850 11555 3730 3851 11556 3769 3851 11557 3768 3851 11558 3735 3852 11559 3770 3852 11560 3769 3852 11561 3740 3853 11562 3771 3853 11563 3770 3853 11564 3710 3854 11565 3801 3854 11566 3771 3854 11567 3709 3855 11568 3796 3855 11569 3801 3855 11570 3708 3856 11571 3791 3856 11572 3796 3856 11573 3707 3857 11574 3747 3857 11575 3791 3857 11576 3807 3858 11577 3726 3858 11578 3686 3858 11579 3726 3859 11580 3838 3859 11581 3727 3859 11582 3727 3860 11583 3843 3860 11584 3728 3860 11585 3728 3861 11586 3812 3861 11587 3729 3861 11588 3729 3862 11589 3811 3862 11590 3701 3862 11591 3701 3863 11592 3810 3863 11593 3696 3863 11594 3696 3864 11595 3809 3864 11596 3691 3864 11597 3809 3865 11598 3684 3865 11599 3691 3865 11600 3869 3866 11601 3772 3866 11602 3909 3866 11603 3772 3867 11604 3910 3867 11605 3909 3867 11606 3777 3868 11607 3911 3868 11608 3910 3868 11609 3782 3869 11610 3912 3869 11611 3911 3869 11612 3751 3870 11613 3884 3870 11614 3912 3870 11615 3750 3871 11616 3879 3871 11617 3884 3871 11618 3749 3872 11619 3874 3872 11620 3879 3872 11621 3874 3873 11622 3745 3873 11623 3867 3873 11624 3808 3874 11625 3890 3874 11626 3868 3874 11627 3852 3875 11628 3891 3875 11629 3890 3875 11630 3857 3876 11631 3892 3876 11632 3891 3876 11633 3862 3877 11634 3893 3877 11635 3892 3877 11636 3832 3878 11637 3923 3878 11638 3893 3878 11639 3831 3879 11640 3918 3879 11641 3923 3879 11642 3830 3880 11643 3913 3880 11644 3918 3880 11645 3829 3881 11646 3869 3881 11647 3913 3881 11648 3808 3882 11649 51 3882 11650 3848 3882 11651 51 3883 11652 3849 3883 11653 3848 3883 11654 56 3884 11655 3850 3884 11656 3849 3884 11657 61 3885 11658 3851 3885 11659 3850 3885 11660 30 3886 11661 3823 3886 11662 3851 3886 11663 29 3887 11664 3818 3887 11665 3823 3887 11666 28 3888 11667 3813 3888 11668 3818 3888 11669 3813 3889 11670 24 3889 11671 3806 3889 11672 3868 3890 11673 127 3890 11674 87 3890 11675 127 3891 11676 3899 3891 11677 128 3891 11678 128 3892 11679 3904 3892 11680 129 3892 11681 129 3893 11682 3873 3893 11683 130 3893 11684 130 3894 11685 3872 3894 11686 102 3894 11687 102 3895 11688 3871 3895 11689 97 3895 11690 97 3896 11691 3870 3896 11692 92 3896 11693 3870 3897 11694 85 3897 11695 92 3897 11696 1854 3898 11697 2830 3898 11698 3806 3898 11699 3868 3899 11700 87 3899 11701 25 3899 11702 330 3900 11703 453 3900 11704 391 3900 11705 452 3901 11706 575 3901 11707 513 3901 11708 574 3902 11709 697 3902 11710 635 3902 11711 696 3903 11712 819 3903 11713 757 3903 11714 818 3904 11715 941 3904 11716 879 3904 11717 940 3905 11718 1063 3905 11719 1001 3905 11720 1062 3906 11721 1185 3906 11722 1123 3906 11723 1184 3907 11724 1307 3907 11725 1245 3907 11726 1306 3908 11727 1429 3908 11728 1367 3908 11729 1428 3909 11730 1551 3909 11731 1489 3909 11732 1550 3910 11733 1673 3910 11734 1611 3910 11735 1672 3911 11736 1795 3911 11737 1733 3911 11738 1794 39 11739 1917 39 11740 1855 39 11741 1916 3912 11742 2039 3912 11743 1977 3912 11744 2038 3913 11745 2161 3913 11746 2099 3913 11747 2160 3914 11748 2283 3914 11749 2221 3914 11750 2282 3915 11751 2405 3915 11752 2343 3915 11753 2404 3916 11754 2527 3916 11755 2465 3916 11756 2526 3917 11757 2649 3917 11758 2587 3917 11759 2648 3918 11760 2771 3918 11761 2709 3918 11762 2770 47 11763 2893 47 11764 2831 47 11765 2892 3919 11766 3015 3919 11767 2953 3919 11768 3014 3920 11769 3137 3920 11770 3075 3920 11771 3136 50 11772 3259 50 11773 3197 50 11774 3258 3921 11775 3381 3921 11776 3319 3921 11777 3380 3922 11778 3503 3922 11779 3441 3922 11780 3502 3923 11781 3625 3923 11782 3563 3923 11783 3624 3924 11784 3747 3924 11785 3685 3924 11786 3746 3925 11787 3869 3925 11788 3807 3925 11789 208 3926 11790 331 3926 11791 269 3926 11792 329 2 11793 207 2 11794 3745 2 11795 207 2 11796 85 2 11797 3745 2 11798 85 2 11799 3867 2 11800 3745 2 11801 3745 3927 11802 3623 3927 11803 3501 3927 11804 3501 3928 11805 3379 3928 11806 3745 3928 11807 3379 3929 11808 3257 3929 11809 3745 3929 11810 3257 2 11811 3135 2 11812 2769 2 11813 3135 2 11814 3013 2 11815 2769 2 11816 3013 2 11817 2891 2 11818 2769 2 11819 2769 3930 11820 2647 3930 11821 2281 3930 11822 2647 2 11823 2525 2 11824 2281 2 11825 2525 2 11826 2403 2 11827 2281 2 11828 2281 2 11829 2159 2 11830 1793 2 11831 2159 2 11832 2037 2 11833 1793 2 11834 2037 2 11835 1915 2 11836 1793 2 11837 1793 2 11838 1671 2 11839 1549 2 11840 1549 3931 11841 1427 3931 11842 1793 3931 11843 1427 3932 11844 1305 3932 11845 1793 3932 11846 1305 2 11847 1183 2 11848 817 2 11849 1183 2 11850 1061 2 11851 817 2 11852 1061 2 11853 939 2 11854 817 2 11855 817 3933 11856 695 3933 11857 573 3933 11858 573 3934 11859 451 3934 11860 817 3934 11861 451 2 11862 329 2 11863 817 2 11864 329 2 11865 3745 2 11866 3257 2 11867 3257 2 11868 2769 2 11869 329 2 11870 2769 2 11871 2281 2 11872 329 2 11873 2281 2 11874 1793 2 11875 1305 2 11876 1305 2 11877 817 2 11878 2281 2 11879 86 3935 11880 209 3935 11881 147 3935 11882 27 3936 11883 32 3936 11884 31 3936 11885 28 3937 11886 33 3937 11887 32 3937 11888 29 3938 11889 34 3938 11890 33 3938 11891 29 3939 11892 30 3939 11893 35 3939 11894 32 3940 11895 37 3940 11896 36 3940 11897 33 3941 11898 38 3941 11899 37 3941 11900 33 3942 11901 34 3942 11902 39 3942 11903 34 3943 11904 35 3943 11905 40 3943 11906 37 3944 11907 42 3944 11908 41 3944 11909 37 3945 11910 38 3945 11911 43 3945 11912 38 3946 11913 39 3946 11914 44 3946 11915 39 3947 11916 40 3947 11917 45 3947 11918 41 3948 11919 42 3948 11920 74 3948 11921 42 3949 11922 43 3949 11923 79 3949 11924 43 3950 11925 44 3950 11926 84 3950 11927 44 3951 11928 45 3951 11929 46 3951 11930 47 3952 11931 52 3952 11932 51 3952 11933 48 3953 11934 53 3953 11935 52 3953 11936 49 3954 11937 54 3954 11938 53 3954 11939 50 3955 11940 55 3955 11941 54 3955 11942 52 3956 11943 57 3956 11944 56 3956 11945 53 3957 11946 58 3957 11947 57 3957 11948 54 3958 11949 59 3958 11950 58 3958 11951 55 3959 11952 60 3959 11953 59 3959 11954 57 3960 11955 62 3960 11956 61 3960 11957 58 3961 11958 63 3961 11959 62 3961 11960 59 3962 11961 64 3962 11962 63 3962 11963 60 3963 11964 65 3963 11965 64 3963 11966 62 3964 11967 35 3964 11968 30 3964 11969 63 3965 11970 40 3965 11971 35 3965 11972 64 3966 11973 45 3966 11974 40 3966 11975 65 3967 11976 46 3967 11977 45 3967 11978 66 3968 11979 71 3968 11980 70 3968 11981 67 3969 11982 72 3969 11983 71 3969 11984 68 3970 11985 73 3970 11986 72 3970 11987 69 3971 11988 74 3971 11989 73 3971 11990 71 3972 11991 76 3972 11992 75 3972 11993 72 3973 11994 77 3973 11995 76 3973 11996 73 3974 11997 78 3974 11998 77 3974 11999 74 3975 12000 79 3975 12001 78 3975 12002 76 3976 12003 81 3976 12004 80 3976 12005 77 3977 12006 82 3977 12007 81 3977 12008 78 3978 12009 83 3978 12010 82 3978 12011 79 3979 12012 84 3979 12013 83 3979 12014 81 3980 12015 55 3980 12016 50 3980 12017 82 3981 12018 60 3981 12019 55 3981 12020 83 3982 12021 65 3982 12022 60 3982 12023 84 3983 12024 46 3983 12025 65 3983 12026 88 3984 12027 93 3984 12028 92 3984 12029 89 3985 12030 94 3985 12031 93 3985 12032 90 3986 12033 95 3986 12034 94 3986 12035 90 3987 12036 91 3987 12037 96 3987 12038 93 3988 12039 98 3988 12040 97 3988 12041 94 3989 12042 99 3989 12043 98 3989 12044 94 3990 12045 95 3990 12046 100 3990 12047 95 3991 12048 96 3991 12049 101 3991 12050 98 3992 12051 103 3992 12052 102 3992 12053 98 3993 12054 99 3993 12055 104 3993 12056 99 3994 12057 100 3994 12058 105 3994 12059 100 3995 12060 101 3995 12061 106 3995 12062 102 3996 12063 103 3996 12064 135 3996 12065 103 3997 12066 104 3997 12067 140 3997 12068 104 3998 12069 105 3998 12070 145 3998 12071 105 3999 12072 106 3999 12073 107 3999 12074 108 4000 12075 113 4000 12076 112 4000 12077 109 4001 12078 114 4001 12079 113 4001 12080 110 4002 12081 115 4002 12082 114 4002 12083 111 4003 12084 116 4003 12085 115 4003 12086 113 4004 12087 118 4004 12088 117 4004 12089 114 4005 12090 119 4005 12091 118 4005 12092 115 4006 12093 120 4006 12094 119 4006 12095 116 4007 12096 121 4007 12097 120 4007 12098 118 4008 12099 123 4008 12100 122 4008 12101 119 4009 12102 124 4009 12103 123 4009 12104 120 4010 12105 125 4010 12106 124 4010 12107 121 4011 12108 126 4011 12109 125 4011 12110 123 4012 12111 96 4012 12112 91 4012 12113 124 4013 12114 101 4013 12115 96 4013 12116 125 4014 12117 106 4014 12118 101 4014 12119 126 4015 12120 107 4015 12121 106 4015 12122 127 4016 12123 132 4016 12124 131 4016 12125 128 4017 12126 133 4017 12127 132 4017 12128 129 4018 12129 134 4018 12130 133 4018 12131 130 4019 12132 135 4019 12133 134 4019 12134 132 4020 12135 137 4020 12136 136 4020 12137 133 4021 12138 138 4021 12139 137 4021 12140 134 4022 12141 139 4022 12142 138 4022 12143 135 4023 12144 140 4023 12145 139 4023 12146 137 4024 12147 142 4024 12148 141 4024 12149 138 4025 12150 143 4025 12151 142 4025 12152 139 4026 12153 144 4026 12154 143 4026 12155 140 4027 12156 145 4027 12157 144 4027 12158 142 4028 12159 116 4028 12160 111 4028 12161 143 4029 12162 121 4029 12163 116 4029 12164 144 4030 12165 126 4030 12166 121 4030 12167 145 4031 12168 107 4031 12169 126 4031 12170 149 4032 12171 154 4032 12172 153 4032 12173 150 4033 12174 155 4033 12175 154 4033 12176 151 4034 12177 156 4034 12178 155 4034 12179 151 4035 12180 152 4035 12181 157 4035 12182 154 4036 12183 159 4036 12184 158 4036 12185 155 4037 12186 160 4037 12187 159 4037 12188 155 4038 12189 156 4038 12190 161 4038 12191 156 4039 12192 157 4039 12193 162 4039 12194 159 4040 12195 164 4040 12196 163 4040 12197 159 4041 12198 160 4041 12199 165 4041 12200 160 4042 12201 161 4042 12202 166 4042 12203 161 4043 12204 162 4043 12205 167 4043 12206 163 4044 12207 164 4044 12208 196 4044 12209 164 4045 12210 165 4045 12211 201 4045 12212 165 4046 12213 166 4046 12214 206 4046 12215 166 4047 12216 167 4047 12217 168 4047 12218 169 4048 12219 174 4048 12220 173 4048 12221 170 4049 12222 175 4049 12223 174 4049 12224 171 4050 12225 176 4050 12226 175 4050 12227 172 4051 12228 177 4051 12229 176 4051 12230 174 4052 12231 179 4052 12232 178 4052 12233 175 4053 12234 180 4053 12235 179 4053 12236 176 4054 12237 181 4054 12238 180 4054 12239 177 4055 12240 182 4055 12241 181 4055 12242 179 4056 12243 184 4056 12244 183 4056 12245 180 4057 12246 185 4057 12247 184 4057 12248 181 4058 12249 186 4058 12250 185 4058 12251 182 4059 12252 187 4059 12253 186 4059 12254 184 4060 12255 157 4060 12256 152 4060 12257 185 4061 12258 162 4061 12259 157 4061 12260 186 4062 12261 167 4062 12262 162 4062 12263 187 4063 12264 168 4063 12265 167 4063 12266 188 4064 12267 193 4064 12268 192 4064 12269 189 4065 12270 194 4065 12271 193 4065 12272 190 4066 12273 195 4066 12274 194 4066 12275 191 4067 12276 196 4067 12277 195 4067 12278 193 4068 12279 198 4068 12280 197 4068 12281 194 4069 12282 199 4069 12283 198 4069 12284 195 4070 12285 200 4070 12286 199 4070 12287 196 4071 12288 201 4071 12289 200 4071 12290 198 4072 12291 203 4072 12292 202 4072 12293 199 4073 12294 204 4073 12295 203 4073 12296 200 4074 12297 205 4074 12298 204 4074 12299 201 4075 12300 206 4075 12301 205 4075 12302 203 4076 12303 177 4076 12304 172 4076 12305 204 4077 12306 182 4077 12307 177 4077 12308 205 4078 12309 187 4078 12310 182 4078 12311 206 4079 12312 168 4079 12313 187 4079 12314 210 4080 12315 215 4080 12316 214 4080 12317 211 4081 12318 216 4081 12319 215 4081 12320 212 4082 12321 217 4082 12322 216 4082 12323 212 4083 12324 213 4083 12325 218 4083 12326 215 4084 12327 220 4084 12328 219 4084 12329 216 4085 12330 221 4085 12331 220 4085 12332 216 4086 12333 217 4086 12334 222 4086 12335 217 4087 12336 218 4087 12337 223 4087 12338 220 4088 12339 225 4088 12340 224 4088 12341 220 4089 12342 221 4089 12343 226 4089 12344 221 4090 12345 222 4090 12346 227 4090 12347 222 4091 12348 223 4091 12349 228 4091 12350 224 4092 12351 225 4092 12352 257 4092 12353 225 4093 12354 226 4093 12355 262 4093 12356 226 4094 12357 227 4094 12358 267 4094 12359 227 4095 12360 228 4095 12361 229 4095 12362 230 4096 12363 235 4096 12364 234 4096 12365 231 4097 12366 236 4097 12367 235 4097 12368 232 4098 12369 237 4098 12370 236 4098 12371 233 4099 12372 238 4099 12373 237 4099 12374 235 4100 12375 240 4100 12376 239 4100 12377 236 4101 12378 241 4101 12379 240 4101 12380 237 4102 12381 242 4102 12382 241 4102 12383 238 4103 12384 243 4103 12385 242 4103 12386 240 4104 12387 245 4104 12388 244 4104 12389 241 4105 12390 246 4105 12391 245 4105 12392 242 4106 12393 247 4106 12394 246 4106 12395 243 4107 12396 248 4107 12397 247 4107 12398 245 4108 12399 218 4108 12400 213 4108 12401 246 4109 12402 223 4109 12403 218 4109 12404 247 4110 12405 228 4110 12406 223 4110 12407 248 4111 12408 229 4111 12409 228 4111 12410 249 4112 12411 254 4112 12412 253 4112 12413 250 4113 12414 255 4113 12415 254 4113 12416 251 4114 12417 256 4114 12418 255 4114 12419 252 4115 12420 257 4115 12421 256 4115 12422 254 4116 12423 259 4116 12424 258 4116 12425 255 4117 12426 260 4117 12427 259 4117 12428 256 4118 12429 261 4118 12430 260 4118 12431 257 4119 12432 262 4119 12433 261 4119 12434 259 4120 12435 264 4120 12436 263 4120 12437 260 4121 12438 265 4121 12439 264 4121 12440 261 4122 12441 266 4122 12442 265 4122 12443 262 4123 12444 267 4123 12445 266 4123 12446 264 4124 12447 238 4124 12448 233 4124 12449 265 4125 12450 243 4125 12451 238 4125 12452 266 4126 12453 248 4126 12454 243 4126 12455 267 4127 12456 229 4127 12457 248 4127 12458 271 4128 12459 276 4128 12460 275 4128 12461 272 4129 12462 277 4129 12463 276 4129 12464 273 4130 12465 278 4130 12466 277 4130 12467 273 4131 12468 274 4131 12469 279 4131 12470 276 4132 12471 281 4132 12472 280 4132 12473 277 4133 12474 282 4133 12475 281 4133 12476 277 4134 12477 278 4134 12478 283 4134 12479 278 4135 12480 279 4135 12481 284 4135 12482 281 4136 12483 286 4136 12484 285 4136 12485 281 4137 12486 282 4137 12487 287 4137 12488 282 4138 12489 283 4138 12490 288 4138 12491 283 4139 12492 284 4139 12493 289 4139 12494 285 4140 12495 286 4140 12496 318 4140 12497 286 4141 12498 287 4141 12499 323 4141 12500 287 4142 12501 288 4142 12502 328 4142 12503 288 4143 12504 289 4143 12505 290 4143 12506 291 4144 12507 296 4144 12508 295 4144 12509 292 4145 12510 297 4145 12511 296 4145 12512 293 4146 12513 298 4146 12514 297 4146 12515 294 4147 12516 299 4147 12517 298 4147 12518 296 4148 12519 301 4148 12520 300 4148 12521 297 4149 12522 302 4149 12523 301 4149 12524 298 4150 12525 303 4150 12526 302 4150 12527 299 4151 12528 304 4151 12529 303 4151 12530 301 4152 12531 306 4152 12532 305 4152 12533 302 4153 12534 307 4153 12535 306 4153 12536 303 4154 12537 308 4154 12538 307 4154 12539 304 4155 12540 309 4155 12541 308 4155 12542 306 4156 12543 279 4156 12544 274 4156 12545 307 4157 12546 284 4157 12547 279 4157 12548 308 4158 12549 289 4158 12550 284 4158 12551 309 4159 12552 290 4159 12553 289 4159 12554 310 4160 12555 315 4160 12556 314 4160 12557 311 4161 12558 316 4161 12559 315 4161 12560 312 4162 12561 317 4162 12562 316 4162 12563 313 4163 12564 318 4163 12565 317 4163 12566 315 4164 12567 320 4164 12568 319 4164 12569 316 4165 12570 321 4165 12571 320 4165 12572 317 4166 12573 322 4166 12574 321 4166 12575 318 4167 12576 323 4167 12577 322 4167 12578 320 4168 12579 325 4168 12580 324 4168 12581 321 4169 12582 326 4169 12583 325 4169 12584 322 4170 12585 327 4170 12586 326 4170 12587 323 4171 12588 328 4171 12589 327 4171 12590 325 4172 12591 299 4172 12592 294 4172 12593 326 4173 12594 304 4173 12595 299 4173 12596 327 4174 12597 309 4174 12598 304 4174 12599 328 4175 12600 290 4175 12601 309 4175 12602 332 4176 12603 337 4176 12604 336 4176 12605 333 4177 12606 338 4177 12607 337 4177 12608 334 4178 12609 339 4178 12610 338 4178 12611 334 4179 12612 335 4179 12613 340 4179 12614 337 4180 12615 342 4180 12616 341 4180 12617 338 4181 12618 343 4181 12619 342 4181 12620 338 4182 12621 339 4182 12622 344 4182 12623 339 4183 12624 340 4183 12625 345 4183 12626 342 4184 12627 347 4184 12628 346 4184 12629 342 4185 12630 343 4185 12631 348 4185 12632 343 4186 12633 344 4186 12634 349 4186 12635 344 4187 12636 345 4187 12637 350 4187 12638 346 4188 12639 347 4188 12640 379 4188 12641 347 4189 12642 348 4189 12643 384 4189 12644 348 4190 12645 349 4190 12646 389 4190 12647 349 4191 12648 350 4191 12649 351 4191 12650 352 4192 12651 357 4192 12652 356 4192 12653 353 4193 12654 358 4193 12655 357 4193 12656 354 4194 12657 359 4194 12658 358 4194 12659 355 4195 12660 360 4195 12661 359 4195 12662 357 4196 12663 362 4196 12664 361 4196 12665 358 4197 12666 363 4197 12667 362 4197 12668 359 4198 12669 364 4198 12670 363 4198 12671 360 4199 12672 365 4199 12673 364 4199 12674 362 4200 12675 367 4200 12676 366 4200 12677 363 4201 12678 368 4201 12679 367 4201 12680 364 4202 12681 369 4202 12682 368 4202 12683 365 4203 12684 370 4203 12685 369 4203 12686 367 4204 12687 340 4204 12688 335 4204 12689 368 4205 12690 345 4205 12691 340 4205 12692 369 4206 12693 350 4206 12694 345 4206 12695 370 4207 12696 351 4207 12697 350 4207 12698 371 4208 12699 376 4208 12700 375 4208 12701 372 4209 12702 377 4209 12703 376 4209 12704 373 4210 12705 378 4210 12706 377 4210 12707 374 4211 12708 379 4211 12709 378 4211 12710 376 4212 12711 381 4212 12712 380 4212 12713 377 4213 12714 382 4213 12715 381 4213 12716 378 4214 12717 383 4214 12718 382 4214 12719 379 4215 12720 384 4215 12721 383 4215 12722 381 4216 12723 386 4216 12724 385 4216 12725 382 4217 12726 387 4217 12727 386 4217 12728 383 4218 12729 388 4218 12730 387 4218 12731 384 4219 12732 389 4219 12733 388 4219 12734 386 4220 12735 360 4220 12736 355 4220 12737 387 4221 12738 365 4221 12739 360 4221 12740 388 4222 12741 370 4222 12742 365 4222 12743 389 4223 12744 351 4223 12745 370 4223 12746 393 4224 12747 398 4224 12748 397 4224 12749 394 4225 12750 399 4225 12751 398 4225 12752 395 4226 12753 400 4226 12754 399 4226 12755 395 4227 12756 396 4227 12757 401 4227 12758 398 4228 12759 403 4228 12760 402 4228 12761 399 4229 12762 404 4229 12763 403 4229 12764 399 4230 12765 400 4230 12766 405 4230 12767 400 4231 12768 401 4231 12769 406 4231 12770 403 4232 12771 408 4232 12772 407 4232 12773 403 4233 12774 404 4233 12775 409 4233 12776 404 4234 12777 405 4234 12778 410 4234 12779 405 4235 12780 406 4235 12781 411 4235 12782 407 4236 12783 408 4236 12784 440 4236 12785 408 4237 12786 409 4237 12787 445 4237 12788 409 4238 12789 410 4238 12790 450 4238 12791 410 4239 12792 411 4239 12793 412 4239 12794 413 4240 12795 418 4240 12796 417 4240 12797 414 4241 12798 419 4241 12799 418 4241 12800 415 4242 12801 420 4242 12802 419 4242 12803 416 4243 12804 421 4243 12805 420 4243 12806 418 4244 12807 423 4244 12808 422 4244 12809 419 4245 12810 424 4245 12811 423 4245 12812 420 4246 12813 425 4246 12814 424 4246 12815 421 4247 12816 426 4247 12817 425 4247 12818 423 4248 12819 428 4248 12820 427 4248 12821 424 4249 12822 429 4249 12823 428 4249 12824 425 4250 12825 430 4250 12826 429 4250 12827 426 4251 12828 431 4251 12829 430 4251 12830 428 4252 12831 401 4252 12832 396 4252 12833 429 4253 12834 406 4253 12835 401 4253 12836 430 4254 12837 411 4254 12838 406 4254 12839 431 4255 12840 412 4255 12841 411 4255 12842 432 4256 12843 437 4256 12844 436 4256 12845 433 4257 12846 438 4257 12847 437 4257 12848 434 4258 12849 439 4258 12850 438 4258 12851 435 4259 12852 440 4259 12853 439 4259 12854 437 4260 12855 442 4260 12856 441 4260 12857 438 4261 12858 443 4261 12859 442 4261 12860 439 4262 12861 444 4262 12862 443 4262 12863 440 4263 12864 445 4263 12865 444 4263 12866 442 4264 12867 447 4264 12868 446 4264 12869 443 4265 12870 448 4265 12871 447 4265 12872 444 4266 12873 449 4266 12874 448 4266 12875 445 4267 12876 450 4267 12877 449 4267 12878 447 4268 12879 421 4268 12880 416 4268 12881 448 4269 12882 426 4269 12883 421 4269 12884 449 4270 12885 431 4270 12886 426 4270 12887 450 4271 12888 412 4271 12889 431 4271 12890 454 4272 12891 459 4272 12892 458 4272 12893 455 4273 12894 460 4273 12895 459 4273 12896 456 4274 12897 461 4274 12898 460 4274 12899 456 4275 12900 457 4275 12901 462 4275 12902 459 4276 12903 464 4276 12904 463 4276 12905 460 4277 12906 465 4277 12907 464 4277 12908 460 4278 12909 461 4278 12910 466 4278 12911 461 4279 12912 462 4279 12913 467 4279 12914 464 4280 12915 469 4280 12916 468 4280 12917 464 4281 12918 465 4281 12919 470 4281 12920 465 4282 12921 466 4282 12922 471 4282 12923 466 4283 12924 467 4283 12925 472 4283 12926 468 4284 12927 469 4284 12928 501 4284 12929 469 4285 12930 470 4285 12931 506 4285 12932 470 4286 12933 471 4286 12934 511 4286 12935 471 4287 12936 472 4287 12937 473 4287 12938 474 4288 12939 479 4288 12940 478 4288 12941 475 4289 12942 480 4289 12943 479 4289 12944 476 4290 12945 481 4290 12946 480 4290 12947 477 4291 12948 482 4291 12949 481 4291 12950 479 4292 12951 484 4292 12952 483 4292 12953 480 4293 12954 485 4293 12955 484 4293 12956 481 4294 12957 486 4294 12958 485 4294 12959 482 4295 12960 487 4295 12961 486 4295 12962 484 4296 12963 489 4296 12964 488 4296 12965 485 4297 12966 490 4297 12967 489 4297 12968 486 4298 12969 491 4298 12970 490 4298 12971 487 4299 12972 492 4299 12973 491 4299 12974 489 4300 12975 462 4300 12976 457 4300 12977 490 4301 12978 467 4301 12979 462 4301 12980 491 4302 12981 472 4302 12982 467 4302 12983 492 4303 12984 473 4303 12985 472 4303 12986 493 4304 12987 498 4304 12988 497 4304 12989 494 4305 12990 499 4305 12991 498 4305 12992 495 4306 12993 500 4306 12994 499 4306 12995 496 4307 12996 501 4307 12997 500 4307 12998 498 4308 12999 503 4308 13000 502 4308 13001 499 4309 13002 504 4309 13003 503 4309 13004 500 4310 13005 505 4310 13006 504 4310 13007 501 4311 13008 506 4311 13009 505 4311 13010 503 4312 13011 508 4312 13012 507 4312 13013 504 4313 13014 509 4313 13015 508 4313 13016 505 4314 13017 510 4314 13018 509 4314 13019 506 4315 13020 511 4315 13021 510 4315 13022 508 4316 13023 482 4316 13024 477 4316 13025 509 4317 13026 487 4317 13027 482 4317 13028 510 4318 13029 492 4318 13030 487 4318 13031 511 4319 13032 473 4319 13033 492 4319 13034 515 4320 13035 520 4320 13036 519 4320 13037 516 4321 13038 521 4321 13039 520 4321 13040 517 4322 13041 522 4322 13042 521 4322 13043 517 4323 13044 518 4323 13045 523 4323 13046 520 4324 13047 525 4324 13048 524 4324 13049 521 4325 13050 526 4325 13051 525 4325 13052 521 4326 13053 522 4326 13054 527 4326 13055 522 4327 13056 523 4327 13057 528 4327 13058 525 4328 13059 530 4328 13060 529 4328 13061 525 4329 13062 526 4329 13063 531 4329 13064 526 4330 13065 527 4330 13066 532 4330 13067 527 4331 13068 528 4331 13069 533 4331 13070 529 4332 13071 530 4332 13072 562 4332 13073 530 4333 13074 531 4333 13075 567 4333 13076 531 4334 13077 532 4334 13078 572 4334 13079 532 4335 13080 533 4335 13081 534 4335 13082 535 4336 13083 540 4336 13084 539 4336 13085 536 4337 13086 541 4337 13087 540 4337 13088 537 4338 13089 542 4338 13090 541 4338 13091 538 4339 13092 543 4339 13093 542 4339 13094 540 4340 13095 545 4340 13096 544 4340 13097 541 4341 13098 546 4341 13099 545 4341 13100 542 4342 13101 547 4342 13102 546 4342 13103 543 4343 13104 548 4343 13105 547 4343 13106 545 4344 13107 550 4344 13108 549 4344 13109 546 4345 13110 551 4345 13111 550 4345 13112 547 4346 13113 552 4346 13114 551 4346 13115 548 4347 13116 553 4347 13117 552 4347 13118 550 4348 13119 523 4348 13120 518 4348 13121 551 4349 13122 528 4349 13123 523 4349 13124 552 4350 13125 533 4350 13126 528 4350 13127 553 4351 13128 534 4351 13129 533 4351 13130 554 4352 13131 559 4352 13132 558 4352 13133 555 4353 13134 560 4353 13135 559 4353 13136 556 4354 13137 561 4354 13138 560 4354 13139 557 4355 13140 562 4355 13141 561 4355 13142 559 4356 13143 564 4356 13144 563 4356 13145 560 4357 13146 565 4357 13147 564 4357 13148 561 4358 13149 566 4358 13150 565 4358 13151 562 4359 13152 567 4359 13153 566 4359 13154 564 4360 13155 569 4360 13156 568 4360 13157 565 4361 13158 570 4361 13159 569 4361 13160 566 4362 13161 571 4362 13162 570 4362 13163 567 4363 13164 572 4363 13165 571 4363 13166 569 4364 13167 543 4364 13168 538 4364 13169 570 4365 13170 548 4365 13171 543 4365 13172 571 4366 13173 553 4366 13174 548 4366 13175 572 4367 13176 534 4367 13177 553 4367 13178 576 4368 13179 581 4368 13180 580 4368 13181 577 4369 13182 582 4369 13183 581 4369 13184 578 4370 13185 583 4370 13186 582 4370 13187 578 4371 13188 579 4371 13189 584 4371 13190 581 4372 13191 586 4372 13192 585 4372 13193 582 4373 13194 587 4373 13195 586 4373 13196 582 4374 13197 583 4374 13198 588 4374 13199 583 4375 13200 584 4375 13201 589 4375 13202 586 4376 13203 591 4376 13204 590 4376 13205 586 4377 13206 587 4377 13207 592 4377 13208 587 4378 13209 588 4378 13210 593 4378 13211 588 4379 13212 589 4379 13213 594 4379 13214 590 4380 13215 591 4380 13216 623 4380 13217 591 4381 13218 592 4381 13219 628 4381 13220 592 4382 13221 593 4382 13222 633 4382 13223 593 4383 13224 594 4383 13225 595 4383 13226 596 4384 13227 601 4384 13228 600 4384 13229 597 4385 13230 602 4385 13231 601 4385 13232 598 4386 13233 603 4386 13234 602 4386 13235 599 4387 13236 604 4387 13237 603 4387 13238 601 4388 13239 606 4388 13240 605 4388 13241 602 4389 13242 607 4389 13243 606 4389 13244 603 4390 13245 608 4390 13246 607 4390 13247 604 4391 13248 609 4391 13249 608 4391 13250 606 4392 13251 611 4392 13252 610 4392 13253 607 4393 13254 612 4393 13255 611 4393 13256 608 4394 13257 613 4394 13258 612 4394 13259 609 4395 13260 614 4395 13261 613 4395 13262 611 4396 13263 584 4396 13264 579 4396 13265 612 4397 13266 589 4397 13267 584 4397 13268 613 4398 13269 594 4398 13270 589 4398 13271 614 4399 13272 595 4399 13273 594 4399 13274 615 4400 13275 620 4400 13276 619 4400 13277 616 4401 13278 621 4401 13279 620 4401 13280 617 4402 13281 622 4402 13282 621 4402 13283 618 4403 13284 623 4403 13285 622 4403 13286 620 4404 13287 625 4404 13288 624 4404 13289 621 4405 13290 626 4405 13291 625 4405 13292 622 4406 13293 627 4406 13294 626 4406 13295 623 4407 13296 628 4407 13297 627 4407 13298 625 4408 13299 630 4408 13300 629 4408 13301 626 4409 13302 631 4409 13303 630 4409 13304 627 4410 13305 632 4410 13306 631 4410 13307 628 4411 13308 633 4411 13309 632 4411 13310 630 4412 13311 604 4412 13312 599 4412 13313 631 4413 13314 609 4413 13315 604 4413 13316 632 4414 13317 614 4414 13318 609 4414 13319 633 4415 13320 595 4415 13321 614 4415 13322 637 4416 13323 642 4416 13324 641 4416 13325 638 4417 13326 643 4417 13327 642 4417 13328 639 4418 13329 644 4418 13330 643 4418 13331 639 4419 13332 640 4419 13333 645 4419 13334 642 4420 13335 647 4420 13336 646 4420 13337 643 4421 13338 648 4421 13339 647 4421 13340 643 4422 13341 644 4422 13342 649 4422 13343 644 4423 13344 645 4423 13345 650 4423 13346 647 4424 13347 652 4424 13348 651 4424 13349 647 4425 13350 648 4425 13351 653 4425 13352 648 4426 13353 649 4426 13354 654 4426 13355 649 4427 13356 650 4427 13357 655 4427 13358 651 4428 13359 652 4428 13360 684 4428 13361 652 4429 13362 653 4429 13363 689 4429 13364 653 4430 13365 654 4430 13366 694 4430 13367 654 4431 13368 655 4431 13369 656 4431 13370 657 4432 13371 662 4432 13372 661 4432 13373 658 4433 13374 663 4433 13375 662 4433 13376 659 4434 13377 664 4434 13378 663 4434 13379 660 4435 13380 665 4435 13381 664 4435 13382 662 4436 13383 667 4436 13384 666 4436 13385 663 4437 13386 668 4437 13387 667 4437 13388 664 4438 13389 669 4438 13390 668 4438 13391 665 4439 13392 670 4439 13393 669 4439 13394 667 4440 13395 672 4440 13396 671 4440 13397 668 4441 13398 673 4441 13399 672 4441 13400 669 4442 13401 674 4442 13402 673 4442 13403 670 4443 13404 675 4443 13405 674 4443 13406 672 4444 13407 645 4444 13408 640 4444 13409 673 4445 13410 650 4445 13411 645 4445 13412 674 4446 13413 655 4446 13414 650 4446 13415 675 4447 13416 656 4447 13417 655 4447 13418 676 4448 13419 681 4448 13420 680 4448 13421 677 4449 13422 682 4449 13423 681 4449 13424 678 4450 13425 683 4450 13426 682 4450 13427 679 4451 13428 684 4451 13429 683 4451 13430 681 4452 13431 686 4452 13432 685 4452 13433 682 4453 13434 687 4453 13435 686 4453 13436 683 4454 13437 688 4454 13438 687 4454 13439 684 4455 13440 689 4455 13441 688 4455 13442 686 4456 13443 691 4456 13444 690 4456 13445 687 4457 13446 692 4457 13447 691 4457 13448 688 4458 13449 693 4458 13450 692 4458 13451 689 4459 13452 694 4459 13453 693 4459 13454 691 4460 13455 665 4460 13456 660 4460 13457 692 4461 13458 670 4461 13459 665 4461 13460 693 4462 13461 675 4462 13462 670 4462 13463 694 4463 13464 656 4463 13465 675 4463 13466 698 4464 13467 703 4464 13468 702 4464 13469 699 4465 13470 704 4465 13471 703 4465 13472 700 4466 13473 705 4466 13474 704 4466 13475 700 4467 13476 701 4467 13477 706 4467 13478 703 4468 13479 708 4468 13480 707 4468 13481 704 4469 13482 709 4469 13483 708 4469 13484 704 4470 13485 705 4470 13486 710 4470 13487 705 4471 13488 706 4471 13489 711 4471 13490 708 4472 13491 713 4472 13492 712 4472 13493 708 4473 13494 709 4473 13495 714 4473 13496 709 4474 13497 710 4474 13498 715 4474 13499 710 4475 13500 711 4475 13501 716 4475 13502 712 4476 13503 713 4476 13504 745 4476 13505 713 4477 13506 714 4477 13507 750 4477 13508 714 4478 13509 715 4478 13510 755 4478 13511 715 4479 13512 716 4479 13513 717 4479 13514 718 4480 13515 723 4480 13516 722 4480 13517 719 4481 13518 724 4481 13519 723 4481 13520 720 4482 13521 725 4482 13522 724 4482 13523 721 4483 13524 726 4483 13525 725 4483 13526 723 4484 13527 728 4484 13528 727 4484 13529 724 4485 13530 729 4485 13531 728 4485 13532 725 4486 13533 730 4486 13534 729 4486 13535 726 4487 13536 731 4487 13537 730 4487 13538 728 4488 13539 733 4488 13540 732 4488 13541 729 4489 13542 734 4489 13543 733 4489 13544 730 4490 13545 735 4490 13546 734 4490 13547 731 4491 13548 736 4491 13549 735 4491 13550 733 4492 13551 706 4492 13552 701 4492 13553 734 4493 13554 711 4493 13555 706 4493 13556 735 4494 13557 716 4494 13558 711 4494 13559 736 4495 13560 717 4495 13561 716 4495 13562 737 4496 13563 742 4496 13564 741 4496 13565 738 4497 13566 743 4497 13567 742 4497 13568 739 4498 13569 744 4498 13570 743 4498 13571 740 4499 13572 745 4499 13573 744 4499 13574 742 4500 13575 747 4500 13576 746 4500 13577 743 4501 13578 748 4501 13579 747 4501 13580 744 4502 13581 749 4502 13582 748 4502 13583 745 4503 13584 750 4503 13585 749 4503 13586 747 4504 13587 752 4504 13588 751 4504 13589 748 4505 13590 753 4505 13591 752 4505 13592 749 4506 13593 754 4506 13594 753 4506 13595 750 4507 13596 755 4507 13597 754 4507 13598 752 4508 13599 726 4508 13600 721 4508 13601 753 4509 13602 731 4509 13603 726 4509 13604 754 4510 13605 736 4510 13606 731 4510 13607 755 4511 13608 717 4511 13609 736 4511 13610 759 4512 13611 764 4512 13612 763 4512 13613 760 4513 13614 765 4513 13615 764 4513 13616 761 4514 13617 766 4514 13618 765 4514 13619 761 4515 13620 762 4515 13621 767 4515 13622 764 4516 13623 769 4516 13624 768 4516 13625 765 4517 13626 770 4517 13627 769 4517 13628 765 4518 13629 766 4518 13630 771 4518 13631 766 4519 13632 767 4519 13633 772 4519 13634 769 4520 13635 774 4520 13636 773 4520 13637 769 4521 13638 770 4521 13639 775 4521 13640 770 4522 13641 771 4522 13642 776 4522 13643 771 4523 13644 772 4523 13645 777 4523 13646 773 4524 13647 774 4524 13648 806 4524 13649 774 4525 13650 775 4525 13651 811 4525 13652 775 4526 13653 776 4526 13654 816 4526 13655 776 4527 13656 777 4527 13657 778 4527 13658 779 4528 13659 784 4528 13660 783 4528 13661 780 4529 13662 785 4529 13663 784 4529 13664 781 4530 13665 786 4530 13666 785 4530 13667 782 4531 13668 787 4531 13669 786 4531 13670 784 4532 13671 789 4532 13672 788 4532 13673 785 4533 13674 790 4533 13675 789 4533 13676 786 4534 13677 791 4534 13678 790 4534 13679 787 4535 13680 792 4535 13681 791 4535 13682 789 4536 13683 794 4536 13684 793 4536 13685 790 4537 13686 795 4537 13687 794 4537 13688 791 4538 13689 796 4538 13690 795 4538 13691 792 4539 13692 797 4539 13693 796 4539 13694 794 4540 13695 767 4540 13696 762 4540 13697 795 4541 13698 772 4541 13699 767 4541 13700 796 4542 13701 777 4542 13702 772 4542 13703 797 4543 13704 778 4543 13705 777 4543 13706 798 4544 13707 803 4544 13708 802 4544 13709 799 4545 13710 804 4545 13711 803 4545 13712 800 4546 13713 805 4546 13714 804 4546 13715 801 4547 13716 806 4547 13717 805 4547 13718 803 4548 13719 808 4548 13720 807 4548 13721 804 4549 13722 809 4549 13723 808 4549 13724 805 4550 13725 810 4550 13726 809 4550 13727 806 4551 13728 811 4551 13729 810 4551 13730 808 4552 13731 813 4552 13732 812 4552 13733 809 4553 13734 814 4553 13735 813 4553 13736 810 4554 13737 815 4554 13738 814 4554 13739 811 4555 13740 816 4555 13741 815 4555 13742 813 4556 13743 787 4556 13744 782 4556 13745 814 4557 13746 792 4557 13747 787 4557 13748 815 4558 13749 797 4558 13750 792 4558 13751 816 4559 13752 778 4559 13753 797 4559 13754 820 4560 13755 825 4560 13756 824 4560 13757 821 4561 13758 826 4561 13759 825 4561 13760 822 4562 13761 827 4562 13762 826 4562 13763 822 4563 13764 823 4563 13765 828 4563 13766 825 4564 13767 830 4564 13768 829 4564 13769 826 4565 13770 831 4565 13771 830 4565 13772 826 4566 13773 827 4566 13774 832 4566 13775 827 4567 13776 828 4567 13777 833 4567 13778 830 4568 13779 835 4568 13780 834 4568 13781 830 4569 13782 831 4569 13783 836 4569 13784 831 4570 13785 832 4570 13786 837 4570 13787 832 4571 13788 833 4571 13789 838 4571 13790 834 4572 13791 835 4572 13792 867 4572 13793 835 4573 13794 836 4573 13795 872 4573 13796 836 4574 13797 837 4574 13798 877 4574 13799 837 4575 13800 838 4575 13801 839 4575 13802 840 4576 13803 845 4576 13804 844 4576 13805 841 4577 13806 846 4577 13807 845 4577 13808 842 4578 13809 847 4578 13810 846 4578 13811 843 4579 13812 848 4579 13813 847 4579 13814 845 4580 13815 850 4580 13816 849 4580 13817 846 4581 13818 851 4581 13819 850 4581 13820 847 4582 13821 852 4582 13822 851 4582 13823 848 4583 13824 853 4583 13825 852 4583 13826 850 4584 13827 855 4584 13828 854 4584 13829 851 4585 13830 856 4585 13831 855 4585 13832 852 4586 13833 857 4586 13834 856 4586 13835 853 4587 13836 858 4587 13837 857 4587 13838 855 4588 13839 828 4588 13840 823 4588 13841 856 4589 13842 833 4589 13843 828 4589 13844 857 4590 13845 838 4590 13846 833 4590 13847 858 4591 13848 839 4591 13849 838 4591 13850 859 4592 13851 864 4592 13852 863 4592 13853 860 4593 13854 865 4593 13855 864 4593 13856 861 4594 13857 866 4594 13858 865 4594 13859 862 4595 13860 867 4595 13861 866 4595 13862 864 4596 13863 869 4596 13864 868 4596 13865 865 4597 13866 870 4597 13867 869 4597 13868 866 4598 13869 871 4598 13870 870 4598 13871 867 4599 13872 872 4599 13873 871 4599 13874 869 4600 13875 874 4600 13876 873 4600 13877 870 4601 13878 875 4601 13879 874 4601 13880 871 4602 13881 876 4602 13882 875 4602 13883 872 4603 13884 877 4603 13885 876 4603 13886 874 4604 13887 848 4604 13888 843 4604 13889 875 4605 13890 853 4605 13891 848 4605 13892 876 4606 13893 858 4606 13894 853 4606 13895 877 4607 13896 839 4607 13897 858 4607 13898 881 4608 13899 886 4608 13900 885 4608 13901 882 4609 13902 887 4609 13903 886 4609 13904 883 4610 13905 888 4610 13906 887 4610 13907 883 4611 13908 884 4611 13909 889 4611 13910 886 4612 13911 891 4612 13912 890 4612 13913 887 4613 13914 892 4613 13915 891 4613 13916 887 4614 13917 888 4614 13918 893 4614 13919 888 4615 13920 889 4615 13921 894 4615 13922 891 4616 13923 896 4616 13924 895 4616 13925 891 4617 13926 892 4617 13927 897 4617 13928 892 4618 13929 893 4618 13930 898 4618 13931 893 4619 13932 894 4619 13933 899 4619 13934 895 4620 13935 896 4620 13936 928 4620 13937 896 4621 13938 897 4621 13939 933 4621 13940 897 4622 13941 898 4622 13942 938 4622 13943 898 4623 13944 899 4623 13945 900 4623 13946 901 4624 13947 906 4624 13948 905 4624 13949 902 4625 13950 907 4625 13951 906 4625 13952 903 4626 13953 908 4626 13954 907 4626 13955 904 4627 13956 909 4627 13957 908 4627 13958 906 4628 13959 911 4628 13960 910 4628 13961 907 4629 13962 912 4629 13963 911 4629 13964 908 4630 13965 913 4630 13966 912 4630 13967 909 4631 13968 914 4631 13969 913 4631 13970 911 4632 13971 916 4632 13972 915 4632 13973 912 4633 13974 917 4633 13975 916 4633 13976 913 4634 13977 918 4634 13978 917 4634 13979 914 4635 13980 919 4635 13981 918 4635 13982 916 4636 13983 889 4636 13984 884 4636 13985 917 4637 13986 894 4637 13987 889 4637 13988 918 4638 13989 899 4638 13990 894 4638 13991 919 4639 13992 900 4639 13993 899 4639 13994 920 4640 13995 925 4640 13996 924 4640 13997 921 4641 13998 926 4641 13999 925 4641 14000 922 4642 14001 927 4642 14002 926 4642 14003 923 4643 14004 928 4643 14005 927 4643 14006 925 4644 14007 930 4644 14008 929 4644 14009 926 4645 14010 931 4645 14011 930 4645 14012 927 4646 14013 932 4646 14014 931 4646 14015 928 4647 14016 933 4647 14017 932 4647 14018 930 4648 14019 935 4648 14020 934 4648 14021 931 4649 14022 936 4649 14023 935 4649 14024 932 4650 14025 937 4650 14026 936 4650 14027 933 4651 14028 938 4651 14029 937 4651 14030 935 4652 14031 909 4652 14032 904 4652 14033 936 4653 14034 914 4653 14035 909 4653 14036 937 4654 14037 919 4654 14038 914 4654 14039 938 4655 14040 900 4655 14041 919 4655 14042 942 4656 14043 947 4656 14044 946 4656 14045 943 4657 14046 948 4657 14047 947 4657 14048 944 4658 14049 949 4658 14050 948 4658 14051 944 4659 14052 945 4659 14053 950 4659 14054 947 4660 14055 952 4660 14056 951 4660 14057 948 4661 14058 953 4661 14059 952 4661 14060 948 4662 14061 949 4662 14062 954 4662 14063 949 4663 14064 950 4663 14065 955 4663 14066 952 4664 14067 957 4664 14068 956 4664 14069 952 4665 14070 953 4665 14071 958 4665 14072 953 4666 14073 954 4666 14074 959 4666 14075 954 4667 14076 955 4667 14077 960 4667 14078 956 4668 14079 957 4668 14080 989 4668 14081 957 4669 14082 958 4669 14083 994 4669 14084 958 4670 14085 959 4670 14086 999 4670 14087 959 4671 14088 960 4671 14089 961 4671 14090 962 4672 14091 967 4672 14092 966 4672 14093 963 4673 14094 968 4673 14095 967 4673 14096 964 4674 14097 969 4674 14098 968 4674 14099 965 4675 14100 970 4675 14101 969 4675 14102 967 4676 14103 972 4676 14104 971 4676 14105 968 4677 14106 973 4677 14107 972 4677 14108 969 4678 14109 974 4678 14110 973 4678 14111 970 4679 14112 975 4679 14113 974 4679 14114 972 4680 14115 977 4680 14116 976 4680 14117 973 4681 14118 978 4681 14119 977 4681 14120 974 4682 14121 979 4682 14122 978 4682 14123 975 4683 14124 980 4683 14125 979 4683 14126 977 4684 14127 950 4684 14128 945 4684 14129 978 4685 14130 955 4685 14131 950 4685 14132 979 4686 14133 960 4686 14134 955 4686 14135 980 4687 14136 961 4687 14137 960 4687 14138 981 4688 14139 986 4688 14140 985 4688 14141 982 4689 14142 987 4689 14143 986 4689 14144 983 4690 14145 988 4690 14146 987 4690 14147 984 4691 14148 989 4691 14149 988 4691 14150 986 4692 14151 991 4692 14152 990 4692 14153 987 4693 14154 992 4693 14155 991 4693 14156 988 4694 14157 993 4694 14158 992 4694 14159 989 4695 14160 994 4695 14161 993 4695 14162 991 4696 14163 996 4696 14164 995 4696 14165 992 4697 14166 997 4697 14167 996 4697 14168 993 4698 14169 998 4698 14170 997 4698 14171 994 4699 14172 999 4699 14173 998 4699 14174 996 4700 14175 970 4700 14176 965 4700 14177 997 4701 14178 975 4701 14179 970 4701 14180 998 4702 14181 980 4702 14182 975 4702 14183 999 4703 14184 961 4703 14185 980 4703 14186 1003 4704 14187 1008 4704 14188 1007 4704 14189 1004 4705 14190 1009 4705 14191 1008 4705 14192 1005 4706 14193 1010 4706 14194 1009 4706 14195 1005 4707 14196 1006 4707 14197 1011 4707 14198 1008 4708 14199 1013 4708 14200 1012 4708 14201 1009 4709 14202 1014 4709 14203 1013 4709 14204 1009 4710 14205 1010 4710 14206 1015 4710 14207 1010 4711 14208 1011 4711 14209 1016 4711 14210 1013 4712 14211 1018 4712 14212 1017 4712 14213 1013 4713 14214 1014 4713 14215 1019 4713 14216 1014 4714 14217 1015 4714 14218 1020 4714 14219 1015 4715 14220 1016 4715 14221 1021 4715 14222 1017 4716 14223 1018 4716 14224 1050 4716 14225 1018 4717 14226 1019 4717 14227 1055 4717 14228 1019 4718 14229 1020 4718 14230 1060 4718 14231 1020 4719 14232 1021 4719 14233 1022 4719 14234 1023 4720 14235 1028 4720 14236 1027 4720 14237 1024 4721 14238 1029 4721 14239 1028 4721 14240 1025 4722 14241 1030 4722 14242 1029 4722 14243 1026 4723 14244 1031 4723 14245 1030 4723 14246 1028 4724 14247 1033 4724 14248 1032 4724 14249 1029 4725 14250 1034 4725 14251 1033 4725 14252 1030 4726 14253 1035 4726 14254 1034 4726 14255 1031 4727 14256 1036 4727 14257 1035 4727 14258 1033 4728 14259 1038 4728 14260 1037 4728 14261 1034 4729 14262 1039 4729 14263 1038 4729 14264 1035 4730 14265 1040 4730 14266 1039 4730 14267 1036 4731 14268 1041 4731 14269 1040 4731 14270 1038 4732 14271 1011 4732 14272 1006 4732 14273 1039 4733 14274 1016 4733 14275 1011 4733 14276 1040 4734 14277 1021 4734 14278 1016 4734 14279 1041 4735 14280 1022 4735 14281 1021 4735 14282 1042 4736 14283 1047 4736 14284 1046 4736 14285 1043 4737 14286 1048 4737 14287 1047 4737 14288 1044 4738 14289 1049 4738 14290 1048 4738 14291 1045 4739 14292 1050 4739 14293 1049 4739 14294 1047 4740 14295 1052 4740 14296 1051 4740 14297 1048 4741 14298 1053 4741 14299 1052 4741 14300 1049 4742 14301 1054 4742 14302 1053 4742 14303 1050 4743 14304 1055 4743 14305 1054 4743 14306 1052 4744 14307 1057 4744 14308 1056 4744 14309 1053 4745 14310 1058 4745 14311 1057 4745 14312 1054 4746 14313 1059 4746 14314 1058 4746 14315 1055 4747 14316 1060 4747 14317 1059 4747 14318 1057 4748 14319 1031 4748 14320 1026 4748 14321 1058 4749 14322 1036 4749 14323 1031 4749 14324 1059 4750 14325 1041 4750 14326 1036 4750 14327 1060 4751 14328 1022 4751 14329 1041 4751 14330 1064 4752 14331 1069 4752 14332 1068 4752 14333 1065 4753 14334 1070 4753 14335 1069 4753 14336 1066 4754 14337 1071 4754 14338 1070 4754 14339 1066 4755 14340 1067 4755 14341 1072 4755 14342 1069 4756 14343 1074 4756 14344 1073 4756 14345 1070 4757 14346 1075 4757 14347 1074 4757 14348 1070 4758 14349 1071 4758 14350 1076 4758 14351 1071 4759 14352 1072 4759 14353 1077 4759 14354 1074 4760 14355 1079 4760 14356 1078 4760 14357 1074 4761 14358 1075 4761 14359 1080 4761 14360 1075 4762 14361 1076 4762 14362 1081 4762 14363 1076 4763 14364 1077 4763 14365 1082 4763 14366 1078 4764 14367 1079 4764 14368 1111 4764 14369 1079 4765 14370 1080 4765 14371 1116 4765 14372 1080 4766 14373 1081 4766 14374 1121 4766 14375 1081 4767 14376 1082 4767 14377 1083 4767 14378 1084 4768 14379 1089 4768 14380 1088 4768 14381 1085 4769 14382 1090 4769 14383 1089 4769 14384 1086 4770 14385 1091 4770 14386 1090 4770 14387 1087 4771 14388 1092 4771 14389 1091 4771 14390 1089 4772 14391 1094 4772 14392 1093 4772 14393 1090 4773 14394 1095 4773 14395 1094 4773 14396 1091 4774 14397 1096 4774 14398 1095 4774 14399 1092 4775 14400 1097 4775 14401 1096 4775 14402 1094 4776 14403 1099 4776 14404 1098 4776 14405 1095 4777 14406 1100 4777 14407 1099 4777 14408 1096 4778 14409 1101 4778 14410 1100 4778 14411 1097 4779 14412 1102 4779 14413 1101 4779 14414 1099 4780 14415 1072 4780 14416 1067 4780 14417 1100 4781 14418 1077 4781 14419 1072 4781 14420 1101 4782 14421 1082 4782 14422 1077 4782 14423 1102 4783 14424 1083 4783 14425 1082 4783 14426 1103 4784 14427 1108 4784 14428 1107 4784 14429 1104 4785 14430 1109 4785 14431 1108 4785 14432 1105 4786 14433 1110 4786 14434 1109 4786 14435 1106 4787 14436 1111 4787 14437 1110 4787 14438 1108 4788 14439 1113 4788 14440 1112 4788 14441 1109 4789 14442 1114 4789 14443 1113 4789 14444 1110 4790 14445 1115 4790 14446 1114 4790 14447 1111 4791 14448 1116 4791 14449 1115 4791 14450 1113 4792 14451 1118 4792 14452 1117 4792 14453 1114 4793 14454 1119 4793 14455 1118 4793 14456 1115 4794 14457 1120 4794 14458 1119 4794 14459 1116 4795 14460 1121 4795 14461 1120 4795 14462 1118 4796 14463 1092 4796 14464 1087 4796 14465 1119 4797 14466 1097 4797 14467 1092 4797 14468 1120 4798 14469 1102 4798 14470 1097 4798 14471 1121 4799 14472 1083 4799 14473 1102 4799 14474 1125 4800 14475 1130 4800 14476 1129 4800 14477 1126 4801 14478 1131 4801 14479 1130 4801 14480 1127 4802 14481 1132 4802 14482 1131 4802 14483 1127 4803 14484 1128 4803 14485 1133 4803 14486 1130 4804 14487 1135 4804 14488 1134 4804 14489 1131 4805 14490 1136 4805 14491 1135 4805 14492 1131 4806 14493 1132 4806 14494 1137 4806 14495 1132 4807 14496 1133 4807 14497 1138 4807 14498 1135 4808 14499 1140 4808 14500 1139 4808 14501 1135 4809 14502 1136 4809 14503 1141 4809 14504 1136 4810 14505 1137 4810 14506 1142 4810 14507 1137 4811 14508 1138 4811 14509 1143 4811 14510 1139 4812 14511 1140 4812 14512 1172 4812 14513 1140 4813 14514 1141 4813 14515 1177 4813 14516 1141 4814 14517 1142 4814 14518 1182 4814 14519 1142 4815 14520 1143 4815 14521 1144 4815 14522 1145 4816 14523 1150 4816 14524 1149 4816 14525 1146 4817 14526 1151 4817 14527 1150 4817 14528 1147 4818 14529 1152 4818 14530 1151 4818 14531 1148 4819 14532 1153 4819 14533 1152 4819 14534 1150 4820 14535 1155 4820 14536 1154 4820 14537 1151 4821 14538 1156 4821 14539 1155 4821 14540 1152 4822 14541 1157 4822 14542 1156 4822 14543 1153 4823 14544 1158 4823 14545 1157 4823 14546 1155 4824 14547 1160 4824 14548 1159 4824 14549 1156 4825 14550 1161 4825 14551 1160 4825 14552 1157 4826 14553 1162 4826 14554 1161 4826 14555 1158 4827 14556 1163 4827 14557 1162 4827 14558 1160 4828 14559 1133 4828 14560 1128 4828 14561 1161 4829 14562 1138 4829 14563 1133 4829 14564 1162 4830 14565 1143 4830 14566 1138 4830 14567 1163 4831 14568 1144 4831 14569 1143 4831 14570 1164 4832 14571 1169 4832 14572 1168 4832 14573 1165 4833 14574 1170 4833 14575 1169 4833 14576 1166 4834 14577 1171 4834 14578 1170 4834 14579 1167 4835 14580 1172 4835 14581 1171 4835 14582 1169 4836 14583 1174 4836 14584 1173 4836 14585 1170 4837 14586 1175 4837 14587 1174 4837 14588 1171 4838 14589 1176 4838 14590 1175 4838 14591 1172 4839 14592 1177 4839 14593 1176 4839 14594 1174 4840 14595 1179 4840 14596 1178 4840 14597 1175 4841 14598 1180 4841 14599 1179 4841 14600 1176 4842 14601 1181 4842 14602 1180 4842 14603 1177 4843 14604 1182 4843 14605 1181 4843 14606 1179 4844 14607 1153 4844 14608 1148 4844 14609 1180 4845 14610 1158 4845 14611 1153 4845 14612 1181 4846 14613 1163 4846 14614 1158 4846 14615 1182 4847 14616 1144 4847 14617 1163 4847 14618 1186 4848 14619 1191 4848 14620 1190 4848 14621 1187 4849 14622 1192 4849 14623 1191 4849 14624 1188 4850 14625 1193 4850 14626 1192 4850 14627 1188 4851 14628 1189 4851 14629 1194 4851 14630 1191 4852 14631 1196 4852 14632 1195 4852 14633 1192 4853 14634 1197 4853 14635 1196 4853 14636 1192 4854 14637 1193 4854 14638 1198 4854 14639 1193 4855 14640 1194 4855 14641 1199 4855 14642 1196 4856 14643 1201 4856 14644 1200 4856 14645 1196 4857 14646 1197 4857 14647 1202 4857 14648 1197 4858 14649 1198 4858 14650 1203 4858 14651 1198 4859 14652 1199 4859 14653 1204 4859 14654 1200 4860 14655 1201 4860 14656 1233 4860 14657 1201 4861 14658 1202 4861 14659 1238 4861 14660 1202 4862 14661 1203 4862 14662 1243 4862 14663 1203 4863 14664 1204 4863 14665 1205 4863 14666 1206 4864 14667 1211 4864 14668 1210 4864 14669 1207 4865 14670 1212 4865 14671 1211 4865 14672 1208 4866 14673 1213 4866 14674 1212 4866 14675 1209 4867 14676 1214 4867 14677 1213 4867 14678 1211 4868 14679 1216 4868 14680 1215 4868 14681 1212 4869 14682 1217 4869 14683 1216 4869 14684 1213 4870 14685 1218 4870 14686 1217 4870 14687 1214 4871 14688 1219 4871 14689 1218 4871 14690 1216 4872 14691 1221 4872 14692 1220 4872 14693 1217 4873 14694 1222 4873 14695 1221 4873 14696 1218 4874 14697 1223 4874 14698 1222 4874 14699 1219 4875 14700 1224 4875 14701 1223 4875 14702 1221 4876 14703 1194 4876 14704 1189 4876 14705 1222 4877 14706 1199 4877 14707 1194 4877 14708 1223 4878 14709 1204 4878 14710 1199 4878 14711 1224 4879 14712 1205 4879 14713 1204 4879 14714 1225 4880 14715 1230 4880 14716 1229 4880 14717 1226 4881 14718 1231 4881 14719 1230 4881 14720 1227 4882 14721 1232 4882 14722 1231 4882 14723 1228 4883 14724 1233 4883 14725 1232 4883 14726 1230 4884 14727 1235 4884 14728 1234 4884 14729 1231 4885 14730 1236 4885 14731 1235 4885 14732 1232 4886 14733 1237 4886 14734 1236 4886 14735 1233 4887 14736 1238 4887 14737 1237 4887 14738 1235 4888 14739 1240 4888 14740 1239 4888 14741 1236 4889 14742 1241 4889 14743 1240 4889 14744 1237 4890 14745 1242 4890 14746 1241 4890 14747 1238 4891 14748 1243 4891 14749 1242 4891 14750 1240 4892 14751 1214 4892 14752 1209 4892 14753 1241 4893 14754 1219 4893 14755 1214 4893 14756 1242 4894 14757 1224 4894 14758 1219 4894 14759 1243 4895 14760 1205 4895 14761 1224 4895 14762 1247 4896 14763 1252 4896 14764 1251 4896 14765 1248 4897 14766 1253 4897 14767 1252 4897 14768 1249 4898 14769 1254 4898 14770 1253 4898 14771 1249 4899 14772 1250 4899 14773 1255 4899 14774 1252 4900 14775 1257 4900 14776 1256 4900 14777 1253 4901 14778 1258 4901 14779 1257 4901 14780 1253 4902 14781 1254 4902 14782 1259 4902 14783 1254 4903 14784 1255 4903 14785 1260 4903 14786 1257 4904 14787 1262 4904 14788 1261 4904 14789 1257 4905 14790 1258 4905 14791 1263 4905 14792 1258 4906 14793 1259 4906 14794 1264 4906 14795 1259 4907 14796 1260 4907 14797 1265 4907 14798 1261 4908 14799 1262 4908 14800 1294 4908 14801 1262 4909 14802 1263 4909 14803 1299 4909 14804 1263 4910 14805 1264 4910 14806 1304 4910 14807 1264 4911 14808 1265 4911 14809 1266 4911 14810 1267 4912 14811 1272 4912 14812 1271 4912 14813 1268 4913 14814 1273 4913 14815 1272 4913 14816 1269 4914 14817 1274 4914 14818 1273 4914 14819 1270 4915 14820 1275 4915 14821 1274 4915 14822 1272 4916 14823 1277 4916 14824 1276 4916 14825 1273 4917 14826 1278 4917 14827 1277 4917 14828 1274 4918 14829 1279 4918 14830 1278 4918 14831 1275 4919 14832 1280 4919 14833 1279 4919 14834 1277 4920 14835 1282 4920 14836 1281 4920 14837 1278 4921 14838 1283 4921 14839 1282 4921 14840 1279 4922 14841 1284 4922 14842 1283 4922 14843 1280 4923 14844 1285 4923 14845 1284 4923 14846 1282 4924 14847 1255 4924 14848 1250 4924 14849 1283 4925 14850 1260 4925 14851 1255 4925 14852 1284 4926 14853 1265 4926 14854 1260 4926 14855 1285 4927 14856 1266 4927 14857 1265 4927 14858 1286 4928 14859 1291 4928 14860 1290 4928 14861 1287 4929 14862 1292 4929 14863 1291 4929 14864 1288 4930 14865 1293 4930 14866 1292 4930 14867 1289 4931 14868 1294 4931 14869 1293 4931 14870 1291 4932 14871 1296 4932 14872 1295 4932 14873 1292 4933 14874 1297 4933 14875 1296 4933 14876 1293 4934 14877 1298 4934 14878 1297 4934 14879 1294 4935 14880 1299 4935 14881 1298 4935 14882 1296 4936 14883 1301 4936 14884 1300 4936 14885 1297 4937 14886 1302 4937 14887 1301 4937 14888 1298 4938 14889 1303 4938 14890 1302 4938 14891 1299 4939 14892 1304 4939 14893 1303 4939 14894 1301 4940 14895 1275 4940 14896 1270 4940 14897 1302 4941 14898 1280 4941 14899 1275 4941 14900 1303 4942 14901 1285 4942 14902 1280 4942 14903 1304 4943 14904 1266 4943 14905 1285 4943 14906 1308 4944 14907 1313 4944 14908 1312 4944 14909 1309 4945 14910 1314 4945 14911 1313 4945 14912 1310 4946 14913 1315 4946 14914 1314 4946 14915 1310 4947 14916 1311 4947 14917 1316 4947 14918 1313 4948 14919 1318 4948 14920 1317 4948 14921 1314 4949 14922 1319 4949 14923 1318 4949 14924 1314 4950 14925 1315 4950 14926 1320 4950 14927 1315 4951 14928 1316 4951 14929 1321 4951 14930 1318 4952 14931 1323 4952 14932 1322 4952 14933 1318 4953 14934 1319 4953 14935 1324 4953 14936 1319 4954 14937 1320 4954 14938 1325 4954 14939 1320 4955 14940 1321 4955 14941 1326 4955 14942 1322 4956 14943 1323 4956 14944 1355 4956 14945 1323 4957 14946 1324 4957 14947 1360 4957 14948 1324 4958 14949 1325 4958 14950 1365 4958 14951 1325 4959 14952 1326 4959 14953 1327 4959 14954 1328 4960 14955 1333 4960 14956 1332 4960 14957 1329 4961 14958 1334 4961 14959 1333 4961 14960 1330 4962 14961 1335 4962 14962 1334 4962 14963 1331 4963 14964 1336 4963 14965 1335 4963 14966 1333 4964 14967 1338 4964 14968 1337 4964 14969 1334 4965 14970 1339 4965 14971 1338 4965 14972 1335 4966 14973 1340 4966 14974 1339 4966 14975 1336 4967 14976 1341 4967 14977 1340 4967 14978 1338 4968 14979 1343 4968 14980 1342 4968 14981 1339 4969 14982 1344 4969 14983 1343 4969 14984 1340 4970 14985 1345 4970 14986 1344 4970 14987 1341 4971 14988 1346 4971 14989 1345 4971 14990 1343 4972 14991 1316 4972 14992 1311 4972 14993 1344 4973 14994 1321 4973 14995 1316 4973 14996 1345 4974 14997 1326 4974 14998 1321 4974 14999 1346 4975 15000 1327 4975 15001 1326 4975 15002 1347 4976 15003 1352 4976 15004 1351 4976 15005 1348 4977 15006 1353 4977 15007 1352 4977 15008 1349 4978 15009 1354 4978 15010 1353 4978 15011 1350 4979 15012 1355 4979 15013 1354 4979 15014 1352 4980 15015 1357 4980 15016 1356 4980 15017 1353 4981 15018 1358 4981 15019 1357 4981 15020 1354 4982 15021 1359 4982 15022 1358 4982 15023 1355 4983 15024 1360 4983 15025 1359 4983 15026 1357 4984 15027 1362 4984 15028 1361 4984 15029 1358 4985 15030 1363 4985 15031 1362 4985 15032 1359 4986 15033 1364 4986 15034 1363 4986 15035 1360 4987 15036 1365 4987 15037 1364 4987 15038 1362 4988 15039 1336 4988 15040 1331 4988 15041 1363 4989 15042 1341 4989 15043 1336 4989 15044 1364 4990 15045 1346 4990 15046 1341 4990 15047 1365 4991 15048 1327 4991 15049 1346 4991 15050 1369 4992 15051 1374 4992 15052 1373 4992 15053 1370 4993 15054 1375 4993 15055 1374 4993 15056 1371 4994 15057 1376 4994 15058 1375 4994 15059 1371 4995 15060 1372 4995 15061 1377 4995 15062 1374 4996 15063 1379 4996 15064 1378 4996 15065 1375 4997 15066 1380 4997 15067 1379 4997 15068 1375 4998 15069 1376 4998 15070 1381 4998 15071 1376 4999 15072 1377 4999 15073 1382 4999 15074 1379 5000 15075 1384 5000 15076 1383 5000 15077 1379 5001 15078 1380 5001 15079 1385 5001 15080 1380 5002 15081 1381 5002 15082 1386 5002 15083 1381 5003 15084 1382 5003 15085 1387 5003 15086 1383 5004 15087 1384 5004 15088 1416 5004 15089 1384 5005 15090 1385 5005 15091 1421 5005 15092 1385 5006 15093 1386 5006 15094 1426 5006 15095 1386 5007 15096 1387 5007 15097 1388 5007 15098 1389 5008 15099 1394 5008 15100 1393 5008 15101 1390 5009 15102 1395 5009 15103 1394 5009 15104 1391 5010 15105 1396 5010 15106 1395 5010 15107 1392 5011 15108 1397 5011 15109 1396 5011 15110 1394 5012 15111 1399 5012 15112 1398 5012 15113 1395 5013 15114 1400 5013 15115 1399 5013 15116 1396 5014 15117 1401 5014 15118 1400 5014 15119 1397 5015 15120 1402 5015 15121 1401 5015 15122 1399 5016 15123 1404 5016 15124 1403 5016 15125 1400 5017 15126 1405 5017 15127 1404 5017 15128 1401 5018 15129 1406 5018 15130 1405 5018 15131 1402 5019 15132 1407 5019 15133 1406 5019 15134 1404 5020 15135 1377 5020 15136 1372 5020 15137 1405 5021 15138 1382 5021 15139 1377 5021 15140 1406 5022 15141 1387 5022 15142 1382 5022 15143 1407 5023 15144 1388 5023 15145 1387 5023 15146 1408 5024 15147 1413 5024 15148 1412 5024 15149 1409 5025 15150 1414 5025 15151 1413 5025 15152 1410 5026 15153 1415 5026 15154 1414 5026 15155 1411 5027 15156 1416 5027 15157 1415 5027 15158 1413 5028 15159 1418 5028 15160 1417 5028 15161 1414 5029 15162 1419 5029 15163 1418 5029 15164 1415 5030 15165 1420 5030 15166 1419 5030 15167 1416 5031 15168 1421 5031 15169 1420 5031 15170 1418 5032 15171 1423 5032 15172 1422 5032 15173 1419 5033 15174 1424 5033 15175 1423 5033 15176 1420 5034 15177 1425 5034 15178 1424 5034 15179 1421 5035 15180 1426 5035 15181 1425 5035 15182 1423 5036 15183 1397 5036 15184 1392 5036 15185 1424 5037 15186 1402 5037 15187 1397 5037 15188 1425 5038 15189 1407 5038 15190 1402 5038 15191 1426 5039 15192 1388 5039 15193 1407 5039 15194 1430 5040 15195 1435 5040 15196 1434 5040 15197 1431 5041 15198 1436 5041 15199 1435 5041 15200 1432 5042 15201 1437 5042 15202 1436 5042 15203 1432 5043 15204 1433 5043 15205 1438 5043 15206 1435 5044 15207 1440 5044 15208 1439 5044 15209 1436 5045 15210 1441 5045 15211 1440 5045 15212 1436 5046 15213 1437 5046 15214 1442 5046 15215 1437 5047 15216 1438 5047 15217 1443 5047 15218 1440 5048 15219 1445 5048 15220 1444 5048 15221 1440 5049 15222 1441 5049 15223 1446 5049 15224 1441 5050 15225 1442 5050 15226 1447 5050 15227 1442 5051 15228 1443 5051 15229 1448 5051 15230 1444 5052 15231 1445 5052 15232 1477 5052 15233 1445 5053 15234 1446 5053 15235 1482 5053 15236 1446 5054 15237 1447 5054 15238 1487 5054 15239 1447 5055 15240 1448 5055 15241 1449 5055 15242 1450 5056 15243 1455 5056 15244 1454 5056 15245 1451 5057 15246 1456 5057 15247 1455 5057 15248 1452 5058 15249 1457 5058 15250 1456 5058 15251 1453 5059 15252 1458 5059 15253 1457 5059 15254 1455 5060 15255 1460 5060 15256 1459 5060 15257 1456 5061 15258 1461 5061 15259 1460 5061 15260 1457 5062 15261 1462 5062 15262 1461 5062 15263 1458 5063 15264 1463 5063 15265 1462 5063 15266 1460 5064 15267 1465 5064 15268 1464 5064 15269 1461 5065 15270 1466 5065 15271 1465 5065 15272 1462 5066 15273 1467 5066 15274 1466 5066 15275 1463 5067 15276 1468 5067 15277 1467 5067 15278 1465 5068 15279 1438 5068 15280 1433 5068 15281 1466 5069 15282 1443 5069 15283 1438 5069 15284 1467 5070 15285 1448 5070 15286 1443 5070 15287 1468 5071 15288 1449 5071 15289 1448 5071 15290 1469 5072 15291 1474 5072 15292 1473 5072 15293 1470 5073 15294 1475 5073 15295 1474 5073 15296 1471 5074 15297 1476 5074 15298 1475 5074 15299 1472 5075 15300 1477 5075 15301 1476 5075 15302 1474 5076 15303 1479 5076 15304 1478 5076 15305 1475 5077 15306 1480 5077 15307 1479 5077 15308 1476 5078 15309 1481 5078 15310 1480 5078 15311 1477 5079 15312 1482 5079 15313 1481 5079 15314 1479 5080 15315 1484 5080 15316 1483 5080 15317 1480 5081 15318 1485 5081 15319 1484 5081 15320 1481 5082 15321 1486 5082 15322 1485 5082 15323 1482 5083 15324 1487 5083 15325 1486 5083 15326 1484 5084 15327 1458 5084 15328 1453 5084 15329 1485 5085 15330 1463 5085 15331 1458 5085 15332 1486 5086 15333 1468 5086 15334 1463 5086 15335 1487 5087 15336 1449 5087 15337 1468 5087 15338 1491 5088 15339 1496 5088 15340 1495 5088 15341 1492 5089 15342 1497 5089 15343 1496 5089 15344 1493 5090 15345 1498 5090 15346 1497 5090 15347 1493 5091 15348 1494 5091 15349 1499 5091 15350 1496 5092 15351 1501 5092 15352 1500 5092 15353 1497 5093 15354 1502 5093 15355 1501 5093 15356 1497 5094 15357 1498 5094 15358 1503 5094 15359 1498 5095 15360 1499 5095 15361 1504 5095 15362 1501 5096 15363 1506 5096 15364 1505 5096 15365 1501 5097 15366 1502 5097 15367 1507 5097 15368 1502 5098 15369 1503 5098 15370 1508 5098 15371 1503 5099 15372 1504 5099 15373 1509 5099 15374 1505 5100 15375 1506 5100 15376 1538 5100 15377 1506 5101 15378 1507 5101 15379 1543 5101 15380 1507 5102 15381 1508 5102 15382 1548 5102 15383 1508 5103 15384 1509 5103 15385 1510 5103 15386 1511 5104 15387 1516 5104 15388 1515 5104 15389 1512 5105 15390 1517 5105 15391 1516 5105 15392 1513 5106 15393 1518 5106 15394 1517 5106 15395 1514 5107 15396 1519 5107 15397 1518 5107 15398 1516 5108 15399 1521 5108 15400 1520 5108 15401 1517 5109 15402 1522 5109 15403 1521 5109 15404 1518 5110 15405 1523 5110 15406 1522 5110 15407 1519 5111 15408 1524 5111 15409 1523 5111 15410 1521 5112 15411 1526 5112 15412 1525 5112 15413 1522 5113 15414 1527 5113 15415 1526 5113 15416 1523 5114 15417 1528 5114 15418 1527 5114 15419 1524 5115 15420 1529 5115 15421 1528 5115 15422 1526 5116 15423 1499 5116 15424 1494 5116 15425 1527 5117 15426 1504 5117 15427 1499 5117 15428 1528 5118 15429 1509 5118 15430 1504 5118 15431 1529 5119 15432 1510 5119 15433 1509 5119 15434 1530 5120 15435 1535 5120 15436 1534 5120 15437 1531 5121 15438 1536 5121 15439 1535 5121 15440 1532 5122 15441 1537 5122 15442 1536 5122 15443 1533 5123 15444 1538 5123 15445 1537 5123 15446 1535 5124 15447 1540 5124 15448 1539 5124 15449 1536 5125 15450 1541 5125 15451 1540 5125 15452 1537 5126 15453 1542 5126 15454 1541 5126 15455 1538 5127 15456 1543 5127 15457 1542 5127 15458 1540 5128 15459 1545 5128 15460 1544 5128 15461 1541 5129 15462 1546 5129 15463 1545 5129 15464 1542 5130 15465 1547 5130 15466 1546 5130 15467 1543 5131 15468 1548 5131 15469 1547 5131 15470 1545 5132 15471 1519 5132 15472 1514 5132 15473 1546 5133 15474 1524 5133 15475 1519 5133 15476 1547 5134 15477 1529 5134 15478 1524 5134 15479 1548 5135 15480 1510 5135 15481 1529 5135 15482 1552 5136 15483 1557 5136 15484 1556 5136 15485 1553 5137 15486 1558 5137 15487 1557 5137 15488 1554 5138 15489 1559 5138 15490 1558 5138 15491 1554 5139 15492 1555 5139 15493 1560 5139 15494 1557 5140 15495 1562 5140 15496 1561 5140 15497 1558 5141 15498 1563 5141 15499 1562 5141 15500 1558 5142 15501 1559 5142 15502 1564 5142 15503 1559 5143 15504 1560 5143 15505 1565 5143 15506 1562 5144 15507 1567 5144 15508 1566 5144 15509 1562 5145 15510 1563 5145 15511 1568 5145 15512 1563 5146 15513 1564 5146 15514 1569 5146 15515 1564 5147 15516 1565 5147 15517 1570 5147 15518 1566 5148 15519 1567 5148 15520 1599 5148 15521 1567 5149 15522 1568 5149 15523 1604 5149 15524 1568 5150 15525 1569 5150 15526 1609 5150 15527 1569 5151 15528 1570 5151 15529 1571 5151 15530 1572 5152 15531 1577 5152 15532 1576 5152 15533 1573 5153 15534 1578 5153 15535 1577 5153 15536 1574 5154 15537 1579 5154 15538 1578 5154 15539 1575 5155 15540 1580 5155 15541 1579 5155 15542 1577 5156 15543 1582 5156 15544 1581 5156 15545 1578 5157 15546 1583 5157 15547 1582 5157 15548 1579 5158 15549 1584 5158 15550 1583 5158 15551 1580 5159 15552 1585 5159 15553 1584 5159 15554 1582 5160 15555 1587 5160 15556 1586 5160 15557 1583 5161 15558 1588 5161 15559 1587 5161 15560 1584 5162 15561 1589 5162 15562 1588 5162 15563 1585 5163 15564 1590 5163 15565 1589 5163 15566 1587 5164 15567 1560 5164 15568 1555 5164 15569 1588 5165 15570 1565 5165 15571 1560 5165 15572 1589 5166 15573 1570 5166 15574 1565 5166 15575 1590 5167 15576 1571 5167 15577 1570 5167 15578 1591 5168 15579 1596 5168 15580 1595 5168 15581 1592 5169 15582 1597 5169 15583 1596 5169 15584 1593 5170 15585 1598 5170 15586 1597 5170 15587 1594 5171 15588 1599 5171 15589 1598 5171 15590 1596 5172 15591 1601 5172 15592 1600 5172 15593 1597 5173 15594 1602 5173 15595 1601 5173 15596 1598 5174 15597 1603 5174 15598 1602 5174 15599 1599 5175 15600 1604 5175 15601 1603 5175 15602 1601 5176 15603 1606 5176 15604 1605 5176 15605 1602 5177 15606 1607 5177 15607 1606 5177 15608 1603 5178 15609 1608 5178 15610 1607 5178 15611 1604 5179 15612 1609 5179 15613 1608 5179 15614 1606 5180 15615 1580 5180 15616 1575 5180 15617 1607 5181 15618 1585 5181 15619 1580 5181 15620 1608 5182 15621 1590 5182 15622 1585 5182 15623 1609 5183 15624 1571 5183 15625 1590 5183 15626 1613 5184 15627 1618 5184 15628 1617 5184 15629 1614 5185 15630 1619 5185 15631 1618 5185 15632 1615 5186 15633 1620 5186 15634 1619 5186 15635 1615 5187 15636 1616 5187 15637 1621 5187 15638 1618 5188 15639 1623 5188 15640 1622 5188 15641 1619 5189 15642 1624 5189 15643 1623 5189 15644 1619 5190 15645 1620 5190 15646 1625 5190 15647 1620 5191 15648 1621 5191 15649 1626 5191 15650 1623 5192 15651 1628 5192 15652 1627 5192 15653 1623 5193 15654 1624 5193 15655 1629 5193 15656 1624 5194 15657 1625 5194 15658 1630 5194 15659 1625 5195 15660 1626 5195 15661 1631 5195 15662 1627 5196 15663 1628 5196 15664 1660 5196 15665 1628 5197 15666 1629 5197 15667 1665 5197 15668 1629 5198 15669 1630 5198 15670 1670 5198 15671 1630 5199 15672 1631 5199 15673 1632 5199 15674 1633 5200 15675 1638 5200 15676 1637 5200 15677 1634 5201 15678 1639 5201 15679 1638 5201 15680 1635 5202 15681 1640 5202 15682 1639 5202 15683 1636 5203 15684 1641 5203 15685 1640 5203 15686 1638 5204 15687 1643 5204 15688 1642 5204 15689 1639 5205 15690 1644 5205 15691 1643 5205 15692 1640 5206 15693 1645 5206 15694 1644 5206 15695 1641 5207 15696 1646 5207 15697 1645 5207 15698 1643 5208 15699 1648 5208 15700 1647 5208 15701 1644 5209 15702 1649 5209 15703 1648 5209 15704 1645 5210 15705 1650 5210 15706 1649 5210 15707 1646 5211 15708 1651 5211 15709 1650 5211 15710 1648 5212 15711 1621 5212 15712 1616 5212 15713 1649 5213 15714 1626 5213 15715 1621 5213 15716 1650 5214 15717 1631 5214 15718 1626 5214 15719 1651 5215 15720 1632 5215 15721 1631 5215 15722 1652 5216 15723 1657 5216 15724 1656 5216 15725 1653 5217 15726 1658 5217 15727 1657 5217 15728 1654 5218 15729 1659 5218 15730 1658 5218 15731 1655 5219 15732 1660 5219 15733 1659 5219 15734 1657 5220 15735 1662 5220 15736 1661 5220 15737 1658 5221 15738 1663 5221 15739 1662 5221 15740 1659 5222 15741 1664 5222 15742 1663 5222 15743 1660 5223 15744 1665 5223 15745 1664 5223 15746 1662 5224 15747 1667 5224 15748 1666 5224 15749 1663 5225 15750 1668 5225 15751 1667 5225 15752 1664 5226 15753 1669 5226 15754 1668 5226 15755 1665 5227 15756 1670 5227 15757 1669 5227 15758 1667 5228 15759 1641 5228 15760 1636 5228 15761 1668 5229 15762 1646 5229 15763 1641 5229 15764 1669 5230 15765 1651 5230 15766 1646 5230 15767 1670 5231 15768 1632 5231 15769 1651 5231 15770 1674 5232 15771 1679 5232 15772 1678 5232 15773 1675 5233 15774 1680 5233 15775 1679 5233 15776 1676 5234 15777 1681 5234 15778 1680 5234 15779 1676 5235 15780 1677 5235 15781 1682 5235 15782 1679 5236 15783 1684 5236 15784 1683 5236 15785 1680 5237 15786 1685 5237 15787 1684 5237 15788 1680 5238 15789 1681 5238 15790 1686 5238 15791 1681 5239 15792 1682 5239 15793 1687 5239 15794 1684 5240 15795 1689 5240 15796 1688 5240 15797 1684 5241 15798 1685 5241 15799 1690 5241 15800 1685 5242 15801 1686 5242 15802 1691 5242 15803 1686 5243 15804 1687 5243 15805 1692 5243 15806 1688 5244 15807 1689 5244 15808 1721 5244 15809 1689 5245 15810 1690 5245 15811 1726 5245 15812 1690 5246 15813 1691 5246 15814 1731 5246 15815 1691 5247 15816 1692 5247 15817 1693 5247 15818 1694 5248 15819 1699 5248 15820 1698 5248 15821 1695 5249 15822 1700 5249 15823 1699 5249 15824 1696 5250 15825 1701 5250 15826 1700 5250 15827 1697 5251 15828 1702 5251 15829 1701 5251 15830 1699 5252 15831 1704 5252 15832 1703 5252 15833 1700 5253 15834 1705 5253 15835 1704 5253 15836 1701 5254 15837 1706 5254 15838 1705 5254 15839 1702 5255 15840 1707 5255 15841 1706 5255 15842 1704 5256 15843 1709 5256 15844 1708 5256 15845 1705 5257 15846 1710 5257 15847 1709 5257 15848 1706 5258 15849 1711 5258 15850 1710 5258 15851 1707 5259 15852 1712 5259 15853 1711 5259 15854 1709 5260 15855 1682 5260 15856 1677 5260 15857 1710 5261 15858 1687 5261 15859 1682 5261 15860 1711 5262 15861 1692 5262 15862 1687 5262 15863 1712 5263 15864 1693 5263 15865 1692 5263 15866 1713 5264 15867 1718 5264 15868 1717 5264 15869 1714 5265 15870 1719 5265 15871 1718 5265 15872 1715 5266 15873 1720 5266 15874 1719 5266 15875 1716 5267 15876 1721 5267 15877 1720 5267 15878 1718 5268 15879 1723 5268 15880 1722 5268 15881 1719 5269 15882 1724 5269 15883 1723 5269 15884 1720 5270 15885 1725 5270 15886 1724 5270 15887 1721 5271 15888 1726 5271 15889 1725 5271 15890 1723 5272 15891 1728 5272 15892 1727 5272 15893 1724 5273 15894 1729 5273 15895 1728 5273 15896 1725 5274 15897 1730 5274 15898 1729 5274 15899 1726 5275 15900 1731 5275 15901 1730 5275 15902 1728 5276 15903 1702 5276 15904 1697 5276 15905 1729 5277 15906 1707 5277 15907 1702 5277 15908 1730 5278 15909 1712 5278 15910 1707 5278 15911 1731 5279 15912 1693 5279 15913 1712 5279 15914 1735 5280 15915 1740 5280 15916 1739 5280 15917 1736 5281 15918 1741 5281 15919 1740 5281 15920 1737 5282 15921 1742 5282 15922 1741 5282 15923 1737 5283 15924 1738 5283 15925 1743 5283 15926 1740 5284 15927 1745 5284 15928 1744 5284 15929 1741 5285 15930 1746 5285 15931 1745 5285 15932 1741 5286 15933 1742 5286 15934 1747 5286 15935 1742 5287 15936 1743 5287 15937 1748 5287 15938 1745 5288 15939 1750 5288 15940 1749 5288 15941 1745 5289 15942 1746 5289 15943 1751 5289 15944 1746 5290 15945 1747 5290 15946 1752 5290 15947 1747 5291 15948 1748 5291 15949 1753 5291 15950 1749 5292 15951 1750 5292 15952 1782 5292 15953 1750 5293 15954 1751 5293 15955 1787 5293 15956 1751 5294 15957 1752 5294 15958 1792 5294 15959 1752 5295 15960 1753 5295 15961 1754 5295 15962 1755 5296 15963 1760 5296 15964 1759 5296 15965 1756 5297 15966 1761 5297 15967 1760 5297 15968 1757 5298 15969 1762 5298 15970 1761 5298 15971 1758 5299 15972 1763 5299 15973 1762 5299 15974 1760 5300 15975 1765 5300 15976 1764 5300 15977 1761 5301 15978 1766 5301 15979 1765 5301 15980 1762 5302 15981 1767 5302 15982 1766 5302 15983 1763 5303 15984 1768 5303 15985 1767 5303 15986 1765 5304 15987 1770 5304 15988 1769 5304 15989 1766 5305 15990 1771 5305 15991 1770 5305 15992 1767 5306 15993 1772 5306 15994 1771 5306 15995 1768 5307 15996 1773 5307 15997 1772 5307 15998 1770 5308 15999 1743 5308 16000 1738 5308 16001 1771 5309 16002 1748 5309 16003 1743 5309 16004 1772 5310 16005 1753 5310 16006 1748 5310 16007 1773 5311 16008 1754 5311 16009 1753 5311 16010 1774 5312 16011 1779 5312 16012 1778 5312 16013 1775 5313 16014 1780 5313 16015 1779 5313 16016 1776 5314 16017 1781 5314 16018 1780 5314 16019 1777 5315 16020 1782 5315 16021 1781 5315 16022 1779 5316 16023 1784 5316 16024 1783 5316 16025 1780 5317 16026 1785 5317 16027 1784 5317 16028 1781 5318 16029 1786 5318 16030 1785 5318 16031 1782 5319 16032 1787 5319 16033 1786 5319 16034 1784 5320 16035 1789 5320 16036 1788 5320 16037 1785 5321 16038 1790 5321 16039 1789 5321 16040 1786 5322 16041 1791 5322 16042 1790 5322 16043 1787 5323 16044 1792 5323 16045 1791 5323 16046 1789 5324 16047 1763 5324 16048 1758 5324 16049 1790 5325 16050 1768 5325 16051 1763 5325 16052 1791 5326 16053 1773 5326 16054 1768 5326 16055 1792 5327 16056 1754 5327 16057 1773 5327 16058 1796 5328 16059 1801 5328 16060 1800 5328 16061 1797 5329 16062 1802 5329 16063 1801 5329 16064 1798 5330 16065 1803 5330 16066 1802 5330 16067 1798 5331 16068 1799 5331 16069 1804 5331 16070 1801 5332 16071 1806 5332 16072 1805 5332 16073 1802 5333 16074 1807 5333 16075 1806 5333 16076 1802 5334 16077 1803 5334 16078 1808 5334 16079 1803 5335 16080 1804 5335 16081 1809 5335 16082 1806 5336 16083 1811 5336 16084 1810 5336 16085 1806 5337 16086 1807 5337 16087 1812 5337 16088 1807 5338 16089 1808 5338 16090 1813 5338 16091 1808 5339 16092 1809 5339 16093 1814 5339 16094 1810 5340 16095 1811 5340 16096 1843 5340 16097 1811 5341 16098 1812 5341 16099 1848 5341 16100 1812 5342 16101 1813 5342 16102 1853 5342 16103 1813 5343 16104 1814 5343 16105 1815 5343 16106 1816 5344 16107 1821 5344 16108 1820 5344 16109 1817 5345 16110 1822 5345 16111 1821 5345 16112 1818 5346 16113 1823 5346 16114 1822 5346 16115 1819 5347 16116 1824 5347 16117 1823 5347 16118 1821 5348 16119 1826 5348 16120 1825 5348 16121 1822 5349 16122 1827 5349 16123 1826 5349 16124 1823 5350 16125 1828 5350 16126 1827 5350 16127 1824 5351 16128 1829 5351 16129 1828 5351 16130 1826 5352 16131 1831 5352 16132 1830 5352 16133 1827 5353 16134 1832 5353 16135 1831 5353 16136 1828 5354 16137 1833 5354 16138 1832 5354 16139 1829 5355 16140 1834 5355 16141 1833 5355 16142 1831 5356 16143 1804 5356 16144 1799 5356 16145 1832 5357 16146 1809 5357 16147 1804 5357 16148 1833 5358 16149 1814 5358 16150 1809 5358 16151 1834 5359 16152 1815 5359 16153 1814 5359 16154 1835 5360 16155 1840 5360 16156 1839 5360 16157 1836 5361 16158 1841 5361 16159 1840 5361 16160 1837 5362 16161 1842 5362 16162 1841 5362 16163 1838 5363 16164 1843 5363 16165 1842 5363 16166 1840 5364 16167 1845 5364 16168 1844 5364 16169 1841 5365 16170 1846 5365 16171 1845 5365 16172 1842 5366 16173 1847 5366 16174 1846 5366 16175 1843 5367 16176 1848 5367 16177 1847 5367 16178 1845 5368 16179 1850 5368 16180 1849 5368 16181 1846 5369 16182 1851 5369 16183 1850 5369 16184 1847 5370 16185 1852 5370 16186 1851 5370 16187 1848 5371 16188 1853 5371 16189 1852 5371 16190 1850 5372 16191 1824 5372 16192 1819 5372 16193 1851 5373 16194 1829 5373 16195 1824 5373 16196 1852 5374 16197 1834 5374 16198 1829 5374 16199 1853 5375 16200 1815 5375 16201 1834 5375 16202 1857 5376 16203 1862 5376 16204 1861 5376 16205 1858 5377 16206 1863 5377 16207 1862 5377 16208 1859 5378 16209 1864 5378 16210 1863 5378 16211 1859 5379 16212 1860 5379 16213 1865 5379 16214 1862 5380 16215 1867 5380 16216 1866 5380 16217 1863 5381 16218 1868 5381 16219 1867 5381 16220 1863 5382 16221 1864 5382 16222 1869 5382 16223 1864 5383 16224 1865 5383 16225 1870 5383 16226 1867 5384 16227 1872 5384 16228 1871 5384 16229 1867 5385 16230 1868 5385 16231 1873 5385 16232 1868 5386 16233 1869 5386 16234 1874 5386 16235 1869 5387 16236 1870 5387 16237 1875 5387 16238 1871 5388 16239 1872 5388 16240 1904 5388 16241 1872 5389 16242 1873 5389 16243 1909 5389 16244 1873 5390 16245 1874 5390 16246 1914 5390 16247 1874 5391 16248 1875 5391 16249 1876 5391 16250 1877 5392 16251 1882 5392 16252 1881 5392 16253 1878 5393 16254 1883 5393 16255 1882 5393 16256 1879 5394 16257 1884 5394 16258 1883 5394 16259 1880 5395 16260 1885 5395 16261 1884 5395 16262 1882 5396 16263 1887 5396 16264 1886 5396 16265 1883 5397 16266 1888 5397 16267 1887 5397 16268 1884 5398 16269 1889 5398 16270 1888 5398 16271 1885 5399 16272 1890 5399 16273 1889 5399 16274 1887 5400 16275 1892 5400 16276 1891 5400 16277 1888 5401 16278 1893 5401 16279 1892 5401 16280 1889 5402 16281 1894 5402 16282 1893 5402 16283 1890 5403 16284 1895 5403 16285 1894 5403 16286 1892 5404 16287 1865 5404 16288 1860 5404 16289 1893 5405 16290 1870 5405 16291 1865 5405 16292 1894 5406 16293 1875 5406 16294 1870 5406 16295 1895 5407 16296 1876 5407 16297 1875 5407 16298 1896 5408 16299 1901 5408 16300 1900 5408 16301 1897 5409 16302 1902 5409 16303 1901 5409 16304 1898 5410 16305 1903 5410 16306 1902 5410 16307 1899 5411 16308 1904 5411 16309 1903 5411 16310 1901 5412 16311 1906 5412 16312 1905 5412 16313 1902 5413 16314 1907 5413 16315 1906 5413 16316 1903 5414 16317 1908 5414 16318 1907 5414 16319 1904 5415 16320 1909 5415 16321 1908 5415 16322 1906 5416 16323 1911 5416 16324 1910 5416 16325 1907 5417 16326 1912 5417 16327 1911 5417 16328 1908 5418 16329 1913 5418 16330 1912 5418 16331 1909 5419 16332 1914 5419 16333 1913 5419 16334 1911 5420 16335 1885 5420 16336 1880 5420 16337 1912 5421 16338 1890 5421 16339 1885 5421 16340 1913 5422 16341 1895 5422 16342 1890 5422 16343 1914 5423 16344 1876 5423 16345 1895 5423 16346 1918 5424 16347 1923 5424 16348 1922 5424 16349 1919 5425 16350 1924 5425 16351 1923 5425 16352 1920 5426 16353 1925 5426 16354 1924 5426 16355 1920 5427 16356 1921 5427 16357 1926 5427 16358 1923 5428 16359 1928 5428 16360 1927 5428 16361 1924 5429 16362 1929 5429 16363 1928 5429 16364 1924 5430 16365 1925 5430 16366 1930 5430 16367 1925 5431 16368 1926 5431 16369 1931 5431 16370 1928 5432 16371 1933 5432 16372 1932 5432 16373 1928 5433 16374 1929 5433 16375 1934 5433 16376 1929 5434 16377 1930 5434 16378 1935 5434 16379 1930 5435 16380 1931 5435 16381 1936 5435 16382 1932 5436 16383 1933 5436 16384 1965 5436 16385 1933 5437 16386 1934 5437 16387 1970 5437 16388 1934 5438 16389 1935 5438 16390 1975 5438 16391 1935 5439 16392 1936 5439 16393 1937 5439 16394 1938 5440 16395 1943 5440 16396 1942 5440 16397 1939 5441 16398 1944 5441 16399 1943 5441 16400 1940 5442 16401 1945 5442 16402 1944 5442 16403 1941 5443 16404 1946 5443 16405 1945 5443 16406 1943 5444 16407 1948 5444 16408 1947 5444 16409 1944 5445 16410 1949 5445 16411 1948 5445 16412 1945 5446 16413 1950 5446 16414 1949 5446 16415 1946 5447 16416 1951 5447 16417 1950 5447 16418 1948 5448 16419 1953 5448 16420 1952 5448 16421 1949 5449 16422 1954 5449 16423 1953 5449 16424 1950 5450 16425 1955 5450 16426 1954 5450 16427 1951 5451 16428 1956 5451 16429 1955 5451 16430 1953 5452 16431 1926 5452 16432 1921 5452 16433 1954 5453 16434 1931 5453 16435 1926 5453 16436 1955 5454 16437 1936 5454 16438 1931 5454 16439 1956 5455 16440 1937 5455 16441 1936 5455 16442 1957 5456 16443 1962 5456 16444 1961 5456 16445 1958 5457 16446 1963 5457 16447 1962 5457 16448 1959 5458 16449 1964 5458 16450 1963 5458 16451 1960 5459 16452 1965 5459 16453 1964 5459 16454 1962 5460 16455 1967 5460 16456 1966 5460 16457 1963 5461 16458 1968 5461 16459 1967 5461 16460 1964 5462 16461 1969 5462 16462 1968 5462 16463 1965 5463 16464 1970 5463 16465 1969 5463 16466 1967 5464 16467 1972 5464 16468 1971 5464 16469 1968 5465 16470 1973 5465 16471 1972 5465 16472 1969 5466 16473 1974 5466 16474 1973 5466 16475 1970 5467 16476 1975 5467 16477 1974 5467 16478 1972 5468 16479 1946 5468 16480 1941 5468 16481 1973 5469 16482 1951 5469 16483 1946 5469 16484 1974 5470 16485 1956 5470 16486 1951 5470 16487 1975 5471 16488 1937 5471 16489 1956 5471 16490 1979 5472 16491 1984 5472 16492 1983 5472 16493 1980 5473 16494 1985 5473 16495 1984 5473 16496 1981 5474 16497 1986 5474 16498 1985 5474 16499 1981 5475 16500 1982 5475 16501 1987 5475 16502 1984 5476 16503 1989 5476 16504 1988 5476 16505 1985 5477 16506 1990 5477 16507 1989 5477 16508 1985 5478 16509 1986 5478 16510 1991 5478 16511 1986 5479 16512 1987 5479 16513 1992 5479 16514 1989 5480 16515 1994 5480 16516 1993 5480 16517 1989 5481 16518 1990 5481 16519 1995 5481 16520 1990 5482 16521 1991 5482 16522 1996 5482 16523 1991 5483 16524 1992 5483 16525 1997 5483 16526 1993 5484 16527 1994 5484 16528 2026 5484 16529 1994 5485 16530 1995 5485 16531 2031 5485 16532 1995 5486 16533 1996 5486 16534 2036 5486 16535 1996 5487 16536 1997 5487 16537 1998 5487 16538 1999 5488 16539 2004 5488 16540 2003 5488 16541 2000 5489 16542 2005 5489 16543 2004 5489 16544 2001 5490 16545 2006 5490 16546 2005 5490 16547 2002 5491 16548 2007 5491 16549 2006 5491 16550 2004 5492 16551 2009 5492 16552 2008 5492 16553 2005 5493 16554 2010 5493 16555 2009 5493 16556 2006 5494 16557 2011 5494 16558 2010 5494 16559 2007 5495 16560 2012 5495 16561 2011 5495 16562 2009 5496 16563 2014 5496 16564 2013 5496 16565 2010 5497 16566 2015 5497 16567 2014 5497 16568 2011 5498 16569 2016 5498 16570 2015 5498 16571 2012 5499 16572 2017 5499 16573 2016 5499 16574 2014 5500 16575 1987 5500 16576 1982 5500 16577 2015 5501 16578 1992 5501 16579 1987 5501 16580 2016 5502 16581 1997 5502 16582 1992 5502 16583 2017 5503 16584 1998 5503 16585 1997 5503 16586 2018 5504 16587 2023 5504 16588 2022 5504 16589 2019 5505 16590 2024 5505 16591 2023 5505 16592 2020 5506 16593 2025 5506 16594 2024 5506 16595 2021 5507 16596 2026 5507 16597 2025 5507 16598 2023 5508 16599 2028 5508 16600 2027 5508 16601 2024 5509 16602 2029 5509 16603 2028 5509 16604 2025 5510 16605 2030 5510 16606 2029 5510 16607 2026 5511 16608 2031 5511 16609 2030 5511 16610 2028 5512 16611 2033 5512 16612 2032 5512 16613 2029 5513 16614 2034 5513 16615 2033 5513 16616 2030 5514 16617 2035 5514 16618 2034 5514 16619 2031 5515 16620 2036 5515 16621 2035 5515 16622 2033 5516 16623 2007 5516 16624 2002 5516 16625 2034 5517 16626 2012 5517 16627 2007 5517 16628 2035 5518 16629 2017 5518 16630 2012 5518 16631 2036 5519 16632 1998 5519 16633 2017 5519 16634 2040 5520 16635 2045 5520 16636 2044 5520 16637 2041 5521 16638 2046 5521 16639 2045 5521 16640 2042 5522 16641 2047 5522 16642 2046 5522 16643 2042 5523 16644 2043 5523 16645 2048 5523 16646 2045 5524 16647 2050 5524 16648 2049 5524 16649 2046 5525 16650 2051 5525 16651 2050 5525 16652 2046 5526 16653 2047 5526 16654 2052 5526 16655 2047 5527 16656 2048 5527 16657 2053 5527 16658 2050 5528 16659 2055 5528 16660 2054 5528 16661 2050 5529 16662 2051 5529 16663 2056 5529 16664 2051 5530 16665 2052 5530 16666 2057 5530 16667 2052 5531 16668 2053 5531 16669 2058 5531 16670 2054 5532 16671 2055 5532 16672 2087 5532 16673 2055 5533 16674 2056 5533 16675 2092 5533 16676 2056 5534 16677 2057 5534 16678 2097 5534 16679 2057 5535 16680 2058 5535 16681 2059 5535 16682 2060 5536 16683 2065 5536 16684 2064 5536 16685 2061 5537 16686 2066 5537 16687 2065 5537 16688 2062 5538 16689 2067 5538 16690 2066 5538 16691 2063 5539 16692 2068 5539 16693 2067 5539 16694 2065 5540 16695 2070 5540 16696 2069 5540 16697 2066 5541 16698 2071 5541 16699 2070 5541 16700 2067 5542 16701 2072 5542 16702 2071 5542 16703 2068 5543 16704 2073 5543 16705 2072 5543 16706 2070 5544 16707 2075 5544 16708 2074 5544 16709 2071 5545 16710 2076 5545 16711 2075 5545 16712 2072 5546 16713 2077 5546 16714 2076 5546 16715 2073 5547 16716 2078 5547 16717 2077 5547 16718 2075 5548 16719 2048 5548 16720 2043 5548 16721 2076 5549 16722 2053 5549 16723 2048 5549 16724 2077 5550 16725 2058 5550 16726 2053 5550 16727 2078 5551 16728 2059 5551 16729 2058 5551 16730 2079 5552 16731 2084 5552 16732 2083 5552 16733 2080 5553 16734 2085 5553 16735 2084 5553 16736 2081 5554 16737 2086 5554 16738 2085 5554 16739 2082 5555 16740 2087 5555 16741 2086 5555 16742 2084 5556 16743 2089 5556 16744 2088 5556 16745 2085 5557 16746 2090 5557 16747 2089 5557 16748 2086 5558 16749 2091 5558 16750 2090 5558 16751 2087 5559 16752 2092 5559 16753 2091 5559 16754 2089 5560 16755 2094 5560 16756 2093 5560 16757 2090 5561 16758 2095 5561 16759 2094 5561 16760 2091 5562 16761 2096 5562 16762 2095 5562 16763 2092 5563 16764 2097 5563 16765 2096 5563 16766 2094 5564 16767 2068 5564 16768 2063 5564 16769 2095 5565 16770 2073 5565 16771 2068 5565 16772 2096 5566 16773 2078 5566 16774 2073 5566 16775 2097 5567 16776 2059 5567 16777 2078 5567 16778 2101 5568 16779 2106 5568 16780 2105 5568 16781 2102 5569 16782 2107 5569 16783 2106 5569 16784 2103 5570 16785 2108 5570 16786 2107 5570 16787 2103 5571 16788 2104 5571 16789 2109 5571 16790 2106 5572 16791 2111 5572 16792 2110 5572 16793 2107 5573 16794 2112 5573 16795 2111 5573 16796 2107 5574 16797 2108 5574 16798 2113 5574 16799 2108 5575 16800 2109 5575 16801 2114 5575 16802 2111 5576 16803 2116 5576 16804 2115 5576 16805 2111 5577 16806 2112 5577 16807 2117 5577 16808 2112 5578 16809 2113 5578 16810 2118 5578 16811 2113 5579 16812 2114 5579 16813 2119 5579 16814 2115 5580 16815 2116 5580 16816 2148 5580 16817 2116 5581 16818 2117 5581 16819 2153 5581 16820 2117 5582 16821 2118 5582 16822 2158 5582 16823 2118 5583 16824 2119 5583 16825 2120 5583 16826 2121 5584 16827 2126 5584 16828 2125 5584 16829 2122 5585 16830 2127 5585 16831 2126 5585 16832 2123 5586 16833 2128 5586 16834 2127 5586 16835 2124 5587 16836 2129 5587 16837 2128 5587 16838 2126 5588 16839 2131 5588 16840 2130 5588 16841 2127 5589 16842 2132 5589 16843 2131 5589 16844 2128 5590 16845 2133 5590 16846 2132 5590 16847 2129 5591 16848 2134 5591 16849 2133 5591 16850 2131 5592 16851 2136 5592 16852 2135 5592 16853 2132 5593 16854 2137 5593 16855 2136 5593 16856 2133 5594 16857 2138 5594 16858 2137 5594 16859 2134 5595 16860 2139 5595 16861 2138 5595 16862 2136 5596 16863 2109 5596 16864 2104 5596 16865 2137 5597 16866 2114 5597 16867 2109 5597 16868 2138 5598 16869 2119 5598 16870 2114 5598 16871 2139 5599 16872 2120 5599 16873 2119 5599 16874 2140 5600 16875 2145 5600 16876 2144 5600 16877 2141 5601 16878 2146 5601 16879 2145 5601 16880 2142 5602 16881 2147 5602 16882 2146 5602 16883 2143 5603 16884 2148 5603 16885 2147 5603 16886 2145 5604 16887 2150 5604 16888 2149 5604 16889 2146 5605 16890 2151 5605 16891 2150 5605 16892 2147 5606 16893 2152 5606 16894 2151 5606 16895 2148 5607 16896 2153 5607 16897 2152 5607 16898 2150 5608 16899 2155 5608 16900 2154 5608 16901 2151 5609 16902 2156 5609 16903 2155 5609 16904 2152 5610 16905 2157 5610 16906 2156 5610 16907 2153 5611 16908 2158 5611 16909 2157 5611 16910 2155 5612 16911 2129 5612 16912 2124 5612 16913 2156 5613 16914 2134 5613 16915 2129 5613 16916 2157 5614 16917 2139 5614 16918 2134 5614 16919 2158 5615 16920 2120 5615 16921 2139 5615 16922 2162 5616 16923 2167 5616 16924 2166 5616 16925 2163 5617 16926 2168 5617 16927 2167 5617 16928 2164 5618 16929 2169 5618 16930 2168 5618 16931 2164 5619 16932 2165 5619 16933 2170 5619 16934 2167 5620 16935 2172 5620 16936 2171 5620 16937 2168 5621 16938 2173 5621 16939 2172 5621 16940 2168 5622 16941 2169 5622 16942 2174 5622 16943 2169 5623 16944 2170 5623 16945 2175 5623 16946 2172 5624 16947 2177 5624 16948 2176 5624 16949 2172 5625 16950 2173 5625 16951 2178 5625 16952 2173 5626 16953 2174 5626 16954 2179 5626 16955 2174 5627 16956 2175 5627 16957 2180 5627 16958 2176 5628 16959 2177 5628 16960 2209 5628 16961 2177 5629 16962 2178 5629 16963 2214 5629 16964 2178 5630 16965 2179 5630 16966 2219 5630 16967 2179 5631 16968 2180 5631 16969 2181 5631 16970 2182 5632 16971 2187 5632 16972 2186 5632 16973 2183 5633 16974 2188 5633 16975 2187 5633 16976 2184 5634 16977 2189 5634 16978 2188 5634 16979 2185 5635 16980 2190 5635 16981 2189 5635 16982 2187 5636 16983 2192 5636 16984 2191 5636 16985 2188 5637 16986 2193 5637 16987 2192 5637 16988 2189 5638 16989 2194 5638 16990 2193 5638 16991 2190 5639 16992 2195 5639 16993 2194 5639 16994 2192 5640 16995 2197 5640 16996 2196 5640 16997 2193 5641 16998 2198 5641 16999 2197 5641 17000 2194 5642 17001 2199 5642 17002 2198 5642 17003 2195 5643 17004 2200 5643 17005 2199 5643 17006 2197 5644 17007 2170 5644 17008 2165 5644 17009 2198 5645 17010 2175 5645 17011 2170 5645 17012 2199 5646 17013 2180 5646 17014 2175 5646 17015 2200 5647 17016 2181 5647 17017 2180 5647 17018 2201 5648 17019 2206 5648 17020 2205 5648 17021 2202 5649 17022 2207 5649 17023 2206 5649 17024 2203 5650 17025 2208 5650 17026 2207 5650 17027 2204 5651 17028 2209 5651 17029 2208 5651 17030 2206 5652 17031 2211 5652 17032 2210 5652 17033 2207 5653 17034 2212 5653 17035 2211 5653 17036 2208 5654 17037 2213 5654 17038 2212 5654 17039 2209 5655 17040 2214 5655 17041 2213 5655 17042 2211 5656 17043 2216 5656 17044 2215 5656 17045 2212 5657 17046 2217 5657 17047 2216 5657 17048 2213 5658 17049 2218 5658 17050 2217 5658 17051 2214 5659 17052 2219 5659 17053 2218 5659 17054 2216 5660 17055 2190 5660 17056 2185 5660 17057 2217 5661 17058 2195 5661 17059 2190 5661 17060 2218 5662 17061 2200 5662 17062 2195 5662 17063 2219 5663 17064 2181 5663 17065 2200 5663 17066 2223 5664 17067 2228 5664 17068 2227 5664 17069 2224 5665 17070 2229 5665 17071 2228 5665 17072 2225 5666 17073 2230 5666 17074 2229 5666 17075 2225 5667 17076 2226 5667 17077 2231 5667 17078 2228 5668 17079 2233 5668 17080 2232 5668 17081 2229 5669 17082 2234 5669 17083 2233 5669 17084 2229 5670 17085 2230 5670 17086 2235 5670 17087 2230 5671 17088 2231 5671 17089 2236 5671 17090 2233 5672 17091 2238 5672 17092 2237 5672 17093 2233 5673 17094 2234 5673 17095 2239 5673 17096 2234 5674 17097 2235 5674 17098 2240 5674 17099 2235 5675 17100 2236 5675 17101 2241 5675 17102 2237 5676 17103 2238 5676 17104 2270 5676 17105 2238 5677 17106 2239 5677 17107 2275 5677 17108 2239 5678 17109 2240 5678 17110 2280 5678 17111 2240 5679 17112 2241 5679 17113 2242 5679 17114 2243 5680 17115 2248 5680 17116 2247 5680 17117 2244 5681 17118 2249 5681 17119 2248 5681 17120 2245 5682 17121 2250 5682 17122 2249 5682 17123 2246 5683 17124 2251 5683 17125 2250 5683 17126 2248 5684 17127 2253 5684 17128 2252 5684 17129 2249 5685 17130 2254 5685 17131 2253 5685 17132 2250 5686 17133 2255 5686 17134 2254 5686 17135 2251 5687 17136 2256 5687 17137 2255 5687 17138 2253 5688 17139 2258 5688 17140 2257 5688 17141 2254 5689 17142 2259 5689 17143 2258 5689 17144 2255 5690 17145 2260 5690 17146 2259 5690 17147 2256 5691 17148 2261 5691 17149 2260 5691 17150 2258 5692 17151 2231 5692 17152 2226 5692 17153 2259 5693 17154 2236 5693 17155 2231 5693 17156 2260 5694 17157 2241 5694 17158 2236 5694 17159 2261 5695 17160 2242 5695 17161 2241 5695 17162 2262 5696 17163 2267 5696 17164 2266 5696 17165 2263 5697 17166 2268 5697 17167 2267 5697 17168 2264 5698 17169 2269 5698 17170 2268 5698 17171 2265 5699 17172 2270 5699 17173 2269 5699 17174 2267 5700 17175 2272 5700 17176 2271 5700 17177 2268 5701 17178 2273 5701 17179 2272 5701 17180 2269 5702 17181 2274 5702 17182 2273 5702 17183 2270 5703 17184 2275 5703 17185 2274 5703 17186 2272 5704 17187 2277 5704 17188 2276 5704 17189 2273 5705 17190 2278 5705 17191 2277 5705 17192 2274 5706 17193 2279 5706 17194 2278 5706 17195 2275 5707 17196 2280 5707 17197 2279 5707 17198 2277 5708 17199 2251 5708 17200 2246 5708 17201 2278 5709 17202 2256 5709 17203 2251 5709 17204 2279 5710 17205 2261 5710 17206 2256 5710 17207 2280 5711 17208 2242 5711 17209 2261 5711 17210 2284 5712 17211 2289 5712 17212 2288 5712 17213 2285 5713 17214 2290 5713 17215 2289 5713 17216 2286 5714 17217 2291 5714 17218 2290 5714 17219 2286 5715 17220 2287 5715 17221 2292 5715 17222 2289 5716 17223 2294 5716 17224 2293 5716 17225 2290 5717 17226 2295 5717 17227 2294 5717 17228 2290 5718 17229 2291 5718 17230 2296 5718 17231 2291 5719 17232 2292 5719 17233 2297 5719 17234 2294 5720 17235 2299 5720 17236 2298 5720 17237 2294 5721 17238 2295 5721 17239 2300 5721 17240 2295 5722 17241 2296 5722 17242 2301 5722 17243 2296 5723 17244 2297 5723 17245 2302 5723 17246 2298 5724 17247 2299 5724 17248 2331 5724 17249 2299 5725 17250 2300 5725 17251 2336 5725 17252 2300 5726 17253 2301 5726 17254 2341 5726 17255 2301 5727 17256 2302 5727 17257 2303 5727 17258 2304 5728 17259 2309 5728 17260 2308 5728 17261 2305 5729 17262 2310 5729 17263 2309 5729 17264 2306 5730 17265 2311 5730 17266 2310 5730 17267 2307 5731 17268 2312 5731 17269 2311 5731 17270 2309 5732 17271 2314 5732 17272 2313 5732 17273 2310 5733 17274 2315 5733 17275 2314 5733 17276 2311 5734 17277 2316 5734 17278 2315 5734 17279 2312 5735 17280 2317 5735 17281 2316 5735 17282 2314 5736 17283 2319 5736 17284 2318 5736 17285 2315 5737 17286 2320 5737 17287 2319 5737 17288 2316 5738 17289 2321 5738 17290 2320 5738 17291 2317 5739 17292 2322 5739 17293 2321 5739 17294 2319 5740 17295 2292 5740 17296 2287 5740 17297 2320 5741 17298 2297 5741 17299 2292 5741 17300 2321 5742 17301 2302 5742 17302 2297 5742 17303 2322 5743 17304 2303 5743 17305 2302 5743 17306 2323 5744 17307 2328 5744 17308 2327 5744 17309 2324 5745 17310 2329 5745 17311 2328 5745 17312 2325 5746 17313 2330 5746 17314 2329 5746 17315 2326 5747 17316 2331 5747 17317 2330 5747 17318 2328 5748 17319 2333 5748 17320 2332 5748 17321 2329 5749 17322 2334 5749 17323 2333 5749 17324 2330 5750 17325 2335 5750 17326 2334 5750 17327 2331 5751 17328 2336 5751 17329 2335 5751 17330 2333 5752 17331 2338 5752 17332 2337 5752 17333 2334 5753 17334 2339 5753 17335 2338 5753 17336 2335 5754 17337 2340 5754 17338 2339 5754 17339 2336 5755 17340 2341 5755 17341 2340 5755 17342 2338 5756 17343 2312 5756 17344 2307 5756 17345 2339 5757 17346 2317 5757 17347 2312 5757 17348 2340 5758 17349 2322 5758 17350 2317 5758 17351 2341 5759 17352 2303 5759 17353 2322 5759 17354 2345 5760 17355 2350 5760 17356 2349 5760 17357 2346 5761 17358 2351 5761 17359 2350 5761 17360 2347 5762 17361 2352 5762 17362 2351 5762 17363 2347 5763 17364 2348 5763 17365 2353 5763 17366 2350 5764 17367 2355 5764 17368 2354 5764 17369 2351 5765 17370 2356 5765 17371 2355 5765 17372 2351 5766 17373 2352 5766 17374 2357 5766 17375 2352 5767 17376 2353 5767 17377 2358 5767 17378 2355 5768 17379 2360 5768 17380 2359 5768 17381 2355 5769 17382 2356 5769 17383 2361 5769 17384 2356 5770 17385 2357 5770 17386 2362 5770 17387 2357 5771 17388 2358 5771 17389 2363 5771 17390 2359 5772 17391 2360 5772 17392 2392 5772 17393 2360 5773 17394 2361 5773 17395 2397 5773 17396 2361 5774 17397 2362 5774 17398 2402 5774 17399 2362 5775 17400 2363 5775 17401 2364 5775 17402 2365 5776 17403 2370 5776 17404 2369 5776 17405 2366 5777 17406 2371 5777 17407 2370 5777 17408 2367 5778 17409 2372 5778 17410 2371 5778 17411 2368 5779 17412 2373 5779 17413 2372 5779 17414 2370 5780 17415 2375 5780 17416 2374 5780 17417 2371 5781 17418 2376 5781 17419 2375 5781 17420 2372 5782 17421 2377 5782 17422 2376 5782 17423 2373 5783 17424 2378 5783 17425 2377 5783 17426 2375 5784 17427 2380 5784 17428 2379 5784 17429 2376 5785 17430 2381 5785 17431 2380 5785 17432 2377 5786 17433 2382 5786 17434 2381 5786 17435 2378 5787 17436 2383 5787 17437 2382 5787 17438 2380 5788 17439 2353 5788 17440 2348 5788 17441 2381 5789 17442 2358 5789 17443 2353 5789 17444 2382 5790 17445 2363 5790 17446 2358 5790 17447 2383 5791 17448 2364 5791 17449 2363 5791 17450 2384 5792 17451 2389 5792 17452 2388 5792 17453 2385 5793 17454 2390 5793 17455 2389 5793 17456 2386 5794 17457 2391 5794 17458 2390 5794 17459 2387 5795 17460 2392 5795 17461 2391 5795 17462 2389 5796 17463 2394 5796 17464 2393 5796 17465 2390 5797 17466 2395 5797 17467 2394 5797 17468 2391 5798 17469 2396 5798 17470 2395 5798 17471 2392 5799 17472 2397 5799 17473 2396 5799 17474 2394 5800 17475 2399 5800 17476 2398 5800 17477 2395 5801 17478 2400 5801 17479 2399 5801 17480 2396 5802 17481 2401 5802 17482 2400 5802 17483 2397 5803 17484 2402 5803 17485 2401 5803 17486 2399 5804 17487 2373 5804 17488 2368 5804 17489 2400 5805 17490 2378 5805 17491 2373 5805 17492 2401 5806 17493 2383 5806 17494 2378 5806 17495 2402 5807 17496 2364 5807 17497 2383 5807 17498 2406 5808 17499 2411 5808 17500 2410 5808 17501 2407 5809 17502 2412 5809 17503 2411 5809 17504 2408 5810 17505 2413 5810 17506 2412 5810 17507 2408 5811 17508 2409 5811 17509 2414 5811 17510 2411 5812 17511 2416 5812 17512 2415 5812 17513 2412 5813 17514 2417 5813 17515 2416 5813 17516 2412 5814 17517 2413 5814 17518 2418 5814 17519 2413 5815 17520 2414 5815 17521 2419 5815 17522 2416 5816 17523 2421 5816 17524 2420 5816 17525 2416 5817 17526 2417 5817 17527 2422 5817 17528 2417 5818 17529 2418 5818 17530 2423 5818 17531 2418 5819 17532 2419 5819 17533 2424 5819 17534 2420 5820 17535 2421 5820 17536 2453 5820 17537 2421 5821 17538 2422 5821 17539 2458 5821 17540 2422 5822 17541 2423 5822 17542 2463 5822 17543 2423 5823 17544 2424 5823 17545 2425 5823 17546 2426 5824 17547 2431 5824 17548 2430 5824 17549 2427 5825 17550 2432 5825 17551 2431 5825 17552 2428 5826 17553 2433 5826 17554 2432 5826 17555 2429 5827 17556 2434 5827 17557 2433 5827 17558 2431 5828 17559 2436 5828 17560 2435 5828 17561 2432 5829 17562 2437 5829 17563 2436 5829 17564 2433 5830 17565 2438 5830 17566 2437 5830 17567 2434 5831 17568 2439 5831 17569 2438 5831 17570 2436 5832 17571 2441 5832 17572 2440 5832 17573 2437 5833 17574 2442 5833 17575 2441 5833 17576 2438 5834 17577 2443 5834 17578 2442 5834 17579 2439 5835 17580 2444 5835 17581 2443 5835 17582 2441 5836 17583 2414 5836 17584 2409 5836 17585 2442 5837 17586 2419 5837 17587 2414 5837 17588 2443 5838 17589 2424 5838 17590 2419 5838 17591 2444 5839 17592 2425 5839 17593 2424 5839 17594 2445 5840 17595 2450 5840 17596 2449 5840 17597 2446 5841 17598 2451 5841 17599 2450 5841 17600 2447 5842 17601 2452 5842 17602 2451 5842 17603 2448 5843 17604 2453 5843 17605 2452 5843 17606 2450 5844 17607 2455 5844 17608 2454 5844 17609 2451 5845 17610 2456 5845 17611 2455 5845 17612 2452 5846 17613 2457 5846 17614 2456 5846 17615 2453 5847 17616 2458 5847 17617 2457 5847 17618 2455 5848 17619 2460 5848 17620 2459 5848 17621 2456 5849 17622 2461 5849 17623 2460 5849 17624 2457 5850 17625 2462 5850 17626 2461 5850 17627 2458 5851 17628 2463 5851 17629 2462 5851 17630 2460 5852 17631 2434 5852 17632 2429 5852 17633 2461 5853 17634 2439 5853 17635 2434 5853 17636 2462 5854 17637 2444 5854 17638 2439 5854 17639 2463 5855 17640 2425 5855 17641 2444 5855 17642 2467 5856 17643 2472 5856 17644 2471 5856 17645 2468 5857 17646 2473 5857 17647 2472 5857 17648 2469 5858 17649 2474 5858 17650 2473 5858 17651 2469 5859 17652 2470 5859 17653 2475 5859 17654 2472 5860 17655 2477 5860 17656 2476 5860 17657 2473 5861 17658 2478 5861 17659 2477 5861 17660 2473 5862 17661 2474 5862 17662 2479 5862 17663 2474 5863 17664 2475 5863 17665 2480 5863 17666 2477 5864 17667 2482 5864 17668 2481 5864 17669 2477 5865 17670 2478 5865 17671 2483 5865 17672 2478 5866 17673 2479 5866 17674 2484 5866 17675 2479 5867 17676 2480 5867 17677 2485 5867 17678 2481 5868 17679 2482 5868 17680 2514 5868 17681 2482 5869 17682 2483 5869 17683 2519 5869 17684 2483 5870 17685 2484 5870 17686 2524 5870 17687 2484 5871 17688 2485 5871 17689 2486 5871 17690 2487 5872 17691 2492 5872 17692 2491 5872 17693 2488 5873 17694 2493 5873 17695 2492 5873 17696 2489 5874 17697 2494 5874 17698 2493 5874 17699 2490 5875 17700 2495 5875 17701 2494 5875 17702 2492 5876 17703 2497 5876 17704 2496 5876 17705 2493 5877 17706 2498 5877 17707 2497 5877 17708 2494 5878 17709 2499 5878 17710 2498 5878 17711 2495 5879 17712 2500 5879 17713 2499 5879 17714 2497 5880 17715 2502 5880 17716 2501 5880 17717 2498 5881 17718 2503 5881 17719 2502 5881 17720 2499 5882 17721 2504 5882 17722 2503 5882 17723 2500 5883 17724 2505 5883 17725 2504 5883 17726 2502 5884 17727 2475 5884 17728 2470 5884 17729 2503 5885 17730 2480 5885 17731 2475 5885 17732 2504 5886 17733 2485 5886 17734 2480 5886 17735 2505 5887 17736 2486 5887 17737 2485 5887 17738 2506 5888 17739 2511 5888 17740 2510 5888 17741 2507 5889 17742 2512 5889 17743 2511 5889 17744 2508 5890 17745 2513 5890 17746 2512 5890 17747 2509 5891 17748 2514 5891 17749 2513 5891 17750 2511 5892 17751 2516 5892 17752 2515 5892 17753 2512 5893 17754 2517 5893 17755 2516 5893 17756 2513 5894 17757 2518 5894 17758 2517 5894 17759 2514 5895 17760 2519 5895 17761 2518 5895 17762 2516 5896 17763 2521 5896 17764 2520 5896 17765 2517 5897 17766 2522 5897 17767 2521 5897 17768 2518 5898 17769 2523 5898 17770 2522 5898 17771 2519 5899 17772 2524 5899 17773 2523 5899 17774 2521 5900 17775 2495 5900 17776 2490 5900 17777 2522 5901 17778 2500 5901 17779 2495 5901 17780 2523 5902 17781 2505 5902 17782 2500 5902 17783 2524 5903 17784 2486 5903 17785 2505 5903 17786 2528 5904 17787 2533 5904 17788 2532 5904 17789 2529 5905 17790 2534 5905 17791 2533 5905 17792 2530 5906 17793 2535 5906 17794 2534 5906 17795 2530 5907 17796 2531 5907 17797 2536 5907 17798 2533 5908 17799 2538 5908 17800 2537 5908 17801 2534 5909 17802 2539 5909 17803 2538 5909 17804 2534 5910 17805 2535 5910 17806 2540 5910 17807 2535 5911 17808 2536 5911 17809 2541 5911 17810 2538 5912 17811 2543 5912 17812 2542 5912 17813 2538 5913 17814 2539 5913 17815 2544 5913 17816 2539 5914 17817 2540 5914 17818 2545 5914 17819 2540 5915 17820 2541 5915 17821 2546 5915 17822 2542 5916 17823 2543 5916 17824 2575 5916 17825 2543 5917 17826 2544 5917 17827 2580 5917 17828 2544 5918 17829 2545 5918 17830 2585 5918 17831 2545 5919 17832 2546 5919 17833 2547 5919 17834 2548 5920 17835 2553 5920 17836 2552 5920 17837 2549 5921 17838 2554 5921 17839 2553 5921 17840 2550 5922 17841 2555 5922 17842 2554 5922 17843 2551 5923 17844 2556 5923 17845 2555 5923 17846 2553 5924 17847 2558 5924 17848 2557 5924 17849 2554 5925 17850 2559 5925 17851 2558 5925 17852 2555 5926 17853 2560 5926 17854 2559 5926 17855 2556 5927 17856 2561 5927 17857 2560 5927 17858 2558 5928 17859 2563 5928 17860 2562 5928 17861 2559 5929 17862 2564 5929 17863 2563 5929 17864 2560 5930 17865 2565 5930 17866 2564 5930 17867 2561 5931 17868 2566 5931 17869 2565 5931 17870 2563 5932 17871 2536 5932 17872 2531 5932 17873 2564 5933 17874 2541 5933 17875 2536 5933 17876 2565 5934 17877 2546 5934 17878 2541 5934 17879 2566 5935 17880 2547 5935 17881 2546 5935 17882 2567 5936 17883 2572 5936 17884 2571 5936 17885 2568 5937 17886 2573 5937 17887 2572 5937 17888 2569 5938 17889 2574 5938 17890 2573 5938 17891 2570 5939 17892 2575 5939 17893 2574 5939 17894 2572 5940 17895 2577 5940 17896 2576 5940 17897 2573 5941 17898 2578 5941 17899 2577 5941 17900 2574 5942 17901 2579 5942 17902 2578 5942 17903 2575 5943 17904 2580 5943 17905 2579 5943 17906 2577 5944 17907 2582 5944 17908 2581 5944 17909 2578 5945 17910 2583 5945 17911 2582 5945 17912 2579 5946 17913 2584 5946 17914 2583 5946 17915 2580 5947 17916 2585 5947 17917 2584 5947 17918 2582 5948 17919 2556 5948 17920 2551 5948 17921 2583 5949 17922 2561 5949 17923 2556 5949 17924 2584 5950 17925 2566 5950 17926 2561 5950 17927 2585 5951 17928 2547 5951 17929 2566 5951 17930 2589 5952 17931 2594 5952 17932 2593 5952 17933 2590 5953 17934 2595 5953 17935 2594 5953 17936 2591 5954 17937 2596 5954 17938 2595 5954 17939 2591 5955 17940 2592 5955 17941 2597 5955 17942 2594 5956 17943 2599 5956 17944 2598 5956 17945 2595 5957 17946 2600 5957 17947 2599 5957 17948 2595 5958 17949 2596 5958 17950 2601 5958 17951 2596 5959 17952 2597 5959 17953 2602 5959 17954 2599 5960 17955 2604 5960 17956 2603 5960 17957 2599 5961 17958 2600 5961 17959 2605 5961 17960 2600 5962 17961 2601 5962 17962 2606 5962 17963 2601 5963 17964 2602 5963 17965 2607 5963 17966 2603 5964 17967 2604 5964 17968 2636 5964 17969 2604 5965 17970 2605 5965 17971 2641 5965 17972 2605 5966 17973 2606 5966 17974 2646 5966 17975 2606 5967 17976 2607 5967 17977 2608 5967 17978 2609 5968 17979 2614 5968 17980 2613 5968 17981 2610 5969 17982 2615 5969 17983 2614 5969 17984 2611 5970 17985 2616 5970 17986 2615 5970 17987 2612 5971 17988 2617 5971 17989 2616 5971 17990 2614 5972 17991 2619 5972 17992 2618 5972 17993 2615 5973 17994 2620 5973 17995 2619 5973 17996 2616 5974 17997 2621 5974 17998 2620 5974 17999 2617 5975 18000 2622 5975 18001 2621 5975 18002 2619 5976 18003 2624 5976 18004 2623 5976 18005 2620 5977 18006 2625 5977 18007 2624 5977 18008 2621 5978 18009 2626 5978 18010 2625 5978 18011 2622 5979 18012 2627 5979 18013 2626 5979 18014 2624 5980 18015 2597 5980 18016 2592 5980 18017 2625 5981 18018 2602 5981 18019 2597 5981 18020 2626 5982 18021 2607 5982 18022 2602 5982 18023 2627 5983 18024 2608 5983 18025 2607 5983 18026 2628 5984 18027 2633 5984 18028 2632 5984 18029 2629 5985 18030 2634 5985 18031 2633 5985 18032 2630 5986 18033 2635 5986 18034 2634 5986 18035 2631 5987 18036 2636 5987 18037 2635 5987 18038 2633 5988 18039 2638 5988 18040 2637 5988 18041 2634 5989 18042 2639 5989 18043 2638 5989 18044 2635 5990 18045 2640 5990 18046 2639 5990 18047 2636 5991 18048 2641 5991 18049 2640 5991 18050 2638 5992 18051 2643 5992 18052 2642 5992 18053 2639 5993 18054 2644 5993 18055 2643 5993 18056 2640 5994 18057 2645 5994 18058 2644 5994 18059 2641 5995 18060 2646 5995 18061 2645 5995 18062 2643 5996 18063 2617 5996 18064 2612 5996 18065 2644 5997 18066 2622 5997 18067 2617 5997 18068 2645 5998 18069 2627 5998 18070 2622 5998 18071 2646 5999 18072 2608 5999 18073 2627 5999 18074 2650 6000 18075 2655 6000 18076 2654 6000 18077 2651 6001 18078 2656 6001 18079 2655 6001 18080 2652 6002 18081 2657 6002 18082 2656 6002 18083 2652 6003 18084 2653 6003 18085 2658 6003 18086 2655 6004 18087 2660 6004 18088 2659 6004 18089 2656 6005 18090 2661 6005 18091 2660 6005 18092 2656 6006 18093 2657 6006 18094 2662 6006 18095 2657 6007 18096 2658 6007 18097 2663 6007 18098 2660 6008 18099 2665 6008 18100 2664 6008 18101 2660 6009 18102 2661 6009 18103 2666 6009 18104 2661 6010 18105 2662 6010 18106 2667 6010 18107 2662 6011 18108 2663 6011 18109 2668 6011 18110 2664 6012 18111 2665 6012 18112 2697 6012 18113 2665 6013 18114 2666 6013 18115 2702 6013 18116 2666 6014 18117 2667 6014 18118 2707 6014 18119 2667 6015 18120 2668 6015 18121 2669 6015 18122 2670 6016 18123 2675 6016 18124 2674 6016 18125 2671 6017 18126 2676 6017 18127 2675 6017 18128 2672 6018 18129 2677 6018 18130 2676 6018 18131 2673 6019 18132 2678 6019 18133 2677 6019 18134 2675 6020 18135 2680 6020 18136 2679 6020 18137 2676 6021 18138 2681 6021 18139 2680 6021 18140 2677 6022 18141 2682 6022 18142 2681 6022 18143 2678 6023 18144 2683 6023 18145 2682 6023 18146 2680 6024 18147 2685 6024 18148 2684 6024 18149 2681 6025 18150 2686 6025 18151 2685 6025 18152 2682 6026 18153 2687 6026 18154 2686 6026 18155 2683 6027 18156 2688 6027 18157 2687 6027 18158 2685 6028 18159 2658 6028 18160 2653 6028 18161 2686 6029 18162 2663 6029 18163 2658 6029 18164 2687 6030 18165 2668 6030 18166 2663 6030 18167 2688 6031 18168 2669 6031 18169 2668 6031 18170 2689 6032 18171 2694 6032 18172 2693 6032 18173 2690 6033 18174 2695 6033 18175 2694 6033 18176 2691 6034 18177 2696 6034 18178 2695 6034 18179 2692 6035 18180 2697 6035 18181 2696 6035 18182 2694 6036 18183 2699 6036 18184 2698 6036 18185 2695 6037 18186 2700 6037 18187 2699 6037 18188 2696 6038 18189 2701 6038 18190 2700 6038 18191 2697 6039 18192 2702 6039 18193 2701 6039 18194 2699 6040 18195 2704 6040 18196 2703 6040 18197 2700 6041 18198 2705 6041 18199 2704 6041 18200 2701 6042 18201 2706 6042 18202 2705 6042 18203 2702 6043 18204 2707 6043 18205 2706 6043 18206 2704 6044 18207 2678 6044 18208 2673 6044 18209 2705 6045 18210 2683 6045 18211 2678 6045 18212 2706 6046 18213 2688 6046 18214 2683 6046 18215 2707 6047 18216 2669 6047 18217 2688 6047 18218 2711 6048 18219 2716 6048 18220 2715 6048 18221 2712 6049 18222 2717 6049 18223 2716 6049 18224 2713 6050 18225 2718 6050 18226 2717 6050 18227 2713 6051 18228 2714 6051 18229 2719 6051 18230 2716 6052 18231 2721 6052 18232 2720 6052 18233 2717 6053 18234 2722 6053 18235 2721 6053 18236 2717 6054 18237 2718 6054 18238 2723 6054 18239 2718 6055 18240 2719 6055 18241 2724 6055 18242 2721 6056 18243 2726 6056 18244 2725 6056 18245 2721 6057 18246 2722 6057 18247 2727 6057 18248 2722 6058 18249 2723 6058 18250 2728 6058 18251 2723 6059 18252 2724 6059 18253 2729 6059 18254 2725 6060 18255 2726 6060 18256 2758 6060 18257 2726 6061 18258 2727 6061 18259 2763 6061 18260 2727 6062 18261 2728 6062 18262 2768 6062 18263 2728 6063 18264 2729 6063 18265 2730 6063 18266 2731 6064 18267 2736 6064 18268 2735 6064 18269 2732 6065 18270 2737 6065 18271 2736 6065 18272 2733 6066 18273 2738 6066 18274 2737 6066 18275 2734 6067 18276 2739 6067 18277 2738 6067 18278 2736 6068 18279 2741 6068 18280 2740 6068 18281 2737 6069 18282 2742 6069 18283 2741 6069 18284 2738 6070 18285 2743 6070 18286 2742 6070 18287 2739 6071 18288 2744 6071 18289 2743 6071 18290 2741 6072 18291 2746 6072 18292 2745 6072 18293 2742 6073 18294 2747 6073 18295 2746 6073 18296 2743 6074 18297 2748 6074 18298 2747 6074 18299 2744 6075 18300 2749 6075 18301 2748 6075 18302 2746 6076 18303 2719 6076 18304 2714 6076 18305 2747 6077 18306 2724 6077 18307 2719 6077 18308 2748 6078 18309 2729 6078 18310 2724 6078 18311 2749 6079 18312 2730 6079 18313 2729 6079 18314 2750 6080 18315 2755 6080 18316 2754 6080 18317 2751 6081 18318 2756 6081 18319 2755 6081 18320 2752 6082 18321 2757 6082 18322 2756 6082 18323 2753 6083 18324 2758 6083 18325 2757 6083 18326 2755 6084 18327 2760 6084 18328 2759 6084 18329 2756 6085 18330 2761 6085 18331 2760 6085 18332 2757 6086 18333 2762 6086 18334 2761 6086 18335 2758 6087 18336 2763 6087 18337 2762 6087 18338 2760 6088 18339 2765 6088 18340 2764 6088 18341 2761 6089 18342 2766 6089 18343 2765 6089 18344 2762 6090 18345 2767 6090 18346 2766 6090 18347 2763 6091 18348 2768 6091 18349 2767 6091 18350 2765 6092 18351 2739 6092 18352 2734 6092 18353 2766 6093 18354 2744 6093 18355 2739 6093 18356 2767 6094 18357 2749 6094 18358 2744 6094 18359 2768 6095 18360 2730 6095 18361 2749 6095 18362 2772 6096 18363 2777 6096 18364 2776 6096 18365 2773 6097 18366 2778 6097 18367 2777 6097 18368 2774 6098 18369 2779 6098 18370 2778 6098 18371 2774 6099 18372 2775 6099 18373 2780 6099 18374 2777 6100 18375 2782 6100 18376 2781 6100 18377 2778 6101 18378 2783 6101 18379 2782 6101 18380 2778 6102 18381 2779 6102 18382 2784 6102 18383 2779 6103 18384 2780 6103 18385 2785 6103 18386 2782 6104 18387 2787 6104 18388 2786 6104 18389 2782 6105 18390 2783 6105 18391 2788 6105 18392 2783 6106 18393 2784 6106 18394 2789 6106 18395 2784 6107 18396 2785 6107 18397 2790 6107 18398 2786 6108 18399 2787 6108 18400 2819 6108 18401 2787 6109 18402 2788 6109 18403 2824 6109 18404 2788 6110 18405 2789 6110 18406 2829 6110 18407 2789 6111 18408 2790 6111 18409 2791 6111 18410 2792 6112 18411 2797 6112 18412 2796 6112 18413 2793 6113 18414 2798 6113 18415 2797 6113 18416 2794 6114 18417 2799 6114 18418 2798 6114 18419 2795 6115 18420 2800 6115 18421 2799 6115 18422 2797 6116 18423 2802 6116 18424 2801 6116 18425 2798 6117 18426 2803 6117 18427 2802 6117 18428 2799 6118 18429 2804 6118 18430 2803 6118 18431 2800 6119 18432 2805 6119 18433 2804 6119 18434 2802 6120 18435 2807 6120 18436 2806 6120 18437 2803 6121 18438 2808 6121 18439 2807 6121 18440 2804 6122 18441 2809 6122 18442 2808 6122 18443 2805 6123 18444 2810 6123 18445 2809 6123 18446 2807 6124 18447 2780 6124 18448 2775 6124 18449 2808 6125 18450 2785 6125 18451 2780 6125 18452 2809 6126 18453 2790 6126 18454 2785 6126 18455 2810 6127 18456 2791 6127 18457 2790 6127 18458 2811 6128 18459 2816 6128 18460 2815 6128 18461 2812 6129 18462 2817 6129 18463 2816 6129 18464 2813 6130 18465 2818 6130 18466 2817 6130 18467 2814 6131 18468 2819 6131 18469 2818 6131 18470 2816 6132 18471 2821 6132 18472 2820 6132 18473 2817 6133 18474 2822 6133 18475 2821 6133 18476 2818 6134 18477 2823 6134 18478 2822 6134 18479 2819 6135 18480 2824 6135 18481 2823 6135 18482 2821 6136 18483 2826 6136 18484 2825 6136 18485 2822 6137 18486 2827 6137 18487 2826 6137 18488 2823 6138 18489 2828 6138 18490 2827 6138 18491 2824 6139 18492 2829 6139 18493 2828 6139 18494 2826 6140 18495 2800 6140 18496 2795 6140 18497 2827 6141 18498 2805 6141 18499 2800 6141 18500 2828 6142 18501 2810 6142 18502 2805 6142 18503 2829 6143 18504 2791 6143 18505 2810 6143 18506 2833 6144 18507 2838 6144 18508 2837 6144 18509 2834 6145 18510 2839 6145 18511 2838 6145 18512 2835 6146 18513 2840 6146 18514 2839 6146 18515 2835 6147 18516 2836 6147 18517 2841 6147 18518 2838 6148 18519 2843 6148 18520 2842 6148 18521 2839 6149 18522 2844 6149 18523 2843 6149 18524 2839 6150 18525 2840 6150 18526 2845 6150 18527 2840 6151 18528 2841 6151 18529 2846 6151 18530 2843 6152 18531 2848 6152 18532 2847 6152 18533 2843 6153 18534 2844 6153 18535 2849 6153 18536 2844 6154 18537 2845 6154 18538 2850 6154 18539 2845 6155 18540 2846 6155 18541 2851 6155 18542 2847 6156 18543 2848 6156 18544 2880 6156 18545 2848 6157 18546 2849 6157 18547 2885 6157 18548 2849 6158 18549 2850 6158 18550 2890 6158 18551 2850 6159 18552 2851 6159 18553 2852 6159 18554 2853 6160 18555 2858 6160 18556 2857 6160 18557 2854 6161 18558 2859 6161 18559 2858 6161 18560 2855 6162 18561 2860 6162 18562 2859 6162 18563 2856 6163 18564 2861 6163 18565 2860 6163 18566 2858 6164 18567 2863 6164 18568 2862 6164 18569 2859 6165 18570 2864 6165 18571 2863 6165 18572 2860 6166 18573 2865 6166 18574 2864 6166 18575 2861 6167 18576 2866 6167 18577 2865 6167 18578 2863 6168 18579 2868 6168 18580 2867 6168 18581 2864 6169 18582 2869 6169 18583 2868 6169 18584 2865 6170 18585 2870 6170 18586 2869 6170 18587 2866 6171 18588 2871 6171 18589 2870 6171 18590 2868 6172 18591 2841 6172 18592 2836 6172 18593 2869 6173 18594 2846 6173 18595 2841 6173 18596 2870 6174 18597 2851 6174 18598 2846 6174 18599 2871 6175 18600 2852 6175 18601 2851 6175 18602 2872 6176 18603 2877 6176 18604 2876 6176 18605 2873 6177 18606 2878 6177 18607 2877 6177 18608 2874 6178 18609 2879 6178 18610 2878 6178 18611 2875 6179 18612 2880 6179 18613 2879 6179 18614 2877 6180 18615 2882 6180 18616 2881 6180 18617 2878 6181 18618 2883 6181 18619 2882 6181 18620 2879 6182 18621 2884 6182 18622 2883 6182 18623 2880 6183 18624 2885 6183 18625 2884 6183 18626 2882 6184 18627 2887 6184 18628 2886 6184 18629 2883 6185 18630 2888 6185 18631 2887 6185 18632 2884 6186 18633 2889 6186 18634 2888 6186 18635 2885 6187 18636 2890 6187 18637 2889 6187 18638 2887 6188 18639 2861 6188 18640 2856 6188 18641 2888 6189 18642 2866 6189 18643 2861 6189 18644 2889 6190 18645 2871 6190 18646 2866 6190 18647 2890 6191 18648 2852 6191 18649 2871 6191 18650 2894 6192 18651 2899 6192 18652 2898 6192 18653 2895 6193 18654 2900 6193 18655 2899 6193 18656 2896 6194 18657 2901 6194 18658 2900 6194 18659 2896 6195 18660 2897 6195 18661 2902 6195 18662 2899 6196 18663 2904 6196 18664 2903 6196 18665 2900 6197 18666 2905 6197 18667 2904 6197 18668 2900 6198 18669 2901 6198 18670 2906 6198 18671 2901 6199 18672 2902 6199 18673 2907 6199 18674 2904 6200 18675 2909 6200 18676 2908 6200 18677 2904 6201 18678 2905 6201 18679 2910 6201 18680 2905 6202 18681 2906 6202 18682 2911 6202 18683 2906 6203 18684 2907 6203 18685 2912 6203 18686 2908 6204 18687 2909 6204 18688 2941 6204 18689 2909 6205 18690 2910 6205 18691 2946 6205 18692 2910 6206 18693 2911 6206 18694 2951 6206 18695 2911 6207 18696 2912 6207 18697 2913 6207 18698 2914 6208 18699 2919 6208 18700 2918 6208 18701 2915 6209 18702 2920 6209 18703 2919 6209 18704 2916 6210 18705 2921 6210 18706 2920 6210 18707 2917 6211 18708 2922 6211 18709 2921 6211 18710 2919 6212 18711 2924 6212 18712 2923 6212 18713 2920 6213 18714 2925 6213 18715 2924 6213 18716 2921 6214 18717 2926 6214 18718 2925 6214 18719 2922 6215 18720 2927 6215 18721 2926 6215 18722 2924 6216 18723 2929 6216 18724 2928 6216 18725 2925 6217 18726 2930 6217 18727 2929 6217 18728 2926 6218 18729 2931 6218 18730 2930 6218 18731 2927 6219 18732 2932 6219 18733 2931 6219 18734 2929 6220 18735 2902 6220 18736 2897 6220 18737 2930 6221 18738 2907 6221 18739 2902 6221 18740 2931 6222 18741 2912 6222 18742 2907 6222 18743 2932 6223 18744 2913 6223 18745 2912 6223 18746 2933 6224 18747 2938 6224 18748 2937 6224 18749 2934 6225 18750 2939 6225 18751 2938 6225 18752 2935 6226 18753 2940 6226 18754 2939 6226 18755 2936 6227 18756 2941 6227 18757 2940 6227 18758 2938 6228 18759 2943 6228 18760 2942 6228 18761 2939 6229 18762 2944 6229 18763 2943 6229 18764 2940 6230 18765 2945 6230 18766 2944 6230 18767 2941 6231 18768 2946 6231 18769 2945 6231 18770 2943 6232 18771 2948 6232 18772 2947 6232 18773 2944 6233 18774 2949 6233 18775 2948 6233 18776 2945 6234 18777 2950 6234 18778 2949 6234 18779 2946 6235 18780 2951 6235 18781 2950 6235 18782 2948 6236 18783 2922 6236 18784 2917 6236 18785 2949 6237 18786 2927 6237 18787 2922 6237 18788 2950 6238 18789 2932 6238 18790 2927 6238 18791 2951 6239 18792 2913 6239 18793 2932 6239 18794 2955 6240 18795 2960 6240 18796 2959 6240 18797 2956 6241 18798 2961 6241 18799 2960 6241 18800 2957 6242 18801 2962 6242 18802 2961 6242 18803 2957 6243 18804 2958 6243 18805 2963 6243 18806 2960 6244 18807 2965 6244 18808 2964 6244 18809 2961 6245 18810 2966 6245 18811 2965 6245 18812 2961 6246 18813 2962 6246 18814 2967 6246 18815 2962 6247 18816 2963 6247 18817 2968 6247 18818 2965 6248 18819 2970 6248 18820 2969 6248 18821 2965 6249 18822 2966 6249 18823 2971 6249 18824 2966 6250 18825 2967 6250 18826 2972 6250 18827 2967 6251 18828 2968 6251 18829 2973 6251 18830 2969 6252 18831 2970 6252 18832 3002 6252 18833 2970 6253 18834 2971 6253 18835 3007 6253 18836 2971 6254 18837 2972 6254 18838 3012 6254 18839 2972 6255 18840 2973 6255 18841 2974 6255 18842 2975 6256 18843 2980 6256 18844 2979 6256 18845 2976 6257 18846 2981 6257 18847 2980 6257 18848 2977 6258 18849 2982 6258 18850 2981 6258 18851 2978 6259 18852 2983 6259 18853 2982 6259 18854 2980 6260 18855 2985 6260 18856 2984 6260 18857 2981 6261 18858 2986 6261 18859 2985 6261 18860 2982 6262 18861 2987 6262 18862 2986 6262 18863 2983 6263 18864 2988 6263 18865 2987 6263 18866 2985 6264 18867 2990 6264 18868 2989 6264 18869 2986 6265 18870 2991 6265 18871 2990 6265 18872 2987 6266 18873 2992 6266 18874 2991 6266 18875 2988 6267 18876 2993 6267 18877 2992 6267 18878 2990 6268 18879 2963 6268 18880 2958 6268 18881 2991 6269 18882 2968 6269 18883 2963 6269 18884 2992 6270 18885 2973 6270 18886 2968 6270 18887 2993 6271 18888 2974 6271 18889 2973 6271 18890 2994 6272 18891 2999 6272 18892 2998 6272 18893 2995 6273 18894 3000 6273 18895 2999 6273 18896 2996 6274 18897 3001 6274 18898 3000 6274 18899 2997 6275 18900 3002 6275 18901 3001 6275 18902 2999 6276 18903 3004 6276 18904 3003 6276 18905 3000 6277 18906 3005 6277 18907 3004 6277 18908 3001 6278 18909 3006 6278 18910 3005 6278 18911 3002 6279 18912 3007 6279 18913 3006 6279 18914 3004 6280 18915 3009 6280 18916 3008 6280 18917 3005 6281 18918 3010 6281 18919 3009 6281 18920 3006 6282 18921 3011 6282 18922 3010 6282 18923 3007 6283 18924 3012 6283 18925 3011 6283 18926 3009 6284 18927 2983 6284 18928 2978 6284 18929 3010 6285 18930 2988 6285 18931 2983 6285 18932 3011 6286 18933 2993 6286 18934 2988 6286 18935 3012 6287 18936 2974 6287 18937 2993 6287 18938 3016 6288 18939 3021 6288 18940 3020 6288 18941 3017 6289 18942 3022 6289 18943 3021 6289 18944 3018 6290 18945 3023 6290 18946 3022 6290 18947 3018 6291 18948 3019 6291 18949 3024 6291 18950 3021 6292 18951 3026 6292 18952 3025 6292 18953 3022 6293 18954 3027 6293 18955 3026 6293 18956 3022 6294 18957 3023 6294 18958 3028 6294 18959 3023 6295 18960 3024 6295 18961 3029 6295 18962 3026 6296 18963 3031 6296 18964 3030 6296 18965 3026 6297 18966 3027 6297 18967 3032 6297 18968 3027 6298 18969 3028 6298 18970 3033 6298 18971 3028 6299 18972 3029 6299 18973 3034 6299 18974 3030 6300 18975 3031 6300 18976 3063 6300 18977 3031 6301 18978 3032 6301 18979 3068 6301 18980 3032 6302 18981 3033 6302 18982 3073 6302 18983 3033 6303 18984 3034 6303 18985 3035 6303 18986 3036 6304 18987 3041 6304 18988 3040 6304 18989 3037 6305 18990 3042 6305 18991 3041 6305 18992 3038 6306 18993 3043 6306 18994 3042 6306 18995 3039 6307 18996 3044 6307 18997 3043 6307 18998 3041 6308 18999 3046 6308 19000 3045 6308 19001 3042 6309 19002 3047 6309 19003 3046 6309 19004 3043 6310 19005 3048 6310 19006 3047 6310 19007 3044 6311 19008 3049 6311 19009 3048 6311 19010 3046 6312 19011 3051 6312 19012 3050 6312 19013 3047 6313 19014 3052 6313 19015 3051 6313 19016 3048 6314 19017 3053 6314 19018 3052 6314 19019 3049 6315 19020 3054 6315 19021 3053 6315 19022 3051 6316 19023 3024 6316 19024 3019 6316 19025 3052 6317 19026 3029 6317 19027 3024 6317 19028 3053 6318 19029 3034 6318 19030 3029 6318 19031 3054 6319 19032 3035 6319 19033 3034 6319 19034 3055 6320 19035 3060 6320 19036 3059 6320 19037 3056 6321 19038 3061 6321 19039 3060 6321 19040 3057 6322 19041 3062 6322 19042 3061 6322 19043 3058 6323 19044 3063 6323 19045 3062 6323 19046 3060 6324 19047 3065 6324 19048 3064 6324 19049 3061 6325 19050 3066 6325 19051 3065 6325 19052 3062 6326 19053 3067 6326 19054 3066 6326 19055 3063 6327 19056 3068 6327 19057 3067 6327 19058 3065 6328 19059 3070 6328 19060 3069 6328 19061 3066 6329 19062 3071 6329 19063 3070 6329 19064 3067 6330 19065 3072 6330 19066 3071 6330 19067 3068 6331 19068 3073 6331 19069 3072 6331 19070 3070 6332 19071 3044 6332 19072 3039 6332 19073 3071 6333 19074 3049 6333 19075 3044 6333 19076 3072 6334 19077 3054 6334 19078 3049 6334 19079 3073 6335 19080 3035 6335 19081 3054 6335 19082 3077 6336 19083 3082 6336 19084 3081 6336 19085 3078 6337 19086 3083 6337 19087 3082 6337 19088 3079 6338 19089 3084 6338 19090 3083 6338 19091 3079 6339 19092 3080 6339 19093 3085 6339 19094 3082 6340 19095 3087 6340 19096 3086 6340 19097 3083 6341 19098 3088 6341 19099 3087 6341 19100 3083 6342 19101 3084 6342 19102 3089 6342 19103 3084 6343 19104 3085 6343 19105 3090 6343 19106 3087 6344 19107 3092 6344 19108 3091 6344 19109 3087 6345 19110 3088 6345 19111 3093 6345 19112 3088 6346 19113 3089 6346 19114 3094 6346 19115 3089 6347 19116 3090 6347 19117 3095 6347 19118 3091 6348 19119 3092 6348 19120 3124 6348 19121 3092 6349 19122 3093 6349 19123 3129 6349 19124 3093 6350 19125 3094 6350 19126 3134 6350 19127 3094 6351 19128 3095 6351 19129 3096 6351 19130 3097 6352 19131 3102 6352 19132 3101 6352 19133 3098 6353 19134 3103 6353 19135 3102 6353 19136 3099 6354 19137 3104 6354 19138 3103 6354 19139 3100 6355 19140 3105 6355 19141 3104 6355 19142 3102 6356 19143 3107 6356 19144 3106 6356 19145 3103 6357 19146 3108 6357 19147 3107 6357 19148 3104 6358 19149 3109 6358 19150 3108 6358 19151 3105 6359 19152 3110 6359 19153 3109 6359 19154 3107 6360 19155 3112 6360 19156 3111 6360 19157 3108 6361 19158 3113 6361 19159 3112 6361 19160 3109 6362 19161 3114 6362 19162 3113 6362 19163 3110 6363 19164 3115 6363 19165 3114 6363 19166 3112 6364 19167 3085 6364 19168 3080 6364 19169 3113 6365 19170 3090 6365 19171 3085 6365 19172 3114 6366 19173 3095 6366 19174 3090 6366 19175 3115 6367 19176 3096 6367 19177 3095 6367 19178 3116 6368 19179 3121 6368 19180 3120 6368 19181 3117 6369 19182 3122 6369 19183 3121 6369 19184 3118 6370 19185 3123 6370 19186 3122 6370 19187 3119 6371 19188 3124 6371 19189 3123 6371 19190 3121 6372 19191 3126 6372 19192 3125 6372 19193 3122 6373 19194 3127 6373 19195 3126 6373 19196 3123 6374 19197 3128 6374 19198 3127 6374 19199 3124 6375 19200 3129 6375 19201 3128 6375 19202 3126 6376 19203 3131 6376 19204 3130 6376 19205 3127 6377 19206 3132 6377 19207 3131 6377 19208 3128 6378 19209 3133 6378 19210 3132 6378 19211 3129 6379 19212 3134 6379 19213 3133 6379 19214 3131 6380 19215 3105 6380 19216 3100 6380 19217 3132 6381 19218 3110 6381 19219 3105 6381 19220 3133 6382 19221 3115 6382 19222 3110 6382 19223 3134 6383 19224 3096 6383 19225 3115 6383 19226 3138 6384 19227 3143 6384 19228 3142 6384 19229 3139 6385 19230 3144 6385 19231 3143 6385 19232 3140 6386 19233 3145 6386 19234 3144 6386 19235 3140 6387 19236 3141 6387 19237 3146 6387 19238 3143 6388 19239 3148 6388 19240 3147 6388 19241 3144 6389 19242 3149 6389 19243 3148 6389 19244 3144 6390 19245 3145 6390 19246 3150 6390 19247 3145 6391 19248 3146 6391 19249 3151 6391 19250 3148 6392 19251 3153 6392 19252 3152 6392 19253 3148 6393 19254 3149 6393 19255 3154 6393 19256 3149 6394 19257 3150 6394 19258 3155 6394 19259 3150 6395 19260 3151 6395 19261 3156 6395 19262 3152 6396 19263 3153 6396 19264 3185 6396 19265 3153 6397 19266 3154 6397 19267 3190 6397 19268 3154 6398 19269 3155 6398 19270 3195 6398 19271 3155 6399 19272 3156 6399 19273 3157 6399 19274 3158 6400 19275 3163 6400 19276 3162 6400 19277 3159 6401 19278 3164 6401 19279 3163 6401 19280 3160 6402 19281 3165 6402 19282 3164 6402 19283 3161 6403 19284 3166 6403 19285 3165 6403 19286 3163 6404 19287 3168 6404 19288 3167 6404 19289 3164 6405 19290 3169 6405 19291 3168 6405 19292 3165 6406 19293 3170 6406 19294 3169 6406 19295 3166 6407 19296 3171 6407 19297 3170 6407 19298 3168 6408 19299 3173 6408 19300 3172 6408 19301 3169 6409 19302 3174 6409 19303 3173 6409 19304 3170 6410 19305 3175 6410 19306 3174 6410 19307 3171 6411 19308 3176 6411 19309 3175 6411 19310 3173 6412 19311 3146 6412 19312 3141 6412 19313 3174 6413 19314 3151 6413 19315 3146 6413 19316 3175 6414 19317 3156 6414 19318 3151 6414 19319 3176 6415 19320 3157 6415 19321 3156 6415 19322 3177 6416 19323 3182 6416 19324 3181 6416 19325 3178 6417 19326 3183 6417 19327 3182 6417 19328 3179 6418 19329 3184 6418 19330 3183 6418 19331 3180 6419 19332 3185 6419 19333 3184 6419 19334 3182 6420 19335 3187 6420 19336 3186 6420 19337 3183 6421 19338 3188 6421 19339 3187 6421 19340 3184 6422 19341 3189 6422 19342 3188 6422 19343 3185 6423 19344 3190 6423 19345 3189 6423 19346 3187 6424 19347 3192 6424 19348 3191 6424 19349 3188 6425 19350 3193 6425 19351 3192 6425 19352 3189 6426 19353 3194 6426 19354 3193 6426 19355 3190 6427 19356 3195 6427 19357 3194 6427 19358 3192 6428 19359 3166 6428 19360 3161 6428 19361 3193 6429 19362 3171 6429 19363 3166 6429 19364 3194 6430 19365 3176 6430 19366 3171 6430 19367 3195 6431 19368 3157 6431 19369 3176 6431 19370 3199 6432 19371 3204 6432 19372 3203 6432 19373 3200 6433 19374 3205 6433 19375 3204 6433 19376 3201 6434 19377 3206 6434 19378 3205 6434 19379 3201 6435 19380 3202 6435 19381 3207 6435 19382 3204 6436 19383 3209 6436 19384 3208 6436 19385 3205 6437 19386 3210 6437 19387 3209 6437 19388 3205 6438 19389 3206 6438 19390 3211 6438 19391 3206 6439 19392 3207 6439 19393 3212 6439 19394 3209 6440 19395 3214 6440 19396 3213 6440 19397 3209 6441 19398 3210 6441 19399 3215 6441 19400 3210 6442 19401 3211 6442 19402 3216 6442 19403 3211 6443 19404 3212 6443 19405 3217 6443 19406 3213 6444 19407 3214 6444 19408 3246 6444 19409 3214 6445 19410 3215 6445 19411 3251 6445 19412 3215 6446 19413 3216 6446 19414 3256 6446 19415 3216 6447 19416 3217 6447 19417 3218 6447 19418 3219 6448 19419 3224 6448 19420 3223 6448 19421 3220 6449 19422 3225 6449 19423 3224 6449 19424 3221 6450 19425 3226 6450 19426 3225 6450 19427 3222 6451 19428 3227 6451 19429 3226 6451 19430 3224 6452 19431 3229 6452 19432 3228 6452 19433 3225 6453 19434 3230 6453 19435 3229 6453 19436 3226 6454 19437 3231 6454 19438 3230 6454 19439 3227 6455 19440 3232 6455 19441 3231 6455 19442 3229 6456 19443 3234 6456 19444 3233 6456 19445 3230 6457 19446 3235 6457 19447 3234 6457 19448 3231 6458 19449 3236 6458 19450 3235 6458 19451 3232 6459 19452 3237 6459 19453 3236 6459 19454 3234 6460 19455 3207 6460 19456 3202 6460 19457 3235 6461 19458 3212 6461 19459 3207 6461 19460 3236 6462 19461 3217 6462 19462 3212 6462 19463 3237 6463 19464 3218 6463 19465 3217 6463 19466 3238 6464 19467 3243 6464 19468 3242 6464 19469 3239 6465 19470 3244 6465 19471 3243 6465 19472 3240 6466 19473 3245 6466 19474 3244 6466 19475 3241 6467 19476 3246 6467 19477 3245 6467 19478 3243 6468 19479 3248 6468 19480 3247 6468 19481 3244 6469 19482 3249 6469 19483 3248 6469 19484 3245 6470 19485 3250 6470 19486 3249 6470 19487 3246 6471 19488 3251 6471 19489 3250 6471 19490 3248 6472 19491 3253 6472 19492 3252 6472 19493 3249 6473 19494 3254 6473 19495 3253 6473 19496 3250 6474 19497 3255 6474 19498 3254 6474 19499 3251 6475 19500 3256 6475 19501 3255 6475 19502 3253 6476 19503 3227 6476 19504 3222 6476 19505 3254 6477 19506 3232 6477 19507 3227 6477 19508 3255 6478 19509 3237 6478 19510 3232 6478 19511 3256 6479 19512 3218 6479 19513 3237 6479 19514 3260 6480 19515 3265 6480 19516 3264 6480 19517 3261 6481 19518 3266 6481 19519 3265 6481 19520 3262 6482 19521 3267 6482 19522 3266 6482 19523 3262 6483 19524 3263 6483 19525 3268 6483 19526 3265 6484 19527 3270 6484 19528 3269 6484 19529 3266 6485 19530 3271 6485 19531 3270 6485 19532 3266 6486 19533 3267 6486 19534 3272 6486 19535 3267 6487 19536 3268 6487 19537 3273 6487 19538 3270 6488 19539 3275 6488 19540 3274 6488 19541 3270 6489 19542 3271 6489 19543 3276 6489 19544 3271 6490 19545 3272 6490 19546 3277 6490 19547 3272 6491 19548 3273 6491 19549 3278 6491 19550 3274 6492 19551 3275 6492 19552 3307 6492 19553 3275 6493 19554 3276 6493 19555 3312 6493 19556 3276 6494 19557 3277 6494 19558 3317 6494 19559 3277 6495 19560 3278 6495 19561 3279 6495 19562 3280 6496 19563 3285 6496 19564 3284 6496 19565 3281 6497 19566 3286 6497 19567 3285 6497 19568 3282 6498 19569 3287 6498 19570 3286 6498 19571 3283 6499 19572 3288 6499 19573 3287 6499 19574 3285 6500 19575 3290 6500 19576 3289 6500 19577 3286 6501 19578 3291 6501 19579 3290 6501 19580 3287 6502 19581 3292 6502 19582 3291 6502 19583 3288 6503 19584 3293 6503 19585 3292 6503 19586 3290 6504 19587 3295 6504 19588 3294 6504 19589 3291 6505 19590 3296 6505 19591 3295 6505 19592 3292 6506 19593 3297 6506 19594 3296 6506 19595 3293 6507 19596 3298 6507 19597 3297 6507 19598 3295 6508 19599 3268 6508 19600 3263 6508 19601 3296 6509 19602 3273 6509 19603 3268 6509 19604 3297 6510 19605 3278 6510 19606 3273 6510 19607 3298 6511 19608 3279 6511 19609 3278 6511 19610 3299 6512 19611 3304 6512 19612 3303 6512 19613 3300 6513 19614 3305 6513 19615 3304 6513 19616 3301 6514 19617 3306 6514 19618 3305 6514 19619 3302 6515 19620 3307 6515 19621 3306 6515 19622 3304 6516 19623 3309 6516 19624 3308 6516 19625 3305 6517 19626 3310 6517 19627 3309 6517 19628 3306 6518 19629 3311 6518 19630 3310 6518 19631 3307 6519 19632 3312 6519 19633 3311 6519 19634 3309 6520 19635 3314 6520 19636 3313 6520 19637 3310 6521 19638 3315 6521 19639 3314 6521 19640 3311 6522 19641 3316 6522 19642 3315 6522 19643 3312 6523 19644 3317 6523 19645 3316 6523 19646 3314 6524 19647 3288 6524 19648 3283 6524 19649 3315 6525 19650 3293 6525 19651 3288 6525 19652 3316 6526 19653 3298 6526 19654 3293 6526 19655 3317 6527 19656 3279 6527 19657 3298 6527 19658 3321 6528 19659 3326 6528 19660 3325 6528 19661 3322 6529 19662 3327 6529 19663 3326 6529 19664 3323 6530 19665 3328 6530 19666 3327 6530 19667 3323 6531 19668 3324 6531 19669 3329 6531 19670 3326 6532 19671 3331 6532 19672 3330 6532 19673 3327 6533 19674 3332 6533 19675 3331 6533 19676 3327 6534 19677 3328 6534 19678 3333 6534 19679 3328 6535 19680 3329 6535 19681 3334 6535 19682 3331 6536 19683 3336 6536 19684 3335 6536 19685 3331 6537 19686 3332 6537 19687 3337 6537 19688 3332 6538 19689 3333 6538 19690 3338 6538 19691 3333 6539 19692 3334 6539 19693 3339 6539 19694 3335 6540 19695 3336 6540 19696 3368 6540 19697 3336 6541 19698 3337 6541 19699 3373 6541 19700 3337 6542 19701 3338 6542 19702 3378 6542 19703 3338 6543 19704 3339 6543 19705 3340 6543 19706 3341 6544 19707 3346 6544 19708 3345 6544 19709 3342 6545 19710 3347 6545 19711 3346 6545 19712 3343 6546 19713 3348 6546 19714 3347 6546 19715 3344 6547 19716 3349 6547 19717 3348 6547 19718 3346 6548 19719 3351 6548 19720 3350 6548 19721 3347 6549 19722 3352 6549 19723 3351 6549 19724 3348 6550 19725 3353 6550 19726 3352 6550 19727 3349 6551 19728 3354 6551 19729 3353 6551 19730 3351 6552 19731 3356 6552 19732 3355 6552 19733 3352 6553 19734 3357 6553 19735 3356 6553 19736 3353 6554 19737 3358 6554 19738 3357 6554 19739 3354 6555 19740 3359 6555 19741 3358 6555 19742 3356 6556 19743 3329 6556 19744 3324 6556 19745 3357 6557 19746 3334 6557 19747 3329 6557 19748 3358 6558 19749 3339 6558 19750 3334 6558 19751 3359 6559 19752 3340 6559 19753 3339 6559 19754 3360 6560 19755 3365 6560 19756 3364 6560 19757 3361 6561 19758 3366 6561 19759 3365 6561 19760 3362 6562 19761 3367 6562 19762 3366 6562 19763 3363 6563 19764 3368 6563 19765 3367 6563 19766 3365 6564 19767 3370 6564 19768 3369 6564 19769 3366 6565 19770 3371 6565 19771 3370 6565 19772 3367 6566 19773 3372 6566 19774 3371 6566 19775 3368 6567 19776 3373 6567 19777 3372 6567 19778 3370 6568 19779 3375 6568 19780 3374 6568 19781 3371 6569 19782 3376 6569 19783 3375 6569 19784 3372 6570 19785 3377 6570 19786 3376 6570 19787 3373 6571 19788 3378 6571 19789 3377 6571 19790 3375 6572 19791 3349 6572 19792 3344 6572 19793 3376 6573 19794 3354 6573 19795 3349 6573 19796 3377 6574 19797 3359 6574 19798 3354 6574 19799 3378 6575 19800 3340 6575 19801 3359 6575 19802 3382 6576 19803 3387 6576 19804 3386 6576 19805 3383 6577 19806 3388 6577 19807 3387 6577 19808 3384 6578 19809 3389 6578 19810 3388 6578 19811 3384 6579 19812 3385 6579 19813 3390 6579 19814 3387 6580 19815 3392 6580 19816 3391 6580 19817 3388 6581 19818 3393 6581 19819 3392 6581 19820 3388 6582 19821 3389 6582 19822 3394 6582 19823 3389 6583 19824 3390 6583 19825 3395 6583 19826 3392 6584 19827 3397 6584 19828 3396 6584 19829 3392 6585 19830 3393 6585 19831 3398 6585 19832 3393 6586 19833 3394 6586 19834 3399 6586 19835 3394 6587 19836 3395 6587 19837 3400 6587 19838 3396 6588 19839 3397 6588 19840 3429 6588 19841 3397 6589 19842 3398 6589 19843 3434 6589 19844 3398 6590 19845 3399 6590 19846 3439 6590 19847 3399 6591 19848 3400 6591 19849 3401 6591 19850 3402 6592 19851 3407 6592 19852 3406 6592 19853 3403 6593 19854 3408 6593 19855 3407 6593 19856 3404 6594 19857 3409 6594 19858 3408 6594 19859 3405 6595 19860 3410 6595 19861 3409 6595 19862 3407 6596 19863 3412 6596 19864 3411 6596 19865 3408 6597 19866 3413 6597 19867 3412 6597 19868 3409 6598 19869 3414 6598 19870 3413 6598 19871 3410 6599 19872 3415 6599 19873 3414 6599 19874 3412 6600 19875 3417 6600 19876 3416 6600 19877 3413 6601 19878 3418 6601 19879 3417 6601 19880 3414 6602 19881 3419 6602 19882 3418 6602 19883 3415 6603 19884 3420 6603 19885 3419 6603 19886 3417 6604 19887 3390 6604 19888 3385 6604 19889 3418 6605 19890 3395 6605 19891 3390 6605 19892 3419 6606 19893 3400 6606 19894 3395 6606 19895 3420 6607 19896 3401 6607 19897 3400 6607 19898 3421 6608 19899 3426 6608 19900 3425 6608 19901 3422 6609 19902 3427 6609 19903 3426 6609 19904 3423 6610 19905 3428 6610 19906 3427 6610 19907 3424 6611 19908 3429 6611 19909 3428 6611 19910 3426 6612 19911 3431 6612 19912 3430 6612 19913 3427 6613 19914 3432 6613 19915 3431 6613 19916 3428 6614 19917 3433 6614 19918 3432 6614 19919 3429 6615 19920 3434 6615 19921 3433 6615 19922 3431 6616 19923 3436 6616 19924 3435 6616 19925 3432 6617 19926 3437 6617 19927 3436 6617 19928 3433 6618 19929 3438 6618 19930 3437 6618 19931 3434 6619 19932 3439 6619 19933 3438 6619 19934 3436 6620 19935 3410 6620 19936 3405 6620 19937 3437 6621 19938 3415 6621 19939 3410 6621 19940 3438 6622 19941 3420 6622 19942 3415 6622 19943 3439 6623 19944 3401 6623 19945 3420 6623 19946 3443 6624 19947 3448 6624 19948 3447 6624 19949 3444 6625 19950 3449 6625 19951 3448 6625 19952 3445 6626 19953 3450 6626 19954 3449 6626 19955 3445 6627 19956 3446 6627 19957 3451 6627 19958 3448 6628 19959 3453 6628 19960 3452 6628 19961 3449 6629 19962 3454 6629 19963 3453 6629 19964 3449 6630 19965 3450 6630 19966 3455 6630 19967 3450 6631 19968 3451 6631 19969 3456 6631 19970 3453 6632 19971 3458 6632 19972 3457 6632 19973 3453 6633 19974 3454 6633 19975 3459 6633 19976 3454 6634 19977 3455 6634 19978 3460 6634 19979 3455 6635 19980 3456 6635 19981 3461 6635 19982 3457 6636 19983 3458 6636 19984 3490 6636 19985 3458 6637 19986 3459 6637 19987 3495 6637 19988 3459 6638 19989 3460 6638 19990 3500 6638 19991 3460 6639 19992 3461 6639 19993 3462 6639 19994 3463 6640 19995 3468 6640 19996 3467 6640 19997 3464 6641 19998 3469 6641 19999 3468 6641 20000 3465 6642 20001 3470 6642 20002 3469 6642 20003 3466 6643 20004 3471 6643 20005 3470 6643 20006 3468 6644 20007 3473 6644 20008 3472 6644 20009 3469 6645 20010 3474 6645 20011 3473 6645 20012 3470 6646 20013 3475 6646 20014 3474 6646 20015 3471 6647 20016 3476 6647 20017 3475 6647 20018 3473 6648 20019 3478 6648 20020 3477 6648 20021 3474 6649 20022 3479 6649 20023 3478 6649 20024 3475 6650 20025 3480 6650 20026 3479 6650 20027 3476 6651 20028 3481 6651 20029 3480 6651 20030 3478 6652 20031 3451 6652 20032 3446 6652 20033 3479 6653 20034 3456 6653 20035 3451 6653 20036 3480 6654 20037 3461 6654 20038 3456 6654 20039 3481 6655 20040 3462 6655 20041 3461 6655 20042 3482 6656 20043 3487 6656 20044 3486 6656 20045 3483 6657 20046 3488 6657 20047 3487 6657 20048 3484 6658 20049 3489 6658 20050 3488 6658 20051 3485 6659 20052 3490 6659 20053 3489 6659 20054 3487 6660 20055 3492 6660 20056 3491 6660 20057 3488 6661 20058 3493 6661 20059 3492 6661 20060 3489 6662 20061 3494 6662 20062 3493 6662 20063 3490 6663 20064 3495 6663 20065 3494 6663 20066 3492 6664 20067 3497 6664 20068 3496 6664 20069 3493 6665 20070 3498 6665 20071 3497 6665 20072 3494 6666 20073 3499 6666 20074 3498 6666 20075 3495 6667 20076 3500 6667 20077 3499 6667 20078 3497 6668 20079 3471 6668 20080 3466 6668 20081 3498 6669 20082 3476 6669 20083 3471 6669 20084 3499 6670 20085 3481 6670 20086 3476 6670 20087 3500 6671 20088 3462 6671 20089 3481 6671 20090 3504 6672 20091 3509 6672 20092 3508 6672 20093 3505 6673 20094 3510 6673 20095 3509 6673 20096 3506 6674 20097 3511 6674 20098 3510 6674 20099 3506 6675 20100 3507 6675 20101 3512 6675 20102 3509 6676 20103 3514 6676 20104 3513 6676 20105 3510 6677 20106 3515 6677 20107 3514 6677 20108 3510 6678 20109 3511 6678 20110 3516 6678 20111 3511 6679 20112 3512 6679 20113 3517 6679 20114 3514 6680 20115 3519 6680 20116 3518 6680 20117 3514 6681 20118 3515 6681 20119 3520 6681 20120 3515 6682 20121 3516 6682 20122 3521 6682 20123 3516 6683 20124 3517 6683 20125 3522 6683 20126 3518 6684 20127 3519 6684 20128 3551 6684 20129 3519 6685 20130 3520 6685 20131 3556 6685 20132 3520 6686 20133 3521 6686 20134 3561 6686 20135 3521 6687 20136 3522 6687 20137 3523 6687 20138 3524 6688 20139 3529 6688 20140 3528 6688 20141 3525 6689 20142 3530 6689 20143 3529 6689 20144 3526 6690 20145 3531 6690 20146 3530 6690 20147 3527 6691 20148 3532 6691 20149 3531 6691 20150 3529 6692 20151 3534 6692 20152 3533 6692 20153 3530 6693 20154 3535 6693 20155 3534 6693 20156 3531 6694 20157 3536 6694 20158 3535 6694 20159 3532 6695 20160 3537 6695 20161 3536 6695 20162 3534 6696 20163 3539 6696 20164 3538 6696 20165 3535 6697 20166 3540 6697 20167 3539 6697 20168 3536 6698 20169 3541 6698 20170 3540 6698 20171 3537 6699 20172 3542 6699 20173 3541 6699 20174 3539 6700 20175 3512 6700 20176 3507 6700 20177 3540 6701 20178 3517 6701 20179 3512 6701 20180 3541 6702 20181 3522 6702 20182 3517 6702 20183 3542 6703 20184 3523 6703 20185 3522 6703 20186 3543 6704 20187 3548 6704 20188 3547 6704 20189 3544 6705 20190 3549 6705 20191 3548 6705 20192 3545 6706 20193 3550 6706 20194 3549 6706 20195 3546 6707 20196 3551 6707 20197 3550 6707 20198 3548 6708 20199 3553 6708 20200 3552 6708 20201 3549 6709 20202 3554 6709 20203 3553 6709 20204 3550 6710 20205 3555 6710 20206 3554 6710 20207 3551 6711 20208 3556 6711 20209 3555 6711 20210 3553 6712 20211 3558 6712 20212 3557 6712 20213 3554 6713 20214 3559 6713 20215 3558 6713 20216 3555 6714 20217 3560 6714 20218 3559 6714 20219 3556 6715 20220 3561 6715 20221 3560 6715 20222 3558 6716 20223 3532 6716 20224 3527 6716 20225 3559 6717 20226 3537 6717 20227 3532 6717 20228 3560 6718 20229 3542 6718 20230 3537 6718 20231 3561 6719 20232 3523 6719 20233 3542 6719 20234 3565 6720 20235 3570 6720 20236 3569 6720 20237 3566 6721 20238 3571 6721 20239 3570 6721 20240 3567 6722 20241 3572 6722 20242 3571 6722 20243 3567 6723 20244 3568 6723 20245 3573 6723 20246 3570 6724 20247 3575 6724 20248 3574 6724 20249 3571 6725 20250 3576 6725 20251 3575 6725 20252 3571 6726 20253 3572 6726 20254 3577 6726 20255 3572 6727 20256 3573 6727 20257 3578 6727 20258 3575 6728 20259 3580 6728 20260 3579 6728 20261 3575 6729 20262 3576 6729 20263 3581 6729 20264 3576 6730 20265 3577 6730 20266 3582 6730 20267 3577 6731 20268 3578 6731 20269 3583 6731 20270 3579 6732 20271 3580 6732 20272 3612 6732 20273 3580 6733 20274 3581 6733 20275 3617 6733 20276 3581 6734 20277 3582 6734 20278 3622 6734 20279 3582 6735 20280 3583 6735 20281 3584 6735 20282 3585 6736 20283 3590 6736 20284 3589 6736 20285 3586 6737 20286 3591 6737 20287 3590 6737 20288 3587 6738 20289 3592 6738 20290 3591 6738 20291 3588 6739 20292 3593 6739 20293 3592 6739 20294 3590 6740 20295 3595 6740 20296 3594 6740 20297 3591 6741 20298 3596 6741 20299 3595 6741 20300 3592 6742 20301 3597 6742 20302 3596 6742 20303 3593 6743 20304 3598 6743 20305 3597 6743 20306 3595 6744 20307 3600 6744 20308 3599 6744 20309 3596 6745 20310 3601 6745 20311 3600 6745 20312 3597 6746 20313 3602 6746 20314 3601 6746 20315 3598 6747 20316 3603 6747 20317 3602 6747 20318 3600 6748 20319 3573 6748 20320 3568 6748 20321 3601 6749 20322 3578 6749 20323 3573 6749 20324 3602 6750 20325 3583 6750 20326 3578 6750 20327 3603 6751 20328 3584 6751 20329 3583 6751 20330 3604 6752 20331 3609 6752 20332 3608 6752 20333 3605 6753 20334 3610 6753 20335 3609 6753 20336 3606 6754 20337 3611 6754 20338 3610 6754 20339 3607 6755 20340 3612 6755 20341 3611 6755 20342 3609 6756 20343 3614 6756 20344 3613 6756 20345 3610 6757 20346 3615 6757 20347 3614 6757 20348 3611 6758 20349 3616 6758 20350 3615 6758 20351 3612 6759 20352 3617 6759 20353 3616 6759 20354 3614 6760 20355 3619 6760 20356 3618 6760 20357 3615 6761 20358 3620 6761 20359 3619 6761 20360 3616 6762 20361 3621 6762 20362 3620 6762 20363 3617 6763 20364 3622 6763 20365 3621 6763 20366 3619 6764 20367 3593 6764 20368 3588 6764 20369 3620 6765 20370 3598 6765 20371 3593 6765 20372 3621 6766 20373 3603 6766 20374 3598 6766 20375 3622 6767 20376 3584 6767 20377 3603 6767 20378 3626 6768 20379 3631 6768 20380 3630 6768 20381 3627 6769 20382 3632 6769 20383 3631 6769 20384 3628 6770 20385 3633 6770 20386 3632 6770 20387 3628 6771 20388 3629 6771 20389 3634 6771 20390 3631 6772 20391 3636 6772 20392 3635 6772 20393 3632 6773 20394 3637 6773 20395 3636 6773 20396 3632 6774 20397 3633 6774 20398 3638 6774 20399 3633 6775 20400 3634 6775 20401 3639 6775 20402 3636 6776 20403 3641 6776 20404 3640 6776 20405 3636 6777 20406 3637 6777 20407 3642 6777 20408 3637 6778 20409 3638 6778 20410 3643 6778 20411 3638 6779 20412 3639 6779 20413 3644 6779 20414 3640 6780 20415 3641 6780 20416 3673 6780 20417 3641 6781 20418 3642 6781 20419 3678 6781 20420 3642 6782 20421 3643 6782 20422 3683 6782 20423 3643 6783 20424 3644 6783 20425 3645 6783 20426 3646 6784 20427 3651 6784 20428 3650 6784 20429 3647 6785 20430 3652 6785 20431 3651 6785 20432 3648 6786 20433 3653 6786 20434 3652 6786 20435 3649 6787 20436 3654 6787 20437 3653 6787 20438 3651 6788 20439 3656 6788 20440 3655 6788 20441 3652 6789 20442 3657 6789 20443 3656 6789 20444 3653 6790 20445 3658 6790 20446 3657 6790 20447 3654 6791 20448 3659 6791 20449 3658 6791 20450 3656 6792 20451 3661 6792 20452 3660 6792 20453 3657 6793 20454 3662 6793 20455 3661 6793 20456 3658 6794 20457 3663 6794 20458 3662 6794 20459 3659 6795 20460 3664 6795 20461 3663 6795 20462 3661 6796 20463 3634 6796 20464 3629 6796 20465 3662 6797 20466 3639 6797 20467 3634 6797 20468 3663 6798 20469 3644 6798 20470 3639 6798 20471 3664 6799 20472 3645 6799 20473 3644 6799 20474 3665 6800 20475 3670 6800 20476 3669 6800 20477 3666 6801 20478 3671 6801 20479 3670 6801 20480 3667 6802 20481 3672 6802 20482 3671 6802 20483 3668 6803 20484 3673 6803 20485 3672 6803 20486 3670 6804 20487 3675 6804 20488 3674 6804 20489 3671 6805 20490 3676 6805 20491 3675 6805 20492 3672 6806 20493 3677 6806 20494 3676 6806 20495 3673 6807 20496 3678 6807 20497 3677 6807 20498 3675 6808 20499 3680 6808 20500 3679 6808 20501 3676 6809 20502 3681 6809 20503 3680 6809 20504 3677 6810 20505 3682 6810 20506 3681 6810 20507 3678 6811 20508 3683 6811 20509 3682 6811 20510 3680 6812 20511 3654 6812 20512 3649 6812 20513 3681 6813 20514 3659 6813 20515 3654 6813 20516 3682 6814 20517 3664 6814 20518 3659 6814 20519 3683 6815 20520 3645 6815 20521 3664 6815 20522 3687 6816 20523 3692 6816 20524 3691 6816 20525 3688 6817 20526 3693 6817 20527 3692 6817 20528 3689 6818 20529 3694 6818 20530 3693 6818 20531 3689 6819 20532 3690 6819 20533 3695 6819 20534 3692 6820 20535 3697 6820 20536 3696 6820 20537 3693 6821 20538 3698 6821 20539 3697 6821 20540 3693 6822 20541 3694 6822 20542 3699 6822 20543 3694 6823 20544 3695 6823 20545 3700 6823 20546 3697 6824 20547 3702 6824 20548 3701 6824 20549 3697 6825 20550 3698 6825 20551 3703 6825 20552 3698 6826 20553 3699 6826 20554 3704 6826 20555 3699 6827 20556 3700 6827 20557 3705 6827 20558 3701 6828 20559 3702 6828 20560 3734 6828 20561 3702 6829 20562 3703 6829 20563 3739 6829 20564 3703 6830 20565 3704 6830 20566 3744 6830 20567 3704 6831 20568 3705 6831 20569 3706 6831 20570 3707 6832 20571 3712 6832 20572 3711 6832 20573 3708 6833 20574 3713 6833 20575 3712 6833 20576 3709 6834 20577 3714 6834 20578 3713 6834 20579 3710 6835 20580 3715 6835 20581 3714 6835 20582 3712 6836 20583 3717 6836 20584 3716 6836 20585 3713 6837 20586 3718 6837 20587 3717 6837 20588 3714 6838 20589 3719 6838 20590 3718 6838 20591 3715 6839 20592 3720 6839 20593 3719 6839 20594 3717 6840 20595 3722 6840 20596 3721 6840 20597 3718 6841 20598 3723 6841 20599 3722 6841 20600 3719 6842 20601 3724 6842 20602 3723 6842 20603 3720 6843 20604 3725 6843 20605 3724 6843 20606 3722 6844 20607 3695 6844 20608 3690 6844 20609 3723 6845 20610 3700 6845 20611 3695 6845 20612 3724 6846 20613 3705 6846 20614 3700 6846 20615 3725 6847 20616 3706 6847 20617 3705 6847 20618 3726 6848 20619 3731 6848 20620 3730 6848 20621 3727 6849 20622 3732 6849 20623 3731 6849 20624 3728 6850 20625 3733 6850 20626 3732 6850 20627 3729 6851 20628 3734 6851 20629 3733 6851 20630 3731 6852 20631 3736 6852 20632 3735 6852 20633 3732 6853 20634 3737 6853 20635 3736 6853 20636 3733 6854 20637 3738 6854 20638 3737 6854 20639 3734 6855 20640 3739 6855 20641 3738 6855 20642 3736 6856 20643 3741 6856 20644 3740 6856 20645 3737 6857 20646 3742 6857 20647 3741 6857 20648 3738 6858 20649 3743 6858 20650 3742 6858 20651 3739 6859 20652 3744 6859 20653 3743 6859 20654 3741 6860 20655 3715 6860 20656 3710 6860 20657 3742 6861 20658 3720 6861 20659 3715 6861 20660 3743 6862 20661 3725 6862 20662 3720 6862 20663 3744 6863 20664 3706 6863 20665 3725 6863 20666 3748 6864 20667 3753 6864 20668 3752 6864 20669 3749 6865 20670 3754 6865 20671 3753 6865 20672 3750 6866 20673 3755 6866 20674 3754 6866 20675 3750 6867 20676 3751 6867 20677 3756 6867 20678 3753 6868 20679 3758 6868 20680 3757 6868 20681 3754 6869 20682 3759 6869 20683 3758 6869 20684 3754 6870 20685 3755 6870 20686 3760 6870 20687 3755 6871 20688 3756 6871 20689 3761 6871 20690 3758 6872 20691 3763 6872 20692 3762 6872 20693 3758 6873 20694 3759 6873 20695 3764 6873 20696 3759 6874 20697 3760 6874 20698 3765 6874 20699 3760 6875 20700 3761 6875 20701 3766 6875 20702 3762 6876 20703 3763 6876 20704 3795 6876 20705 3763 6877 20706 3764 6877 20707 3800 6877 20708 3764 6878 20709 3765 6878 20710 3805 6878 20711 3765 6879 20712 3766 6879 20713 3767 6879 20714 3768 6880 20715 3773 6880 20716 3772 6880 20717 3769 6881 20718 3774 6881 20719 3773 6881 20720 3770 6882 20721 3775 6882 20722 3774 6882 20723 3771 6883 20724 3776 6883 20725 3775 6883 20726 3773 6884 20727 3778 6884 20728 3777 6884 20729 3774 6885 20730 3779 6885 20731 3778 6885 20732 3775 6886 20733 3780 6886 20734 3779 6886 20735 3776 6887 20736 3781 6887 20737 3780 6887 20738 3778 6888 20739 3783 6888 20740 3782 6888 20741 3779 6889 20742 3784 6889 20743 3783 6889 20744 3780 6890 20745 3785 6890 20746 3784 6890 20747 3781 6891 20748 3786 6891 20749 3785 6891 20750 3783 6892 20751 3756 6892 20752 3751 6892 20753 3784 6893 20754 3761 6893 20755 3756 6893 20756 3785 6894 20757 3766 6894 20758 3761 6894 20759 3786 6895 20760 3767 6895 20761 3766 6895 20762 3787 6896 20763 3792 6896 20764 3791 6896 20765 3788 6897 20766 3793 6897 20767 3792 6897 20768 3789 6898 20769 3794 6898 20770 3793 6898 20771 3790 6899 20772 3795 6899 20773 3794 6899 20774 3792 6900 20775 3797 6900 20776 3796 6900 20777 3793 6901 20778 3798 6901 20779 3797 6901 20780 3794 6902 20781 3799 6902 20782 3798 6902 20783 3795 6903 20784 3800 6903 20785 3799 6903 20786 3797 6904 20787 3802 6904 20788 3801 6904 20789 3798 6905 20790 3803 6905 20791 3802 6905 20792 3799 6906 20793 3804 6906 20794 3803 6906 20795 3800 6907 20796 3805 6907 20797 3804 6907 20798 3802 6908 20799 3776 6908 20800 3771 6908 20801 3803 6909 20802 3781 6909 20803 3776 6909 20804 3804 6910 20805 3786 6910 20806 3781 6910 20807 3805 6911 20808 3767 6911 20809 3786 6911 20810 3809 6912 20811 3814 6912 20812 3813 6912 20813 3810 6913 20814 3815 6913 20815 3814 6913 20816 3811 6914 20817 3816 6914 20818 3815 6914 20819 3811 6915 20820 3812 6915 20821 3817 6915 20822 3814 6916 20823 3819 6916 20824 3818 6916 20825 3815 6917 20826 3820 6917 20827 3819 6917 20828 3815 6918 20829 3816 6918 20830 3821 6918 20831 3816 6919 20832 3817 6919 20833 3822 6919 20834 3819 6920 20835 3824 6920 20836 3823 6920 20837 3819 6921 20838 3820 6921 20839 3825 6921 20840 3820 6922 20841 3821 6922 20842 3826 6922 20843 3821 6923 20844 3822 6923 20845 3827 6923 20846 3823 6924 20847 3824 6924 20848 3856 6924 20849 3824 6925 20850 3825 6925 20851 3861 6925 20852 3825 6926 20853 3826 6926 20854 3866 6926 20855 3826 6927 20856 3827 6927 20857 3828 6927 20858 3829 6928 20859 3834 6928 20860 3833 6928 20861 3830 6929 20862 3835 6929 20863 3834 6929 20864 3831 6930 20865 3836 6930 20866 3835 6930 20867 3832 6931 20868 3837 6931 20869 3836 6931 20870 3834 6932 20871 3839 6932 20872 3838 6932 20873 3835 6933 20874 3840 6933 20875 3839 6933 20876 3836 6934 20877 3841 6934 20878 3840 6934 20879 3837 6935 20880 3842 6935 20881 3841 6935 20882 3839 6936 20883 3844 6936 20884 3843 6936 20885 3840 6937 20886 3845 6937 20887 3844 6937 20888 3841 6938 20889 3846 6938 20890 3845 6938 20891 3842 6939 20892 3847 6939 20893 3846 6939 20894 3844 6940 20895 3817 6940 20896 3812 6940 20897 3845 6941 20898 3822 6941 20899 3817 6941 20900 3846 6942 20901 3827 6942 20902 3822 6942 20903 3847 6943 20904 3828 6943 20905 3827 6943 20906 3848 6944 20907 3853 6944 20908 3852 6944 20909 3849 6945 20910 3854 6945 20911 3853 6945 20912 3850 6946 20913 3855 6946 20914 3854 6946 20915 3851 6947 20916 3856 6947 20917 3855 6947 20918 3853 6948 20919 3858 6948 20920 3857 6948 20921 3854 6949 20922 3859 6949 20923 3858 6949 20924 3855 6950 20925 3860 6950 20926 3859 6950 20927 3856 6951 20928 3861 6951 20929 3860 6951 20930 3858 6952 20931 3863 6952 20932 3862 6952 20933 3859 6953 20934 3864 6953 20935 3863 6953 20936 3860 6954 20937 3865 6954 20938 3864 6954 20939 3861 6955 20940 3866 6955 20941 3865 6955 20942 3863 6956 20943 3837 6956 20944 3832 6956 20945 3864 6957 20946 3842 6957 20947 3837 6957 20948 3865 6958 20949 3847 6958 20950 3842 6958 20951 3866 6959 20952 3828 6959 20953 3847 6959 20954 3870 6960 20955 3875 6960 20956 3874 6960 20957 3871 6961 20958 3876 6961 20959 3875 6961 20960 3872 6962 20961 3877 6962 20962 3876 6962 20963 3872 6963 20964 3873 6963 20965 3878 6963 20966 3875 6964 20967 3880 6964 20968 3879 6964 20969 3876 6965 20970 3881 6965 20971 3880 6965 20972 3876 6966 20973 3877 6966 20974 3882 6966 20975 3877 6967 20976 3878 6967 20977 3883 6967 20978 3880 6968 20979 3885 6968 20980 3884 6968 20981 3880 6969 20982 3881 6969 20983 3886 6969 20984 3881 6970 20985 3882 6970 20986 3887 6970 20987 3882 6971 20988 3883 6971 20989 3888 6971 20990 3884 6972 20991 3885 6972 20992 3917 6972 20993 3885 6973 20994 3886 6973 20995 3922 6973 20996 3886 6974 20997 3887 6974 20998 3927 6974 20999 3887 6975 21000 3888 6975 21001 3889 6975 21002 3890 6976 21003 3895 6976 21004 3894 6976 21005 3891 6977 21006 3896 6977 21007 3895 6977 21008 3892 6978 21009 3897 6978 21010 3896 6978 21011 3893 6979 21012 3898 6979 21013 3897 6979 21014 3895 6980 21015 3900 6980 21016 3899 6980 21017 3896 6981 21018 3901 6981 21019 3900 6981 21020 3897 6982 21021 3902 6982 21022 3901 6982 21023 3898 6983 21024 3903 6983 21025 3902 6983 21026 3900 6984 21027 3905 6984 21028 3904 6984 21029 3901 6985 21030 3906 6985 21031 3905 6985 21032 3902 6986 21033 3907 6986 21034 3906 6986 21035 3903 6987 21036 3908 6987 21037 3907 6987 21038 3905 6988 21039 3878 6988 21040 3873 6988 21041 3906 6989 21042 3883 6989 21043 3878 6989 21044 3907 6990 21045 3888 6990 21046 3883 6990 21047 3908 6991 21048 3889 6991 21049 3888 6991 21050 3909 6992 21051 3914 6992 21052 3913 6992 21053 3910 6993 21054 3915 6993 21055 3914 6993 21056 3911 6994 21057 3916 6994 21058 3915 6994 21059 3912 6995 21060 3917 6995 21061 3916 6995 21062 3914 6996 21063 3919 6996 21064 3918 6996 21065 3915 6997 21066 3920 6997 21067 3919 6997 21068 3916 6998 21069 3921 6998 21070 3920 6998 21071 3917 6999 21072 3922 6999 21073 3921 6999 21074 3919 7000 21075 3924 7000 21076 3923 7000 21077 3920 7001 21078 3925 7001 21079 3924 7001 21080 3921 7002 21081 3926 7002 21082 3925 7002 21083 3922 7003 21084 3927 7003 21085 3926 7003 21086 3924 7004 21087 3898 7004 21088 3893 7004 21089 3925 7005 21090 3903 7005 21091 3898 7005 21092 3926 7006 21093 3908 7006 21094 3903 7006 21095 3927 7007 21096 3889 7007 21097 3908 7007 21098 147 7008 21099 173 7008 21100 66 7008 21101 66 7009 21102 173 7009 21103 178 7009 21104 67 7010 21105 178 7010 21106 183 7010 21107 68 7011 21108 183 7011 21109 152 7011 21110 69 7012 21111 152 7012 21112 151 7012 21113 41 7013 21114 151 7013 21115 150 7013 21116 36 7014 21117 150 7014 21118 149 7014 21119 149 7015 21120 146 7015 21121 24 7015 21122 209 7016 21123 86 7016 21124 112 7016 21125 112 7017 21126 117 7017 21127 250 7017 21128 117 7018 21129 122 7018 21130 251 7018 21131 122 7019 21132 91 7019 21133 252 7019 21134 91 7020 21135 90 7020 21136 224 7020 21137 90 7021 21138 89 7021 21139 219 7021 21140 89 7022 21141 88 7022 21142 214 7022 21143 214 7023 21144 88 7023 21145 85 7023 21146 87 7024 21147 131 7024 21148 47 7024 21149 131 7025 21150 136 7025 21151 48 7025 21152 136 7026 21153 141 7026 21154 49 7026 21155 141 7027 21156 111 7027 21157 50 7027 21158 111 7028 21159 110 7028 21160 80 7028 21161 110 7029 21162 109 7029 21163 75 7029 21164 109 7030 21165 108 7030 21166 70 7030 21167 108 7031 21168 86 7031 21169 26 7031 21170 148 7032 21171 192 7032 21172 230 7032 21173 192 3155 21174 197 3155 21175 231 3155 21176 197 7033 21177 202 7033 21178 232 7033 21179 202 7034 21180 172 7034 21181 233 7034 21182 172 7035 21183 171 7035 21184 263 7035 21185 171 7036 21186 170 7036 21187 258 7036 21188 170 7037 21189 169 7037 21190 253 7037 21191 169 7038 21192 147 7038 21193 209 7038 21194 148 7039 21195 269 7039 21196 295 7039 21197 295 7040 21198 300 7040 21199 189 7040 21200 300 7041 21201 305 7041 21202 190 7041 21203 305 7042 21204 274 7042 21205 191 7042 21206 274 7043 21207 273 7043 21208 163 7043 21209 273 7044 21210 272 7044 21211 158 7044 21212 272 7045 21213 271 7045 21214 153 7045 21215 153 7046 21216 271 7046 21217 268 7046 21218 208 7047 21219 234 7047 21220 371 7047 21221 371 7048 21222 234 7048 21223 239 7048 21224 372 7049 21225 239 7049 21226 244 7049 21227 373 7050 21228 244 7050 21229 213 7050 21230 374 7051 21231 213 7051 21232 212 7051 21233 346 7052 21234 212 7052 21235 211 7052 21236 341 7053 21237 211 7053 21238 210 7053 21239 210 7054 21240 207 7054 21241 329 7054 21242 330 7055 21243 270 7055 21244 314 7055 21245 314 7056 21246 319 7056 21247 353 7056 21248 319 7057 21249 324 7057 21250 354 7057 21251 324 7058 21252 294 7058 21253 355 7058 21254 294 7059 21255 293 7059 21256 385 7059 21257 293 7060 21258 292 7060 21259 380 7060 21260 292 7061 21261 291 7061 21262 375 7061 21263 291 7062 21264 269 7062 21265 331 7062 21266 391 7063 21267 417 7063 21268 310 7063 21269 417 7064 21270 422 7064 21271 311 7064 21272 311 7065 21273 422 7065 21274 427 7065 21275 312 7066 21276 427 7066 21277 396 7066 21278 313 7067 21279 396 7067 21280 395 7067 21281 285 7068 21282 395 7068 21283 394 7068 21284 394 7069 21285 393 7069 21286 275 7069 21287 393 7070 21288 390 7070 21289 268 7070 21290 330 7071 21291 356 7071 21292 493 7071 21293 493 7072 21294 356 7072 21295 361 7072 21296 361 7073 21297 366 7073 21298 495 7073 21299 366 7074 21300 335 7074 21301 496 7074 21302 496 7075 21303 335 7075 21304 334 7075 21305 468 7076 21306 334 7076 21307 333 7076 21308 463 7077 21309 333 7077 21310 332 7077 21311 458 7078 21312 332 7078 21313 329 7078 21314 392 7079 21315 436 7079 21316 474 7079 21317 436 3203 21318 441 3203 21319 475 3203 21320 441 7080 21321 446 7080 21322 476 7080 21323 446 7081 21324 416 7081 21325 477 7081 21326 416 7082 21327 415 7082 21328 507 7082 21329 415 7083 21330 414 7083 21331 502 7083 21332 414 7084 21333 413 7084 21334 497 7084 21335 413 3209 21336 391 3209 21337 453 3209 21338 513 7085 21339 539 7085 21340 432 7085 21341 432 7086 21342 539 7086 21343 544 7086 21344 544 7087 21345 549 7087 21346 434 7087 21347 549 7088 21348 518 7088 21349 435 7088 21350 518 7089 21351 517 7089 21352 407 7089 21353 517 7090 21354 516 7090 21355 402 7090 21356 402 7091 21357 516 7091 21358 515 7091 21359 515 7092 21360 512 7092 21361 390 7092 21362 452 7093 21363 478 7093 21364 615 7093 21365 478 7094 21366 483 7094 21367 616 7094 21368 616 7095 21369 483 7095 21370 488 7095 21371 617 7096 21372 488 7096 21373 457 7096 21374 618 7097 21375 457 7097 21376 456 7097 21377 590 7098 21378 456 7098 21379 455 7098 21380 455 7099 21381 454 7099 21382 580 7099 21383 454 7100 21384 451 7100 21385 573 7100 21386 514 7101 21387 558 7101 21388 596 7101 21389 558 7102 21390 563 7102 21391 597 7102 21392 563 7103 21393 568 7103 21394 598 7103 21395 568 7104 21396 538 7104 21397 599 7104 21398 538 3230 21399 537 3230 21400 629 3230 21401 537 7105 21402 536 7105 21403 624 7105 21404 536 7106 21405 535 7106 21406 619 7106 21407 535 7107 21408 513 7107 21409 575 7107 21410 635 7108 21411 661 7108 21412 554 7108 21413 661 7109 21414 666 7109 21415 555 7109 21416 555 7110 21417 666 7110 21418 671 7110 21419 556 7111 21420 671 7111 21421 640 7111 21422 557 7112 21423 640 7112 21424 639 7112 21425 529 7113 21426 639 7113 21427 638 7113 21428 638 7114 21429 637 7114 21430 519 7114 21431 637 7115 21432 634 7115 21433 512 7115 21434 574 7116 21435 600 7116 21436 737 7116 21437 737 7117 21438 600 7117 21439 605 7117 21440 605 7118 21441 610 7118 21442 739 7118 21443 610 7119 21444 579 7119 21445 740 7119 21446 579 7120 21447 578 7120 21448 712 7120 21449 578 7121 21450 577 7121 21451 707 7121 21452 707 7122 21453 577 7122 21454 576 7122 21455 576 7123 21456 573 7123 21457 695 7123 21458 636 7124 21459 680 7124 21460 718 7124 21461 680 7125 21462 685 7125 21463 719 7125 21464 685 7126 21465 690 7126 21466 720 7126 21467 690 3253 21468 660 3253 21469 721 3253 21470 660 7127 21471 659 7127 21472 751 7127 21473 659 7128 21474 658 7128 21475 746 7128 21476 658 3256 21477 657 3256 21478 741 3256 21479 657 7129 21480 635 7129 21481 697 7129 21482 757 7130 21483 783 7130 21484 676 7130 21485 676 7131 21486 783 7131 21487 788 7131 21488 788 7132 21489 793 7132 21490 678 7132 21491 793 7133 21492 762 7133 21493 679 7133 21494 679 7134 21495 762 7134 21496 761 7134 21497 651 7135 21498 761 7135 21499 760 7135 21500 646 7136 21501 760 7136 21502 759 7136 21503 641 7137 21504 759 7137 21505 756 7137 21506 696 7138 21507 722 7138 21508 859 7138 21509 722 7139 21510 727 7139 21511 860 7139 21512 860 7140 21513 727 7140 21514 732 7140 21515 861 7141 21516 732 7141 21517 701 7141 21518 862 7142 21519 701 7142 21520 700 7142 21521 834 7143 21522 700 7143 21523 699 7143 21524 699 7144 21525 698 7144 21526 824 7144 21527 698 7145 21528 695 7145 21529 817 7145 21530 758 7146 21531 802 7146 21532 840 7146 21533 802 7147 21534 807 7147 21535 841 7147 21536 807 7148 21537 812 7148 21538 842 7148 21539 812 7149 21540 782 7149 21541 843 7149 21542 782 7150 21543 781 7150 21544 873 7150 21545 781 7151 21546 780 7151 21547 868 7151 21548 780 7152 21549 779 7152 21550 863 7152 21551 779 7153 21552 757 7153 21553 819 7153 21554 879 7154 21555 905 7154 21556 798 7154 21557 798 7155 21558 905 7155 21559 910 7155 21560 799 7156 21561 910 7156 21562 915 7156 21563 800 7157 21564 915 7157 21565 884 7157 21566 801 7158 21567 884 7158 21568 883 7158 21569 773 7159 21570 883 7159 21571 882 7159 21572 768 7160 21573 882 7160 21574 881 7160 21575 881 7161 21576 878 7161 21577 756 7161 21578 941 7162 21579 818 7162 21580 844 7162 21581 844 7163 21582 849 7163 21583 982 7163 21584 849 7164 21585 854 7164 21586 983 7164 21587 854 7165 21588 823 7165 21589 984 7165 21590 823 7166 21591 822 7166 21592 956 7166 21593 822 7167 21594 821 7167 21595 951 7167 21596 821 7168 21597 820 7168 21598 946 7168 21599 946 7169 21600 820 7169 21601 817 7169 21602 880 7170 21603 924 7170 21604 962 7170 21605 924 7171 21606 929 7171 21607 963 7171 21608 929 3300 21609 934 3300 21610 964 3300 21611 934 7172 21612 904 7172 21613 965 7172 21614 904 7173 21615 903 7173 21616 995 7173 21617 903 7174 21618 902 7174 21619 990 7174 21620 902 7175 21621 901 7175 21622 985 7175 21623 901 7176 21624 879 7176 21625 941 7176 21626 880 7177 21627 1001 7177 21628 1027 7177 21629 1027 7178 21630 1032 7178 21631 921 7178 21632 1032 7179 21633 1037 7179 21634 922 7179 21635 1037 7180 21636 1006 7180 21637 923 7180 21638 1006 7181 21639 1005 7181 21640 895 7181 21641 1005 7182 21642 1004 7182 21643 890 7182 21644 1004 7183 21645 1003 7183 21646 885 7183 21647 885 7184 21648 1003 7184 21649 1000 7184 21650 940 7185 21651 966 7185 21652 1103 7185 21653 1103 7186 21654 966 7186 21655 971 7186 21656 1104 7187 21657 971 7187 21658 976 7187 21659 1105 7188 21660 976 7188 21661 945 7188 21662 1106 7189 21663 945 7189 21664 944 7189 21665 1078 7190 21666 944 7190 21667 943 7190 21668 1073 7191 21669 943 7191 21670 942 7191 21671 942 7192 21672 939 7192 21673 1061 7192 21674 1002 7193 21675 1046 7193 21676 1084 7193 21677 1046 7194 21678 1051 7194 21679 1085 7194 21680 1051 7195 21681 1056 7195 21682 1086 7195 21683 1056 3325 21684 1026 3325 21685 1087 3325 21686 1026 3326 21687 1025 3326 21688 1117 3326 21689 1025 7196 21690 1024 7196 21691 1112 7196 21692 1024 7197 21693 1023 7197 21694 1107 7197 21695 1023 7198 21696 1001 7198 21697 1063 7198 21698 1123 7199 21699 1149 7199 21700 1042 7199 21701 1042 7200 21702 1149 7200 21703 1154 7200 21704 1043 7201 21705 1154 7201 21706 1159 7201 21707 1044 7202 21708 1159 7202 21709 1128 7202 21710 1045 7203 21711 1128 7203 21712 1127 7203 21713 1017 7204 21714 1127 7204 21715 1126 7204 21716 1012 7205 21717 1126 7205 21718 1125 7205 21719 1125 7206 21720 1122 7206 21721 1000 7206 21722 1185 7207 21723 1062 7207 21724 1088 7207 21725 1088 7208 21726 1093 7208 21727 1226 7208 21728 1093 7209 21729 1098 7209 21730 1227 7209 21731 1098 7210 21732 1067 7210 21733 1228 7210 21734 1067 7211 21735 1066 7211 21736 1200 7211 21737 1066 7212 21738 1065 7212 21739 1195 7212 21740 1065 7213 21741 1064 7213 21742 1190 7213 21743 1190 7214 21744 1064 7214 21745 1061 7214 21746 1124 7215 21747 1168 7215 21748 1206 7215 21749 1168 7216 21750 1173 7216 21751 1207 7216 21752 1173 7217 21753 1178 7217 21754 1208 7217 21755 1178 7218 21756 1148 7218 21757 1209 7218 21758 1148 7219 21759 1147 7219 21760 1239 7219 21761 1147 3351 21762 1146 3351 21763 1234 3351 21764 1146 7220 21765 1145 7220 21766 1229 7220 21767 1145 7221 21768 1123 7221 21769 1185 7221 21770 1124 7222 21771 1245 7222 21772 1271 7222 21773 1271 7223 21774 1276 7223 21775 1165 7223 21776 1276 7224 21777 1281 7224 21778 1166 7224 21779 1281 7225 21780 1250 7225 21781 1167 7225 21782 1250 7226 21783 1249 7226 21784 1139 7226 21785 1249 7227 21786 1248 7227 21787 1134 7227 21788 1248 7228 21789 1247 7228 21790 1129 7228 21791 1129 7229 21792 1247 7229 21793 1244 7229 21794 1184 7230 21795 1210 7230 21796 1347 7230 21797 1347 7231 21798 1210 7231 21799 1215 7231 21800 1348 7232 21801 1215 7232 21802 1220 7232 21803 1349 7233 21804 1220 7233 21805 1189 7233 21806 1350 7234 21807 1189 7234 21808 1188 7234 21809 1322 7235 21810 1188 7235 21811 1187 7235 21812 1317 7236 21813 1187 7236 21814 1186 7236 21815 1186 7237 21816 1183 7237 21817 1305 7237 21818 1306 7238 21819 1246 7238 21820 1290 7238 21821 1290 7239 21822 1295 7239 21823 1329 7239 21824 1295 7240 21825 1300 7240 21826 1330 7240 21827 1300 7241 21828 1270 7241 21829 1331 7241 21830 1270 7242 21831 1269 7242 21832 1361 7242 21833 1269 7243 21834 1268 7243 21835 1356 7243 21836 1268 7244 21837 1267 7244 21838 1351 7244 21839 1267 7245 21840 1245 7245 21841 1307 7245 21842 1367 7246 21843 1393 7246 21844 1286 7246 21845 1393 7247 21846 1398 7247 21847 1287 7247 21848 1287 7248 21849 1398 7248 21850 1403 7248 21851 1288 7249 21852 1403 7249 21853 1372 7249 21854 1289 7250 21855 1372 7250 21856 1371 7250 21857 1261 7251 21858 1371 7251 21859 1370 7251 21860 1370 7252 21861 1369 7252 21862 1251 7252 21863 1369 7253 21864 1366 7253 21865 1244 7253 21866 1306 7254 21867 1332 7254 21868 1469 7254 21869 1469 7255 21870 1332 7255 21871 1337 7255 21872 1337 7256 21873 1342 7256 21874 1471 7256 21875 1342 7257 21876 1311 7257 21877 1472 7257 21878 1472 7258 21879 1311 7258 21880 1310 7258 21881 1444 7259 21882 1310 7259 21883 1309 7259 21884 1439 7260 21885 1309 7260 21886 1308 7260 21887 1434 7261 21888 1308 7261 21889 1305 7261 21890 1368 7262 21891 1412 7262 21892 1450 7262 21893 1412 7263 21894 1417 7263 21895 1451 7263 21896 1417 3396 21897 1422 3396 21898 1452 3396 21899 1422 7264 21900 1392 7264 21901 1453 7264 21902 1392 3398 21903 1391 3398 21904 1483 3398 21905 1391 7265 21906 1390 7265 21907 1478 7265 21908 1390 7266 21909 1389 7266 21910 1473 7266 21911 1389 7267 21912 1367 7267 21913 1429 7267 21914 1489 7268 21915 1515 7268 21916 1408 7268 21917 1408 7269 21918 1515 7269 21919 1520 7269 21920 1520 7270 21921 1525 7270 21922 1410 7270 21923 1525 7271 21924 1494 7271 21925 1411 7271 21926 1494 7272 21927 1493 7272 21928 1383 7272 21929 1493 7273 21930 1492 7273 21931 1378 7273 21932 1378 7274 21933 1492 7274 21934 1491 7274 21935 1491 7275 21936 1488 7275 21937 1366 7275 21938 1428 7276 21939 1454 7276 21940 1591 7276 21941 1454 7277 21942 1459 7277 21943 1592 7277 21944 1592 7278 21945 1459 7278 21946 1464 7278 21947 1593 7279 21948 1464 7279 21949 1433 7279 21950 1594 7280 21951 1433 7280 21952 1432 7280 21953 1566 7281 21954 1432 7281 21955 1431 7281 21956 1431 7282 21957 1430 7282 21958 1556 7282 21959 1430 7283 21960 1427 7283 21961 1549 7283 21962 1490 7284 21963 1534 7284 21964 1572 7284 21965 1534 7285 21966 1539 7285 21967 1573 7285 21968 1539 7286 21969 1544 7286 21970 1574 7286 21971 1544 7287 21972 1514 7287 21973 1575 7287 21974 1514 7288 21975 1513 7288 21976 1605 7288 21977 1513 7289 21978 1512 7289 21979 1600 7289 21980 1512 7290 21981 1511 7290 21982 1595 7290 21983 1511 7291 21984 1489 7291 21985 1551 7291 21986 1611 7292 21987 1637 7292 21988 1530 7292 21989 1637 7293 21990 1642 7293 21991 1531 7293 21992 1531 7294 21993 1642 7294 21994 1647 7294 21995 1532 7295 21996 1647 7295 21997 1616 7295 21998 1533 7296 21999 1616 7296 22000 1615 7296 22001 1505 7297 22002 1615 7297 22003 1614 7297 22004 1614 7298 22005 1613 7298 22006 1495 7298 22007 1613 7299 22008 1610 7299 22009 1488 7299 22010 1550 7300 22011 1576 7300 22012 1713 7300 22013 1713 7301 22014 1576 7301 22015 1581 7301 22016 1581 7302 22017 1586 7302 22018 1715 7302 22019 1586 7303 22020 1555 7303 22021 1716 7303 22022 1555 7304 22023 1554 7304 22024 1688 7304 22025 1554 7305 22026 1553 7305 22027 1683 7305 22028 1683 7306 22029 1553 7306 22030 1552 7306 22031 1552 7307 22032 1549 7307 22033 1671 7307 22034 1612 3442 22035 1656 3442 22036 1694 3442 22037 1656 7308 22038 1661 7308 22039 1695 7308 22040 1661 7309 22041 1666 7309 22042 1696 7309 22043 1666 7310 22044 1636 7310 22045 1697 7310 22046 1636 7311 22047 1635 7311 22048 1727 7311 22049 1635 7312 22050 1634 7312 22051 1722 7312 22052 1634 3448 22053 1633 3448 22054 1717 3448 22055 1633 7313 22056 1611 7313 22057 1673 7313 22058 1733 7314 22059 1759 7314 22060 1652 7314 22061 1652 7315 22062 1759 7315 22063 1764 7315 22064 1764 7316 22065 1769 7316 22066 1654 7316 22067 1769 7317 22068 1738 7317 22069 1655 7317 22070 1655 7318 22071 1738 7318 22072 1737 7318 22073 1627 7319 22074 1737 7319 22075 1736 7319 22076 1622 7320 22077 1736 7320 22078 1735 7320 22079 1617 7321 22080 1735 7321 22081 1732 7321 22082 1672 7322 22083 1698 7322 22084 1835 7322 22085 1698 7323 22086 1703 7323 22087 1836 7323 22088 1836 7324 22089 1703 7324 22090 1708 7324 22091 1837 7325 22092 1708 7325 22093 1677 7325 22094 1838 7326 22095 1677 7326 22096 1676 7326 22097 1810 7327 22098 1676 7327 22099 1675 7327 22100 1675 7328 22101 1674 7328 22102 1800 7328 22103 1674 7329 22104 1671 7329 22105 1793 7329 22106 1734 7330 22107 1778 7330 22108 1816 7330 22109 1778 7331 22110 1783 7331 22111 1817 7331 22112 1783 7332 22113 1788 7332 22114 1818 7332 22115 1788 7333 22116 1758 7333 22117 1819 7333 22118 1758 7334 22119 1757 7334 22120 1849 7334 22121 1757 7335 22122 1756 7335 22123 1844 7335 22124 1756 7336 22125 1755 7336 22126 1839 7336 22127 1755 7337 22128 1733 7337 22129 1795 7337 22130 1855 7338 22131 1881 7338 22132 1774 7338 22133 1774 7339 22134 1881 7339 22135 1886 7339 22136 1775 7340 22137 1886 7340 22138 1891 7340 22139 1776 7341 22140 1891 7341 22141 1860 7341 22142 1777 7342 22143 1860 7342 22144 1859 7342 22145 1749 7343 22146 1859 7343 22147 1858 7343 22148 1744 7344 22149 1858 7344 22150 1857 7344 22151 1857 7345 22152 1854 7345 22153 1732 7345 22154 1917 7346 22155 1794 7346 22156 1820 7346 22157 1820 7347 22158 1825 7347 22159 1958 7347 22160 1825 7348 22161 1830 7348 22162 1959 7348 22163 1830 7349 22164 1799 7349 22165 1960 7349 22166 1799 7350 22167 1798 7350 22168 1932 7350 22169 1798 7351 22170 1797 7351 22171 1927 7351 22172 1797 7352 22173 1796 7352 22174 1922 7352 22175 1922 7353 22176 1796 7353 22177 1793 7353 22178 1856 7354 22179 1900 7354 22180 1938 7354 22181 1900 7355 22182 1905 7355 22183 1939 7355 22184 1905 7356 22185 1910 7356 22186 1940 7356 22187 1910 7357 22188 1880 7357 22189 1941 7357 22190 1880 7358 22191 1879 7358 22192 1971 7358 22193 1879 7359 22194 1878 7359 22195 1966 7359 22196 1878 3496 22197 1877 3496 22198 1961 3496 22199 1877 7360 22200 1855 7360 22201 1917 7360 22202 1856 7361 22203 1977 7361 22204 2003 7361 22205 2003 7362 22206 2008 7362 22207 1897 7362 22208 2008 7363 22209 2013 7363 22210 1898 7363 22211 2013 7364 22212 1982 7364 22213 1899 7364 22214 1982 7365 22215 1981 7365 22216 1871 7365 22217 1981 7366 22218 1980 7366 22219 1866 7366 22220 1980 7367 22221 1979 7367 22222 1861 7367 22223 1861 7368 22224 1979 7368 22225 1976 7368 22226 1916 7369 22227 1942 7369 22228 2079 7369 22229 2079 7370 22230 1942 7370 22231 1947 7370 22232 2080 7371 22233 1947 7371 22234 1952 7371 22235 2081 7372 22236 1952 7372 22237 1921 7372 22238 2082 7373 22239 1921 7373 22240 1920 7373 22241 2054 7374 22242 1920 7374 22243 1919 7374 22244 2049 7375 22245 1919 7375 22246 1918 7375 22247 1918 7376 22248 1915 7376 22249 2037 7376 22250 1978 3514 22251 2022 3514 22252 2060 3514 22253 2022 7377 22254 2027 7377 22255 2061 7377 22256 2027 7378 22257 2032 7378 22258 2062 7378 22259 2032 7379 22260 2002 7379 22261 2063 7379 22262 2002 7380 22263 2001 7380 22264 2093 7380 22265 2001 7381 22266 2000 7381 22267 2088 7381 22268 2000 7382 22269 1999 7382 22270 2083 7382 22271 1999 7383 22272 1977 7383 22273 2039 7383 22274 2099 7384 22275 2125 7384 22276 2018 7384 22277 2018 7385 22278 2125 7385 22279 2130 7385 22280 2019 7386 22281 2130 7386 22282 2135 7386 22283 2020 7387 22284 2135 7387 22285 2104 7387 22286 2021 7388 22287 2104 7388 22288 2103 7388 22289 1993 7389 22290 2103 7389 22291 2102 7389 22292 1988 7390 22293 2102 7390 22294 2101 7390 22295 2101 7391 22296 2098 7391 22297 1976 7391 22298 2161 7392 22299 2038 7392 22300 2064 7392 22301 2064 7393 22302 2069 7393 22303 2202 7393 22304 2069 7394 22305 2074 7394 22306 2203 7394 22307 2074 7395 22308 2043 7395 22309 2204 7395 22310 2043 7396 22311 2042 7396 22312 2176 7396 22313 2042 7397 22314 2041 7397 22315 2171 7397 22316 2041 7398 22317 2040 7398 22318 2166 7398 22319 2166 7399 22320 2040 7399 22321 2037 7399 22322 2100 7400 22323 2144 7400 22324 2182 7400 22325 2144 3539 22326 2149 3539 22327 2183 3539 22328 2149 7401 22329 2154 7401 22330 2184 7401 22331 2154 7402 22332 2124 7402 22333 2185 7402 22334 2124 7403 22335 2123 7403 22336 2215 7403 22337 2123 7404 22338 2122 7404 22339 2210 7404 22340 2122 7405 22341 2121 7405 22342 2205 7405 22343 2121 7406 22344 2099 7406 22345 2161 7406 22346 2100 7407 22347 2221 7407 22348 2247 7407 22349 2247 7408 22350 2252 7408 22351 2141 7408 22352 2252 7409 22353 2257 7409 22354 2142 7409 22355 2257 7410 22356 2226 7410 22357 2143 7410 22358 2226 7411 22359 2225 7411 22360 2115 7411 22361 2225 7412 22362 2224 7412 22363 2110 7412 22364 2224 7413 22365 2223 7413 22366 2105 7413 22367 2105 7414 22368 2223 7414 22369 2220 7414 22370 2160 7415 22371 2186 7415 22372 2323 7415 22373 2323 7416 22374 2186 7416 22375 2191 7416 22376 2324 7417 22377 2191 7417 22378 2196 7417 22379 2325 7418 22380 2196 7418 22381 2165 7418 22382 2326 7419 22383 2165 7419 22384 2164 7419 22385 2298 7420 22386 2164 7420 22387 2163 7420 22388 2293 7421 22389 2163 7421 22390 2162 7421 22391 2162 7422 22392 2159 7422 22393 2281 7422 22394 2282 7423 22395 2222 7423 22396 2266 7423 22397 2266 7424 22398 2271 7424 22399 2305 7424 22400 2271 7425 22401 2276 7425 22402 2306 7425 22403 2276 7426 22404 2246 7426 22405 2307 7426 22406 2246 7427 22407 2245 7427 22408 2337 7427 22409 2245 7428 22410 2244 7428 22411 2332 7428 22412 2244 7429 22413 2243 7429 22414 2327 7429 22415 2243 7430 22416 2221 7430 22417 2283 7430 22418 2343 7431 22419 2369 7431 22420 2262 7431 22421 2369 7432 22422 2374 7432 22423 2263 7432 22424 2263 7433 22425 2374 7433 22426 2379 7433 22427 2264 7434 22428 2379 7434 22429 2348 7434 22430 2265 7435 22431 2348 7435 22432 2347 7435 22433 2237 7436 22434 2347 7436 22435 2346 7436 22436 2346 7437 22437 2345 7437 22438 2227 7437 22439 2345 7438 22440 2342 7438 22441 2220 7438 22442 2282 7439 22443 2308 7439 22444 2445 7439 22445 2445 7440 22446 2308 7440 22447 2313 7440 22448 2313 7441 22449 2318 7441 22450 2447 7441 22451 2318 7442 22452 2287 7442 22453 2448 7442 22454 2448 7443 22455 2287 7443 22456 2286 7443 22457 2420 7444 22458 2286 7444 22459 2285 7444 22460 2415 7445 22461 2285 7445 22462 2284 7445 22463 2410 7446 22464 2284 7446 22465 2281 7446 22466 2344 7447 22467 2388 7447 22468 2426 7447 22469 2388 7448 22470 2393 7448 22471 2427 7448 22472 2393 7449 22473 2398 7449 22474 2428 7449 22475 2398 7450 22476 2368 7450 22477 2429 7450 22478 2368 7451 22479 2367 7451 22480 2459 7451 22481 2367 7452 22482 2366 7452 22483 2454 7452 22484 2366 7453 22485 2365 7453 22486 2449 7453 22487 2365 7454 22488 2343 7454 22489 2405 7454 22490 2465 7455 22491 2491 7455 22492 2384 7455 22493 2384 7456 22494 2491 7456 22495 2496 7456 22496 2496 7457 22497 2501 7457 22498 2386 7457 22499 2501 7458 22500 2470 7458 22501 2387 7458 22502 2470 7459 22503 2469 7459 22504 2359 7459 22505 2469 7460 22506 2468 7460 22507 2354 7460 22508 2354 7461 22509 2468 7461 22510 2467 7461 22511 2467 7462 22512 2464 7462 22513 2342 7462 22514 2404 7463 22515 2430 7463 22516 2567 7463 22517 2430 7464 22518 2435 7464 22519 2568 7464 22520 2568 7465 22521 2435 7465 22522 2440 7465 22523 2569 7466 22524 2440 7466 22525 2409 7466 22526 2570 7467 22527 2409 7467 22528 2408 7467 22529 2542 7468 22530 2408 7468 22531 2407 7468 22532 2407 7469 22533 2406 7469 22534 2532 7469 22535 2406 7470 22536 2403 7470 22537 2525 7470 22538 2466 7471 22539 2510 7471 22540 2548 7471 22541 2510 7472 22542 2515 7472 22543 2549 7472 22544 2515 7473 22545 2520 7473 22546 2550 7473 22547 2520 7474 22548 2490 7474 22549 2551 7474 22550 2490 7475 22551 2489 7475 22552 2581 7475 22553 2489 7476 22554 2488 7476 22555 2576 7476 22556 2488 7477 22557 2487 7477 22558 2571 7477 22559 2487 7478 22560 2465 7478 22561 2527 7478 22562 2587 7479 22563 2613 7479 22564 2506 7479 22565 2613 7480 22566 2618 7480 22567 2507 7480 22568 2507 7481 22569 2618 7481 22570 2623 7481 22571 2508 7482 22572 2623 7482 22573 2592 7482 22574 2509 7483 22575 2592 7483 22576 2591 7483 22577 2481 7484 22578 2591 7484 22579 2590 7484 22580 2590 7485 22581 2589 7485 22582 2471 7485 22583 2589 7486 22584 2586 7486 22585 2464 7486 22586 2526 7487 22587 2552 7487 22588 2689 7487 22589 2689 7488 22590 2552 7488 22591 2557 7488 22592 2557 7489 22593 2562 7489 22594 2691 7489 22595 2562 7490 22596 2531 7490 22597 2692 7490 22598 2531 7491 22599 2530 7491 22600 2664 7491 22601 2530 7492 22602 2529 7492 22603 2659 7492 22604 2659 7493 22605 2529 7493 22606 2528 7493 22607 2528 7494 22608 2525 7494 22609 2647 7494 22610 2588 3634 22611 2632 3634 22612 2670 3634 22613 2632 3635 22614 2637 3635 22615 2671 3635 22616 2637 7495 22617 2642 7495 22618 2672 7495 22619 2642 7496 22620 2612 7496 22621 2673 7496 22622 2612 7497 22623 2611 7497 22624 2703 7497 22625 2611 3639 22626 2610 3639 22627 2698 3639 22628 2610 7498 22629 2609 7498 22630 2693 7498 22631 2609 7499 22632 2587 7499 22633 2649 7499 22634 2709 7500 22635 2735 7500 22636 2628 7500 22637 2628 7501 22638 2735 7501 22639 2740 7501 22640 2740 7502 22641 2745 7502 22642 2630 7502 22643 2745 7503 22644 2714 7503 22645 2631 7503 22646 2631 7504 22647 2714 7504 22648 2713 7504 22649 2603 7505 22650 2713 7505 22651 2712 7505 22652 2598 7506 22653 2712 7506 22654 2711 7506 22655 2593 7507 22656 2711 7507 22657 2708 7507 22658 2648 7508 22659 2674 7508 22660 2811 7508 22661 2674 7509 22662 2679 7509 22663 2812 7509 22664 2812 7510 22665 2679 7510 22666 2684 7510 22667 2813 7511 22668 2684 7511 22669 2653 7511 22670 2814 7512 22671 2653 7512 22672 2652 7512 22673 2786 7513 22674 2652 7513 22675 2651 7513 22676 2651 7514 22677 2650 7514 22678 2776 7514 22679 2650 7515 22680 2647 7515 22681 2769 7515 22682 2710 7516 22683 2754 7516 22684 2792 7516 22685 2754 7517 22686 2759 7517 22687 2793 7517 22688 2759 7518 22689 2764 7518 22690 2794 7518 22691 2764 7519 22692 2734 7519 22693 2795 7519 22694 2734 7520 22695 2733 7520 22696 2825 7520 22697 2733 7521 22698 2732 7521 22699 2820 7521 22700 2732 7522 22701 2731 7522 22702 2815 7522 22703 2731 7523 22704 2709 7523 22705 2771 7523 22706 2831 7524 22707 2857 7524 22708 2750 7524 22709 2750 7525 22710 2857 7525 22711 2862 7525 22712 2751 7526 22713 2862 7526 22714 2867 7526 22715 2752 7527 22716 2867 7527 22717 2836 7527 22718 2753 7528 22719 2836 7528 22720 2835 7528 22721 2725 7529 22722 2835 7529 22723 2834 7529 22724 2720 7530 22725 2834 7530 22726 2833 7530 22727 2833 7531 22728 2830 7531 22729 2708 7531 22730 2893 7532 22731 2770 7532 22732 2796 7532 22733 2796 7533 22734 2801 7533 22735 2934 7533 22736 2801 7534 22737 2806 7534 22738 2935 7534 22739 2806 7535 22740 2775 7535 22741 2936 7535 22742 2775 7536 22743 2774 7536 22744 2908 7536 22745 2774 7537 22746 2773 7537 22747 2903 7537 22748 2773 7538 22749 2772 7538 22750 2898 7538 22751 2898 7539 22752 2772 7539 22753 2769 7539 22754 2832 7540 22755 2876 7540 22756 2914 7540 22757 2876 7541 22758 2881 7541 22759 2915 7541 22760 2881 3684 22761 2886 3684 22762 2916 3684 22763 2886 7542 22764 2856 7542 22765 2917 7542 22766 2856 7543 22767 2855 7543 22768 2947 7543 22769 2855 7544 22770 2854 7544 22771 2942 7544 22772 2854 7545 22773 2853 7545 22774 2937 7545 22775 2853 7546 22776 2831 7546 22777 2893 7546 22778 2832 7547 22779 2953 7547 22780 2979 7547 22781 2979 7548 22782 2984 7548 22783 2873 7548 22784 2984 7549 22785 2989 7549 22786 2874 7549 22787 2989 7550 22788 2958 7550 22789 2875 7550 22790 2958 7551 22791 2957 7551 22792 2847 7551 22793 2957 7552 22794 2956 7552 22795 2842 7552 22796 2956 7553 22797 2955 7553 22798 2837 7553 22799 2837 7554 22800 2955 7554 22801 2952 7554 22802 2892 7555 22803 2918 7555 22804 3055 7555 22805 3055 7556 22806 2918 7556 22807 2923 7556 22808 3056 7557 22809 2923 7557 22810 2928 7557 22811 3057 7558 22812 2928 7558 22813 2897 7558 22814 3058 7559 22815 2897 7559 22816 2896 7559 22817 3030 7560 22818 2896 7560 22819 2895 7560 22820 3025 7561 22821 2895 7561 22822 2894 7561 22823 2894 7562 22824 2891 7562 22825 3013 7562 22826 2954 7563 22827 2998 7563 22828 3036 7563 22829 2998 7564 22830 3003 7564 22831 3037 7564 22832 3003 7565 22833 3008 7565 22834 3038 7565 22835 3008 3709 22836 2978 3709 22837 3039 3709 22838 2978 3710 22839 2977 3710 22840 3069 3710 22841 2977 7566 22842 2976 7566 22843 3064 7566 22844 2976 7567 22845 2975 7567 22846 3059 7567 22847 2975 7568 22848 2953 7568 22849 3015 7568 22850 3075 7569 22851 3101 7569 22852 2994 7569 22853 2994 7570 22854 3101 7570 22855 3106 7570 22856 2995 7571 22857 3106 7571 22858 3111 7571 22859 2996 7572 22860 3111 7572 22861 3080 7572 22862 2997 7573 22863 3080 7573 22864 3079 7573 22865 2969 7574 22866 3079 7574 22867 3078 7574 22868 2964 7575 22869 3078 7575 22870 3077 7575 22871 3077 7576 22872 3074 7576 22873 2952 7576 22874 3137 7577 22875 3014 7577 22876 3040 7577 22877 3040 7578 22878 3045 7578 22879 3178 7578 22880 3045 7579 22881 3050 7579 22882 3179 7579 22883 3050 7580 22884 3019 7580 22885 3180 7580 22886 3019 7581 22887 3018 7581 22888 3152 7581 22889 3018 7582 22890 3017 7582 22891 3147 7582 22892 3017 7583 22893 3016 7583 22894 3142 7583 22895 3142 7584 22896 3016 7584 22897 3013 7584 22898 3076 7585 22899 3120 7585 22900 3158 7585 22901 3120 7586 22902 3125 7586 22903 3159 7586 22904 3125 7587 22905 3130 7587 22906 3160 7587 22907 3130 7588 22908 3100 7588 22909 3161 7588 22910 3100 7589 22911 3099 7589 22912 3191 7589 22913 3099 3735 22914 3098 3735 22915 3186 3735 22916 3098 7590 22917 3097 7590 22918 3181 7590 22919 3097 7591 22920 3075 7591 22921 3137 7591 22922 3076 7592 22923 3197 7592 22924 3223 7592 22925 3223 7593 22926 3228 7593 22927 3117 7593 22928 3228 7594 22929 3233 7594 22930 3118 7594 22931 3233 7595 22932 3202 7595 22933 3119 7595 22934 3202 7596 22935 3201 7596 22936 3091 7596 22937 3201 7597 22938 3200 7597 22939 3086 7597 22940 3200 7598 22941 3199 7598 22942 3081 7598 22943 3081 7599 22944 3199 7599 22945 3196 7599 22946 3136 7600 22947 3162 7600 22948 3299 7600 22949 3299 7601 22950 3162 7601 22951 3167 7601 22952 3300 7602 22953 3167 7602 22954 3172 7602 22955 3301 7603 22956 3172 7603 22957 3141 7603 22958 3302 7604 22959 3141 7604 22960 3140 7604 22961 3274 7605 22962 3140 7605 22963 3139 7605 22964 3269 7606 22965 3139 7606 22966 3138 7606 22967 3138 7607 22968 3135 7607 22969 3257 7607 22970 3258 7608 22971 3198 7608 22972 3242 7608 22973 3242 7609 22974 3247 7609 22975 3281 7609 22976 3247 7610 22977 3252 7610 22978 3282 7610 22979 3252 7611 22980 3222 7611 22981 3283 7611 22982 3222 7612 22983 3221 7612 22984 3313 7612 22985 3221 7613 22986 3220 7613 22987 3308 7613 22988 3220 7614 22989 3219 7614 22990 3303 7614 22991 3219 7615 22992 3197 7615 22993 3259 7615 22994 3319 7616 22995 3345 7616 22996 3238 7616 22997 3345 7617 22998 3350 7617 22999 3239 7617 23000 3239 7618 23001 3350 7618 23002 3355 7618 23003 3240 7619 23004 3355 7619 23005 3324 7619 23006 3241 7620 23007 3324 7620 23008 3323 7620 23009 3213 7621 23010 3323 7621 23011 3322 7621 23012 3322 7622 23013 3321 7622 23014 3203 7622 23015 3321 7623 23016 3318 7623 23017 3196 7623 23018 3258 7624 23019 3284 7624 23020 3421 7624 23021 3421 7625 23022 3284 7625 23023 3289 7625 23024 3289 7626 23025 3294 7626 23026 3423 7626 23027 3294 7627 23028 3263 7627 23029 3424 7627 23030 3424 7628 23031 3263 7628 23032 3262 7628 23033 3396 7629 23034 3262 7629 23035 3261 7629 23036 3391 7630 23037 3261 7630 23038 3260 7630 23039 3386 7631 23040 3260 7631 23041 3257 7631 23042 3320 7632 23043 3364 7632 23044 3402 7632 23045 3364 7633 23046 3369 7633 23047 3403 7633 23048 3369 7634 23049 3374 7634 23050 3404 7634 23051 3374 3781 23052 3344 3781 23053 3405 3781 23054 3344 7635 23055 3343 7635 23056 3435 7635 23057 3343 7636 23058 3342 7636 23059 3430 7636 23060 3342 7637 23061 3341 7637 23062 3425 7637 23063 3341 3785 23064 3319 3785 23065 3381 3785 23066 3441 7638 23067 3467 7638 23068 3360 7638 23069 3360 7639 23070 3467 7639 23071 3472 7639 23072 3472 7640 23073 3477 7640 23074 3362 7640 23075 3477 7641 23076 3446 7641 23077 3363 7641 23078 3446 7642 23079 3445 7642 23080 3335 7642 23081 3445 7643 23082 3444 7643 23083 3330 7643 23084 3330 7644 23085 3444 7644 23086 3443 7644 23087 3443 7645 23088 3440 7645 23089 3318 7645 23090 3380 7646 23091 3406 7646 23092 3543 7646 23093 3406 7647 23094 3411 7647 23095 3544 7647 23096 3544 7648 23097 3411 7648 23098 3416 7648 23099 3545 7649 23100 3416 7649 23101 3385 7649 23102 3546 7650 23103 3385 7650 23104 3384 7650 23105 3518 7651 23106 3384 7651 23107 3383 7651 23108 3383 7652 23109 3382 7652 23110 3508 7652 23111 3382 7653 23112 3379 7653 23113 3501 7653 23114 3442 7654 23115 3486 7654 23116 3524 7654 23117 3486 7655 23118 3491 7655 23119 3525 7655 23120 3491 7656 23121 3496 7656 23122 3526 7656 23123 3496 7657 23124 3466 7657 23125 3527 7657 23126 3466 3806 23127 3465 3806 23128 3557 3806 23129 3465 7658 23130 3464 7658 23131 3552 7658 23132 3464 7659 23133 3463 7659 23134 3547 7659 23135 3463 7660 23136 3441 7660 23137 3503 7660 23138 3563 7661 23139 3589 7661 23140 3482 7661 23141 3589 7662 23142 3594 7662 23143 3483 7662 23144 3483 7663 23145 3594 7663 23146 3599 7663 23147 3484 7664 23148 3599 7664 23149 3568 7664 23150 3485 7665 23151 3568 7665 23152 3567 7665 23153 3457 7666 23154 3567 7666 23155 3566 7666 23156 3566 7667 23157 3565 7667 23158 3447 7667 23159 3565 7668 23160 3562 7668 23161 3440 7668 23162 3502 7669 23163 3528 7669 23164 3665 7669 23165 3665 7670 23166 3528 7670 23167 3533 7670 23168 3533 7671 23169 3538 7671 23170 3667 7671 23171 3538 7672 23172 3507 7672 23173 3668 7672 23174 3507 7673 23175 3506 7673 23176 3640 7673 23177 3506 7674 23178 3505 7674 23179 3635 7674 23180 3635 7675 23181 3505 7675 23182 3504 7675 23183 3504 7676 23184 3501 7676 23185 3623 7676 23186 3564 7677 23187 3608 7677 23188 3646 7677 23189 3608 7678 23190 3613 7678 23191 3647 7678 23192 3613 7679 23193 3618 7679 23194 3648 7679 23195 3618 7680 23196 3588 7680 23197 3649 7680 23198 3588 7681 23199 3587 7681 23200 3679 7681 23201 3587 7682 23202 3586 7682 23203 3674 7682 23204 3586 7683 23205 3585 7683 23206 3669 7683 23207 3585 7684 23208 3563 7684 23209 3625 7684 23210 3685 7685 23211 3711 7685 23212 3604 7685 23213 3604 7686 23214 3711 7686 23215 3716 7686 23216 3716 7687 23217 3721 7687 23218 3606 7687 23219 3721 7688 23220 3690 7688 23221 3607 7688 23222 3607 7689 23223 3690 7689 23224 3689 7689 23225 3579 7690 23226 3689 7690 23227 3688 7690 23228 3574 7691 23229 3688 7691 23230 3687 7691 23231 3569 7692 23232 3687 7692 23233 3684 7692 23234 3624 7693 23235 3650 7693 23236 3787 7693 23237 3650 7694 23238 3655 7694 23239 3788 7694 23240 3788 7695 23241 3655 7695 23242 3660 7695 23243 3789 7696 23244 3660 7696 23245 3629 7696 23246 3790 7697 23247 3629 7697 23248 3628 7697 23249 3762 7698 23250 3628 7698 23251 3627 7698 23252 3627 7699 23253 3626 7699 23254 3752 7699 23255 3626 7700 23256 3623 7700 23257 3745 7700 23258 3686 7701 23259 3730 7701 23260 3768 7701 23261 3730 7702 23262 3735 7702 23263 3769 7702 23264 3735 7703 23265 3740 7703 23266 3770 7703 23267 3740 7704 23268 3710 7704 23269 3771 7704 23270 3710 7705 23271 3709 7705 23272 3801 7705 23273 3709 7706 23274 3708 7706 23275 3796 7706 23276 3708 7707 23277 3707 7707 23278 3791 7707 23279 3707 7708 23280 3685 7708 23281 3747 7708 23282 3807 7709 23283 3833 7709 23284 3726 7709 23285 3726 7710 23286 3833 7710 23287 3838 7710 23288 3727 7711 23289 3838 7711 23290 3843 7711 23291 3728 7712 23292 3843 7712 23293 3812 7712 23294 3729 7713 23295 3812 7713 23296 3811 7713 23297 3701 7714 23298 3811 7714 23299 3810 7714 23300 3696 7715 23301 3810 7715 23302 3809 7715 23303 3809 7716 23304 3806 7716 23305 3684 7716 23306 3869 7717 23307 3746 7717 23308 3772 7717 23309 3772 7718 23310 3777 7718 23311 3910 7718 23312 3777 7719 23313 3782 7719 23314 3911 7719 23315 3782 7720 23316 3751 7720 23317 3912 7720 23318 3751 7721 23319 3750 7721 23320 3884 7721 23321 3750 7722 23322 3749 7722 23323 3879 7722 23324 3749 7723 23325 3748 7723 23326 3874 7723 23327 3874 7724 23328 3748 7724 23329 3745 7724 23330 3808 7725 23331 3852 7725 23332 3890 7725 23333 3852 7726 23334 3857 7726 23335 3891 7726 23336 3857 7727 23337 3862 7727 23338 3892 7727 23339 3862 7728 23340 3832 7728 23341 3893 7728 23342 3832 7729 23343 3831 7729 23344 3923 7729 23345 3831 7730 23346 3830 7730 23347 3918 7730 23348 3830 3880 23349 3829 3880 23350 3913 3880 23351 3829 7731 23352 3807 7731 23353 3869 7731 23354 3808 7732 23355 25 7732 23356 51 7732 23357 51 7733 23358 56 7733 23359 3849 7733 23360 56 7734 23361 61 7734 23362 3850 7734 23363 61 7735 23364 30 7735 23365 3851 7735 23366 30 7736 23367 29 7736 23368 3823 7736 23369 29 7737 23370 28 7737 23371 3818 7737 23372 28 7738 23373 27 7738 23374 3813 7738 23375 3813 7739 23376 27 7739 23377 24 7739 23378 3868 7740 23379 3894 7740 23380 127 7740 23381 127 7741 23382 3894 7741 23383 3899 7741 23384 128 7742 23385 3899 7742 23386 3904 7742 23387 129 7743 23388 3904 7743 23389 3873 7743 23390 130 7744 23391 3873 7744 23392 3872 7744 23393 102 7745 23394 3872 7745 23395 3871 7745 23396 97 7746 23397 3871 7746 23398 3870 7746 23399 3870 7747 23400 3867 7747 23401 85 7747 23402 3806 25 23403 24 25 23404 146 25 23405 146 7748 23406 268 7748 23407 390 7748 23408 390 25 23409 512 25 23410 634 25 23411 634 25 23412 756 25 23413 390 25 23414 756 25 23415 878 25 23416 390 25 23417 878 25 23418 1000 25 23419 1122 25 23420 1122 7749 23421 1244 7749 23422 1366 7749 23423 1366 25 23424 1488 25 23425 1610 25 23426 1610 25 23427 1732 25 23428 1366 25 23429 1732 7750 23430 1854 7750 23431 1366 7750 23432 1854 25 23433 1976 25 23434 2098 25 23435 2098 25 23436 2220 25 23437 2342 25 23438 2342 25 23439 2464 25 23440 2586 25 23441 2586 25 23442 2708 25 23443 2342 25 23444 2708 25 23445 2830 25 23446 2342 25 23447 2830 25 23448 2952 25 23449 3074 25 23450 3074 7751 23451 3196 7751 23452 3318 7751 23453 3318 25 23454 3440 25 23455 3562 25 23456 3562 7752 23457 3684 7752 23458 3318 7752 23459 3684 7753 23460 3806 7753 23461 3318 7753 23462 3806 25 23463 146 25 23464 390 25 23465 878 25 23466 1122 25 23467 1366 25 23468 1854 25 23469 2098 25 23470 2342 25 23471 2830 25 23472 3074 25 23473 3318 25 23474 3806 7754 23475 390 7754 23476 878 7754 23477 878 7755 23478 1366 7755 23479 1854 7755 23480 1854 7756 23481 2342 7756 23482 2830 7756 23483 2830 7757 23484 3318 7757 23485 3806 7757 23486 3806 7758 23487 878 7758 23488 1854 7758 23489 16 0 23490 3 0 23491 1 0 23492 22 1 23493 17 1 23494 13 1 23495 9 2 23496 4 2 23497 15 2 23498 5 3 23499 11 3 23500 7 3 23501 10 4 23502 23 4 23503 19 4 23504 0 7759 23505 2 7759 23506 7 7759 23507 3 7760 23508 5 7760 23509 2 7760 23510 9 7761 23511 11 7761 23512 5 7761 23513 8 7762 23514 7 7762 23515 11 7762 23516 6 7763 23517 8 7763 23518 19 7763 23519 21 7764 23520 23 7764 23521 10 7764 23522 20 7765 23523 19 7765 23524 23 7765 23525 18 7766 23526 20 7766 23527 13 7766 23528 15 7767 23529 17 7767 23530 22 7767 23531 14 7768 23532 13 7768 23533 17 7768 23534 12 7769 23535 14 7769 23536 1 7769 23537 4 7770 23538 3 7770 23539 16 7770 23540 18 25 23541 12 25 23542 0 25 23543</p>
        </triangles>
      </mesh>
    </geometry>
  </library_geometries>
  <library_visual_scenes>
    <visual_scene id="Scene" name="Scene">
      <node id="left_ankle" name="left_ankle" type="NODE">
        <matrix sid="transform">-0.01327659 0.001066495 4.23748e-10 -9.9681e-5 -0.001058913 -0.0131822 -0.001585421 0.01371535 -1.26946e-4 -0.001580331 0.01322466 -0.01550036 0 0 0 1</matrix>
        <instance_geometry url="#Cube_001-mesh" name="left_ankle">
          <bind_material>
            <technique_common>
              <instance_material symbol="Material_001-material" target="#Material_001-material"/>
            </technique_common>
          </bind_material>
        </instance_geometry>
      </node>
    </visual_scene>
  </library_visual_scenes>
  <scene>
    <instance_visual_scene url="#Scene"/>
  </scene>
</COLLADA>