<?xml version="1.0" encoding="utf-8"?>
<COLLADA xmlns="http://www.collada.org/2005/11/COLLADASchema" version="1.4.1" xmlns:xsi="http://www.w3.org/2001/XMLSchema-instance">
  <asset>
    <contributor>
      <author>Blender User</author>
      <authoring_tool>Blender 4.4.3 commit date:2025-04-29, commit time:14:09, hash:802179c51ccc</authoring_tool>
    </contributor>
    <created>2025-07-02T16:25:51</created>
    <modified>2025-07-02T16:25:51</modified>
    <unit name="meter" meter="1"/>
    <up_axis>Z_UP</up_axis>
  </asset>
  <library_effects>
    <effect id="Material_002-effect">
      <profile_COMMON>
        <technique sid="common">
          <lambert>
            <emission>
              <color sid="emission">0 0 0 1</color>
            </emission>
            <diffuse>
              <color sid="diffuse">0.05353785 0.1706471 0.8000938 1</color>
            </diffuse>
            <index_of_refraction>
              <float sid="ior">1.5</float>
            </index_of_refraction>
          </lambert>
        </technique>
      </profile_COMMON>
    </effect>
  </library_effects>
  <library_images/>
  <library_materials>
    <material id="Material_002-material" name="Material.002">
      <instance_effect url="#Material_002-effect"/>
    </material>
  </library_materials>
  <library_geometries>
    <geometry id="Cube_002-mesh" name="Cube.002">
      <mesh>
        <source id="Cube_002-mesh-positions">
          <float_array id="Cube_002-mesh-positions-array" count="11784">-0.6352034 -0.6352034 -1 -0.6352034 -1 -0.6352034 -1 -0.6352034 -0.6352034 -0.6352034 -1 0.6352034 -0.6352034 -0.6352034 1 -1 -0.6352034 0.6352034 -0.6352034 0.6352034 -1 -1 0.6352034 -0.6352034 -0.6352034 1 -0.6352034 -0.6352034 0.6352034 1 -0.6352034 1 0.6352034 -1 0.6352034 0.6352034 0.6352034 -0.6352034 -1 1 -0.6352034 -0.6352034 0.6352034 -1 -0.6352034 0.6352034 -0.6352034 1 0.6352034 -1 0.6352034 1 -0.6352034 0.6352034 0.6352034 0.6352034 -1 0.6352034 1 -0.6352034 1 0.6352034 -0.6352034 0.6352034 0.6352034 1 1 0.6352034 0.6352034 0.6352034 1 0.6352034 0.1113413 -2.369761 1.041694 0.2898253 -2.590075 -0.5250383 -0.06714272 -2.590075 -0.5250383 0.1320121 -2.414629 1.01159 0.1549804 -2.457362 0.9224324 0.1793634 -2.496315 0.7776513 0.2042241 -2.529992 0.582809 0.0906704 -2.414629 1.01159 0.1111078 -2.449243 0.9225326 0.1329882 -2.483357 0.8421407 0.1554571 -2.514339 0.7200255 0.1771935 -2.540669 0.549767 0.06770211 -2.457362 0.9224324 0.08928579 -2.482578 0.8306642 0.1112537 -2.507884 0.751308 0.1325103 -2.530712 0.6487184 0.151507 -2.550311 0.5051055 0.04331916 -2.496315 0.7776513 0.06699186 -2.513715 0.7108436 0.09011387 -2.530556 0.6464229 0.1113413 -2.545339 0.5648255 0.1282754 -2.558507 0.446383 0.1113413 -2.563413 0.3845115 0.2515752 -2.594263 -0.5250383 0.2079361 -2.597375 -0.5250383 0.1605849 -2.599291 -0.5250383 0.1113413 -2.599938 -0.5250383 0.2722461 -2.587729 -0.2193851 0.2328185 -2.586009 -0.2260985 0.1939578 -2.588519 -0.2270989 0.153139 -2.590695 -0.2284159 0.1114945 -2.591651 -0.2291541 0.2515752 -2.576595 0.07452344 0.2151889 -2.575659 0.06113195 0.1801529 -2.578389 0.05431509 0.145621 -2.581255 0.04485559 0.1113796 -2.58271 0.03946447 0.228607 -2.557099 0.3453908 0.1968756 -2.560827 0.324945 0.1666953 -2.565928 0.3026776 0.1385176 -2.570502 0.2714238 0.1113413 -2.572658 0.253551 -0.04956352 -2.587729 -0.2193851 -0.02889263 -2.576595 0.07452344 -0.005924403 -2.557099 0.3453908 0.01845854 -2.529992 0.582809 -0.02889263 -2.594263 -0.5250383 -0.009902298 -2.587192 -0.2222957 0.007078051 -2.57768 0.06683683 0.02542769 -2.562207 0.3287482 0.04533588 -2.540858 0.5484223 0.01474642 -2.597375 -0.5250383 0.02954918 -2.588567 -0.2261486 0.0426172 -2.578833 0.05574083 0.0558924 -2.566273 0.3036275 0.07113718 -2.550358 0.5047679 0.06209766 -2.599291 -0.5250383 0.07015633 -2.590497 -0.2284159 0.07721465 -2.581206 0.04485559 0.08416491 -2.570502 0.2714238 0.09440714 -2.558507 0.446383 0.1113413 -2.369761 -17.01493 -0.06714272 -2.590075 -15.4482 0.2898253 -2.590075 -15.4482 0.0906704 -2.414629 -16.98483 0.06770211 -2.457362 -16.89567 0.04331916 -2.496315 -16.75089 0.01845854 -2.529992 -16.55605 0.1320121 -2.414629 -16.98483 0.1115748 -2.449243 -16.89577 0.08969438 -2.483357 -16.81538 0.06722539 -2.514339 -16.69326 0.04548907 -2.540669 -16.52301 0.1549804 -2.457362 -16.89567 0.1333968 -2.482578 -16.8039 0.1114289 -2.507884 -16.72455 0.09017223 -2.530712 -16.62196 0.07117551 -2.550311 -16.47834 0.1793634 -2.496315 -16.75089 0.1556907 -2.513715 -16.68408 0.1325687 -2.530556 -16.61966 0.1113413 -2.545339 -16.53807 0.09440714 -2.558507 -16.41962 0.1113413 -2.563413 -16.35775 -0.02889263 -2.594263 -15.4482 0.01474642 -2.597375 -15.4482 0.06209766 -2.599291 -15.4482 0.1113413 -2.599938 -15.4482 -0.04956352 -2.587729 -15.75385 -0.01013588 -2.586009 -15.74714 0.02872478 -2.588519 -15.74614 0.06954354 -2.590695 -15.74482 0.1111881 -2.591651 -15.74409 -0.02889263 -2.576595 -16.04776 0.007493615 -2.575659 -16.03437 0.04252964 -2.578389 -16.02755 0.07706153 -2.581255 -16.0181 0.111303 -2.58271 -16.0127 -0.005924403 -2.557099 -16.31863 0.0258069 -2.560827 -16.29818 0.05598723 -2.565928 -16.27592 0.08416491 -2.570502 -16.24466 0.1113413 -2.572658 -16.22679 0.2722461 -2.587729 -15.75385 0.2515752 -2.576595 -16.04776 0.228607 -2.557099 -16.31863 0.2042241 -2.529992 -16.55605 0.2515752 -2.594263 -15.4482 0.2325849 -2.587192 -15.75094 0.2156046 -2.57768 -16.04008 0.1972548 -2.562207 -16.30199 0.1773467 -2.540858 -16.52166 0.2079361 -2.597375 -15.4482 0.1931334 -2.588567 -15.74709 0.1800653 -2.578833 -16.02898 0.1667901 -2.566273 -16.27687 0.1515454 -2.550358 -16.47801 0.1605849 -2.599291 -15.4482 0.1525263 -2.590497 -15.74482 0.1454679 -2.581206 -16.0181 0.1385176 -2.570502 -16.24466 0.1282754 -2.558507 -16.41962 -0.05512464 -2.347551 1.041694 0.08820104 -2.610801 -0.5250383 -0.2619081 -2.516462 -0.5250383 -0.04131269 -2.39702 1.01159 -0.02493995 -2.445002 0.9224324 -0.006635427 -2.48965 0.7776513 0.01289743 -2.52925 0.582809 -0.08186024 -2.386095 1.01159 -0.06680041 -2.425444 0.9225326 -0.05025345 -2.464685 0.8421407 -0.03267806 -2.50101 0.7200255 -0.01515132 -2.532578 0.549767 -0.1105413 -2.421936 0.9224324 -0.09300386 -2.452371 0.8306642 -0.07510256 -2.482996 0.751308 -0.05754196 -2.511004 0.6487184 -0.04173272 -2.535247 0.5051055 -0.1400656 -2.453697 0.7776513 -0.1193538 -2.477019 0.7108436 -0.09910136 -2.499647 0.6464229 -0.08041089 -2.519756 0.5648255 -0.0656985 -2.537146 0.446383 -0.08301383 -2.537482 0.3845115 0.0500828 -2.604799 -0.5250383 0.00683391 -2.596319 -0.5250383 -0.03988337 -2.585685 -0.5250383 -0.088274 -2.573306 -0.5250383 0.07129746 -2.603854 -0.2193851 0.032875 -2.591748 -0.2260985 -0.005600273 -2.583939 -0.2270989 -0.0459482 -2.575286 -0.2284159 -0.08693027 -2.565218 -0.2291541 0.05262732 -2.587471 0.07452344 0.01707482 -2.576937 0.06113195 -0.01768106 -2.570356 0.05431509 -0.05196213 -2.564041 0.04485559 -0.08575516 -2.556418 0.03946447 0.03290802 -2.562281 0.3453908 0.001249551 -2.557551 0.324945 -0.02908557 -2.554578 0.3026776 -0.05738061 -2.551618 0.2714238 -0.08434528 -2.546549 0.253551 -0.244329 -2.518807 -0.2193851 -0.2224517 -2.51335 0.07452344 -0.1971171 -2.500299 0.3453908 -0.1692988 -2.480157 0.582809 -0.2249962 -2.530678 -0.5250383 -0.2053524 -2.528762 -0.2222957 -0.1873283 -2.523921 0.06683683 -0.167103 -2.513595 0.3287482 -0.1445026 -2.497917 0.5484223 -0.1826437 -2.545263 -0.5250383 -0.166857 -2.540537 -0.2261486 -0.1526381 -2.534443 0.05574083 -0.137809 -2.525634 0.3036275 -0.1205652 -2.514053 0.5047679 -0.1364783 -2.559657 -0.5250383 -0.1273081 -2.553162 -0.2284159 -0.1190471 -2.545914 0.04485559 -0.110689 -2.537253 0.2714238 -0.09891605 -2.528195 0.446383 -0.05512464 -2.347551 -17.01493 -0.2619081 -2.516462 -15.4482 0.08820104 -2.610801 -15.4482 -0.08186024 -2.386095 -16.98483 -0.1105413 -2.421936 -16.89567 -0.1400656 -2.453697 -16.75089 -0.1692988 -2.480157 -16.55605 -0.04131269 -2.39702 -16.98483 -0.06634223 -2.425567 -16.89577 -0.09271544 -2.453244 -16.81538 -0.1192146 -2.477692 -16.69326 -0.1443251 -2.497772 -16.52301 -0.02493995 -2.445002 -16.89567 -0.04974031 -2.464029 -16.8039 -0.07493066 -2.483043 -16.72455 -0.09906667 -2.499815 -16.62196 -0.1205209 -2.514017 -16.47834 -0.006635427 -2.48965 -16.75089 -0.03235918 -2.50046 -16.68408 -0.05746215 -2.510867 -16.61966 -0.08041089 -2.519756 -16.53807 -0.09891605 -2.528195 -16.41962 -0.08301383 -2.537482 -16.35775 -0.2249962 -2.530678 -15.4482 -0.1826437 -2.545263 -15.4482 -0.1364783 -2.559657 -15.4482 -0.08827412 -2.573306 -15.4482 -0.244329 -2.518807 -15.75385 -0.2054111 -2.527541 -15.74714 -0.1676584 -2.540271 -15.74614 -0.1279374 -2.553194 -15.74482 -0.0872308 -2.565137 -15.74409 -0.2224517 -2.51335 -16.04776 -0.1866297 -2.522048 -16.03437 -0.1526601 -2.533985 -16.02755 -0.1192045 -2.545922 -16.0181 -0.08583039 -2.556398 -16.0127 -0.1971171 -2.500299 -16.31863 -0.1665323 -2.512341 -16.29818 -0.1376664 -2.52532 -16.27592 -0.110689 -2.537253 -16.24466 -0.08434528 -2.546549 -16.22679 0.07129746 -2.603854 -15.75385 0.05262726 -2.587471 -16.04776 0.03290802 -2.562281 -16.31863 0.01289743 -2.52925 -16.55605 0.05008274 -2.604799 -15.4482 0.03247565 -2.592846 -15.75094 0.01719146 -2.579029 -16.04008 0.001422643 -2.559005 -16.30199 -0.01502823 -2.532804 -16.52166 0.00683391 -2.596319 -15.4482 -0.006415843 -2.583769 -15.74709 -0.01783084 -2.570768 -16.02898 -0.02904224 -2.554941 -16.27687 -0.04170203 -2.535303 -16.47801 -0.03988337 -2.585685 -15.4482 -0.04652076 -2.574931 -15.74482 -0.0521053 -2.563952 -16.0181 -0.05738061 -2.551618 -16.24466 -0.0656985 -2.537146 -16.41962 -0.2151936 -2.281774 1.041694 -0.1125341 -2.577844 -0.5250383 -0.4423297 -2.392792 -0.5250383 -0.2087715 -2.333943 1.01159 -0.1996234 -2.38533 0.9224324 -0.1881006 -2.433958 0.7776513 -0.1746461 -2.477959 0.582809 -0.2469664 -2.312512 1.01159 -0.2378628 -2.355085 0.9225326 -0.2272853 -2.397946 0.8421407 -0.2152789 -2.438217 0.7200255 -0.2026353 -2.47381 0.549767 -0.2802581 -2.340085 0.9224324 -0.2674407 -2.37457 0.8306642 -0.254294 -2.409338 0.751308 -0.2411044 -2.441448 0.6487184 -0.2290902 -2.469403 0.5051055 -0.3137891 -2.363432 0.7776513 -0.2968341 -2.39178 0.7108436 -0.2802296 -2.419325 0.6464229 -0.2647942 -2.443988 0.5648255 -0.252869 -2.464932 0.446383 -0.2699001 -2.460686 0.3845124 -0.1490557 -2.561884 -0.5250397 -0.1902521 -2.542137 -0.5250397 -0.2345404 -2.519361 -0.5250397 -0.2802184 -2.494431 -0.5250397 -0.1281124 -2.566564 -0.2193851 -0.1640532 -2.544536 -0.2260994 -0.2006645 -2.526708 -0.2270989 -0.238991 -2.507559 -0.2284159 -0.2777356 -2.486854 -0.2291545 -0.1440645 -2.545561 0.07452344 -0.1774168 -2.525834 0.06113195 -0.2105571 -2.510194 0.05431509 -0.2432699 -2.49494 0.04485559 -0.2753159 -2.478533 0.03946447 -0.159777 -2.515643 0.3453908 -0.190146 -2.502638 0.324945 -0.21947 -2.491705 0.3026776 -0.2467951 -2.481324 0.2714238 -0.2725117 -2.469227 0.253551 -0.4254261 -2.399738 -0.2193851 -0.4031832 -2.400167 0.07452344 -0.3764559 -2.394062 0.3453908 -0.3462712 -2.381659 0.582809 -0.4081743 -2.41649 -0.5250397 -0.3886322 -2.419802 -0.2222957 -0.3702573 -2.419816 0.06683683 -0.3489333 -2.415034 0.3287482 -0.3245093 -2.40563 0.5484223 -0.3687362 -2.441987 -0.5250397 -0.3525722 -2.441524 -0.2261486 -0.337749 -2.439305 0.05574083 -0.3219362 -2.434584 0.3036275 -0.3033559 -2.427783 0.5047679 -0.3255308 -2.468305 -0.5250397 -0.3156013 -2.464358 -0.2284159 -0.3064553 -2.459433 0.04485559 -0.2970106 -2.453147 0.2714238 -0.2841594 -2.447375 0.446383 -0.2151936 -2.281774 -17.01493 -0.4423296 -2.392792 -15.4482 -0.1125341 -2.577844 -15.4482 -0.2469664 -2.312512 -16.98483 -0.2802581 -2.340085 -16.89567 -0.3137893 -2.363432 -16.75089 -0.3462713 -2.381659 -16.55605 -0.2087715 -2.333943 -16.98483 -0.2374314 -2.355327 -16.89577 -0.2672836 -2.375502 -16.81538 -0.2967947 -2.392478 -16.69326 -0.3243144 -2.405535 -16.52301 -0.1996235 -2.38533 -16.89567 -0.2266876 -2.397437 -16.8039 -0.2541323 -2.409429 -16.72455 -0.2802197 -2.4195 -16.62196 -0.3033071 -2.427759 -16.47834 -0.1881006 -2.433958 -16.75089 -0.214887 -2.437762 -16.68408 -0.2410064 -2.441334 -16.61966 -0.2647942 -2.443988 -16.53807 -0.2841594 -2.447375 -16.41962 -0.2699001 -2.460686 -16.35775 -0.4081743 -2.41649 -15.4482 -0.3687363 -2.441987 -15.4482 -0.3255308 -2.468305 -15.4482 -0.2802184 -2.494431 -15.4482 -0.4254261 -2.399738 -15.75385 -0.3885139 -2.418589 -15.74714 -0.35332 -2.441051 -15.74614 -0.3162233 -2.464223 -15.74482 -0.2780188 -2.486695 -15.74409 -0.4031832 -2.400167 -16.04776 -0.3693024 -2.418165 -16.03437 -0.3377045 -2.43885 -16.02755 -0.3066108 -2.459399 -16.0181 -0.2753867 -2.478493 -16.0127 -0.3764559 -2.394062 -16.31863 -0.3481931 -2.413956 -16.29818 -0.3217512 -2.434314 -16.27592 -0.2970106 -2.453147 -16.24466 -0.2725118 -2.469227 -16.22679 -0.1281124 -2.566564 -15.75385 -0.1440645 -2.545561 -16.04776 -0.159777 -2.515643 -16.31863 -0.1746463 -2.477959 -16.55605 -0.1490557 -2.561884 -15.4482 -0.1646031 -2.545507 -15.75094 -0.1776036 -2.527916 -16.04008 -0.1901855 -2.504109 -16.30199 -0.2025472 -2.474064 -16.52166 -0.1902522 -2.542137 -15.4482 -0.2014399 -2.526326 -15.74709 -0.2107633 -2.510558 -16.02898 -0.21948 -2.492073 -16.27687 -0.2290683 -2.469466 -16.47801 -0.2345405 -2.519361 -15.4482 -0.2395014 -2.507059 -15.74482 -0.2433976 -2.494815 -16.0181 -0.2467952 -2.481324 -16.24466 -0.2528691 -2.464932 -16.41962 -0.3627141 -2.174959 1.041694 -0.3046658 -2.49247 -0.5250383 -0.6014739 -2.223817 -0.5250383 -0.3639286 -2.227823 1.01159 -0.3623566 -2.28064 0.9224324 -0.3580585 -2.331378 0.7776513 -0.3511995 -2.37809 0.582809 -0.3983032 -2.196709 1.01159 -0.3955056 -2.24087 0.9225326 -0.3913039 -2.285703 0.8421407 -0.3853279 -2.328373 0.7200255 -0.3780533 -2.366624 0.549767 -0.4349261 -2.214954 0.9224324 -0.4273214 -2.252164 0.8306642 -0.4194343 -2.289738 0.751308 -0.4111225 -2.324717 0.6487184 -0.4033652 -2.35531 0.5051055 -0.4711753 -2.228992 0.7776513 -0.4586285 -2.261276 0.7108436 -0.44631 -2.29268 0.6464229 -0.4347229 -2.320947 0.5648255 -0.4260432 -2.344641 0.446383 -0.4421355 -2.335975 0.3845115 -0.3381872 -2.467166 -0.5250383 -0.3757482 -2.436911 -0.5250383 -0.4159052 -2.402868 -0.5250383 -0.4571152 -2.366345 -0.5250383 -0.3183203 -2.47729 -0.2193851 -0.3503981 -2.446187 -0.2260985 -0.3837385 -2.419026 -0.2270989 -0.4185707 -2.390116 -0.2284159 -0.4535889 -2.359569 -0.2291541 -0.3309411 -2.452475 0.07452344 -0.3608115 -2.424313 0.06113195 -0.3910626 -2.400215 0.05431509 -0.4209502 -2.376609 0.04485559 -0.4500175 -2.352048 0.03946447 -0.3420431 -2.41898 0.3453908 -0.3699554 -2.398198 0.324945 -0.3971417 -2.379726 0.3026776 -0.4224467 -2.362323 0.2714238 -0.445927 -2.343662 0.253551 -0.5858957 -2.235096 -0.2193851 -0.5641419 -2.241395 0.07452344 -0.537049 -2.242472 0.3453908 -0.505658 -2.238283 0.582809 -0.5713879 -2.256086 -0.5250383 -0.5526983 -2.264499 -0.2222957 -0.5346785 -2.269369 0.06683683 -0.5130754 -2.270314 0.3287482 -0.4877665 -2.267546 0.5484223 -0.5363796 -2.291516 -0.5250383 -0.5204594 -2.295334 -0.2261486 -0.5056015 -2.297075 0.05574083 -0.4894125 -2.296623 0.3036275 -0.4702097 -2.294863 0.5047679 -0.4977945 -2.328746 -0.5250383 -0.4874874 -2.327499 -0.2284159 -0.4778078 -2.325086 0.04485559 -0.4676393 -2.321417 0.2714238 -0.4542037 -2.319152 0.446383 -0.3627141 -2.174959 -17.01493 -0.6014739 -2.223817 -15.4482 -0.3046658 -2.49247 -15.4482 -0.3983032 -2.196709 -16.98483 -0.4349261 -2.214954 -16.89567 -0.4711753 -2.228992 -16.75089 -0.505658 -2.238283 -16.55605 -0.3639286 -2.227823 -16.98483 -0.3951173 -2.241221 -16.89577 -0.4273015 -2.25312 -16.81538 -0.4586901 -2.26197 -16.69326 -0.4875615 -2.267504 -16.52301 -0.3623566 -2.28064 -16.89567 -0.3906443 -2.285362 -16.8039 -0.4192888 -2.28987 -16.72455 -0.4463254 -2.292853 -16.62196 -0.4701585 -2.294852 -16.47834 -0.3580585 -2.331378 -16.75089 -0.3848779 -2.32803 -16.68408 -0.4110099 -2.324631 -16.61966 -0.4347229 -2.320947 -16.53807 -0.4542037 -2.319152 -16.41962 -0.4421355 -2.335975 -16.35775 -0.5713879 -2.256086 -15.4482 -0.5363796 -2.291516 -15.4482 -0.4977945 -2.328746 -15.4482 -0.4571152 -2.366345 -15.4482 -0.5858957 -2.235096 -15.75385 -0.5524074 -2.26334 -15.74714 -0.5211248 -2.294672 -15.74614 -0.4880778 -2.327202 -15.74482 -0.4538436 -2.359339 -15.74409 -0.5641419 -2.241395 -16.04776 -0.5335041 -2.268002 -16.03437 -0.5054924 -2.29664 -16.02755 -0.4779555 -2.325011 -16.0181 -0.4500812 -2.351991 -16.0127 -0.537049 -2.242472 -16.31863 -0.5121942 -2.269452 -16.29818 -0.4891921 -2.296407 -16.27592 -0.4676393 -2.321417 -16.24466 -0.445927 -2.343662 -16.22679 -0.3183203 -2.47729 -15.75385 -0.3309411 -2.452475 -16.04776 -0.3420431 -2.41898 -16.31863 -0.3511995 -2.37809 -16.55605 -0.3381872 -2.467166 -15.4482 -0.3510773 -2.446995 -15.75094 -0.3612947 -2.426306 -16.04008 -0.3702062 -2.399631 -16.30199 -0.3780035 -2.366897 -16.52166 -0.3757482 -2.436911 -15.4482 -0.3844441 -2.418447 -15.74709 -0.3913173 -2.400518 -16.02898 -0.3972044 -2.380084 -16.27687 -0.4033527 -2.355378 -16.47801 -0.4159052 -2.402868 -15.4482 -0.4189993 -2.389491 -15.74482 -0.4210573 -2.376453 -16.0181 -0.4224467 -2.362323 -16.24466 -0.4260432 -2.344641 -16.41962 -0.4920166 -2.03121 1.041694 -0.4808105 -2.357961 -0.5250383 -0.7332251 -2.01603 -0.5250383 -0.5008211 -2.082737 1.01159 -0.5068858 -2.134954 0.9224324 -0.5099776 -2.185854 0.7776513 -0.5099776 -2.233481 0.582809 -0.5300543 -2.043137 1.01159 -0.5336704 -2.087189 0.9225326 -0.5360061 -2.13227 0.8421407 -0.5362902 -2.1757 0.7200255 -0.5346641 -2.215139 0.549767 -0.5686008 -2.051352 0.9224324 -0.5665013 -2.089857 0.8306642 -0.5641771 -2.128794 0.751308 -0.5610625 -2.165297 0.6487184 -0.5578601 -2.197352 0.5051055 -0.6061754 -2.055541 0.7776513 -0.598519 -2.09052 0.7108436 -0.59096 -2.124577 0.6464229 -0.5836666 -2.155363 0.5648255 -0.5785659 -2.180895 0.446383 -0.5931009 -2.168143 0.3845115 -0.5100436 -2.324284 -0.5250383 -0.5425256 -2.284684 -0.5250383 -0.5770084 -2.240682 -0.5250383 -0.6121666 -2.19397 -0.5250383 -0.4920166 -2.339464 -0.2193851 -0.5189986 -2.300481 -0.2260985 -0.547787 -2.265032 -0.2270989 -0.5777862 -2.227471 -0.2284159 -0.6077323 -2.188257 -0.2291541 -0.5008211 -2.311791 0.07452344 -0.5260617 -2.276276 0.06113195 -0.5522612 -2.244646 0.05431509 -0.5781747 -2.213595 0.04485559 -0.6031463 -2.181824 0.03946447 -0.5068858 -2.276005 0.3453908 -0.531269 -2.248246 0.324945 -0.5552725 -2.222944 0.3026776 -0.5775849 -2.199188 0.2714238 -0.5979266 -2.17468 0.253551 -0.7195705 -2.03121 -0.2193851 -0.699142 -2.043137 0.07452344 -0.6727246 -2.051352 0.3453908 -0.6413337 -2.055541 0.582809 -0.7083645 -2.05563 -0.5250383 -0.6912456 -2.068821 -0.2222957 -0.6742733 -2.07836 0.06683683 -0.6532216 -2.084996 0.3287482 -0.6280001 -2.088969 0.5484223 -0.6791315 -2.099632 -0.5250383 -0.6640669 -2.107583 -0.2261486 -0.6497451 -2.113217 0.05574083 -0.6338021 -2.117053 0.3036275 -0.6147149 -2.120401 0.5047679 -0.6466494 -2.146343 -0.5250383 -0.6363608 -2.147845 -0.2284159 -0.6265196 -2.148036 0.04485559 -0.6160181 -2.147125 0.2714238 -0.6025144 -2.148453 0.446383 -0.4920166 -2.03121 -17.01493 -0.7332251 -2.01603 -15.4482 -0.4808105 -2.357961 -15.4482 -0.5300543 -2.043137 -16.98483 -0.5686008 -2.051352 -16.89567 -0.6061754 -2.055541 -16.75089 -0.6413337 -2.055541 -16.55605 -0.5008211 -2.082737 -16.98483 -0.53334 -2.087636 -16.89577 -0.5666193 -2.0908 -16.81538 -0.5986795 -2.091185 -16.69326 -0.6277932 -2.088982 -16.52301 -0.5068858 -2.134954 -16.89567 -0.5353101 -2.13211 -16.8039 -0.5640533 -2.128962 -16.72455 -0.5910001 -2.124742 -16.62196 -0.6146632 -2.120404 -16.47834 -0.5099776 -2.185854 -16.75089 -0.5357996 -2.175483 -16.68408 -0.5609399 -2.165243 -16.61966 -0.5836666 -2.155363 -16.53807 -0.6025145 -2.148453 -16.41962 -0.593101 -2.168143 -16.35775 -0.7083645 -2.05563 -15.4482 -0.6791315 -2.099632 -15.4482 -0.6466494 -2.146343 -15.4482 -0.6121666 -2.19397 -15.4482 -0.7195705 -2.03121 -15.75385 -0.6907934 -2.067761 -15.74714 -0.6646243 -2.106759 -15.74614 -0.6368972 -2.147397 -15.74482 -0.607949 -2.187963 -15.74409 -0.699142 -2.043137 -16.04776 -0.6729246 -2.077329 -16.03437 -0.6495755 -2.11282 -16.02755 -0.6266537 -2.147923 -16.0181 -0.6032005 -2.181751 -16.0127 -0.6727246 -2.051352 -16.31863 -0.652233 -2.084383 -16.29818 -0.6335551 -2.116899 -16.27592 -0.6160181 -2.147125 -16.24466 -0.5979267 -2.17468 -16.22679 -0.4920166 -2.339464 -15.75385 -0.5008211 -2.311791 -16.04776 -0.5068858 -2.276005 -16.31863 -0.5099776 -2.233481 -16.55605 -0.5100436 -2.324284 -15.4482 -0.5197812 -2.301094 -15.75094 -0.5268227 -2.278102 -16.04008 -0.5317213 -2.249585 -16.30199 -0.5346544 -2.215419 -16.52166 -0.5425256 -2.284684 -15.4482 -0.5483954 -2.264276 -15.74709 -0.5525546 -2.244876 -16.02898 -0.5553856 -2.223278 -16.27687 -0.5578577 -2.197422 -16.47801 -0.5770084 -2.240682 -15.4482 -0.5781165 -2.226745 -15.74482 -0.5782573 -2.213413 -16.0181 -0.5775849 -2.199188 -16.24466 -0.5785659 -2.180895 -16.41962 -0.5981324 -1.856052 1.041694 -0.6341992 -2.179486 -0.5250383 -0.8325201 -1.777417 -0.5250383 -0.6141885 -1.904262 1.01159 -0.6276568 -1.953873 0.9224324 -0.6380195 -2.002978 0.7776513 -0.6448786 -2.049689 0.582809 -0.6371569 -1.857697 1.01159 -0.6470476 -1.899946 0.9225326 -0.655831 -1.943544 0.8421407 -0.6623643 -1.986065 0.7200255 -0.6664492 -2.025175 0.549767 -0.6761461 -1.855567 0.9224324 -0.6796321 -1.893887 0.8306642 -0.6829601 -1.93269 0.751308 -0.6851625 -1.969315 0.6487184 -0.686638 -2.0016 0.5051055 -0.7136017 -1.849745 0.7776513 -0.7111301 -1.886076 0.7108436 -0.7086209 -1.921475 0.6464229 -0.7059015 -1.953598 0.5648255 -0.7045759 -1.979987 0.446383 -0.7169951 -1.963639 0.3845115 -0.6580206 -2.13873 -0.5250383 -0.6841754 -2.091306 -0.5250383 -0.7116587 -2.039037 -0.5250383 -0.7394141 -1.983931 -0.5250383 -0.642526 -2.158383 -0.2193851 -0.6633755 -2.113018 -0.2260985 -0.6865054 -2.070641 -0.2270989 -0.7105189 -2.025875 -0.2284159 -0.7342422 -1.9795 -0.2291541 -0.6471761 -2.128914 0.07452344 -0.666817 -2.087411 0.06113195 -0.6879577 -2.049465 0.05431509 -0.7089015 -2.012162 0.04485559 -0.7288178 -1.974403 0.03946447 -0.6479704 -2.092213 0.3453908 -0.6678874 -2.058544 0.324945 -0.6877858 -2.027384 0.3026776 -0.7062483 -1.998188 0.2714238 -0.7226696 -1.968775 0.253551 -0.821314 -1.795914 -0.2193851 -0.8029957 -1.813011 0.07452344 -0.7782691 -1.82805 0.3453908 -0.7480844 -1.840454 0.582809 -0.8138403 -1.822827 -0.5250383 -0.7989501 -1.840288 -0.2222957 -0.7836775 -1.854129 0.06683683 -0.763986 -1.866201 0.3287482 -0.7398214 -1.876763 0.5484223 -0.7915058 -1.873708 -0.5250383 -0.777876 -1.885488 -0.2261486 -0.7646406 -1.894799 0.05574083 -0.7495564 -1.902774 0.3036275 -0.7313181 -1.911102 0.5047679 -0.7663753 -1.928107 -0.5250383 -0.7565006 -1.932298 -0.2284159 -0.7468758 -1.935086 0.04485559 -0.736445 -1.936968 0.2714238 -0.7233921 -1.94184 0.446383 -0.5981324 -1.856052 -17.01493 -0.8325201 -1.777417 -15.4482 -0.6341992 -2.179486 -15.4482 -0.6371569 -1.857697 -16.98483 -0.6761461 -1.855567 -16.89567 -0.7136017 -1.849745 -16.75089 -0.7480844 -1.840454 -16.55605 -0.6141885 -1.904262 -16.98483 -0.6467882 -1.900472 -16.89577 -0.6798837 -1.894781 -16.81538 -0.7113832 -1.886685 -16.69326 -0.7396203 -1.876831 -16.52301 -0.6276568 -1.953873 -16.89567 -0.6551254 -1.943572 -16.8039 -0.6828628 -1.932887 -16.72455 -0.7086842 -1.921628 -16.62196 -0.7312679 -1.911119 -16.47834 -0.6380195 -2.002978 -16.75089 -0.6618517 -1.985981 -16.68408 -0.6850342 -1.969294 -16.61966 -0.7059015 -1.953598 -16.53807 -0.7233921 -1.94184 -16.41962 -0.7169951 -1.963639 -16.35775 -0.8138403 -1.822827 -15.4482 -0.7915058 -1.873708 -15.4482 -0.7663753 -1.928107 -15.4482 -0.7394141 -1.983931 -15.4482 -0.821314 -1.795914 -15.75385 -0.7983538 -1.839368 -15.74714 -0.7783037 -1.884532 -15.74614 -0.7569621 -1.931717 -15.74482 -0.7344123 -1.979154 -15.74409 -0.8029957 -1.813011 -16.04776 -0.7822062 -1.853474 -16.03437 -0.7644171 -1.894454 -16.02755 -0.7469913 -1.934941 -16.0181 -0.7288604 -1.974316 -16.0127 -0.7782691 -1.82805 -16.31863 -0.7629283 -1.865861 -16.29818 -0.749292 -1.902689 -16.27592 -0.736445 -1.936968 -16.24466 -0.7226696 -1.968775 -16.22679 -0.642526 -2.158383 -15.75385 -0.6471761 -2.128914 -16.04776 -0.6479704 -2.092213 -16.31863 -0.6448786 -2.049689 -16.55605 -0.6580206 -2.13873 -15.4482 -0.6642313 -2.113412 -15.75094 -0.6678264 -2.089002 -16.04008 -0.6685239 -2.059737 -16.30199 -0.6664801 -2.025453 -16.52166 -0.6841754 -2.091306 -15.4482 -0.6869934 -2.06974 -15.74709 -0.6882786 -2.049613 -16.02898 -0.687945 -2.027683 -16.27687 -0.6866458 -2.00167 -16.47801 -0.7116587 -2.039037 -15.4482 -0.7107382 -2.025075 -15.74482 -0.7089563 -2.011962 -16.0181 -0.7062482 -1.998188 -16.24466 -0.7045758 -1.979987 -16.41962 -0.6769837 -1.656215 1.041694 -0.7589372 -1.963902 -0.5250383 -0.8955429 -1.517148 -0.5250383 -0.6996745 -1.699255 1.01159 -0.7200286 -1.744354 0.9224324 -0.7372641 -1.789776 0.7776513 -0.7507186 -1.833778 0.582809 -0.7154952 -1.647515 1.01159 -0.7312805 -1.686339 0.9225326 -0.746174 -1.726778 0.8421407 -0.7587054 -1.766755 0.7200255 -0.7683444 -1.804034 0.549767 -0.7534286 -1.635123 0.9224324 -0.7623663 -1.671785 0.8306642 -0.7712185 -1.708962 0.751308 -0.7786531 -1.744302 0.6487184 -0.78475 -1.775577 0.5051055 -0.789326 -1.619513 0.7776513 -0.7921341 -1.655799 0.7108436 -0.7947713 -1.691182 0.6464229 -0.7967302 -1.723405 0.5648255 -0.7992305 -1.749638 0.446383 -0.8090567 -1.730322 0.3845115 -0.7764311 -1.917634 -0.5250383 -0.7952536 -1.86421 -0.5250383 -0.8146812 -1.805682 -0.5250383 -0.8339673 -1.7443 -0.5250383 -0.7640648 -1.941004 -0.2193851 -0.7779805 -1.891001 -0.2260985 -0.7945628 -1.843326 -0.2270989 -0.8116679 -1.793073 -0.2284159 -0.8282566 -1.74132 -0.2291541 -0.7643815 -1.910873 0.07452344 -0.7776678 -1.864977 0.06113195 -0.7929375 -1.822173 0.05431509 -0.8081067 -1.780052 0.04485559 -0.8222024 -1.737754 0.03946447 -0.759875 -1.874667 0.3453908 -0.7745605 -1.836381 0.324945 -0.789589 -1.800562 0.3026776 -0.8034918 -1.767047 0.2714238 -0.8153619 -1.73386 0.253551 -0.887216 -1.538251 -0.2193851 -0.871712 -1.55986 0.07452344 -0.8496263 -1.581145 0.3453908 -0.821808 -1.601287 0.582809 -0.8837617 -1.566622 -0.5250383 -0.8716724 -1.587682 -0.2222957 -0.8586867 -1.605293 0.06683683 -0.841112 -1.622338 0.3287482 -0.818933 -1.639083 0.5484223 -0.8691841 -1.622428 -0.5250383 -0.8575127 -1.637583 -0.2261486 -0.8458727 -1.650213 0.05574083 -0.8322268 -1.662021 0.3036275 -0.8155385 -1.67501 0.5047679 -0.8523707 -1.682422 -0.5250383 -0.8432894 -1.689143 -0.2284159 -0.8342512 -1.694421 0.04485559 -0.8242918 -1.699023 0.2714238 -0.8121914 -1.707251 0.446383 -0.6769837 -1.656215 -17.01493 -0.8955429 -1.517148 -15.4482 -0.7589372 -1.963902 -15.4482 -0.7154952 -1.647515 -16.98483 -0.7534286 -1.635123 -16.89567 -0.789326 -1.619513 -16.75089 -0.821808 -1.601287 -16.55605 -0.6996744 -1.699255 -16.98483 -0.7311017 -1.686923 -16.89577 -0.7627418 -1.672595 -16.81538 -0.7924702 -1.65633 -16.69326 -0.8187454 -1.639203 -16.52301 -0.7200285 -1.744354 -16.89567 -0.7454857 -1.726991 -16.8039 -0.7711516 -1.709182 -16.72455 -0.7948553 -1.691314 -16.62196 -0.8154916 -1.675039 -16.47834 -0.7372641 -1.789776 -16.75089 -0.7581905 -1.766808 -16.68408 -0.7785243 -1.744315 -16.61966 -0.7967302 -1.723405 -16.53807 -0.8121914 -1.707251 -16.41962 -0.8090567 -1.730322 -16.35775 -0.8837618 -1.566621 -15.4482 -0.8691843 -1.622428 -15.4482 -0.8523708 -1.682422 -15.4482 -0.8339674 -1.7443 -15.4482 -0.887216 -1.538251 -15.75385 -0.8709552 -1.586938 -15.74714 -0.8577949 -1.636533 -15.74614 -0.8436586 -1.688451 -15.74482 -0.8283738 -1.740936 -15.74409 -0.871712 -1.55986 -16.04776 -0.8571494 -1.60504 -16.03437 -0.8456038 -1.649934 -16.02755 -0.8343434 -1.694248 -16.0181 -0.8222318 -1.737658 -16.0127 -0.8496263 -1.581145 -16.31863 -0.8400257 -1.622284 -16.29818 -0.8319552 -1.662008 -16.27592 -0.8242918 -1.699023 -16.24466 -0.8153619 -1.73386 -16.22679 -0.7640648 -1.941004 -15.75385 -0.7643815 -1.910873 -16.04776 -0.759875 -1.874667 -16.31863 -0.7507185 -1.833778 -16.55605 -0.7764312 -1.917634 -15.4482 -0.7788765 -1.891161 -15.75094 -0.778887 -1.86627 -16.04008 -0.7753565 -1.837384 -16.30199 -0.7684146 -1.804298 -16.52166 -0.7952536 -1.86421 -15.4482 -0.7949117 -1.842313 -15.74709 -0.7932735 -1.822233 -16.02898 -0.789788 -1.800812 -16.27687 -0.7847676 -1.775643 -16.47801 -0.8146813 -1.805682 -15.4482 -0.8117679 -1.792231 -15.74482 -0.8081318 -1.779841 -16.0181 -0.8034918 -1.767047 -16.24466 -0.7992305 -1.749638 -16.41962 -0.7255401 -1.439378 1.041694 -0.8502309 -1.719496 -0.5250383 -0.919872 -1.245224 -0.5250383 -0.7539934 -1.475596 1.01159 -0.7804514 -1.514448 0.9224324 -0.8038973 -1.554443 0.7776513 -0.8234302 -1.594043 0.582809 -0.7620589 -1.420668 1.01159 -0.7831321 -1.454574 0.9225326 -0.8035631 -1.490301 0.8421407 -0.821611 -1.526197 0.7200255 -0.8364337 -1.560213 0.549767 -0.7974786 -1.398489 0.9224324 -0.8115245 -1.432085 0.8306642 -0.8255608 -1.466209 0.751308 -0.837942 -1.498904 0.6487184 -0.8484258 -1.527967 0.5051055 -0.8304383 -1.373693 0.7776513 -0.8384183 -1.40854 0.7108436 -0.8461003 -1.442545 0.6464229 -0.8526623 -1.473632 0.5648255 -0.8588925 -1.4987 0.446383 -0.8657482 -1.477158 0.3845115 -0.8607254 -1.669493 -0.5250383 -0.8714922 -1.612121 -0.5250383 -0.8821175 -1.549583 -0.5250383 -0.892193 -1.484284 -0.5250383 -0.8519624 -1.695683 -0.2193851 -0.8584093 -1.642963 -0.2260985 -0.867807 -1.591821 -0.2270989 -0.8773463 -1.538014 -0.2284159 -0.8861628 -1.482871 -0.2291541 -0.8479335 -1.666047 0.07452344 -0.8543547 -1.617521 0.06113195 -0.8631666 -1.571504 0.05431509 -0.8719783 -1.526184 0.04485559 -0.8797116 -1.480974 0.03946447 -0.8382994 -1.631727 0.3453908 -0.8471888 -1.590296 0.324945 -0.85677 -1.551193 0.3026776 -0.8655791 -1.514648 0.2714238 -0.8724416 -1.478962 0.253551 -0.9147443 -1.268122 -0.2193851 -0.9026502 -1.293413 0.07452344 -0.8840544 -1.320126 0.3453908 -0.8596712 -1.347233 0.582809 -0.9154419 -1.29686 -0.5250383 -0.9066182 -1.320712 -0.2222957 -0.8964184 -1.341416 0.06683683 -0.881636 -1.362777 0.3287482 -0.8622948 -1.385062 0.5484223 -0.9091817 -1.355447 -0.5250383 -0.8999171 -1.373396 -0.2261486 -0.8903197 -1.388859 0.05574083 -0.8786365 -1.404046 0.3036275 -0.8641396 -1.421196 0.5047679 -0.9013315 -1.418732 -0.5250383 -0.8933926 -1.427723 -0.2284159 -0.8852881 -1.435288 0.04485559 -0.8761829 -1.442435 0.2714238 -0.8655 -1.453702 0.446383 -0.7255401 -1.439378 -17.01493 -0.919872 -1.245224 -15.4482 -0.8502309 -1.719496 -15.4482 -0.7620589 -1.420668 -16.98483 -0.7974786 -1.398489 -16.89567 -0.8304383 -1.373693 -16.75089 -0.8596712 -1.347233 -16.55605 -0.7539934 -1.475596 -16.98483 -0.783041 -1.455195 -16.89577 -0.8120093 -1.43278 -16.81538 -0.8388243 -1.408972 -16.69326 -0.862128 -1.385229 -16.52301 -0.7804514 -1.514448 -16.89567 -0.8029189 -1.490691 -16.8039 -0.8255266 -1.466441 -16.72455 -0.8462018 -1.442653 -16.62196 -0.8640978 -1.421237 -16.47834 -0.8038973 -1.554443 -16.75089 -0.821114 -1.526386 -16.68408 -0.8378177 -1.498951 -16.61966 -0.8526623 -1.473632 -16.53807 -0.8655 -1.453702 -16.41962 -0.8657482 -1.477158 -16.35775 -0.9154419 -1.29686 -15.4482 -0.9091817 -1.355447 -15.4482 -0.9013315 -1.418732 -15.4482 -0.892193 -1.484284 -15.4482 -0.9147443 -1.268122 -15.75385 -0.9058073 -1.320171 -15.74714 -0.9000425 -1.372291 -15.74614 -0.893655 -1.426948 -15.74482 -0.8862226 -1.482464 -15.74409 -0.9026502 -1.293413 -16.04776 -0.894874 -1.341574 -16.03437 -0.8900157 -1.388656 -16.02755 -0.8853536 -1.435094 -16.0181 -0.8797266 -1.480872 -16.0127 -0.8840544 -1.320126 -16.31863 -0.8805629 -1.363012 -16.29818 -0.8783683 -1.404105 -16.27592 -0.8761829 -1.442435 -16.24466 -0.8724416 -1.478962 -16.22679 -0.8519624 -1.695683 -15.75385 -0.8479335 -1.666047 -16.04776 -0.8382994 -1.631727 -16.31863 -0.8234302 -1.594043 -16.55605 -0.8607254 -1.669493 -15.4482 -0.8593112 -1.642883 -15.75094 -0.8557368 -1.618467 -16.04008 -0.8481141 -1.591069 -16.30199 -0.8365406 -1.560454 -16.52166 -0.8714922 -1.612121 -15.4482 -0.8680034 -1.590736 -15.74709 -0.8635048 -1.571474 -16.02898 -0.8570014 -1.551386 -16.27687 -0.8484525 -1.528027 -16.47801 -0.8821175 -1.549583 -15.4482 -0.8773229 -1.537161 -15.74482 -0.8719725 -1.52597 -16.0181 -0.8655793 -1.514648 -16.24466 -0.8588925 -1.4987 -16.41962 -0.7419356 -1.213877 1.041694 -0.9045718 -1.455659 -0.5250383 -0.9045718 -0.9720953 -0.5250383 -0.7750579 -1.241878 1.01159 -0.8066029 -1.272992 0.9224324 -0.8353583 -1.306023 0.7776513 -0.860219 -1.3397 0.582809 -0.7750579 -1.185875 1.01159 -0.8006094 -1.213561 0.9225326 -0.825793 -1.243201 0.8421407 -0.8486638 -1.273638 0.7200255 -0.8681004 -1.303083 0.549767 -0.8066029 -1.154762 0.9224324 -0.8252173 -1.184 0.8306642 -0.8438984 -1.213758 0.751308 -0.8607504 -1.242553 0.6487184 -0.8752182 -1.268287 0.5051055 -0.8353583 -1.121731 0.7776513 -0.8482034 -1.153799 0.7108436 -0.8606351 -1.185121 0.6464229 -0.8715482 -1.213877 0.5648255 -0.8812689 -1.236817 0.446383 -0.8848904 -1.213877 0.3845115 -0.9076637 -1.403844 -0.5250383 -0.9099611 -1.344728 -0.5250383 -0.9113757 -1.280584 -0.5250383 -0.9118535 -1.213877 -0.5250383 -0.9028403 -1.431845 -0.2193851 -0.9015712 -1.378435 -0.2260985 -0.9034233 -1.325793 -0.2270989 -0.90503 -1.270498 -0.2284159 -0.9057354 -1.214084 -0.2291541 -0.8946211 -1.403844 0.07452344 -0.8939303 -1.354553 0.06113195 -0.895946 -1.307092 0.05431509 -0.8980613 -1.260314 0.04485559 -0.8991351 -1.213929 0.03946447 -0.8802295 -1.37273 0.3453908 -0.8829814 -1.329745 0.324945 -0.8867471 -1.288862 0.3026776 -0.8901238 -1.250691 0.2714238 -0.891715 -1.213877 0.253551 -0.9028403 -0.9959087 -0.2193851 -0.8946211 -1.02391 0.07452344 -0.8802295 -1.055024 0.3453908 -0.860219 -1.088054 0.582809 -0.9076637 -1.02391 -0.5250383 -0.9024442 -1.049635 -0.2222957 -0.8954222 -1.072638 0.06683683 -0.8840002 -1.097495 0.3287482 -0.8682401 -1.124463 0.5484223 -0.9099611 -1.083026 -0.5250383 -0.9034594 -1.103078 -0.2261486 -0.8962733 -1.12078 0.05574083 -0.8870018 -1.138764 0.3036275 -0.875253 -1.159415 0.5047679 -0.9113757 -1.14717 -0.5250383 -0.9048842 -1.158086 -0.2284159 -0.8980249 -1.167648 0.04485559 -0.8901238 -1.177063 0.2714238 -0.8812689 -1.190937 0.446383 -0.7419356 -1.213877 -17.01493 -0.9045718 -0.9720953 -15.4482 -0.9045718 -1.455659 -15.4482 -0.7750579 -1.185875 -16.98483 -0.8066029 -1.154762 -16.89567 -0.8353583 -1.121731 -16.75089 -0.860219 -1.088054 -16.55605 -0.7750579 -1.241878 -16.98483 -0.8006094 -1.214193 -16.89577 -0.825793 -1.184553 -16.81538 -0.8486638 -1.154116 -16.69326 -0.8681004 -1.124671 -16.52301 -0.8066029 -1.272992 -16.89567 -0.8252173 -1.243754 -16.8039 -0.8438984 -1.213996 -16.72455 -0.8607504 -1.185201 -16.62196 -0.8752182 -1.159467 -16.47834 -0.8353583 -1.306023 -16.75089 -0.8482034 -1.273954 -16.68408 -0.8606351 -1.242632 -16.61966 -0.8715482 -1.213877 -16.53807 -0.8812689 -1.190937 -16.41962 -0.8848904 -1.213877 -16.35775 -0.9076637 -1.02391 -15.4482 -0.9099611 -1.083026 -15.4482 -0.9113757 -1.14717 -15.4482 -0.9118535 -1.213877 -15.4482 -0.9028403 -0.9959087 -15.75385 -0.9015712 -1.049319 -15.74714 -0.9034233 -1.101961 -15.74614 -0.90503 -1.157256 -15.74482 -0.9057354 -1.213669 -15.74409 -0.8946211 -1.02391 -16.04776 -0.8939303 -1.073201 -16.03437 -0.895946 -1.120662 -16.02755 -0.8980613 -1.16744 -16.0181 -0.8991351 -1.213825 -16.0127 -0.8802295 -1.055024 -16.31863 -0.8829814 -1.098009 -16.29818 -0.8867471 -1.138892 -16.27592 -0.8901238 -1.177063 -16.24466 -0.891715 -1.213877 -16.22679 -0.9028403 -1.431845 -15.75385 -0.8946211 -1.403844 -16.04776 -0.8802295 -1.37273 -16.31863 -0.860219 -1.3397 -16.55605 -0.9076637 -1.403844 -15.4482 -0.9024442 -1.378118 -15.75094 -0.8954222 -1.355116 -16.04008 -0.8840002 -1.330259 -16.30199 -0.8682401 -1.303291 -16.52166 -0.9099611 -1.344728 -15.4482 -0.9034594 -1.324676 -15.74709 -0.8962733 -1.306973 -16.02898 -0.8870018 -1.28899 -16.27687 -0.875253 -1.268339 -16.47801 -0.9113757 -1.280584 -15.4482 -0.9048842 -1.269668 -15.74482 -0.8980249 -1.260106 -16.0181 -0.8901238 -1.250691 -16.24466 -0.8812689 -1.236817 -16.41962 -0.7255401 -0.9883754 1.041694 -0.919872 -1.18253 -0.5250383 -0.8502309 -0.7082581 -0.5250383 -0.7620589 -1.007086 1.01159 -0.7974786 -1.029265 0.9224324 -0.8304383 -1.054061 0.7776513 -0.8596712 -1.080521 0.582809 -0.7539934 -0.9521582 1.01159 -0.783041 -0.9725589 0.9225326 -0.8120093 -0.994974 0.8421407 -0.8388243 -1.018782 0.7200255 -0.862128 -1.042525 0.549767 -0.7804514 -0.9133056 0.9224324 -0.8029189 -0.9370626 0.8306642 -0.8255266 -0.9613125 0.751308 -0.8462018 -0.9851008 0.6487184 -0.8640978 -1.006517 0.5051055 -0.8038973 -0.8733108 0.7776513 -0.821114 -0.9013679 0.7108436 -0.8378177 -0.9288027 0.6464229 -0.8526623 -0.9541216 0.5648255 -0.8655 -0.9740516 0.446383 -0.8657482 -0.9505955 0.3845115 -0.9154419 -1.130894 -0.5250383 -0.9091817 -1.072307 -0.5250383 -0.9013315 -1.009022 -0.5250383 -0.892193 -0.9434699 -0.5250383 -0.9147443 -1.159632 -0.2193851 -0.9058073 -1.107583 -0.2260985 -0.9000425 -1.055463 -0.2270989 -0.893655 -1.000806 -0.2284159 -0.8862226 -0.9452902 -0.2291541 -0.9026502 -1.134341 0.07452344 -0.894874 -1.08618 0.06113195 -0.8900157 -1.039098 0.05431509 -0.8853536 -0.9926594 0.04485559 -0.8797266 -0.946882 0.03946447 -0.8840544 -1.107628 0.3453908 -0.8805629 -1.064742 0.324945 -0.8783683 -1.023649 0.3026776 -0.8761829 -0.9853193 0.2714238 -0.8724416 -0.9487919 0.253551 -0.8519624 -0.7320715 -0.2193851 -0.8479335 -0.7617073 0.07452344 -0.8382994 -0.7960266 0.3453908 -0.8234302 -0.8337104 0.582809 -0.8607254 -0.7582605 -0.5250383 -0.8593112 -0.7848706 -0.2222957 -0.8557368 -0.8092868 0.06683683 -0.8481141 -0.8366849 0.3287482 -0.8365406 -0.8673003 0.5484223 -0.8714922 -0.8156328 -0.5250383 -0.8680034 -0.8370181 -0.2261486 -0.8635048 -0.8562796 0.05574083 -0.8570014 -0.8763676 0.3036275 -0.8484525 -0.8997268 0.5047679 -0.8821175 -0.8781704 -0.5250383 -0.8773229 -0.8905927 -0.2284159 -0.8719725 -0.9017835 0.04485559 -0.8655793 -0.9131056 0.2714238 -0.8588925 -0.9290537 0.446383 -0.7255401 -0.9883754 -17.01493 -0.8502309 -0.7082581 -15.4482 -0.919872 -1.18253 -15.4482 -0.7539934 -0.9521582 -16.98483 -0.7804514 -0.9133056 -16.89567 -0.8038973 -0.8733108 -16.75089 -0.8234302 -0.8337104 -16.55605 -0.7620589 -1.007086 -16.98483 -0.7831321 -0.9731795 -16.89577 -0.8035631 -0.9374533 -16.81538 -0.821611 -0.9015565 -16.69326 -0.8364337 -0.8675407 -16.52301 -0.7974786 -1.029265 -16.89567 -0.8115245 -0.9956691 -16.8039 -0.8255608 -0.9615453 -16.72455 -0.837942 -0.9288497 -16.62196 -0.8484258 -0.8997869 -16.47834 -0.8304383 -1.054061 -16.75089 -0.8384183 -1.019214 -16.68408 -0.8461003 -0.9852088 -16.61966 -0.8526623 -0.9541216 -16.53807 -0.8588925 -0.9290537 -16.41962 -0.8657482 -0.9505955 -16.35775 -0.8607254 -0.7582605 -15.4482 -0.8714922 -0.8156328 -15.4482 -0.8821175 -0.8781704 -15.4482 -0.892193 -0.9434698 -15.4482 -0.8519624 -0.7320715 -15.75385 -0.8584093 -0.7847911 -15.74714 -0.867807 -0.8359325 -15.74614 -0.8773463 -0.8897401 -15.74482 -0.8861628 -0.9448831 -15.74409 -0.8479335 -0.7617073 -16.04776 -0.8543547 -0.8102332 -16.03437 -0.8631666 -0.8562498 -16.02755 -0.8719783 -0.9015702 -16.0181 -0.8797116 -0.9467801 -16.0127 -0.8382994 -0.7960266 -16.31863 -0.8471888 -0.837458 -16.29818 -0.85677 -0.8765608 -16.27592 -0.8655791 -0.9131056 -16.24466 -0.8724416 -0.9487919 -16.22679 -0.9147443 -1.159632 -15.75385 -0.9026502 -1.134341 -16.04776 -0.8840544 -1.107628 -16.31863 -0.8596712 -1.080521 -16.55605 -0.9154419 -1.130894 -15.4482 -0.9066182 -1.107042 -15.75094 -0.8964184 -1.086338 -16.04008 -0.881636 -1.064977 -16.30199 -0.8622948 -1.042692 -16.52166 -0.9091817 -1.072307 -15.4482 -0.8999171 -1.054358 -15.74709 -0.8903197 -1.038895 -16.02898 -0.8786365 -1.023708 -16.27687 -0.8641396 -1.006558 -16.47801 -0.9013315 -1.009022 -15.4482 -0.8933926 -1.00003 -15.74482 -0.8852881 -0.9924655 -16.0181 -0.8761829 -0.9853193 -16.24466 -0.8655 -0.9740516 -16.41962 -0.6769837 -0.7715393 1.041694 -0.8955429 -0.9106062 -0.5250383 -0.7589372 -0.4638516 -0.5250383 -0.7154952 -0.780239 1.01159 -0.7534286 -0.7926314 0.9224324 -0.789326 -0.8082406 0.7776513 -0.821808 -0.8264666 0.582809 -0.6996744 -0.7284986 1.01159 -0.7311017 -0.7408308 0.9225326 -0.7627418 -0.7551594 0.8421407 -0.7924702 -0.7714238 0.7200255 -0.8187454 -0.7885514 0.549767 -0.7200285 -0.6834005 0.9224324 -0.7454857 -0.7007633 0.8306642 -0.7711516 -0.7185724 0.751308 -0.7948553 -0.7364396 0.6487184 -0.8154916 -0.7527145 0.5051055 -0.7372641 -0.6379778 0.7776513 -0.7581905 -0.6609458 0.7108436 -0.7785243 -0.683439 0.6464229 -0.7967302 -0.7043485 0.5648255 -0.8121914 -0.7205027 0.446383 -0.8090567 -0.6974318 0.3845124 -0.8837618 -0.8611326 -0.5250397 -0.8691843 -0.8053262 -0.5250397 -0.8523708 -0.7453315 -0.5250397 -0.8339674 -0.6834543 -0.5250397 -0.887216 -0.8895031 -0.2193851 -0.8709552 -0.8408163 -0.2260994 -0.8577949 -0.7912211 -0.2270989 -0.8436586 -0.7393025 -0.2284159 -0.8283738 -0.6868175 -0.2291545 -0.871712 -0.8678938 0.07452344 -0.8571494 -0.8227135 0.06113195 -0.8456038 -0.7778202 0.05431509 -0.8343434 -0.733506 0.04485559 -0.8222318 -0.6900954 0.03946447 -0.8496263 -0.846609 0.3453908 -0.8400257 -0.8054698 0.324945 -0.8319552 -0.7657464 0.3026776 -0.8242918 -0.7287307 0.2714238 -0.8153619 -0.693894 0.253551 -0.7640648 -0.4867499 -0.2193851 -0.7643815 -0.5168811 0.07452344 -0.759875 -0.5530869 0.3453908 -0.7507185 -0.5939763 0.582809 -0.7764312 -0.5101199 -0.5250397 -0.7788765 -0.5365924 -0.2222957 -0.778887 -0.5614839 0.06683683 -0.7753565 -0.5903702 0.3287482 -0.7684146 -0.623456 0.5484223 -0.7952536 -0.5635444 -0.5250397 -0.7949117 -0.5854408 -0.2261486 -0.7932735 -0.605521 0.05574083 -0.789788 -0.6269416 0.3036275 -0.7847676 -0.6521112 0.5047679 -0.8146813 -0.6220722 -0.5250397 -0.8117679 -0.635523 -0.2284159 -0.8081318 -0.6479126 0.04485559 -0.8034918 -0.6607069 0.2714238 -0.7992305 -0.6781156 0.446383 -0.6769837 -0.7715393 -17.01493 -0.7589372 -0.4638518 -15.4482 -0.8955429 -0.9106062 -15.4482 -0.6996745 -0.7284986 -16.98483 -0.7200286 -0.6834003 -16.89567 -0.7372641 -0.6379777 -16.75089 -0.7507186 -0.5939762 -16.55605 -0.7154952 -0.780239 -16.98483 -0.7312805 -0.7414152 -16.89577 -0.746174 -0.7009763 -16.81538 -0.7587054 -0.6609994 -16.69326 -0.7683444 -0.62372 -16.52301 -0.7534286 -0.7926313 -16.89567 -0.7623663 -0.7559692 -16.8039 -0.7712185 -0.7187915 -16.72455 -0.7786531 -0.6834524 -16.62196 -0.78475 -0.6521773 -16.47834 -0.789326 -0.8082406 -16.75089 -0.7921341 -0.7719547 -16.68408 -0.7947713 -0.7365723 -16.61966 -0.7967302 -0.7043485 -16.53807 -0.7992305 -0.6781156 -16.41962 -0.8090567 -0.6974318 -16.35775 -0.7764311 -0.5101199 -15.4482 -0.7952536 -0.5635443 -15.4482 -0.8146812 -0.6220722 -15.4482 -0.8339673 -0.6834543 -15.4482 -0.7640648 -0.4867499 -15.75385 -0.7779805 -0.5367527 -15.74714 -0.7945628 -0.5844278 -15.74614 -0.8116679 -0.6346805 -15.74482 -0.8282566 -0.6864339 -15.74409 -0.7643815 -0.5168811 -16.04776 -0.7776678 -0.5627774 -16.03437 -0.7929375 -0.6055812 -16.02755 -0.8081067 -0.6477019 -16.0181 -0.8222024 -0.6899995 -16.0127 -0.759875 -0.5530869 -16.31863 -0.7745605 -0.5913729 -16.29818 -0.789589 -0.6271921 -16.27592 -0.8034918 -0.6607069 -16.24466 -0.8153619 -0.6938939 -16.22679 -0.887216 -0.8895031 -15.75385 -0.871712 -0.8678938 -16.04776 -0.8496263 -0.846609 -16.31863 -0.821808 -0.8264665 -16.55605 -0.8837617 -0.8611325 -15.4482 -0.8716724 -0.8400714 -15.75094 -0.8586867 -0.8224604 -16.04008 -0.841112 -0.8054164 -16.30199 -0.818933 -0.7886707 -16.52166 -0.8691841 -0.8053261 -15.4482 -0.8575127 -0.7901707 -15.74709 -0.8458727 -0.7775409 -16.02898 -0.8322268 -0.7657329 -16.27687 -0.8155385 -0.7527441 -16.47801 -0.8523707 -0.7453314 -15.4482 -0.8432894 -0.7386111 -15.74482 -0.8342512 -0.7333331 -16.0181 -0.8242918 -0.7287306 -16.24466 -0.8121914 -0.7205026 -16.41962 -0.5981324 -0.5717022 1.041694 -0.8325201 -0.6503367 -0.5250383 -0.6341992 -0.2482683 -0.5250383 -0.6371569 -0.570057 1.01159 -0.6761461 -0.5721864 0.9224324 -0.7136017 -0.5780088 0.7776513 -0.7480844 -0.5873003 0.582809 -0.6141885 -0.5234918 1.01159 -0.6467882 -0.5272815 0.9225326 -0.6798837 -0.5329732 0.8421407 -0.7113832 -0.5410685 0.7200255 -0.7396203 -0.5509231 0.549767 -0.6276568 -0.4738809 0.9224324 -0.6551254 -0.4841824 0.8306642 -0.6828628 -0.4948667 0.751308 -0.7086842 -0.5061262 0.6487184 -0.7312679 -0.5166345 0.5051055 -0.6380195 -0.4247762 0.7776513 -0.6618517 -0.4417726 0.7108436 -0.6850342 -0.4584597 0.6464229 -0.7059015 -0.4741562 0.5648255 -0.7233921 -0.4859139 0.446383 -0.7169951 -0.4641147 0.3845115 -0.8138403 -0.6049274 -0.5250383 -0.7915058 -0.5540456 -0.5250383 -0.7663753 -0.4996473 -0.5250383 -0.7394141 -0.4438225 -0.5250383 -0.821314 -0.6318398 -0.2193851 -0.7983538 -0.5883859 -0.2260985 -0.7783037 -0.5432216 -0.2270989 -0.7569621 -0.4960365 -0.2284159 -0.7344123 -0.4485995 -0.2291541 -0.8029957 -0.6147431 0.07452344 -0.7822062 -0.5742794 0.06113195 -0.7644171 -0.5333001 0.05431509 -0.7469913 -0.4928132 0.04485559 -0.7288604 -0.4534375 0.03946447 -0.7782691 -0.5997039 0.3453908 -0.7629283 -0.5618927 0.324945 -0.749292 -0.5250651 0.3026776 -0.736445 -0.490786 0.2714238 -0.7226696 -0.4589786 0.253551 -0.642526 -0.2693713 -0.2193851 -0.6471761 -0.2988399 0.07452344 -0.6479704 -0.335541 0.3453908 -0.6448786 -0.3780645 0.582809 -0.6580206 -0.2890241 -0.5250383 -0.6642313 -0.3143417 -0.2222957 -0.6678264 -0.3387522 0.06683683 -0.6685239 -0.3680166 0.3287482 -0.6664801 -0.4023011 0.5484223 -0.6841754 -0.3364478 -0.5250383 -0.6869934 -0.3580139 -0.2261486 -0.6882786 -0.3781411 0.05574083 -0.687945 -0.4000713 0.3036275 -0.6866458 -0.4260842 0.5047679 -0.7116587 -0.3887168 -0.5250383 -0.7107382 -0.4026791 -0.2284159 -0.7089563 -0.4157915 0.04485559 -0.7062482 -0.4295662 0.2714238 -0.7045758 -0.4477666 0.446383 -0.5981324 -0.5717022 -17.01493 -0.6341992 -0.2482683 -15.4482 -0.8325201 -0.6503367 -15.4482 -0.6141885 -0.5234918 -16.98483 -0.6276568 -0.4738809 -16.89567 -0.6380195 -0.4247762 -16.75089 -0.6448786 -0.3780645 -16.55605 -0.6371569 -0.570057 -16.98483 -0.6470476 -0.5278075 -16.89577 -0.655831 -0.4842095 -16.81538 -0.6623643 -0.4416891 -16.69326 -0.6664492 -0.4025788 -16.52301 -0.6761461 -0.5721864 -16.89567 -0.6796321 -0.5338667 -16.8039 -0.6829601 -0.4950639 -16.72455 -0.6851625 -0.4584389 -16.62196 -0.686638 -0.4261535 -16.47834 -0.7136017 -0.5780088 -16.75089 -0.7111301 -0.5416781 -16.68408 -0.7086209 -0.5062786 -16.61966 -0.7059015 -0.4741562 -16.53807 -0.7045759 -0.4477666 -16.41962 -0.7169951 -0.4641147 -16.35775 -0.6580206 -0.2890241 -15.4482 -0.6841754 -0.3364478 -15.4482 -0.7116587 -0.3887168 -15.4482 -0.7394141 -0.4438225 -15.4482 -0.642526 -0.2693713 -15.75385 -0.6633755 -0.3147359 -15.74714 -0.6865054 -0.3571125 -15.74614 -0.7105189 -0.4018793 -15.74482 -0.7342422 -0.4482544 -15.74409 -0.6471761 -0.2988399 -16.04776 -0.666817 -0.3403431 -16.03437 -0.6879577 -0.3782888 -16.02755 -0.7089015 -0.4155915 -16.0181 -0.7288178 -0.4533511 -16.0127 -0.6479704 -0.335541 -16.31863 -0.6678874 -0.3692104 -16.29818 -0.6877858 -0.4003698 -16.27592 -0.7062483 -0.4295662 -16.24466 -0.7226696 -0.4589786 -16.22679 -0.821314 -0.6318398 -15.75385 -0.8029957 -0.6147431 -16.04776 -0.7782691 -0.5997039 -16.31863 -0.7480844 -0.5873003 -16.55605 -0.8138403 -0.6049274 -15.4482 -0.7989501 -0.5874659 -15.75094 -0.7836775 -0.5736249 -16.04008 -0.763986 -0.5615531 -16.30199 -0.7398214 -0.5509905 -16.52166 -0.7915058 -0.5540456 -15.4482 -0.777876 -0.5422658 -15.74709 -0.7646406 -0.5329551 -16.02898 -0.7495564 -0.5249801 -16.27687 -0.7313181 -0.5166515 -16.47801 -0.7663753 -0.4996473 -15.4482 -0.7565006 -0.4954559 -15.74482 -0.7468758 -0.4926681 -16.0181 -0.736445 -0.490786 -16.24466 -0.7233921 -0.4859139 -16.41962 -0.4920166 -0.3965437 1.041694 -0.7332251 -0.4117239 -0.5250383 -0.4808105 -0.06979274 -0.5250383 -0.5300543 -0.3846168 1.01159 -0.5686008 -0.3764013 0.9224324 -0.6061754 -0.372213 0.7776513 -0.6413337 -0.372213 0.582809 -0.5008211 -0.3450164 1.01159 -0.53334 -0.3401178 0.9225326 -0.5666193 -0.3369538 0.8421407 -0.5986795 -0.3365689 0.7200255 -0.6277932 -0.3387717 0.549767 -0.5068858 -0.2927995 0.9224324 -0.5353101 -0.2956437 0.8306642 -0.5640533 -0.2987921 0.751308 -0.5910001 -0.3030114 0.6487184 -0.6146632 -0.3073495 0.5051055 -0.5099776 -0.2418996 0.7776513 -0.5357996 -0.2522712 0.7108436 -0.5609399 -0.262511 0.6464229 -0.5836666 -0.2723909 0.5648255 -0.6025145 -0.2793005 0.446383 -0.593101 -0.2596108 0.3845115 -0.7083645 -0.3721235 -0.5250383 -0.6791315 -0.3281221 -0.5250383 -0.6466494 -0.2814104 -0.5250383 -0.6121666 -0.2337836 -0.5250383 -0.7195705 -0.3965437 -0.2193851 -0.6907934 -0.3599928 -0.2260985 -0.6646243 -0.3209949 -0.2270989 -0.6368972 -0.2803567 -0.2284159 -0.607949 -0.2397904 -0.2291541 -0.699142 -0.3846168 0.07452344 -0.6729246 -0.3504248 0.06113195 -0.6495755 -0.314934 0.05431509 -0.6266537 -0.2798305 0.04485559 -0.6032005 -0.2460028 0.03946447 -0.6727246 -0.3764013 0.3453908 -0.652233 -0.3433707 0.324945 -0.6335551 -0.3108547 0.3026776 -0.6160181 -0.2806293 0.2714238 -0.5979267 -0.2530738 0.253551 -0.4920166 -0.08828985 -0.2193851 -0.5008211 -0.1159632 0.07452344 -0.5068858 -0.1517492 0.3453908 -0.5099776 -0.1942726 0.582809 -0.5100436 -0.10347 -0.5250383 -0.5197812 -0.1266598 -0.2222957 -0.5268227 -0.1496514 0.06683683 -0.5317213 -0.1781688 0.3287482 -0.5346544 -0.2123348 0.5484223 -0.5425256 -0.1430703 -0.5250383 -0.5483954 -0.1634773 -0.2261486 -0.5525546 -0.1828782 0.05574083 -0.5553856 -0.2044752 0.3036275 -0.5578577 -0.2303315 0.5047679 -0.5770084 -0.1870718 -0.5250383 -0.5781165 -0.201009 -0.2284159 -0.5782573 -0.2143405 0.04485559 -0.5775849 -0.2285661 0.2714238 -0.5785659 -0.2468588 0.446383 -0.4920166 -0.3965437 -17.01493 -0.4808105 -0.06979274 -15.4482 -0.7332251 -0.4117239 -15.4482 -0.5008211 -0.3450164 -16.98483 -0.5068858 -0.2927995 -16.89567 -0.5099776 -0.2418996 -16.75089 -0.5099776 -0.1942726 -16.55605 -0.5300543 -0.3846168 -16.98483 -0.5336704 -0.3405653 -16.89577 -0.5360061 -0.2954838 -16.81538 -0.5362902 -0.2520538 -16.69326 -0.5346641 -0.2126151 -16.52301 -0.5686008 -0.3764013 -16.89567 -0.5665013 -0.3378965 -16.8039 -0.5641771 -0.2989599 -16.72455 -0.5610625 -0.2624567 -16.62196 -0.5578601 -0.2304015 -16.47834 -0.6061754 -0.372213 -16.75089 -0.598519 -0.3372335 -16.68408 -0.59096 -0.3031774 -16.61966 -0.5836666 -0.2723909 -16.53807 -0.5785659 -0.2468587 -16.41962 -0.5931009 -0.2596106 -16.35775 -0.5100436 -0.10347 -15.4482 -0.5425256 -0.1430703 -15.4482 -0.5770084 -0.1870718 -15.4482 -0.6121666 -0.2337836 -15.4482 -0.4920166 -0.08828985 -15.75385 -0.5189986 -0.1272724 -15.74714 -0.547787 -0.1627222 -15.74614 -0.5777862 -0.2002825 -15.74482 -0.6077323 -0.2394968 -15.74409 -0.5008211 -0.1159632 -16.04776 -0.5260617 -0.1514784 -16.03437 -0.5522612 -0.1831079 -16.02755 -0.5781747 -0.2141588 -16.0181 -0.6031463 -0.2459294 -16.0127 -0.5068858 -0.1517492 -16.31863 -0.531269 -0.179508 -16.29818 -0.5552725 -0.2048099 -16.27592 -0.5775849 -0.2285661 -16.24466 -0.5979266 -0.2530735 -16.22679 -0.7195705 -0.3965437 -15.75385 -0.699142 -0.3846168 -16.04776 -0.6727246 -0.3764013 -16.31863 -0.6413337 -0.372213 -16.55605 -0.7083645 -0.3721235 -15.4482 -0.6912456 -0.3589327 -15.75094 -0.6742733 -0.349394 -16.04008 -0.6532216 -0.3427581 -16.30199 -0.6280001 -0.3387848 -16.52166 -0.6791315 -0.3281221 -15.4482 -0.6640669 -0.3201707 -15.74709 -0.6497451 -0.3145365 -16.02898 -0.6338021 -0.3107014 -16.27687 -0.6147149 -0.3073527 -16.47801 -0.6466494 -0.2814104 -15.4482 -0.6363608 -0.2799092 -15.74482 -0.6265196 -0.2797185 -16.0181 -0.6160181 -0.2806293 -16.24466 -0.6025144 -0.2793005 -16.41962 -0.3627141 -0.2527949 1.041694 -0.6014739 -0.2039372 -0.5250383 -0.3046658 0.06471621 -0.5250383 -0.3983032 -0.2310446 1.01159 -0.4349261 -0.2128 0.9224324 -0.4711753 -0.1987621 0.7776513 -0.505658 -0.1894706 0.582809 -0.3639286 -0.1999307 1.01159 -0.3951173 -0.1865323 0.9225326 -0.4273015 -0.1746339 0.8421407 -0.4586901 -0.1657837 0.7200255 -0.4875615 -0.1602501 0.549767 -0.3623566 -0.1471143 0.9224324 -0.3906443 -0.142392 0.8306642 -0.4192888 -0.1378837 0.751308 -0.4463254 -0.1349004 0.6487184 -0.4701585 -0.1329015 0.5051055 -0.3580585 -0.09637546 0.7776513 -0.3848779 -0.09972357 0.7108436 -0.4110099 -0.1031225 0.6464229 -0.4347229 -0.1068065 0.5648255 -0.4542037 -0.1086021 0.446383 -0.4421355 -0.09177863 0.3845115 -0.5713879 -0.1716679 -0.5250383 -0.5363796 -0.1362376 -0.5250383 -0.4977945 -0.0990076 -0.5250383 -0.4571152 -0.06140887 -0.5250383 -0.5858957 -0.1926574 -0.2193851 -0.5524074 -0.1644139 -0.2260985 -0.5211248 -0.1330813 -0.2270989 -0.4880778 -0.1005516 -0.2284159 -0.4538436 -0.06841504 -0.2291541 -0.5641419 -0.1863583 0.07452344 -0.5335041 -0.159752 0.06113195 -0.5054924 -0.1311138 0.05431509 -0.4779555 -0.1027425 0.04485559 -0.4500812 -0.0757631 0.03946447 -0.537049 -0.1852823 0.3453908 -0.5121942 -0.1583019 0.324945 -0.4891921 -0.1313467 0.3026776 -0.4676393 -0.1063367 0.2714238 -0.445927 -0.08409178 0.253551 -0.3183203 0.0495361 -0.2193851 -0.3309411 0.02472126 0.07452344 -0.3420431 -0.008774399 0.3453908 -0.3511995 -0.04966378 0.582809 -0.3381872 0.03941178 -0.5250383 -0.3510773 0.01924097 -0.2222957 -0.3612947 -0.001447916 0.06683683 -0.3702062 -0.0281229 0.3287482 -0.3780035 -0.06085717 0.5484223 -0.3757482 0.009156703 -0.5250383 -0.3844441 -0.009306907 -0.2261486 -0.3913173 -0.0272361 0.05574083 -0.3972044 -0.04766976 0.3036275 -0.4033527 -0.07237601 0.5047679 -0.4159052 -0.02488625 -0.5250383 -0.4189993 -0.03826284 -0.2284159 -0.4210573 -0.051301 0.04485559 -0.4224467 -0.06543111 0.2714238 -0.4260432 -0.08311307 0.446383 -0.3627141 -0.2527949 -17.01493 -0.3046658 0.06471621 -15.4482 -0.6014739 -0.2039372 -15.4482 -0.3639286 -0.1999307 -16.98483 -0.3623566 -0.1471143 -16.89567 -0.3580585 -0.09637546 -16.75089 -0.3511995 -0.04966378 -16.55605 -0.3983032 -0.2310446 -16.98483 -0.3955056 -0.1868838 -16.89577 -0.3913039 -0.1420512 -16.81538 -0.3853279 -0.09938073 -16.69326 -0.3780533 -0.06112957 -16.52301 -0.4349261 -0.2128 -16.89567 -0.4273214 -0.1755899 -16.8039 -0.4194343 -0.1380156 -16.72455 -0.4111225 -0.1030368 -16.62196 -0.4033652 -0.07244408 -16.47834 -0.4711753 -0.1987621 -16.75089 -0.4586285 -0.1664782 -16.68408 -0.44631 -0.1350741 -16.61966 -0.4347229 -0.1068065 -16.53807 -0.4260432 -0.08311307 -16.41962 -0.4421355 -0.09177863 -16.35775 -0.3381872 0.03941178 -15.4482 -0.3757482 0.009156703 -15.4482 -0.4159052 -0.02488625 -15.4482 -0.4571152 -0.06140887 -15.4482 -0.3183203 0.0495361 -15.75385 -0.3503981 0.01843321 -15.74714 -0.3837385 -0.008727431 -15.74614 -0.4185707 -0.03763771 -15.74482 -0.4535889 -0.06818461 -15.74409 -0.3309411 0.02472126 -16.04776 -0.3608115 -0.003440976 -16.03437 -0.3910626 -0.02753889 -16.02755 -0.4209502 -0.05114459 -16.0181 -0.4500175 -0.0757054 -16.0127 -0.3420431 -0.008774399 -16.31863 -0.3699554 -0.02955567 -16.29818 -0.3971417 -0.04802787 -16.27592 -0.4224467 -0.06543111 -16.24466 -0.445927 -0.08409178 -16.22679 -0.5858957 -0.1926574 -15.75385 -0.5641419 -0.1863583 -16.04776 -0.537049 -0.1852823 -16.31863 -0.505658 -0.1894706 -16.55605 -0.5713879 -0.1716679 -15.4482 -0.5526983 -0.1632546 -15.75094 -0.5346785 -0.1583845 -16.04008 -0.5130754 -0.1574397 -16.30199 -0.4877665 -0.1602082 -16.52166 -0.5363796 -0.1362376 -15.4482 -0.5204594 -0.1324201 -15.74709 -0.5056015 -0.1306792 -16.02898 -0.4894125 -0.1311311 -16.27687 -0.4702097 -0.132891 -16.47801 -0.4977945 -0.0990076 -15.4482 -0.4874874 -0.1002545 -15.74482 -0.4778078 -0.1026682 -16.0181 -0.4676393 -0.1063368 -16.24466 -0.4542037 -0.1086022 -16.41962 -0.2151936 -0.1459796 1.041694 -0.4423296 -0.03496217 -0.5250383 -0.1125341 0.1500896 -0.5250383 -0.2469664 -0.1152418 1.01159 -0.2802581 -0.08766925 0.9224324 -0.3137893 -0.06432139 0.7776513 -0.3462713 -0.04609537 0.582809 -0.2087715 -0.09381055 1.01159 -0.2374314 -0.07242703 0.9225326 -0.2672836 -0.05225181 0.8421407 -0.2967947 -0.03527617 0.7200255 -0.3243144 -0.02221882 0.549767 -0.1996235 -0.04242432 0.9224324 -0.2266876 -0.03031694 0.8306642 -0.2541323 -0.01832532 0.751308 -0.2802197 -0.00825417 0.6487184 -0.3033071 4.88758e-6 0.5051055 -0.1881006 0.00620377 0.7776513 -0.214887 0.01000773 0.7108436 -0.2410064 0.01358008 0.6464229 -0.2647942 0.01623368 0.5648255 -0.2841594 0.01962089 0.446383 -0.2699001 0.0329318 0.3845115 -0.4081743 -0.0112642 -0.5250383 -0.3687363 0.01423346 -0.5250383 -0.3255308 0.04055094 -0.5250383 -0.2802184 0.06667661 -0.5250383 -0.4254261 -0.02801609 -0.2193851 -0.3885139 -0.009165406 -0.2260985 -0.35332 0.01329767 -0.2270989 -0.3162233 0.03646898 -0.2284159 -0.2780188 0.05894064 -0.2291541 -0.4031832 -0.02758705 0.07452344 -0.3693024 -0.009588956 0.06113195 -0.3377045 0.01109611 0.05431509 -0.3066108 0.03164494 0.04485559 -0.2753867 0.05073952 0.03946447 -0.3764559 -0.03369176 0.3453908 -0.3481931 -0.01379823 0.324945 -0.3217512 0.006560087 0.3026776 -0.2970106 0.02539336 0.2714238 -0.2725118 0.04147303 0.253551 -0.1281124 0.1388095 -0.2193851 -0.1440645 0.1178071 0.07452344 -0.159777 0.08788907 0.3453908 -0.1746463 0.05020523 0.582809 -0.1490557 0.1341301 -0.5250383 -0.1646031 0.1177535 -0.2222957 -0.1776036 0.1001625 0.06683683 -0.1901855 0.07635521 0.3287482 -0.2025472 0.04631054 0.5484223 -0.1902522 0.1143828 -0.5250383 -0.2014399 0.09857225 -0.2261486 -0.2107633 0.0828042 0.05574083 -0.21948 0.06431889 0.3036275 -0.2290683 0.04171228 0.5047679 -0.2345405 0.09160661 -0.5250383 -0.2395014 0.07930481 -0.2284159 -0.2433976 0.06706118 0.04485559 -0.2467952 0.05356991 0.2714238 -0.2528691 0.03717815 0.446383 -0.2151936 -0.1459796 -17.01493 -0.1125341 0.1500896 -15.4482 -0.4423297 -0.03496217 -15.4482 -0.2087715 -0.09381055 -16.98483 -0.1996234 -0.04242432 -16.89567 -0.1881006 0.00620377 -16.75089 -0.1746461 0.05020523 -16.55605 -0.2469664 -0.115242 -16.98483 -0.2378628 -0.07266926 -16.89577 -0.2272853 -0.02980828 -16.81538 -0.2152789 0.01046299 -16.69326 -0.2026353 0.0460565 -16.52301 -0.2802581 -0.08766937 -16.89567 -0.2674407 -0.05318415 -16.8039 -0.254294 -0.01841616 -16.72455 -0.2411044 0.01369392 -16.62196 -0.2290902 0.04164886 -16.47834 -0.3137891 -0.06432139 -16.75089 -0.2968341 -0.03597366 -16.68408 -0.2802296 -0.008428573 -16.61966 -0.2647942 0.01623368 -16.53807 -0.252869 0.03717815 -16.41962 -0.2699001 0.0329318 -16.35775 -0.1490557 0.1341302 -15.4482 -0.1902521 0.1143829 -15.4482 -0.2345404 0.09160685 -15.4482 -0.2802184 0.06667673 -15.4482 -0.1281124 0.1388095 -15.75385 -0.1640532 0.1167819 -15.74714 -0.2006645 0.09895443 -15.74614 -0.238991 0.07980489 -15.74482 -0.2777356 0.05909955 -15.74409 -0.1440645 0.1178071 -16.04776 -0.1774168 0.09808003 -16.03437 -0.2105571 0.08244001 -16.02755 -0.2432699 0.06718623 -16.0181 -0.2753159 0.05077922 -16.0127 -0.159777 0.08788907 -16.31863 -0.190146 0.07488369 -16.29818 -0.21947 0.06395101 -16.27592 -0.2467951 0.05356991 -16.24466 -0.2725117 0.04147303 -16.22679 -0.4254261 -0.02801609 -15.75385 -0.4031832 -0.02758705 -16.04776 -0.3764559 -0.03369176 -16.31863 -0.3462712 -0.04609549 -16.55605 -0.4081743 -0.01126396 -15.4482 -0.3886322 -0.007951617 -15.75094 -0.3702573 -0.007937312 -16.04008 -0.3489333 -0.01271986 -16.30199 -0.3245093 -0.02212369 -16.52166 -0.3687362 0.01423358 -15.4482 -0.3525722 0.01377034 -15.74709 -0.337749 0.01155114 -16.02898 -0.3219362 0.006829619 -16.27687 -0.3033559 2.87294e-5 -16.47801 -0.3255308 0.04055106 -15.4482 -0.3156013 0.0366044 -15.74482 -0.3064553 0.03167879 -16.0181 -0.2970106 0.02539336 -16.24466 -0.2841594 0.01962089 -16.41962 -0.05512464 -0.08020317 1.041694 -0.2619081 0.08870804 -0.5250383 0.08820104 0.1830466 -0.5250383 -0.08186024 -0.04165923 1.01159 -0.1105413 -0.005818128 0.9224324 -0.1400656 0.02594268 0.7776513 -0.1692988 0.05240273 0.582809 -0.04131269 -0.03073346 1.01159 -0.06634223 -0.002186775 0.9225326 -0.09271544 0.0254898 0.8421407 -0.1192146 0.04993832 0.7200255 -0.1443251 0.07001769 0.549767 -0.02493995 0.01724767 0.9224324 -0.04974031 0.03627479 0.8306642 -0.07493066 0.05528879 0.751308 -0.09906667 0.07206094 0.6487184 -0.1205209 0.0862627 0.5051055 -0.006635427 0.0618962 0.7776513 -0.03235918 0.0727061 0.7108436 -0.05746215 0.08311259 0.6464229 -0.08041089 0.09200179 0.5648255 -0.09891605 0.1004414 0.446383 -0.08301383 0.1097283 0.3845115 -0.2249962 0.1029242 -0.5250383 -0.1826437 0.1175093 -0.5250383 -0.1364783 0.1319029 -0.5250383 -0.08827412 0.1455516 -0.5250383 -0.244329 0.09105348 -0.2193851 -0.2054111 0.09978675 -0.2260985 -0.1676584 0.1125173 -0.2270989 -0.1279374 0.1254396 -0.2284159 -0.0872308 0.1373828 -0.2291541 -0.2224517 0.08559584 0.07452344 -0.1866297 0.0942943 0.06113195 -0.1526601 0.1062313 0.05431509 -0.1192045 0.1181679 0.04485559 -0.08583039 0.1286438 0.03946447 -0.1971171 0.07254517 0.3453908 -0.1665323 0.08458709 0.324945 -0.1376664 0.09756624 0.3026776 -0.110689 0.1094993 0.2714238 -0.08434528 0.1187955 0.253551 0.07129746 0.1761004 -0.2193851 0.05262726 0.1597173 0.07452344 0.03290802 0.1345267 0.3453908 0.01289743 0.1014963 0.582809 0.05008274 0.1770455 -0.5250383 0.03247565 0.1650925 -0.2222957 0.01719146 0.1512753 0.06683683 0.001422643 0.1312506 0.3287482 -0.01502823 0.1050503 0.5484223 0.00683391 0.1685651 -0.5250383 -0.006415843 0.156015 -0.2261486 -0.01783084 0.1430139 0.05574083 -0.02904224 0.1271873 0.3036275 -0.04170203 0.1075493 0.5047679 -0.03988337 0.1579309 -0.5250383 -0.04652076 0.1471766 -0.2284159 -0.0521053 0.1361979 0.04485559 -0.05738061 0.1238635 0.2714238 -0.0656985 0.1093921 0.446383 -0.05512464 -0.08020317 -17.01493 0.08820104 0.1830466 -15.4482 -0.2619081 0.08870804 -15.4482 -0.04131269 -0.03073346 -16.98483 -0.02493995 0.01724767 -16.89567 -0.006635427 0.0618962 -16.75089 0.01289743 0.1014963 -16.55605 -0.08186024 -0.04165923 -16.98483 -0.06680041 -0.002310156 -16.89577 -0.05025345 0.03693151 -16.81538 -0.03267806 0.07325613 -16.69326 -0.01515132 0.1048243 -16.52301 -0.1105413 -0.005818128 -16.89567 -0.09300386 0.02461731 -16.8039 -0.07510256 0.05524265 -16.72455 -0.05754196 0.08324992 -16.62196 -0.04173272 0.1074926 -16.47834 -0.1400656 0.02594268 -16.75089 -0.1193538 0.04926502 -16.68408 -0.09910136 0.07189261 -16.61966 -0.08041089 0.09200179 -16.53807 -0.0656985 0.1093921 -16.41962 -0.08301383 0.1097283 -16.35775 0.0500828 0.1770455 -15.4482 0.00683391 0.1685651 -15.4482 -0.03988337 0.1579309 -15.4482 -0.088274 0.1455516 -15.4482 0.07129746 0.1761004 -15.75385 0.032875 0.1639941 -15.74714 -0.005600273 0.1561847 -15.74614 -0.0459482 0.1475321 -15.74482 -0.08693027 0.1374638 -15.74409 0.05262732 0.1597173 -16.04776 0.01707482 0.1491835 -16.03437 -0.01768106 0.1426019 -16.02755 -0.05196213 0.1362867 -16.0181 -0.08575516 0.1286641 -16.0127 0.03290802 0.1345267 -16.31863 0.001249551 0.1297968 -16.29818 -0.02908557 0.1268241 -16.27592 -0.05738061 0.1238635 -16.24466 -0.08434528 0.1187955 -16.22679 -0.244329 0.09105348 -15.75385 -0.2224517 0.08559584 -16.04776 -0.1971171 0.07254517 -16.31863 -0.1692988 0.05240273 -16.55605 -0.2249962 0.1029242 -15.4482 -0.2053524 0.1010085 -15.75094 -0.1873283 0.09616649 -16.04008 -0.167103 0.08584058 -16.30199 -0.1445026 0.07016265 -16.52166 -0.1826437 0.1175093 -15.4482 -0.166857 0.1127833 -15.74709 -0.1526381 0.1066893 -16.02898 -0.137809 0.09787964 -16.27687 -0.1205652 0.08629894 -16.47801 -0.1364783 0.1319029 -15.4482 -0.1273081 0.1254079 -15.74482 -0.1190471 0.1181601 -16.0181 -0.110689 0.1094995 -16.24466 -0.09891605 0.1004414 -16.41962 0.1113413 -0.05799317 1.041694 -0.06714272 0.1623204 -0.5250383 0.2898253 0.1623204 -0.5250383 0.0906704 -0.01312434 1.01159 0.06770211 0.02960777 0.9224324 0.04331916 0.06856095 0.7776513 0.01845854 0.1022381 0.582809 0.1320121 -0.01312434 1.01159 0.1115748 0.02148866 0.9225326 0.08969438 0.05560338 0.8421407 0.06722539 0.08658516 0.7200255 0.04548907 0.1129148 0.549767 0.1549804 0.02960777 0.9224324 0.1333968 0.05482363 0.8306642 0.1114289 0.08012986 0.751308 0.09017223 0.102958 0.6487184 0.07117551 0.1225568 0.5051055 0.1793634 0.06856095 0.7776513 0.1556907 0.08596146 0.7108436 0.1325687 0.102802 0.6464229 0.1113413 0.1175854 0.5648255 0.09440714 0.1307533 0.446383 0.1113413 0.1356593 0.3845115 -0.02889263 0.1665087 -0.5250383 0.01474642 0.1696208 -0.5250383 0.06209766 0.1715372 -0.5250383 0.1113413 0.1721844 -0.5250383 -0.04956352 0.1599749 -0.2193851 -0.01013588 0.1582556 -0.2260985 0.02872478 0.1607645 -0.2270989 0.06954354 0.1629409 -0.2284159 0.1111881 0.1638967 -0.2291541 -0.02889263 0.1488407 0.07452344 0.007493615 0.1479049 0.06113195 0.04252964 0.1506354 0.05431509 0.07706153 0.1535011 0.04485559 0.111303 0.1549556 0.03946447 -0.005924403 0.1293452 0.3453908 0.0258069 0.1330732 0.324945 0.05598723 0.1381744 0.3026776 0.08416491 0.1427485 0.2714238 0.1113413 0.144904 0.253551 0.2722461 0.1599749 -0.2193851 0.2515752 0.1488407 0.07452344 0.228607 0.1293452 0.3453908 0.2042241 0.1022381 0.582809 0.2515752 0.1665087 -0.5250383 0.2325849 0.1594383 -0.2222957 0.2156046 0.1499259 0.06683683 0.1972548 0.1344532 0.3287482 0.1773467 0.1131039 0.5484223 0.2079361 0.1696208 -0.5250383 0.1931334 0.1608135 -0.2261486 0.1800653 0.151079 0.05574083 0.1667901 0.1385194 0.3036275 0.1515454 0.122604 0.5047679 0.1605849 0.1715372 -0.5250383 0.1525263 0.1627435 -0.2284159 0.1454679 0.1534516 0.04485559 0.1385176 0.1427485 0.2714238 0.1282754 0.1307533 0.446383 0.1113413 -0.05799317 -17.01493 0.2898253 0.1623204 -15.4482 -0.06714272 0.1623204 -15.4482 0.1320121 -0.01312434 -16.98483 0.1549804 0.02960777 -16.89567 0.1793634 0.06856095 -16.75089 0.2042241 0.1022381 -16.55605 0.0906704 -0.01312434 -16.98483 0.1111078 0.02148866 -16.89577 0.1329882 0.05560338 -16.81538 0.1554571 0.08658516 -16.69326 0.1771935 0.1129148 -16.52301 0.06770211 0.02960777 -16.89567 0.08928579 0.05482363 -16.8039 0.1112537 0.08012986 -16.72455 0.1325103 0.102958 -16.62196 0.151507 0.1225568 -16.47834 0.04331916 0.06856095 -16.75089 0.06699186 0.08596146 -16.68408 0.09011387 0.102802 -16.61966 0.1113413 0.1175854 -16.53807 0.1282754 0.1307533 -16.41962 0.1113413 0.1356593 -16.35775 0.2515752 0.1665087 -15.4482 0.2079361 0.1696208 -15.4482 0.1605849 0.1715372 -15.4482 0.1113413 0.1721844 -15.4482 0.2722461 0.1599749 -15.75385 0.2328185 0.1582556 -15.74714 0.1939578 0.1607645 -15.74614 0.153139 0.1629409 -15.74482 0.1114945 0.1638967 -15.74409 0.2515752 0.1488407 -16.04776 0.2151889 0.1479049 -16.03437 0.1801529 0.1506354 -16.02755 0.145621 0.1535011 -16.0181 0.1113796 0.1549556 -16.0127 0.228607 0.1293452 -16.31863 0.1968756 0.1330732 -16.29818 0.1666953 0.1381744 -16.27592 0.1385176 0.1427485 -16.24466 0.1113413 0.144904 -16.22679 -0.04956352 0.1599749 -15.75385 -0.02889263 0.1488407 -16.04776 -0.005924403 0.1293452 -16.31863 0.01845854 0.1022381 -16.55605 -0.02889263 0.1665087 -15.4482 -0.009902298 0.1594383 -15.75094 0.007078051 0.1499259 -16.04008 0.02542769 0.1344532 -16.30199 0.04533588 0.1131039 -16.52166 0.01474642 0.1696208 -15.4482 0.02954918 0.1608135 -15.74709 0.0426172 0.151079 -16.02898 0.0558924 0.1385194 -16.27687 0.07113718 0.122604 -16.47801 0.06209766 0.1715372 -15.4482 0.07015633 0.1627435 -15.74482 0.07721465 0.1534516 -16.0181 0.08416491 0.1427485 -16.24466 0.09440714 0.1307533 -16.41962 0.2778072 -0.08020317 1.041694 0.1344816 0.1830466 -0.5250383 0.4845907 0.08870804 -0.5250383 0.2639954 -0.03073346 1.01159 0.2476226 0.01724767 0.9224324 0.229318 0.0618962 0.7776513 0.2097851 0.1014963 0.582809 0.3045428 -0.04165923 1.01159 0.289483 -0.002310156 0.9225326 0.2729361 0.03693151 0.8421407 0.2553607 0.07325613 0.7200255 0.2378339 0.1048243 0.549767 0.3332239 -0.005818128 0.9224324 0.3156865 0.02461731 0.8306642 0.2977852 0.05524265 0.751308 0.2802246 0.08324992 0.6487184 0.2644153 0.1074926 0.5051055 0.3627482 0.02594268 0.7776513 0.3420364 0.04926502 0.7108436 0.321784 0.07189261 0.6464229 0.3030935 0.09200179 0.5648255 0.2883811 0.1093921 0.446383 0.3056964 0.1097283 0.3845115 0.1725998 0.1770455 -0.5250383 0.2158486 0.1685651 -0.5250383 0.262566 0.1579309 -0.5250383 0.3109566 0.1455516 -0.5250383 0.1513851 0.1761004 -0.2193851 0.1898075 0.1639941 -0.2260985 0.2282829 0.1561847 -0.2270989 0.2686309 0.1475321 -0.2284159 0.3096129 0.1374638 -0.2291541 0.1700552 0.1597173 0.07452344 0.2056077 0.1491835 0.06113195 0.2403637 0.1426019 0.05431509 0.2746447 0.1362867 0.04485559 0.3084378 0.1286641 0.03946447 0.1897745 0.1345267 0.3453908 0.221433 0.1297968 0.324945 0.2517682 0.1268241 0.3026776 0.2800633 0.1238635 0.2714238 0.3070279 0.1187955 0.253551 0.4670116 0.09105348 -0.2193851 0.4451343 0.08559584 0.07452344 0.4197997 0.07254517 0.3453908 0.3919814 0.05240273 0.582809 0.4476788 0.1029242 -0.5250383 0.4280351 0.1010085 -0.2222957 0.4100109 0.09616649 0.06683683 0.3897856 0.08584058 0.3287482 0.3671852 0.07016265 0.5484223 0.4053263 0.1175093 -0.5250383 0.3895397 0.1127833 -0.2261486 0.3753207 0.1066893 0.05574083 0.3604917 0.09787964 0.3036275 0.3432479 0.08629894 0.5047679 0.3591609 0.1319029 -0.5250383 0.3499907 0.1254079 -0.2284159 0.3417297 0.1181601 0.04485559 0.3333716 0.1094995 0.2714238 0.3215987 0.1004414 0.446383 0.2778072 -0.08020317 -17.01493 0.4845907 0.08870804 -15.4482 0.1344816 0.1830466 -15.4482 0.3045428 -0.04165923 -16.98483 0.3332239 -0.005818128 -16.89567 0.3627482 0.02594268 -16.75089 0.3919814 0.05240273 -16.55605 0.2639954 -0.03073346 -16.98483 0.2890249 -0.002186775 -16.89577 0.315398 0.0254898 -16.81538 0.3418972 0.04993832 -16.69326 0.3670077 0.07001769 -16.52301 0.2476226 0.01724767 -16.89567 0.272423 0.03627479 -16.8039 0.2976133 0.05528879 -16.72455 0.3217493 0.07206094 -16.62196 0.3432036 0.0862627 -16.47834 0.229318 0.0618962 -16.75089 0.2550418 0.0727061 -16.68408 0.2801448 0.08311259 -16.61966 0.3030935 0.09200179 -16.53807 0.3215987 0.1004414 -16.41962 0.3056964 0.1097283 -16.35775 0.4476788 0.1029242 -15.4482 0.4053263 0.1175093 -15.4482 0.3591609 0.1319029 -15.4482 0.3109567 0.1455516 -15.4482 0.4670116 0.09105348 -15.75385 0.4280938 0.09978675 -15.74714 0.390341 0.1125173 -15.74614 0.3506201 0.1254396 -15.74482 0.3099134 0.1373828 -15.74409 0.4451343 0.08559584 -16.04776 0.4093123 0.0942943 -16.03437 0.3753427 0.1062313 -16.02755 0.3418871 0.1181679 -16.0181 0.3085131 0.1286438 -16.0127 0.4197997 0.07254517 -16.31863 0.3892149 0.08458709 -16.29818 0.3603491 0.09756624 -16.27592 0.3333716 0.1094993 -16.24466 0.3070279 0.1187955 -16.22679 0.1513851 0.1761004 -15.75385 0.1700553 0.1597173 -16.04776 0.1897745 0.1345267 -16.31863 0.2097851 0.1014963 -16.55605 0.1725999 0.1770455 -15.4482 0.1902069 0.1650925 -15.75094 0.2054911 0.1512753 -16.04008 0.2212599 0.1312506 -16.30199 0.2377108 0.1050503 -16.52166 0.2158486 0.1685651 -15.4482 0.2290984 0.156015 -15.74709 0.2405135 0.1430139 -16.02898 0.2517249 0.1271873 -16.27687 0.2643847 0.1075493 -16.47801 0.262566 0.1579309 -15.4482 0.2692034 0.1471766 -15.74482 0.2747879 0.1361979 -16.0181 0.2800633 0.1238635 -16.24466 0.2883811 0.1093921 -16.41962 0.4378763 -0.1459796 1.041694 0.3352167 0.1500896 -0.5250383 0.6650123 -0.03496217 -0.5250383 0.4314542 -0.09381055 1.01159 0.422306 -0.04242432 0.9224324 0.4107833 0.00620377 0.7776513 0.3973288 0.05020523 0.582809 0.4696491 -0.115242 1.01159 0.4605454 -0.07266926 0.9225326 0.4499679 -0.02980828 0.8421407 0.4379616 0.01046299 0.7200255 0.4253179 0.0460565 0.549767 0.5029407 -0.08766937 0.9224324 0.4901233 -0.05318415 0.8306642 0.4769766 -0.01841616 0.751308 0.463787 0.01369392 0.6487184 0.4517728 0.04164886 0.5051055 0.5364718 -0.06432139 0.7776513 0.5195168 -0.03597366 0.7108436 0.5029122 -0.008428573 0.6464229 0.4874768 0.01623368 0.5648255 0.4755516 0.03717815 0.446383 0.4925827 0.0329318 0.3845124 0.3717383 0.1341302 -0.5250397 0.4129347 0.1143829 -0.5250397 0.4572229 0.09160685 -0.5250397 0.502901 0.06667673 -0.5250397 0.350795 0.1388095 -0.2193851 0.3867358 0.1167819 -0.2260994 0.4233471 0.09895443 -0.2270989 0.4616736 0.07980489 -0.2284159 0.5004182 0.05909955 -0.2291545 0.3667471 0.1178071 0.07452344 0.4000993 0.09808003 0.06113195 0.4332397 0.08244001 0.05431509 0.4659526 0.06718623 0.04485559 0.4979985 0.05077922 0.03946447 0.3824596 0.08788907 0.3453908 0.4128287 0.07488369 0.324945 0.4421527 0.06395101 0.3026776 0.4694777 0.05356991 0.2714238 0.4951943 0.04147303 0.253551 0.6481087 -0.02801609 -0.2193851 0.6258658 -0.02758705 0.07452344 0.5991386 -0.03369176 0.3453908 0.5689538 -0.04609549 0.582809 0.6308569 -0.01126396 -0.5250397 0.6113148 -0.007951617 -0.2222957 0.5929399 -0.007937312 0.06683683 0.5716159 -0.01271986 0.3287482 0.5471919 -0.02212369 0.5484223 0.5914188 0.01423358 -0.5250397 0.5752549 0.01377034 -0.2261486 0.5604315 0.01155114 0.05574083 0.5446188 0.006829619 0.3036275 0.5260385 2.87294e-5 0.5047679 0.5482134 0.04055106 -0.5250397 0.538284 0.0366044 -0.2284159 0.529138 0.03167879 0.04485559 0.5196931 0.02539336 0.2714238 0.506842 0.01962089 0.446383 0.4378763 -0.1459796 -17.01493 0.6650122 -0.03496217 -15.4482 0.3352167 0.1500896 -15.4482 0.4696491 -0.1152418 -16.98483 0.5029408 -0.08766925 -16.89567 0.5364719 -0.06432139 -16.75089 0.5689539 -0.04609537 -16.55605 0.4314542 -0.09381055 -16.98483 0.4601141 -0.07242703 -16.89577 0.4899662 -0.05225181 -16.81538 0.5194773 -0.03527617 -16.69326 0.546997 -0.02221882 -16.52301 0.4223061 -0.04242432 -16.89567 0.4493702 -0.03031694 -16.8039 0.4768149 -0.01832532 -16.72455 0.5029023 -0.00825417 -16.62196 0.5259897 4.88758e-6 -16.47834 0.4107833 0.00620377 -16.75089 0.4375697 0.01000773 -16.68408 0.463689 0.01358008 -16.61966 0.4874768 0.01623368 -16.53807 0.506842 0.01962089 -16.41962 0.4925827 0.0329318 -16.35775 0.6308569 -0.0112642 -15.4482 0.5914189 0.01423346 -15.4482 0.5482134 0.04055094 -15.4482 0.502901 0.06667661 -15.4482 0.6481087 -0.02801609 -15.75385 0.6111965 -0.009165406 -15.74714 0.5760025 0.01329767 -15.74614 0.5389059 0.03646898 -15.74482 0.5007014 0.05894064 -15.74409 0.6258658 -0.02758705 -16.04776 0.591985 -0.009588956 -16.03437 0.5603871 0.01109611 -16.02755 0.5292935 0.03164494 -16.0181 0.4980693 0.05073952 -16.0127 0.5991386 -0.03369176 -16.31863 0.5708757 -0.01379823 -16.29818 0.5444338 0.006560087 -16.27592 0.5196931 0.02539336 -16.24466 0.4951944 0.04147303 -16.22679 0.350795 0.1388095 -15.75385 0.3667471 0.1178071 -16.04776 0.3824596 0.08788907 -16.31863 0.3973289 0.05020523 -16.55605 0.3717384 0.1341301 -15.4482 0.3872857 0.1177535 -15.75094 0.4002862 0.1001625 -16.04008 0.4128682 0.07635521 -16.30199 0.4252299 0.04631054 -16.52166 0.4129348 0.1143828 -15.4482 0.4241226 0.09857225 -15.74709 0.4334459 0.0828042 -16.02898 0.4421626 0.06431889 -16.27687 0.4517509 0.04171228 -16.47801 0.4572231 0.09160661 -15.4482 0.462184 0.07930481 -15.74482 0.4660802 0.06706118 -16.0181 0.4694778 0.05356991 -16.24466 0.4755517 0.03717815 -16.41962 0.5853967 -0.2527949 1.041694 0.5273485 0.06471621 -0.5250383 0.8241565 -0.2039372 -0.5250383 0.5866112 -0.1999307 1.01159 0.5850392 -0.1471143 0.9224324 0.5807411 -0.09637546 0.7776513 0.5738822 -0.04966378 0.582809 0.6209858 -0.2310446 1.01159 0.6181882 -0.1868838 0.9225326 0.6139865 -0.1420512 0.8421407 0.6080105 -0.09938073 0.7200255 0.6007359 -0.06112957 0.549767 0.6576087 -0.2128 0.9224324 0.650004 -0.1755899 0.8306642 0.6421169 -0.1380156 0.751308 0.6338051 -0.1030368 0.6487184 0.6260478 -0.07244408 0.5051055 0.6938579 -0.1987621 0.7776513 0.6813111 -0.1664782 0.7108436 0.6689926 -0.1350741 0.6464229 0.6574054 -0.1068065 0.5648255 0.6487258 -0.08311307 0.446383 0.6648181 -0.09177863 0.3845115 0.5608698 0.03941178 -0.5250383 0.5984308 0.009156703 -0.5250383 0.6385878 -0.02488625 -0.5250383 0.6797978 -0.06140887 -0.5250383 0.5410029 0.0495361 -0.2193851 0.5730807 0.01843321 -0.2260985 0.6064211 -0.008727431 -0.2270989 0.6412533 -0.03763771 -0.2284159 0.6762715 -0.06818461 -0.2291541 0.5536237 0.02472126 0.07452344 0.5834941 -0.003440976 0.06113195 0.6137452 -0.02753889 0.05431509 0.6436328 -0.05114459 0.04485559 0.6727001 -0.0757054 0.03946447 0.5647258 -0.008774399 0.3453908 0.5926381 -0.02955567 0.324945 0.6198243 -0.04802787 0.3026776 0.6451293 -0.06543111 0.2714238 0.6686096 -0.08409178 0.253551 0.8085783 -0.1926574 -0.2193851 0.7868245 -0.1863583 0.07452344 0.7597316 -0.1852823 0.3453908 0.7283406 -0.1894706 0.582809 0.7940705 -0.1716679 -0.5250383 0.7753809 -0.1632546 -0.2222957 0.7573611 -0.1583845 0.06683683 0.735758 -0.1574397 0.3287482 0.710449 -0.1602082 0.5484223 0.7590622 -0.1362376 -0.5250383 0.743142 -0.1324201 -0.2261486 0.7282841 -0.1306792 0.05574083 0.7120951 -0.1311311 0.3036275 0.6928923 -0.132891 0.5047679 0.7204771 -0.0990076 -0.5250383 0.71017 -0.1002545 -0.2284159 0.7004904 -0.1026682 0.04485559 0.6903219 -0.1063368 0.2714238 0.6768863 -0.1086022 0.446383 0.5853967 -0.2527949 -17.01493 0.8241565 -0.2039372 -15.4482 0.5273485 0.06471621 -15.4482 0.6209858 -0.2310446 -16.98483 0.6576087 -0.2128 -16.89567 0.6938579 -0.1987621 -16.75089 0.7283406 -0.1894706 -16.55605 0.5866112 -0.1999307 -16.98483 0.6177999 -0.1865323 -16.89577 0.6499841 -0.1746339 -16.81538 0.6813727 -0.1657837 -16.69326 0.7102441 -0.1602501 -16.52301 0.5850392 -0.1471143 -16.89567 0.6133269 -0.142392 -16.8039 0.6419714 -0.1378837 -16.72455 0.669008 -0.1349004 -16.62196 0.6928411 -0.1329015 -16.47834 0.5807411 -0.09637546 -16.75089 0.6075606 -0.09972357 -16.68408 0.6336925 -0.1031225 -16.61966 0.6574054 -0.1068065 -16.53807 0.6768863 -0.1086021 -16.41962 0.6648181 -0.09177863 -16.35775 0.7940705 -0.1716679 -15.4482 0.7590622 -0.1362376 -15.4482 0.7204771 -0.0990076 -15.4482 0.6797978 -0.06140887 -15.4482 0.8085783 -0.1926574 -15.75385 0.77509 -0.1644139 -15.74714 0.7438074 -0.1330813 -15.74614 0.7107604 -0.1005516 -15.74482 0.6765262 -0.06841504 -15.74409 0.7868245 -0.1863583 -16.04776 0.7561867 -0.159752 -16.03437 0.728175 -0.1311138 -16.02755 0.7006381 -0.1027425 -16.0181 0.6727638 -0.0757631 -16.0127 0.7597316 -0.1852823 -16.31863 0.7348768 -0.1583019 -16.29818 0.7118747 -0.1313467 -16.27592 0.6903219 -0.1063367 -16.24466 0.6686096 -0.08409178 -16.22679 0.5410029 0.0495361 -15.75385 0.5536237 0.02472126 -16.04776 0.5647258 -0.008774399 -16.31863 0.5738822 -0.04966378 -16.55605 0.5608698 0.03941178 -15.4482 0.5737599 0.01924097 -15.75094 0.5839774 -0.001447916 -16.04008 0.5928888 -0.0281229 -16.30199 0.6006861 -0.06085717 -16.52166 0.5984308 0.009156703 -15.4482 0.6071267 -0.009306907 -15.74709 0.6139999 -0.0272361 -16.02898 0.619887 -0.04766976 -16.27687 0.6260353 -0.07237601 -16.47801 0.6385878 -0.02488625 -15.4482 0.6416819 -0.03826284 -15.74482 0.6437399 -0.051301 -16.0181 0.6451293 -0.06543111 -16.24466 0.6487258 -0.08311307 -16.41962 0.7146992 -0.3965437 1.041694 0.7034931 -0.06979274 -0.5250383 0.9559077 -0.4117239 -0.5250383 0.7235037 -0.3450164 1.01159 0.7295684 -0.2927995 0.9224324 0.7326602 -0.2418996 0.7776513 0.7326602 -0.1942726 0.582809 0.7527369 -0.3846168 1.01159 0.756353 -0.3405653 0.9225326 0.7586887 -0.2954838 0.8421407 0.7589728 -0.2520538 0.7200255 0.7573467 -0.2126151 0.549767 0.7912834 -0.3764013 0.9224324 0.7891839 -0.3378965 0.8306642 0.7868597 -0.2989599 0.751308 0.7837451 -0.2624567 0.6487184 0.7805427 -0.2304015 0.5051055 0.828858 -0.372213 0.7776513 0.8212016 -0.3372335 0.7108436 0.8136426 -0.3031774 0.6464229 0.8063492 -0.2723909 0.5648255 0.8012485 -0.2468587 0.446383 0.8157835 -0.2596106 0.3845115 0.7327262 -0.10347 -0.5250383 0.7652082 -0.1430703 -0.5250383 0.799691 -0.1870718 -0.5250383 0.8348492 -0.2337836 -0.5250383 0.7146992 -0.08828985 -0.2193851 0.7416812 -0.1272724 -0.2260985 0.7704696 -0.1627222 -0.2270989 0.8004688 -0.2002825 -0.2284159 0.8304149 -0.2394968 -0.2291541 0.7235037 -0.1159632 0.07452344 0.7487443 -0.1514784 0.06113195 0.7749438 -0.1831079 0.05431509 0.8008573 -0.2141588 0.04485559 0.8258289 -0.2459294 0.03946447 0.7295684 -0.1517492 0.3453908 0.7539516 -0.179508 0.324945 0.7779551 -0.2048099 0.3026776 0.8002675 -0.2285661 0.2714238 0.8206092 -0.2530735 0.253551 0.9422531 -0.3965437 -0.2193851 0.9218246 -0.3846168 0.07452344 0.8954071 -0.3764013 0.3453908 0.8640163 -0.372213 0.582809 0.9310471 -0.3721235 -0.5250383 0.9139282 -0.3589327 -0.2222957 0.8969559 -0.349394 0.06683683 0.8759042 -0.3427581 0.3287482 0.8506827 -0.3387848 0.5484223 0.9018141 -0.3281221 -0.5250383 0.8867495 -0.3201707 -0.2261486 0.8724277 -0.3145365 0.05574083 0.8564847 -0.3107014 0.3036275 0.8373975 -0.3073527 0.5047679 0.869332 -0.2814104 -0.5250383 0.8590434 -0.2799092 -0.2284159 0.8492022 -0.2797185 0.04485559 0.8387007 -0.2806293 0.2714238 0.825197 -0.2793005 0.446383 0.7146992 -0.3965437 -17.01493 0.9559077 -0.4117239 -15.4482 0.7034931 -0.06979274 -15.4482 0.7527369 -0.3846168 -16.98483 0.7912834 -0.3764013 -16.89567 0.828858 -0.372213 -16.75089 0.8640163 -0.372213 -16.55605 0.7235037 -0.3450164 -16.98483 0.7560226 -0.3401178 -16.89577 0.7893019 -0.3369538 -16.81538 0.8213621 -0.3365689 -16.69326 0.8504758 -0.3387717 -16.52301 0.7295684 -0.2927995 -16.89567 0.7579927 -0.2956437 -16.8039 0.7867359 -0.2987921 -16.72455 0.8136827 -0.3030114 -16.62196 0.8373458 -0.3073495 -16.47834 0.7326602 -0.2418996 -16.75089 0.7584822 -0.2522712 -16.68408 0.7836225 -0.262511 -16.61966 0.8063492 -0.2723909 -16.53807 0.8251971 -0.2793005 -16.41962 0.8157836 -0.2596108 -16.35775 0.9310471 -0.3721235 -15.4482 0.9018141 -0.3281221 -15.4482 0.869332 -0.2814104 -15.4482 0.8348492 -0.2337836 -15.4482 0.9422531 -0.3965437 -15.75385 0.913476 -0.3599928 -15.74714 0.8873069 -0.3209949 -15.74614 0.8595798 -0.2803567 -15.74482 0.8306316 -0.2397904 -15.74409 0.9218246 -0.3846168 -16.04776 0.8956072 -0.3504248 -16.03437 0.8722581 -0.314934 -16.02755 0.8493363 -0.2798305 -16.0181 0.8258831 -0.2460028 -16.0127 0.8954071 -0.3764013 -16.31863 0.8749155 -0.3433707 -16.29818 0.8562377 -0.3108547 -16.27592 0.8387007 -0.2806293 -16.24466 0.8206093 -0.2530738 -16.22679 0.7146992 -0.08828985 -15.75385 0.7235037 -0.1159632 -16.04776 0.7295684 -0.1517492 -16.31863 0.7326602 -0.1942726 -16.55605 0.7327262 -0.10347 -15.4482 0.7424638 -0.1266598 -15.75094 0.7495053 -0.1496514 -16.04008 0.7544039 -0.1781688 -16.30199 0.757337 -0.2123348 -16.52166 0.7652082 -0.1430703 -15.4482 0.771078 -0.1634773 -15.74709 0.7752372 -0.1828782 -16.02898 0.7780682 -0.2044752 -16.27687 0.7805403 -0.2303315 -16.47801 0.799691 -0.1870718 -15.4482 0.8007991 -0.201009 -15.74482 0.8009399 -0.2143405 -16.0181 0.8002675 -0.2285661 -16.24466 0.8012485 -0.2468588 -16.41962 0.820815 -0.5717022 1.041694 0.8568818 -0.2482683 -0.5250383 1.055203 -0.6503367 -0.5250383 0.8368711 -0.5234918 1.01159 0.8503394 -0.4738809 0.9224324 0.8607021 -0.4247762 0.7776513 0.8675612 -0.3780645 0.582809 0.8598394 -0.570057 1.01159 0.8697302 -0.5278075 0.9225326 0.8785136 -0.4842095 0.8421407 0.8850468 -0.4416891 0.7200255 0.8891318 -0.4025788 0.549767 0.8988287 -0.5721864 0.9224324 0.9023147 -0.5338667 0.8306642 0.9056427 -0.4950639 0.751308 0.9078451 -0.4584389 0.6487184 0.9093206 -0.4261535 0.5051055 0.9362843 -0.5780088 0.7776513 0.9338127 -0.5416781 0.7108436 0.9313035 -0.5062786 0.6464229 0.928584 -0.4741562 0.5648255 0.9272585 -0.4477666 0.446383 0.9396777 -0.4641147 0.3845115 0.8807032 -0.2890241 -0.5250383 0.906858 -0.3364478 -0.5250383 0.9343413 -0.3887168 -0.5250383 0.9620967 -0.4438225 -0.5250383 0.8652086 -0.2693713 -0.2193851 0.8860581 -0.3147359 -0.2260985 0.909188 -0.3571125 -0.2270989 0.9332015 -0.4018793 -0.2284159 0.9569247 -0.4482544 -0.2291541 0.8698587 -0.2988399 0.07452344 0.8894996 -0.3403431 0.06113195 0.9106402 -0.3782888 0.05431509 0.9315841 -0.4155915 0.04485559 0.9515004 -0.4533511 0.03946447 0.870653 -0.335541 0.3453908 0.89057 -0.3692104 0.324945 0.9104684 -0.4003698 0.3026776 0.9289309 -0.4295662 0.2714238 0.9453521 -0.4589786 0.253551 1.043997 -0.6318398 -0.2193851 1.025678 -0.6147431 0.07452344 1.000952 -0.5997039 0.3453908 0.970767 -0.5873003 0.582809 1.036523 -0.6049274 -0.5250383 1.021633 -0.5874659 -0.2222957 1.00636 -0.5736249 0.06683683 0.9866686 -0.5615531 0.3287482 0.962504 -0.5509905 0.5484223 1.014188 -0.5540456 -0.5250383 1.000559 -0.5422658 -0.2261486 0.9873232 -0.5329551 0.05574083 0.972239 -0.5249801 0.3036275 0.9540007 -0.5166515 0.5047679 0.9890578 -0.4996473 -0.5250383 0.9791832 -0.4954559 -0.2284159 0.9695584 -0.4926681 0.04485559 0.9591276 -0.490786 0.2714238 0.9460747 -0.4859139 0.446383 0.820815 -0.5717022 -17.01493 1.055203 -0.6503367 -15.4482 0.8568818 -0.2482683 -15.4482 0.8598394 -0.570057 -16.98483 0.8988287 -0.5721864 -16.89567 0.9362843 -0.5780088 -16.75089 0.970767 -0.5873003 -16.55605 0.8368711 -0.5234918 -16.98483 0.8694708 -0.5272815 -16.89577 0.9025663 -0.5329732 -16.81538 0.9340658 -0.5410685 -16.69326 0.9623029 -0.5509231 -16.52301 0.8503394 -0.4738809 -16.89567 0.877808 -0.4841824 -16.8039 0.9055454 -0.4948667 -16.72455 0.9313668 -0.5061262 -16.62196 0.9539505 -0.5166345 -16.47834 0.8607021 -0.4247762 -16.75089 0.8845342 -0.4417726 -16.68408 0.9077168 -0.4584597 -16.61966 0.928584 -0.4741562 -16.53807 0.9460747 -0.4859139 -16.41962 0.9396777 -0.4641147 -16.35775 1.036523 -0.6049274 -15.4482 1.014188 -0.5540456 -15.4482 0.9890578 -0.4996473 -15.4482 0.9620967 -0.4438225 -15.4482 1.043997 -0.6318398 -15.75385 1.021036 -0.5883859 -15.74714 1.000986 -0.5432216 -15.74614 0.9796447 -0.4960365 -15.74482 0.9570949 -0.4485995 -15.74409 1.025678 -0.6147431 -16.04776 1.004889 -0.5742794 -16.03437 0.9870997 -0.5333001 -16.02755 0.9696739 -0.4928132 -16.0181 0.951543 -0.4534375 -16.0127 1.000952 -0.5997039 -16.31863 0.9856109 -0.5618927 -16.29818 0.9719746 -0.5250651 -16.27592 0.9591276 -0.490786 -16.24466 0.9453521 -0.4589786 -16.22679 0.8652086 -0.2693713 -15.75385 0.8698587 -0.2988399 -16.04776 0.870653 -0.335541 -16.31863 0.8675612 -0.3780645 -16.55605 0.8807032 -0.2890241 -15.4482 0.8869138 -0.3143417 -15.75094 0.890509 -0.3387522 -16.04008 0.8912065 -0.3680166 -16.30199 0.8891627 -0.4023011 -16.52166 0.906858 -0.3364478 -15.4482 0.909676 -0.3580139 -15.74709 0.9109612 -0.3781411 -16.02898 0.9106276 -0.4000713 -16.27687 0.9093284 -0.4260842 -16.47801 0.9343413 -0.3887168 -15.4482 0.9334208 -0.4026791 -15.74482 0.9316389 -0.4157915 -16.0181 0.9289308 -0.4295662 -16.24466 0.9272584 -0.4477666 -16.41962 0.8996663 -0.7715393 1.041694 0.9816198 -0.4638518 -0.5250383 1.118226 -0.9106062 -0.5250383 0.9223571 -0.7284986 1.01159 0.9427112 -0.6834003 0.9224324 0.9599467 -0.6379777 0.7776513 0.9734012 -0.5939762 0.582809 0.9381778 -0.780239 1.01159 0.9539631 -0.7414152 0.9225326 0.9688566 -0.7009763 0.8421407 0.981388 -0.6609994 0.7200255 0.9910269 -0.62372 0.549767 0.9761112 -0.7926313 0.9224324 0.9850489 -0.7559692 0.8306642 0.9939011 -0.7187915 0.751308 1.001336 -0.6834524 0.6487184 1.007433 -0.6521773 0.5051055 1.012009 -0.8082406 0.7776513 1.014817 -0.7719547 0.7108436 1.017454 -0.7365723 0.6464229 1.019413 -0.7043485 0.5648255 1.021913 -0.6781156 0.446383 1.031739 -0.6974318 0.3845115 0.9991137 -0.5101199 -0.5250383 1.017936 -0.5635443 -0.5250383 1.037364 -0.6220722 -0.5250383 1.05665 -0.6834543 -0.5250383 0.9867474 -0.4867499 -0.2193851 1.000663 -0.5367527 -0.2260985 1.017245 -0.5844278 -0.2270989 1.03435 -0.6346805 -0.2284159 1.050939 -0.6864339 -0.2291541 0.9870641 -0.5168811 0.07452344 1.00035 -0.5627774 0.06113195 1.01562 -0.6055812 0.05431509 1.030789 -0.6477019 0.04485559 1.044885 -0.6899995 0.03946447 0.9825576 -0.5530869 0.3453908 0.9972431 -0.5913729 0.324945 1.012272 -0.6271921 0.3026776 1.026174 -0.6607069 0.2714238 1.038044 -0.6938939 0.253551 1.109899 -0.8895031 -0.2193851 1.094395 -0.8678938 0.07452344 1.072309 -0.846609 0.3453908 1.044491 -0.8264665 0.582809 1.106444 -0.8611325 -0.5250383 1.094355 -0.8400714 -0.2222957 1.081369 -0.8224604 0.06683683 1.063795 -0.8054164 0.3287482 1.041616 -0.7886707 0.5484223 1.091867 -0.8053261 -0.5250383 1.080195 -0.7901707 -0.2261486 1.068555 -0.7775409 0.05574083 1.054909 -0.7657329 0.3036275 1.038221 -0.7527441 0.5047679 1.075053 -0.7453314 -0.5250383 1.065972 -0.7386111 -0.2284159 1.056934 -0.7333331 0.04485559 1.046974 -0.7287306 0.2714238 1.034874 -0.7205026 0.446383 0.8996663 -0.7715393 -17.01493 1.118226 -0.9106062 -15.4482 0.9816198 -0.4638516 -15.4482 0.9381778 -0.780239 -16.98483 0.9761112 -0.7926314 -16.89567 1.012009 -0.8082406 -16.75089 1.044491 -0.8264666 -16.55605 0.922357 -0.7284986 -16.98483 0.9537843 -0.7408308 -16.89577 0.9854243 -0.7551594 -16.81538 1.015153 -0.7714238 -16.69326 1.041428 -0.7885514 -16.52301 0.9427111 -0.6834005 -16.89567 0.9681683 -0.7007633 -16.8039 0.9938341 -0.7185724 -16.72455 1.017538 -0.7364396 -16.62196 1.038174 -0.7527145 -16.47834 0.9599467 -0.6379778 -16.75089 0.9808731 -0.6609458 -16.68408 1.001207 -0.683439 -16.61966 1.019413 -0.7043485 -16.53807 1.034874 -0.7205027 -16.41962 1.031739 -0.6974318 -16.35775 1.106444 -0.8611326 -15.4482 1.091867 -0.8053262 -15.4482 1.075053 -0.7453315 -15.4482 1.05665 -0.6834543 -15.4482 1.109899 -0.8895031 -15.75385 1.093638 -0.8408163 -15.74714 1.080477 -0.7912211 -15.74614 1.066341 -0.7393025 -15.74482 1.051056 -0.6868175 -15.74409 1.094395 -0.8678938 -16.04776 1.079832 -0.8227135 -16.03437 1.068286 -0.7778202 -16.02755 1.057026 -0.733506 -16.0181 1.044914 -0.6900954 -16.0127 1.072309 -0.846609 -16.31863 1.062708 -0.8054698 -16.29818 1.054638 -0.7657464 -16.27592 1.046974 -0.7287307 -16.24466 1.038044 -0.693894 -16.22679 0.9867474 -0.4867499 -15.75385 0.9870641 -0.5168811 -16.04776 0.9825576 -0.5530869 -16.31863 0.9734011 -0.5939763 -16.55605 0.9991138 -0.5101199 -15.4482 1.001559 -0.5365924 -15.75094 1.00157 -0.5614839 -16.04008 0.9980391 -0.5903702 -16.30199 0.9910972 -0.623456 -16.52166 1.017936 -0.5635444 -15.4482 1.017594 -0.5854408 -15.74709 1.015956 -0.605521 -16.02898 1.012471 -0.6269416 -16.27687 1.00745 -0.6521112 -16.47801 1.037364 -0.6220722 -15.4482 1.034451 -0.635523 -15.74482 1.030814 -0.6479126 -16.0181 1.026174 -0.6607069 -16.24466 1.021913 -0.6781156 -16.41962 0.9482227 -0.9883754 1.041694 1.072914 -0.7082581 -0.5250383 1.142555 -1.18253 -0.5250383 0.976676 -0.9521582 1.01159 1.003134 -0.9133056 0.9224324 1.02658 -0.8733108 0.7776513 1.046113 -0.8337104 0.582809 0.9847415 -1.007086 1.01159 1.005815 -0.9731795 0.9225326 1.026246 -0.9374533 0.8421407 1.044294 -0.9015565 0.7200255 1.059116 -0.8675407 0.549767 1.020161 -1.029265 0.9224324 1.034207 -0.9956691 0.8306642 1.048243 -0.9615453 0.751308 1.060625 -0.9288497 0.6487184 1.071108 -0.8997869 0.5051055 1.053121 -1.054061 0.7776513 1.061101 -1.019214 0.7108436 1.068783 -0.9852088 0.6464229 1.075345 -0.9541216 0.5648255 1.081575 -0.9290537 0.446383 1.088431 -0.9505955 0.3845115 1.083408 -0.7582605 -0.5250383 1.094175 -0.8156328 -0.5250383 1.1048 -0.8781704 -0.5250383 1.114876 -0.9434698 -0.5250383 1.074645 -0.7320715 -0.2193851 1.081092 -0.7847911 -0.2260985 1.09049 -0.8359325 -0.2270989 1.100029 -0.8897401 -0.2284159 1.108845 -0.9448831 -0.2291541 1.070616 -0.7617073 0.07452344 1.077037 -0.8102332 0.06113195 1.085849 -0.8562498 0.05431509 1.094661 -0.9015702 0.04485559 1.102394 -0.9467801 0.03946447 1.060982 -0.7960266 0.3453908 1.069871 -0.837458 0.324945 1.079453 -0.8765608 0.3026776 1.088262 -0.9131056 0.2714238 1.095124 -0.9487919 0.253551 1.137427 -1.159632 -0.2193851 1.125333 -1.134341 0.07452344 1.106737 -1.107628 0.3453908 1.082354 -1.080521 0.582809 1.138125 -1.130894 -0.5250383 1.129301 -1.107042 -0.2222957 1.119101 -1.086338 0.06683683 1.104319 -1.064977 0.3287482 1.084977 -1.042692 0.5484223 1.131864 -1.072307 -0.5250383 1.1226 -1.054358 -0.2261486 1.113002 -1.038895 0.05574083 1.101319 -1.023708 0.3036275 1.086822 -1.006558 0.5047679 1.124014 -1.009022 -0.5250383 1.116075 -1.00003 -0.2284159 1.107971 -0.9924655 0.04485559 1.098865 -0.9853193 0.2714238 1.088183 -0.9740516 0.446383 0.9482227 -0.9883754 -17.01493 1.142555 -1.18253 -15.4482 1.072914 -0.7082581 -15.4482 0.9847415 -1.007086 -16.98483 1.020161 -1.029265 -16.89567 1.053121 -1.054061 -16.75089 1.082354 -1.080521 -16.55605 0.976676 -0.9521582 -16.98483 1.005724 -0.9725589 -16.89577 1.034692 -0.994974 -16.81538 1.061507 -1.018782 -16.69326 1.084811 -1.042525 -16.52301 1.003134 -0.9133056 -16.89567 1.025601 -0.9370626 -16.8039 1.048209 -0.9613125 -16.72455 1.068884 -0.9851008 -16.62196 1.08678 -1.006517 -16.47834 1.02658 -0.8733108 -16.75089 1.043797 -0.9013679 -16.68408 1.0605 -0.9288027 -16.61966 1.075345 -0.9541216 -16.53807 1.088183 -0.9740516 -16.41962 1.088431 -0.9505955 -16.35775 1.138125 -1.130894 -15.4482 1.131864 -1.072307 -15.4482 1.124014 -1.009022 -15.4482 1.114876 -0.9434699 -15.4482 1.137427 -1.159632 -15.75385 1.12849 -1.107583 -15.74714 1.122725 -1.055463 -15.74614 1.116338 -1.000806 -15.74482 1.108905 -0.9452902 -15.74409 1.125333 -1.134341 -16.04776 1.117557 -1.08618 -16.03437 1.112698 -1.039098 -16.02755 1.108036 -0.9926594 -16.0181 1.102409 -0.946882 -16.0127 1.106737 -1.107628 -16.31863 1.103245 -1.064742 -16.29818 1.101051 -1.023649 -16.27592 1.098865 -0.9853193 -16.24466 1.095124 -0.9487919 -16.22679 1.074645 -0.7320715 -15.75385 1.070616 -0.7617073 -16.04776 1.060982 -0.7960266 -16.31863 1.046113 -0.8337104 -16.55605 1.083408 -0.7582605 -15.4482 1.081994 -0.7848706 -15.75094 1.078419 -0.8092868 -16.04008 1.070797 -0.8366849 -16.30199 1.059223 -0.8673003 -16.52166 1.094175 -0.8156328 -15.4482 1.090686 -0.8370181 -15.74709 1.086187 -0.8562796 -16.02898 1.079684 -0.8763676 -16.27687 1.071135 -0.8997268 -16.47801 1.1048 -0.8781704 -15.4482 1.100005 -0.8905927 -15.74482 1.094655 -0.9017835 -16.0181 1.088262 -0.9131056 -16.24466 1.081575 -0.9290537 -16.41962 0.9646182 -1.213877 1.041694 1.127254 -0.9720953 -0.5250383 1.127254 -1.455659 -0.5250383 0.9977405 -1.185875 1.01159 1.029286 -1.154762 0.9224324 1.058041 -1.121731 0.7776513 1.082902 -1.088054 0.582809 0.9977405 -1.241878 1.01159 1.023292 -1.214193 0.9225326 1.048476 -1.184553 0.8421407 1.071346 -1.154116 0.7200255 1.090783 -1.124671 0.549767 1.029286 -1.272992 0.9224324 1.0479 -1.243754 0.8306642 1.066581 -1.213996 0.751308 1.083433 -1.185201 0.6487184 1.097901 -1.159467 0.5051055 1.058041 -1.306023 0.7776513 1.070886 -1.273954 0.7108436 1.083318 -1.242632 0.6464229 1.094231 -1.213877 0.5648255 1.103952 -1.190937 0.446383 1.107573 -1.213877 0.3845115 1.130346 -1.02391 -0.5250383 1.132644 -1.083026 -0.5250383 1.134058 -1.14717 -0.5250383 1.134536 -1.213877 -0.5250383 1.125523 -0.9959087 -0.2193851 1.124254 -1.049319 -0.2260985 1.126106 -1.101961 -0.2270989 1.127713 -1.157256 -0.2284159 1.128418 -1.213669 -0.2291541 1.117304 -1.02391 0.07452344 1.116613 -1.073201 0.06113195 1.118629 -1.120662 0.05431509 1.120744 -1.16744 0.04485559 1.121818 -1.213825 0.03946447 1.102912 -1.055024 0.3453908 1.105664 -1.098009 0.324945 1.10943 -1.138892 0.3026776 1.112806 -1.177063 0.2714238 1.114398 -1.213877 0.253551 1.125523 -1.431845 -0.2193851 1.117304 -1.403844 0.07452344 1.102912 -1.37273 0.3453908 1.082902 -1.3397 0.582809 1.130346 -1.403844 -0.5250383 1.125127 -1.378118 -0.2222957 1.118105 -1.355116 0.06683683 1.106683 -1.330259 0.3287482 1.090923 -1.303291 0.5484223 1.132644 -1.344728 -0.5250383 1.126142 -1.324676 -0.2261486 1.118956 -1.306973 0.05574083 1.109684 -1.28899 0.3036275 1.097936 -1.268339 0.5047679 1.134058 -1.280584 -0.5250383 1.127567 -1.269668 -0.2284159 1.120707 -1.260106 0.04485559 1.112806 -1.250691 0.2714238 1.103952 -1.236817 0.446383 0.9646182 -1.213877 -17.01493 1.127254 -1.455659 -15.4482 1.127254 -0.9720953 -15.4482 0.9977405 -1.241878 -16.98483 1.029286 -1.272992 -16.89567 1.058041 -1.306023 -16.75089 1.082902 -1.3397 -16.55605 0.9977405 -1.185875 -16.98483 1.023292 -1.213561 -16.89577 1.048476 -1.243201 -16.81538 1.071346 -1.273638 -16.69326 1.090783 -1.303083 -16.52301 1.029286 -1.154762 -16.89567 1.0479 -1.184 -16.8039 1.066581 -1.213758 -16.72455 1.083433 -1.242553 -16.62196 1.097901 -1.268287 -16.47834 1.058041 -1.121731 -16.75089 1.070886 -1.153799 -16.68408 1.083318 -1.185121 -16.61966 1.094231 -1.213877 -16.53807 1.103952 -1.236817 -16.41962 1.107573 -1.213877 -16.35775 1.130346 -1.403844 -15.4482 1.132644 -1.344728 -15.4482 1.134058 -1.280584 -15.4482 1.134536 -1.213877 -15.4482 1.125523 -1.431845 -15.75385 1.124254 -1.378435 -15.74714 1.126106 -1.325793 -15.74614 1.127713 -1.270498 -15.74482 1.128418 -1.214084 -15.74409 1.117304 -1.403844 -16.04776 1.116613 -1.354553 -16.03437 1.118629 -1.307092 -16.02755 1.120744 -1.260314 -16.0181 1.121818 -1.213929 -16.0127 1.102912 -1.37273 -16.31863 1.105664 -1.329745 -16.29818 1.10943 -1.288862 -16.27592 1.112806 -1.250691 -16.24466 1.114398 -1.213877 -16.22679 1.125523 -0.9959087 -15.75385 1.117304 -1.02391 -16.04776 1.102912 -1.055024 -16.31863 1.082902 -1.088054 -16.55605 1.130346 -1.02391 -15.4482 1.125127 -1.049635 -15.75094 1.118105 -1.072638 -16.04008 1.106683 -1.097495 -16.30199 1.090923 -1.124463 -16.52166 1.132644 -1.083026 -15.4482 1.126142 -1.103078 -15.74709 1.118956 -1.12078 -16.02898 1.109684 -1.138764 -16.27687 1.097936 -1.159415 -16.47801 1.134058 -1.14717 -15.4482 1.127567 -1.158086 -15.74482 1.120707 -1.167648 -16.0181 1.112806 -1.177063 -16.24466 1.103952 -1.190937 -16.41962 0.9482227 -1.439378 1.041694 1.142555 -1.245224 -0.5250383 1.072914 -1.719496 -0.5250383 0.9847415 -1.420668 1.01159 1.020161 -1.398489 0.9224324 1.053121 -1.373693 0.7776513 1.082354 -1.347233 0.582809 0.976676 -1.475596 1.01159 1.005724 -1.455195 0.9225326 1.034692 -1.43278 0.8421407 1.061507 -1.408972 0.7200255 1.084811 -1.385229 0.549767 1.003134 -1.514448 0.9224324 1.025601 -1.490691 0.8306642 1.048209 -1.466441 0.751308 1.068884 -1.442653 0.6487184 1.08678 -1.421237 0.5051055 1.02658 -1.554443 0.7776513 1.043797 -1.526386 0.7108436 1.0605 -1.498951 0.6464229 1.075345 -1.473632 0.5648255 1.088183 -1.453702 0.446383 1.088431 -1.477158 0.3845115 1.138125 -1.29686 -0.5250383 1.131864 -1.355447 -0.5250383 1.124014 -1.418732 -0.5250383 1.114876 -1.484284 -0.5250383 1.137427 -1.268122 -0.2193851 1.12849 -1.320171 -0.2260985 1.122725 -1.372291 -0.2270989 1.116338 -1.426948 -0.2284159 1.108905 -1.482464 -0.2291541 1.125333 -1.293413 0.07452344 1.117557 -1.341574 0.06113195 1.112698 -1.388656 0.05431509 1.108036 -1.435094 0.04485559 1.102409 -1.480872 0.03946447 1.106737 -1.320126 0.3453908 1.103245 -1.363012 0.324945 1.101051 -1.404105 0.3026776 1.098865 -1.442435 0.2714238 1.095124 -1.478962 0.253551 1.074645 -1.695683 -0.2193851 1.070616 -1.666047 0.07452344 1.060982 -1.631727 0.3453908 1.046113 -1.594043 0.582809 1.083408 -1.669493 -0.5250383 1.081994 -1.642883 -0.2222957 1.078419 -1.618467 0.06683683 1.070797 -1.591069 0.3287482 1.059223 -1.560454 0.5484223 1.094175 -1.612121 -0.5250383 1.090686 -1.590736 -0.2261486 1.086187 -1.571474 0.05574083 1.079684 -1.551386 0.3036275 1.071135 -1.528027 0.5047679 1.1048 -1.549583 -0.5250383 1.100005 -1.537161 -0.2284159 1.094655 -1.52597 0.04485559 1.088262 -1.514648 0.2714238 1.081575 -1.4987 0.446383 0.9482227 -1.439378 -17.01493 1.072914 -1.719496 -15.4482 1.142555 -1.245224 -15.4482 0.976676 -1.475596 -16.98483 1.003134 -1.514448 -16.89567 1.02658 -1.554443 -16.75089 1.046113 -1.594043 -16.55605 0.9847415 -1.420668 -16.98483 1.005815 -1.454574 -16.89577 1.026246 -1.490301 -16.81538 1.044294 -1.526197 -16.69326 1.059116 -1.560213 -16.52301 1.020161 -1.398489 -16.89567 1.034207 -1.432085 -16.8039 1.048243 -1.466209 -16.72455 1.060625 -1.498904 -16.62196 1.071108 -1.527967 -16.47834 1.053121 -1.373693 -16.75089 1.061101 -1.40854 -16.68408 1.068783 -1.442545 -16.61966 1.075345 -1.473632 -16.53807 1.081575 -1.4987 -16.41962 1.088431 -1.477158 -16.35775 1.083408 -1.669493 -15.4482 1.094175 -1.612121 -15.4482 1.1048 -1.549583 -15.4482 1.114876 -1.484284 -15.4482 1.074645 -1.695683 -15.75385 1.081092 -1.642963 -15.74714 1.09049 -1.591821 -15.74614 1.100029 -1.538014 -15.74482 1.108845 -1.482871 -15.74409 1.070616 -1.666047 -16.04776 1.077037 -1.617521 -16.03437 1.085849 -1.571504 -16.02755 1.094661 -1.526184 -16.0181 1.102394 -1.480974 -16.0127 1.060982 -1.631727 -16.31863 1.069871 -1.590296 -16.29818 1.079453 -1.551193 -16.27592 1.088262 -1.514648 -16.24466 1.095124 -1.478962 -16.22679 1.137427 -1.268122 -15.75385 1.125333 -1.293413 -16.04776 1.106737 -1.320126 -16.31863 1.082354 -1.347233 -16.55605 1.138125 -1.29686 -15.4482 1.129301 -1.320712 -15.75094 1.119101 -1.341416 -16.04008 1.104319 -1.362777 -16.30199 1.084977 -1.385062 -16.52166 1.131864 -1.355447 -15.4482 1.1226 -1.373396 -15.74709 1.113002 -1.388859 -16.02898 1.101319 -1.404046 -16.27687 1.086822 -1.421196 -16.47801 1.124014 -1.418732 -15.4482 1.116075 -1.427723 -15.74482 1.107971 -1.435288 -16.0181 1.098865 -1.442435 -16.24466 1.088183 -1.453702 -16.41962 0.8996663 -1.656215 1.041694 1.118226 -1.517148 -0.5250383 0.9816198 -1.963902 -0.5250383 0.9381778 -1.647515 1.01159 0.9761112 -1.635123 0.9224324 1.012009 -1.619513 0.7776513 1.044491 -1.601287 0.582809 0.922357 -1.699255 1.01159 0.9537843 -1.686923 0.9225326 0.9854243 -1.672595 0.8421407 1.015153 -1.65633 0.7200255 1.041428 -1.639203 0.549767 0.9427111 -1.744354 0.9224324 0.9681683 -1.726991 0.8306642 0.9938341 -1.709182 0.751308 1.017538 -1.691314 0.6487184 1.038174 -1.675039 0.5051055 0.9599467 -1.789776 0.7776513 0.9808731 -1.766808 0.7108436 1.001207 -1.744315 0.6464229 1.019413 -1.723405 0.5648255 1.034874 -1.707251 0.446383 1.031739 -1.730322 0.3845124 1.106444 -1.566621 -0.5250397 1.091867 -1.622428 -0.5250397 1.075053 -1.682422 -0.5250397 1.05665 -1.7443 -0.5250397 1.109899 -1.538251 -0.2193851 1.093638 -1.586938 -0.2260994 1.080477 -1.636533 -0.2270989 1.066341 -1.688451 -0.2284159 1.051056 -1.740936 -0.2291545 1.094395 -1.55986 0.07452344 1.079832 -1.60504 0.06113195 1.068286 -1.649934 0.05431509 1.057026 -1.694248 0.04485559 1.044914 -1.737658 0.03946447 1.072309 -1.581145 0.3453908 1.062708 -1.622284 0.324945 1.054638 -1.662008 0.3026776 1.046974 -1.699023 0.2714238 1.038044 -1.73386 0.253551 0.9867474 -1.941004 -0.2193851 0.9870641 -1.910873 0.07452344 0.9825576 -1.874667 0.3453908 0.9734011 -1.833778 0.582809 0.9991138 -1.917634 -0.5250397 1.001559 -1.891161 -0.2222957 1.00157 -1.86627 0.06683683 0.9980391 -1.837384 0.3287482 0.9910972 -1.804298 0.5484223 1.017936 -1.86421 -0.5250397 1.017594 -1.842313 -0.2261486 1.015956 -1.822233 0.05574083 1.012471 -1.800812 0.3036275 1.00745 -1.775643 0.5047679 1.037364 -1.805682 -0.5250397 1.034451 -1.792231 -0.2284159 1.030814 -1.779841 0.04485559 1.026174 -1.767047 0.2714238 1.021913 -1.749638 0.446383 0.8996663 -1.656215 -17.01493 0.9816198 -1.963902 -15.4482 1.118226 -1.517148 -15.4482 0.9223571 -1.699255 -16.98483 0.9427112 -1.744354 -16.89567 0.9599467 -1.789776 -16.75089 0.9734012 -1.833778 -16.55605 0.9381778 -1.647515 -16.98483 0.9539631 -1.686339 -16.89577 0.9688566 -1.726778 -16.81538 0.981388 -1.766755 -16.69326 0.9910269 -1.804034 -16.52301 0.9761112 -1.635123 -16.89567 0.9850489 -1.671785 -16.8039 0.9939011 -1.708962 -16.72455 1.001336 -1.744302 -16.62196 1.007433 -1.775577 -16.47834 1.012009 -1.619513 -16.75089 1.014817 -1.655799 -16.68408 1.017454 -1.691182 -16.61966 1.019413 -1.723405 -16.53807 1.021913 -1.749638 -16.41962 1.031739 -1.730322 -16.35775 0.9991137 -1.917634 -15.4482 1.017936 -1.86421 -15.4482 1.037364 -1.805682 -15.4482 1.05665 -1.7443 -15.4482 0.9867474 -1.941004 -15.75385 1.000663 -1.891001 -15.74714 1.017245 -1.843326 -15.74614 1.03435 -1.793073 -15.74482 1.050939 -1.74132 -15.74409 0.9870641 -1.910873 -16.04776 1.00035 -1.864977 -16.03437 1.01562 -1.822173 -16.02755 1.030789 -1.780052 -16.0181 1.044885 -1.737754 -16.0127 0.9825576 -1.874667 -16.31863 0.9972431 -1.836381 -16.29818 1.012272 -1.800562 -16.27592 1.026174 -1.767047 -16.24466 1.038044 -1.73386 -16.22679 1.109899 -1.538251 -15.75385 1.094395 -1.55986 -16.04776 1.072309 -1.581145 -16.31863 1.044491 -1.601287 -16.55605 1.106444 -1.566622 -15.4482 1.094355 -1.587682 -15.75094 1.081369 -1.605293 -16.04008 1.063795 -1.622338 -16.30199 1.041616 -1.639083 -16.52166 1.091867 -1.622428 -15.4482 1.080195 -1.637583 -15.74709 1.068555 -1.650213 -16.02898 1.054909 -1.662021 -16.27687 1.038221 -1.67501 -16.47801 1.075053 -1.682422 -15.4482 1.065972 -1.689143 -15.74482 1.056934 -1.694421 -16.0181 1.046974 -1.699023 -16.24466 1.034874 -1.707251 -16.41962 0.820815 -1.856052 1.041694 1.055203 -1.777417 -0.5250383 0.8568818 -2.179486 -0.5250383 0.8598394 -1.857697 1.01159 0.8988287 -1.855567 0.9224324 0.9362843 -1.849745 0.7776513 0.970767 -1.840454 0.582809 0.8368711 -1.904262 1.01159 0.8694708 -1.900472 0.9225326 0.9025663 -1.894781 0.8421407 0.9340658 -1.886685 0.7200255 0.9623029 -1.876831 0.549767 0.8503394 -1.953873 0.9224324 0.877808 -1.943572 0.8306642 0.9055454 -1.932887 0.751308 0.9313668 -1.921628 0.6487184 0.9539505 -1.911119 0.5051055 0.8607021 -2.002978 0.7776513 0.8845342 -1.985981 0.7108436 0.9077168 -1.969294 0.6464229 0.928584 -1.953598 0.5648255 0.9460747 -1.94184 0.446383 0.9396777 -1.963639 0.3845115 1.036523 -1.822827 -0.5250383 1.014188 -1.873708 -0.5250383 0.9890578 -1.928107 -0.5250383 0.9620967 -1.983931 -0.5250383 1.043997 -1.795914 -0.2193851 1.021036 -1.839368 -0.2260985 1.000986 -1.884532 -0.2270989 0.9796447 -1.931717 -0.2284159 0.9570949 -1.979154 -0.2291541 1.025678 -1.813011 0.07452344 1.004889 -1.853474 0.06113195 0.9870997 -1.894454 0.05431509 0.9696739 -1.934941 0.04485559 0.951543 -1.974316 0.03946447 1.000952 -1.82805 0.3453908 0.9856109 -1.865861 0.324945 0.9719746 -1.902689 0.3026776 0.9591276 -1.936968 0.2714238 0.9453521 -1.968775 0.253551 0.8652086 -2.158383 -0.2193851 0.8698587 -2.128914 0.07452344 0.870653 -2.092213 0.3453908 0.8675612 -2.049689 0.582809 0.8807032 -2.13873 -0.5250383 0.8869138 -2.113412 -0.2222957 0.890509 -2.089002 0.06683683 0.8912065 -2.059737 0.3287482 0.8891627 -2.025453 0.5484223 0.906858 -2.091306 -0.5250383 0.909676 -2.06974 -0.2261486 0.9109612 -2.049613 0.05574083 0.9106276 -2.027683 0.3036275 0.9093284 -2.00167 0.5047679 0.9343413 -2.039037 -0.5250383 0.9334208 -2.025075 -0.2284159 0.9316389 -2.011962 0.04485559 0.9289308 -1.998188 0.2714238 0.9272584 -1.979987 0.446383 0.820815 -1.856052 -17.01493 0.8568818 -2.179486 -15.4482 1.055203 -1.777417 -15.4482 0.8368711 -1.904262 -16.98483 0.8503394 -1.953873 -16.89567 0.8607021 -2.002978 -16.75089 0.8675612 -2.049689 -16.55605 0.8598394 -1.857697 -16.98483 0.8697302 -1.899946 -16.89577 0.8785136 -1.943544 -16.81538 0.8850468 -1.986065 -16.69326 0.8891318 -2.025175 -16.52301 0.8988287 -1.855567 -16.89567 0.9023147 -1.893887 -16.8039 0.9056427 -1.93269 -16.72455 0.9078451 -1.969315 -16.62196 0.9093206 -2.0016 -16.47834 0.9362843 -1.849745 -16.75089 0.9338127 -1.886076 -16.68408 0.9313035 -1.921475 -16.61966 0.928584 -1.953598 -16.53807 0.9272585 -1.979987 -16.41962 0.9396777 -1.963639 -16.35775 0.8807032 -2.13873 -15.4482 0.906858 -2.091306 -15.4482 0.9343413 -2.039037 -15.4482 0.9620967 -1.983931 -15.4482 0.8652086 -2.158383 -15.75385 0.8860581 -2.113018 -15.74714 0.909188 -2.070641 -15.74614 0.9332015 -2.025875 -15.74482 0.9569247 -1.9795 -15.74409 0.8698587 -2.128914 -16.04776 0.8894996 -2.087411 -16.03437 0.9106402 -2.049465 -16.02755 0.9315841 -2.012162 -16.0181 0.9515004 -1.974403 -16.0127 0.870653 -2.092213 -16.31863 0.89057 -2.058544 -16.29818 0.9104684 -2.027384 -16.27592 0.9289309 -1.998188 -16.24466 0.9453521 -1.968775 -16.22679 1.043997 -1.795914 -15.75385 1.025678 -1.813011 -16.04776 1.000952 -1.82805 -16.31863 0.970767 -1.840454 -16.55605 1.036523 -1.822827 -15.4482 1.021633 -1.840288 -15.75094 1.00636 -1.854129 -16.04008 0.9866686 -1.866201 -16.30199 0.962504 -1.876763 -16.52166 1.014188 -1.873708 -15.4482 1.000559 -1.885488 -15.74709 0.9873232 -1.894799 -16.02898 0.972239 -1.902774 -16.27687 0.9540007 -1.911102 -16.47801 0.9890578 -1.928107 -15.4482 0.9791832 -1.932298 -15.74482 0.9695584 -1.935086 -16.0181 0.9591276 -1.936968 -16.24466 0.9460747 -1.94184 -16.41962 0.7146992 -2.03121 1.041694 0.9559077 -2.01603 -0.5250383 0.7034931 -2.357961 -0.5250383 0.7527369 -2.043137 1.01159 0.7912834 -2.051352 0.9224324 0.828858 -2.055541 0.7776513 0.8640163 -2.055541 0.582809 0.7235037 -2.082737 1.01159 0.7560226 -2.087636 0.9225326 0.7893019 -2.0908 0.8421407 0.8213621 -2.091185 0.7200255 0.8504758 -2.088982 0.549767 0.7295684 -2.134954 0.9224324 0.7579927 -2.13211 0.8306642 0.7867359 -2.128962 0.751308 0.8136827 -2.124742 0.6487184 0.8373458 -2.120404 0.5051055 0.7326602 -2.185854 0.7776513 0.7584822 -2.175483 0.7108436 0.7836225 -2.165243 0.6464229 0.8063492 -2.155363 0.5648255 0.8251971 -2.148453 0.446383 0.8157836 -2.168143 0.3845115 0.9310471 -2.05563 -0.5250383 0.9018141 -2.099632 -0.5250383 0.869332 -2.146343 -0.5250383 0.8348492 -2.19397 -0.5250383 0.9422531 -2.03121 -0.2193851 0.913476 -2.067761 -0.2260985 0.8873069 -2.106759 -0.2270989 0.8595798 -2.147397 -0.2284159 0.8306316 -2.187963 -0.2291541 0.9218246 -2.043137 0.07452344 0.8956072 -2.077329 0.06113195 0.8722581 -2.11282 0.05431509 0.8493363 -2.147923 0.04485559 0.8258831 -2.181751 0.03946447 0.8954071 -2.051352 0.3453908 0.8749155 -2.084383 0.324945 0.8562377 -2.116899 0.3026776 0.8387007 -2.147125 0.2714238 0.8206093 -2.17468 0.253551 0.7146992 -2.339464 -0.2193851 0.7235037 -2.311791 0.07452344 0.7295684 -2.276005 0.3453908 0.7326602 -2.233481 0.582809 0.7327262 -2.324284 -0.5250383 0.7424638 -2.301094 -0.2222957 0.7495053 -2.278102 0.06683683 0.7544039 -2.249585 0.3287482 0.757337 -2.215419 0.5484223 0.7652082 -2.284684 -0.5250383 0.771078 -2.264276 -0.2261486 0.7752372 -2.244876 0.05574083 0.7780682 -2.223278 0.3036275 0.7805403 -2.197422 0.5047679 0.799691 -2.240682 -0.5250383 0.8007991 -2.226745 -0.2284159 0.8009399 -2.213413 0.04485559 0.8002675 -2.199188 0.2714238 0.8012485 -2.180895 0.446383 0.7146992 -2.03121 -17.01493 0.7034931 -2.357961 -15.4482 0.9559077 -2.01603 -15.4482 0.7235037 -2.082737 -16.98483 0.7295684 -2.134954 -16.89567 0.7326602 -2.185854 -16.75089 0.7326602 -2.233481 -16.55605 0.7527369 -2.043137 -16.98483 0.756353 -2.087189 -16.89577 0.7586887 -2.13227 -16.81538 0.7589728 -2.1757 -16.69326 0.7573467 -2.215139 -16.52301 0.7912834 -2.051352 -16.89567 0.7891839 -2.089857 -16.8039 0.7868597 -2.128794 -16.72455 0.7837451 -2.165297 -16.62196 0.7805427 -2.197352 -16.47834 0.828858 -2.055541 -16.75089 0.8212016 -2.09052 -16.68408 0.8136426 -2.124577 -16.61966 0.8063492 -2.155363 -16.53807 0.8012485 -2.180895 -16.41962 0.8157835 -2.168143 -16.35775 0.7327262 -2.324284 -15.4482 0.7652082 -2.284684 -15.4482 0.799691 -2.240682 -15.4482 0.8348492 -2.19397 -15.4482 0.7146992 -2.339464 -15.75385 0.7416812 -2.300481 -15.74714 0.7704696 -2.265032 -15.74614 0.8004688 -2.227471 -15.74482 0.8304149 -2.188257 -15.74409 0.7235037 -2.311791 -16.04776 0.7487443 -2.276276 -16.03437 0.7749438 -2.244646 -16.02755 0.8008573 -2.213595 -16.0181 0.8258289 -2.181824 -16.0127 0.7295684 -2.276005 -16.31863 0.7539516 -2.248246 -16.29818 0.7779551 -2.222944 -16.27592 0.8002675 -2.199188 -16.24466 0.8206092 -2.17468 -16.22679 0.9422531 -2.03121 -15.75385 0.9218246 -2.043137 -16.04776 0.8954071 -2.051352 -16.31863 0.8640163 -2.055541 -16.55605 0.9310471 -2.05563 -15.4482 0.9139282 -2.068821 -15.75094 0.8969559 -2.07836 -16.04008 0.8759042 -2.084996 -16.30199 0.8506827 -2.088969 -16.52166 0.9018141 -2.099632 -15.4482 0.8867495 -2.107583 -15.74709 0.8724277 -2.113217 -16.02898 0.8564847 -2.117053 -16.27687 0.8373975 -2.120401 -16.47801 0.869332 -2.146343 -15.4482 0.8590434 -2.147845 -15.74482 0.8492022 -2.148036 -16.0181 0.8387007 -2.147125 -16.24466 0.825197 -2.148453 -16.41962 0.5853967 -2.174959 1.041694 0.8241565 -2.223817 -0.5250383 0.5273485 -2.49247 -0.5250383 0.6209858 -2.196709 1.01159 0.6576087 -2.214954 0.9224324 0.6938579 -2.228992 0.7776513 0.7283406 -2.238283 0.582809 0.5866112 -2.227823 1.01159 0.6177999 -2.241221 0.9225326 0.6499841 -2.25312 0.8421407 0.6813727 -2.26197 0.7200255 0.7102441 -2.267504 0.549767 0.5850392 -2.28064 0.9224324 0.6133269 -2.285362 0.8306642 0.6419714 -2.28987 0.751308 0.669008 -2.292853 0.6487184 0.6928411 -2.294852 0.5051055 0.5807411 -2.331378 0.7776513 0.6075606 -2.32803 0.7108436 0.6336925 -2.324631 0.6464229 0.6574054 -2.320947 0.5648255 0.6768863 -2.319152 0.446383 0.6648181 -2.335975 0.3845115 0.7940705 -2.256086 -0.5250383 0.7590622 -2.291516 -0.5250383 0.7204771 -2.328746 -0.5250383 0.6797978 -2.366345 -0.5250383 0.8085783 -2.235096 -0.2193851 0.77509 -2.26334 -0.2260985 0.7438074 -2.294672 -0.2270989 0.7107604 -2.327202 -0.2284159 0.6765262 -2.359339 -0.2291541 0.7868245 -2.241395 0.07452344 0.7561867 -2.268002 0.06113195 0.728175 -2.29664 0.05431509 0.7006381 -2.325011 0.04485559 0.6727638 -2.351991 0.03946447 0.7597316 -2.242472 0.3453908 0.7348768 -2.269452 0.324945 0.7118747 -2.296407 0.3026776 0.6903219 -2.321417 0.2714238 0.6686096 -2.343662 0.253551 0.5410029 -2.47729 -0.2193851 0.5536237 -2.452475 0.07452344 0.5647258 -2.41898 0.3453908 0.5738822 -2.37809 0.582809 0.5608698 -2.467166 -0.5250383 0.5737599 -2.446995 -0.2222957 0.5839774 -2.426306 0.06683683 0.5928888 -2.399631 0.3287482 0.6006861 -2.366897 0.5484223 0.5984308 -2.436911 -0.5250383 0.6071267 -2.418447 -0.2261486 0.6139999 -2.400518 0.05574083 0.619887 -2.380084 0.3036275 0.6260353 -2.355378 0.5047679 0.6385878 -2.402868 -0.5250383 0.6416819 -2.389491 -0.2284159 0.6437399 -2.376453 0.04485559 0.6451293 -2.362323 0.2714238 0.6487258 -2.344641 0.446383 0.5853967 -2.174959 -17.01493 0.5273485 -2.49247 -15.4482 0.8241565 -2.223817 -15.4482 0.5866112 -2.227823 -16.98483 0.5850392 -2.28064 -16.89567 0.5807411 -2.331378 -16.75089 0.5738822 -2.37809 -16.55605 0.6209858 -2.196709 -16.98483 0.6181882 -2.24087 -16.89577 0.6139865 -2.285703 -16.81538 0.6080105 -2.328373 -16.69326 0.6007359 -2.366624 -16.52301 0.6576087 -2.214954 -16.89567 0.650004 -2.252164 -16.8039 0.6421169 -2.289738 -16.72455 0.6338051 -2.324717 -16.62196 0.6260478 -2.35531 -16.47834 0.6938579 -2.228992 -16.75089 0.6813111 -2.261276 -16.68408 0.6689926 -2.29268 -16.61966 0.6574054 -2.320947 -16.53807 0.6487258 -2.344641 -16.41962 0.6648181 -2.335975 -16.35775 0.5608698 -2.467166 -15.4482 0.5984308 -2.436911 -15.4482 0.6385878 -2.402868 -15.4482 0.6797978 -2.366345 -15.4482 0.5410029 -2.47729 -15.75385 0.5730807 -2.446187 -15.74714 0.6064211 -2.419026 -15.74614 0.6412533 -2.390116 -15.74482 0.6762715 -2.359569 -15.74409 0.5536237 -2.452475 -16.04776 0.5834941 -2.424313 -16.03437 0.6137452 -2.400215 -16.02755 0.6436328 -2.376609 -16.0181 0.6727001 -2.352048 -16.0127 0.5647258 -2.41898 -16.31863 0.5926381 -2.398198 -16.29818 0.6198243 -2.379726 -16.27592 0.6451293 -2.362323 -16.24466 0.6686096 -2.343662 -16.22679 0.8085783 -2.235096 -15.75385 0.7868245 -2.241395 -16.04776 0.7597316 -2.242472 -16.31863 0.7283406 -2.238283 -16.55605 0.7940705 -2.256086 -15.4482 0.7753809 -2.264499 -15.75094 0.7573611 -2.269369 -16.04008 0.735758 -2.270314 -16.30199 0.710449 -2.267546 -16.52166 0.7590622 -2.291516 -15.4482 0.743142 -2.295334 -15.74709 0.7282841 -2.297075 -16.02898 0.7120951 -2.296623 -16.27687 0.6928923 -2.294863 -16.47801 0.7204771 -2.328746 -15.4482 0.71017 -2.327499 -15.74482 0.7004904 -2.325086 -16.0181 0.6903219 -2.321417 -16.24466 0.6768863 -2.319152 -16.41962 0.4378763 -2.281774 1.041694 0.6650122 -2.392792 -0.5250383 0.3352167 -2.577844 -0.5250383 0.4696491 -2.312512 1.01159 0.5029408 -2.340085 0.9224324 0.5364719 -2.363432 0.7776513 0.5689539 -2.381659 0.582809 0.4314542 -2.333943 1.01159 0.4601141 -2.355327 0.9225326 0.4899662 -2.375502 0.8421407 0.5194773 -2.392478 0.7200255 0.546997 -2.405535 0.549767 0.4223061 -2.38533 0.9224324 0.4493702 -2.397437 0.8306642 0.4768149 -2.409429 0.751308 0.5029023 -2.4195 0.6487184 0.5259897 -2.427759 0.5051055 0.4107833 -2.433958 0.7776513 0.4375697 -2.437762 0.7108436 0.463689 -2.441334 0.6464229 0.4874768 -2.443988 0.5648255 0.506842 -2.447375 0.446383 0.4925827 -2.460686 0.3845115 0.6308569 -2.41649 -0.5250383 0.5914189 -2.441987 -0.5250383 0.5482134 -2.468305 -0.5250383 0.502901 -2.494431 -0.5250383 0.6481087 -2.399738 -0.2193851 0.6111965 -2.418589 -0.2260985 0.5760025 -2.441051 -0.2270989 0.5389059 -2.464223 -0.2284159 0.5007014 -2.486695 -0.2291541 0.6258658 -2.400167 0.07452344 0.591985 -2.418165 0.06113195 0.5603871 -2.43885 0.05431509 0.5292935 -2.459399 0.04485559 0.4980693 -2.478493 0.03946447 0.5991386 -2.394062 0.3453908 0.5708757 -2.413956 0.324945 0.5444338 -2.434314 0.3026776 0.5196931 -2.453147 0.2714238 0.4951944 -2.469227 0.253551 0.350795 -2.566564 -0.2193851 0.3667471 -2.545561 0.07452344 0.3824596 -2.515643 0.3453908 0.3973289 -2.477959 0.582809 0.3717384 -2.561884 -0.5250383 0.3872857 -2.545507 -0.2222957 0.4002862 -2.527916 0.06683683 0.4128682 -2.504109 0.3287482 0.4252299 -2.474064 0.5484223 0.4129348 -2.542137 -0.5250383 0.4241226 -2.526326 -0.2261486 0.4334459 -2.510558 0.05574083 0.4421626 -2.492073 0.3036275 0.4517509 -2.469466 0.5047679 0.4572231 -2.519361 -0.5250383 0.462184 -2.507059 -0.2284159 0.4660802 -2.494815 0.04485559 0.4694778 -2.481324 0.2714238 0.4755517 -2.464932 0.446383 0.4378763 -2.281774 -17.01493 0.3352167 -2.577844 -15.4482 0.6650123 -2.392792 -15.4482 0.4314542 -2.333943 -16.98483 0.422306 -2.38533 -16.89567 0.4107833 -2.433958 -16.75089 0.3973288 -2.477959 -16.55605 0.4696491 -2.312512 -16.98483 0.4605454 -2.355085 -16.89577 0.4499679 -2.397946 -16.81538 0.4379616 -2.438217 -16.69326 0.4253179 -2.47381 -16.52301 0.5029407 -2.340085 -16.89567 0.4901233 -2.37457 -16.8039 0.4769766 -2.409338 -16.72455 0.463787 -2.441448 -16.62196 0.4517728 -2.469403 -16.47834 0.5364718 -2.363432 -16.75089 0.5195168 -2.39178 -16.68408 0.5029122 -2.419325 -16.61966 0.4874768 -2.443988 -16.53807 0.4755516 -2.464932 -16.41962 0.4925827 -2.460686 -16.35775 0.3717383 -2.561884 -15.4482 0.4129347 -2.542137 -15.4482 0.4572229 -2.519361 -15.4482 0.502901 -2.494431 -15.4482 0.350795 -2.566564 -15.75385 0.3867358 -2.544536 -15.74714 0.4233471 -2.526708 -15.74614 0.4616736 -2.507559 -15.74482 0.5004182 -2.486854 -15.74409 0.3667471 -2.545561 -16.04776 0.4000993 -2.525834 -16.03437 0.4332397 -2.510194 -16.02755 0.4659526 -2.49494 -16.0181 0.4979985 -2.478533 -16.0127 0.3824596 -2.515643 -16.31863 0.4128287 -2.502638 -16.29818 0.4421527 -2.491705 -16.27592 0.4694777 -2.481324 -16.24466 0.4951943 -2.469227 -16.22679 0.6481087 -2.399738 -15.75385 0.6258658 -2.400167 -16.04776 0.5991386 -2.394062 -16.31863 0.5689538 -2.381659 -16.55605 0.6308569 -2.41649 -15.4482 0.6113148 -2.419802 -15.75094 0.5929399 -2.419816 -16.04008 0.5716159 -2.415034 -16.30199 0.5471919 -2.40563 -16.52166 0.5914188 -2.441987 -15.4482 0.5752549 -2.441524 -15.74709 0.5604315 -2.439305 -16.02898 0.5446188 -2.434584 -16.27687 0.5260385 -2.427783 -16.47801 0.5482134 -2.468305 -15.4482 0.538284 -2.464358 -15.74482 0.529138 -2.459433 -16.0181 0.5196931 -2.453147 -16.24466 0.506842 -2.447375 -16.41962 0.2778072 -2.347551 1.041694 0.4845907 -2.516462 -0.5250383 0.1344816 -2.610801 -0.5250383 0.3045428 -2.386095 1.01159 0.3332239 -2.421936 0.9224324 0.3627482 -2.453697 0.7776513 0.3919814 -2.480157 0.582809 0.2639954 -2.39702 1.01159 0.2890249 -2.425567 0.9225326 0.315398 -2.453244 0.8421407 0.3418972 -2.477692 0.7200255 0.3670077 -2.497772 0.549767 0.2476226 -2.445002 0.9224324 0.272423 -2.464029 0.8306642 0.2976133 -2.483043 0.751308 0.3217493 -2.499815 0.6487184 0.3432036 -2.514017 0.5051055 0.229318 -2.48965 0.7776513 0.2550418 -2.50046 0.7108436 0.2801448 -2.510867 0.6464229 0.3030935 -2.519756 0.5648255 0.3215987 -2.528195 0.446383 0.3056964 -2.537482 0.3845115 0.4476788 -2.530678 -0.5250383 0.4053263 -2.545263 -0.5250383 0.3591609 -2.559657 -0.5250383 0.3109567 -2.573306 -0.5250383 0.4670116 -2.518807 -0.2193851 0.4280938 -2.527541 -0.2260985 0.390341 -2.540271 -0.2270989 0.3506201 -2.553194 -0.2284159 0.3099134 -2.565137 -0.2291541 0.4451343 -2.51335 0.07452344 0.4093123 -2.522048 0.06113195 0.3753427 -2.533985 0.05431509 0.3418871 -2.545922 0.04485559 0.3085131 -2.556398 0.03946447 0.4197997 -2.500299 0.3453908 0.3892149 -2.512341 0.324945 0.3603491 -2.52532 0.3026776 0.3333716 -2.537253 0.2714238 0.3070279 -2.546549 0.253551 0.1513851 -2.603854 -0.2193851 0.1700553 -2.587471 0.07452344 0.1897745 -2.562281 0.3453908 0.2097851 -2.52925 0.582809 0.1725999 -2.604799 -0.5250383 0.1902069 -2.592846 -0.2222957 0.2054911 -2.579029 0.06683683 0.2212599 -2.559005 0.3287482 0.2377108 -2.532804 0.5484223 0.2158486 -2.596319 -0.5250383 0.2290984 -2.583769 -0.2261486 0.2405135 -2.570768 0.05574083 0.2517249 -2.554941 0.3036275 0.2643847 -2.535303 0.5047679 0.262566 -2.585685 -0.5250383 0.2692034 -2.574931 -0.2284159 0.2747879 -2.563952 0.04485559 0.2800633 -2.551618 0.2714238 0.2883811 -2.537146 0.446383 0.2778072 -2.347551 -17.01493 0.1344816 -2.610801 -15.4482 0.4845907 -2.516462 -15.4482 0.2639954 -2.39702 -16.98483 0.2476226 -2.445002 -16.89567 0.229318 -2.48965 -16.75089 0.2097851 -2.52925 -16.55605 0.3045428 -2.386095 -16.98483 0.289483 -2.425444 -16.89577 0.2729361 -2.464685 -16.81538 0.2553607 -2.50101 -16.69326 0.2378339 -2.532578 -16.52301 0.3332239 -2.421936 -16.89567 0.3156865 -2.452371 -16.8039 0.2977852 -2.482996 -16.72455 0.2802246 -2.511004 -16.62196 0.2644153 -2.535247 -16.47834 0.3627482 -2.453697 -16.75089 0.3420364 -2.477019 -16.68408 0.321784 -2.499647 -16.61966 0.3030935 -2.519756 -16.53807 0.2883811 -2.537146 -16.41962 0.3056964 -2.537482 -16.35775 0.1725998 -2.604799 -15.4482 0.2158486 -2.596319 -15.4482 0.262566 -2.585685 -15.4482 0.3109566 -2.573306 -15.4482 0.1513851 -2.603854 -15.75385 0.1898075 -2.591748 -15.74714 0.2282829 -2.583939 -15.74614 0.2686309 -2.575286 -15.74482 0.3096129 -2.565218 -15.74409 0.1700552 -2.587471 -16.04776 0.2056077 -2.576937 -16.03437 0.2403637 -2.570356 -16.02755 0.2746447 -2.564041 -16.0181 0.3084378 -2.556418 -16.0127 0.1897745 -2.562281 -16.31863 0.221433 -2.557551 -16.29818 0.2517682 -2.554578 -16.27592 0.2800633 -2.551618 -16.24466 0.3070279 -2.546549 -16.22679 0.4670116 -2.518807 -15.75385 0.4451343 -2.51335 -16.04776 0.4197997 -2.500299 -16.31863 0.3919814 -2.480157 -16.55605 0.4476788 -2.530678 -15.4482 0.4280351 -2.528762 -15.75094 0.4100109 -2.523921 -16.04008 0.3897856 -2.513595 -16.30199 0.3671852 -2.497917 -16.52166 0.4053263 -2.545263 -15.4482 0.3895397 -2.540537 -15.74709 0.3753207 -2.534443 -16.02898 0.3604917 -2.525634 -16.27687 0.3432479 -2.514053 -16.47801 0.3591609 -2.559657 -15.4482 0.3499907 -2.553162 -15.74482 0.3417297 -2.545914 -16.0181 0.3333716 -2.537253 -16.24466 0.3215987 -2.528195 -16.41962</float_array>
          <technique_common>
            <accessor source="#Cube_002-mesh-positions-array" count="3928" stride="3">
              <param name="X" type="float"/>
              <param name="Y" type="float"/>
              <param name="Z" type="float"/>
            </accessor>
          </technique_common>
        </source>
        <source id="Cube_002-mesh-normals">
          <float_array id="Cube_002-mesh-normals-array" count="23334">0 -1 0 1 0 0 0 0 1 -1 0 0 0 1 0 -0.5773503 -0.5773503 -0.5773503 -0.5773503 -0.5773503 0.5773503 -0.5773503 0.5773503 -0.5773503 -0.5773503 0.5773503 0.5773503 0.5773503 -0.5773503 -0.5773503 0.5773503 -0.5773503 0.5773503 0.5773503 0.5773503 -0.5773503 0.5773503 0.5773503 0.5773503 -0.7071069 0 -0.7071067 -0.7071069 -0.7071067 0 -0.7071069 0 0.7071067 -0.7071069 0.7071067 0 0 0.7071069 -0.7071067 0 0.7071069 0.7071067 0.7071067 0.7071069 0 0.7071069 0 -0.7071067 0.7071069 0 0.7071067 0.7071069 -0.7071067 0 0 -0.7071069 -0.7071067 0 -0.7071069 0.7071067 0 0 -1 0.1322496 -0.9912165 0 -0.5864747 -0.8099677 0 -0.7434782 -0.6687602 0 -0.8552858 -0.5181567 0 -0.9302057 -0.3670386 0 -0.9758327 -0.2185194 0 -0.9973673 -0.0725159 0 -0.9973673 0.0725159 0 -0.9758328 0.2185188 0 -0.9302058 0.3670386 0 -0.8552865 0.5181556 0 -0.743478 0.6687605 0 -0.5864745 0.8099677 0 -0.3800861 0.9249512 0 -0.1322496 0.9912165 0 0.1322495 0.9912165 0 0.3800861 0.9249511 0 0.5864742 0.8099679 0 0.7434782 0.6687602 0 0.8552858 0.5181565 0 0.9302057 0.3670389 0 0.9758328 0.2185188 0 0.9973674 0.0725153 0 0.9973674 -0.0725153 0 0.9758325 -0.21852 0 0.9302057 -0.367039 0 0.855286 -0.5181562 0 0.7434782 -0.6687602 0 0.5864751 -0.8099672 0 0.3800873 -0.9249506 0 -0.3800873 -0.9249507 0 -0.1322496 -0.9912165 0 0 0.5571651 -0.8304018 0.1666272 0.9052105 -0.3909339 -0.1179822 0.953751 -0.2764764 -0.2752007 0.9441668 -0.1811455 -0.168401 0.9051029 -0.3904226 0.1116526 0.9253538 -0.3622899 -0.1027868 0.9662279 -0.236302 -0.1984162 0.9672587 -0.158246 0.01369434 0.9649885 -0.2619344 0.002749204 0.9677252 -0.2519929 -0.07409012 0.9777185 -0.1964111 -0.1564549 0.9789323 -0.1312007 0.1527702 0.970367 -0.1872142 0.06850439 0.9824805 -0.1733189 -3.81049e-4 0.9903771 -0.1383948 -0.07593017 0.9921414 -0.09944915 -0.1088308 0.9939633 -0.01388669 -0.07110226 0.9969562 -0.03198522 -0.04041892 0.9986836 -0.03158259 -0.01313334 0.9994845 -0.02929675 0.04937928 0.9981896 -0.03434139 -0.06336063 0.9971958 -0.03982394 -0.05196309 0.9979079 -0.03846693 -0.0223093 0.9991339 -0.03512704 0.05045384 0.9964469 -0.06744003 -0.06584066 0.9959905 -0.06056463 -0.06796979 0.996243 -0.053667 -0.03477448 0.9982195 -0.0484631 -0.04087024 0.9922335 -0.1174845 -0.09572416 0.9906502 -0.09720653 -0.07044196 0.9941412 -0.0819844 -0.03285992 0.9969861 -0.0702787 0.1088306 0.9939634 -0.01388734 -0.0162149 0.9991944 -0.03671163 0.014481 0.9972266 -0.07300311 0.09584081 0.9878147 -0.1226251 0.07111126 0.9970825 -0.02774745 0.03142994 0.9989032 -0.03471004 0.01367926 0.9981093 -0.0599237 0.049304 0.9936601 -0.1010385 0.0404191 0.9986884 -0.03143131 0.0454052 0.9982988 -0.03657782 0.05161821 0.9972439 -0.053294 0.05446761 0.9950711 -0.08286714 0.01313304 0.999464 -0.0299887 0.02725118 0.9990273 -0.0346713 0.03632318 0.9981738 -0.04826766 0.03285992 0.9969863 -0.07027649 0 0.5571529 0.8304099 -0.1666415 0.90521 0.3909294 0.1179788 0.9537515 0.2764766 0.2751984 0.9441674 0.1811457 0.1684426 0.9050965 0.3904197 -0.1116474 0.9253532 0.3622936 0.1027389 0.9662327 0.2363032 0.1984465 0.9672526 0.1582451 -0.01370775 0.9649884 0.2619344 -0.002783417 0.9677255 0.2519917 0.07409596 0.9777178 0.1964119 0.15645 0.978933 0.1312007 -0.1527863 0.9703646 0.1872135 -0.06849074 0.9824813 0.1733191 3.75291e-4 0.9903773 0.1383937 0.07593733 0.9921409 0.09944862 0.1088297 0.9939635 0.01388669 0.07110232 0.9969561 0.0319857 0.04041743 0.9986836 0.03158313 0.01313275 0.9994845 0.02929663 -0.04938077 0.9981895 0.03434151 0.06336057 0.9971958 0.03982329 0.05196481 0.9979078 0.03846693 0.02231049 0.9991339 0.03512638 -0.05045497 0.9964468 0.06743985 0.06583714 0.9959908 0.06056463 0.06797522 0.9962427 0.05366605 0.03477722 0.9982194 0.04846304 0.04086548 0.9922333 0.1174864 0.09572172 0.9906505 0.09720641 0.07045108 0.9941403 0.08198595 0.03286659 0.996986 0.07027709 -0.1088297 0.9939635 0.01388734 0.01621621 0.9991943 0.03671169 -0.01447653 0.9972267 0.07300293 -0.09582954 0.9878155 0.122627 -0.07111012 0.9970825 0.02774631 -0.0314294 0.9989032 0.03470879 -0.01367843 0.9981092 0.05992537 -0.04931694 0.9936595 0.1010383 -0.04041707 0.9986884 0.03143125 -0.04540818 0.9982987 0.03657776 -0.05161553 0.997244 0.053294 -0.05446815 0.9950709 0.08286756 -0.01313328 0.999464 0.02998864 -0.02725052 0.9990272 0.03467261 -0.0363245 0.9981738 0.0482676 -0.03286659 0.9969858 0.0702793 0.146523 0.5437786 -0.8263388 0.3908838 0.8385618 -0.3795053 0.136203 0.9514064 -0.276179 -0.02074611 0.9826451 -0.1843317 0.07441753 0.916747 -0.3924756 0.3452963 0.8694424 -0.3533278 0.1540827 0.9595599 -0.2355915 0.06153196 0.985271 -0.1595456 0.264169 0.9293963 -0.2577544 0.2546048 0.9346377 -0.2482513 0.1844982 0.9632675 -0.1951314 0.1055744 0.9856643 -0.1316059 0.3937805 0.9011167 -0.1814536 0.3194951 0.9323186 -0.1694257 0.257384 0.9566496 -0.1362909 0.1864919 0.9774774 -0.09878629 0.1555067 0.9877378 -0.01384741 0.1923205 0.9808185 -0.03175026 0.221847 0.974581 -0.03123909 0.247733 0.9683976 -0.02888536 0.305686 0.9515386 -0.03362196 0.1997524 0.9790502 -0.03949481 0.2107209 0.9768036 -0.03809964 0.2390242 0.9703944 -0.03467422 0.306243 0.949661 -0.06602412 0.1970862 0.9785432 -0.06008636 0.1951077 0.979335 -0.05325537 0.2270556 0.9727029 -0.04790437 0.219774 0.968602 -0.1162313 0.1671999 0.9811607 -0.09678894 0.1922181 0.9779719 -0.08138298 0.2285548 0.9710503 -0.06945461 0.3593766 0.9330949 -0.01350951 0.2447627 0.9689066 -0.03621107 0.2730169 0.9593293 -0.07175749 0.3459816 0.9306011 -0.1194918 0.3254867 0.9451583 -0.02710157 0.2892156 0.9566583 -0.03405064 0.2724722 0.9603591 -0.05890232 0.3044939 0.947362 -0.09893852 0.2975094 0.9542219 -0.03080219 0.3020347 0.9526234 -0.03582864 0.3075408 0.9501041 -0.05216419 0.3096274 0.9473938 -0.08109211 0.2723157 0.9617564 -0.02947551 0.2853595 0.9578163 -0.03402984 0.2935698 0.9547654 -0.0473259 0.2900551 0.954524 -0.06893521 0.1465179 0.5437671 0.8263474 0.07615381 0.9164204 0.392905 0.3580354 0.8940758 0.2691454 0.4979015 0.8496721 0.1736417 0.3924811 0.8380691 0.3789443 0.134912 0.9224362 0.3618152 0.3470495 0.9091324 0.2302933 0.4343834 0.8876947 0.1526732 0.2384358 0.9361123 0.2585388 0.2494414 0.9359894 0.2484006 0.3234888 0.926564 0.1919226 0.3991767 0.9080265 0.127067 0.1068745 0.9763895 0.1877269 0.1910622 0.9663802 0.1720594 0.2581068 0.9564563 0.13628 0.328728 0.9394201 0.09709727 0.359375 0.9330955 0.01350885 0.3254479 0.9450439 0.03124076 0.2975067 0.9542179 0.03095251 0.2723219 0.9617753 0.02879697 0.213241 0.9764078 0.03400439 0.3183615 0.9471698 0.03892832 0.3080171 0.9506355 0.03765058 0.2807913 0.9591488 0.0344963 0.2117922 0.9750301 0.06678652 0.3203509 0.9454479 0.05919128 0.3224002 0.94515 0.05243736 0.2921558 0.9551892 0.04752606 0.2963134 0.9481229 0.1151592 0.3465607 0.9332343 0.09470713 0.324168 0.9426032 0.08009105 0.290054 0.9545242 0.06893658 0.1555057 0.987738 0.013848 0.2751265 0.9607309 0.0360772 0.2459028 0.9666171 0.07199335 0.166373 0.9784731 0.1221092 0.1923424 0.9809413 0.02754348 0.2303881 0.9724944 0.03429472 0.2468883 0.9672408 0.05908775 0.2121474 0.9721021 0.1000558 0.2218469 0.9745858 0.03108888 0.2170216 0.9754953 0.03620189 0.2108728 0.9760875 0.05278235 0.2076188 0.9747582 0.08210384 0.2477275 0.9683786 0.02956604 0.2343513 0.9715487 0.03424364 0.2255766 0.9730561 0.04771977 0.2285544 0.9710504 0.06945598 0.2834958 0.5052455 -0.8150812 0.5776144 0.731488 -0.3623353 0.3741317 0.8876941 -0.2683739 0.236292 0.9544863 -0.1819953 0.3087399 0.8700311 -0.384351 0.5437705 0.7681592 -0.3380019 0.3923968 0.8909812 -0.228424 0.3137479 0.9365926 -0.1560661 0.4847298 0.8389031 -0.2475451 0.4773437 0.845711 -0.2385708 0.4208781 0.8873015 -0.1885674 0.3543851 0.9262815 -0.1281166 0.5934569 0.7861692 -0.1724734 0.5346483 0.8294354 -0.1618276 0.4848356 0.8647721 -0.1307814 0.4259995 0.8996815 -0.09538251 0.4003895 0.916247 -0.01340669 0.4320474 0.9013306 -0.0306313 0.4571307 0.8888917 -0.03005427 0.4788892 0.8774375 -0.02772498 0.5266395 0.8494817 -0.03211957 0.4383176 0.8980133 -0.03807675 0.4476662 0.8934476 -0.03669452 0.4715548 0.8812076 -0.03330731 0.5267171 0.8476972 -0.06307536 0.4358035 0.8981746 -0.0579462 0.434207 0.8993474 -0.05136775 0.4613734 0.8860092 -0.04607033 0.453898 0.8840013 -0.1118858 0.4094367 0.9075224 -0.0936203 0.4312834 0.8987926 -0.07852613 0.4623326 0.8841877 -0.06678873 0.5700129 0.8215353 -0.01285421 0.4763484 0.878569 -0.0347678 0.4993665 0.8636596 -0.06873995 0.5576729 0.822215 -0.1138568 0.5427487 0.8394973 -0.02585047 0.5131692 0.8576694 -0.03257 0.4991192 0.8646944 -0.05642569 0.5246676 0.8460401 -0.09455245 0.5199906 0.8536643 -0.02944499 0.5236479 0.8512465 -0.03423804 0.5279616 0.8478054 -0.04982632 0.5292135 0.8449461 -0.07745563 0.499289 0.8659754 -0.02823561 0.5100088 0.8595527 -0.03256148 0.5166233 0.8550161 -0.045255 0.5134426 0.8555864 -0.06594413 0.2834892 0.5052353 0.8150898 0.3102949 0.8693193 0.3847092 0.5604273 0.7873955 0.2567679 0.6740984 0.7201622 0.1641883 0.5789381 0.7307254 0.3617612 0.3659389 0.8614674 0.3520835 0.553981 0.8030132 0.2197158 0.6262694 0.7660542 0.1447331 0.4631738 0.8506187 0.2488332 0.4730167 0.8480669 0.2388255 0.5368949 0.8234932 0.1833111 0.5996369 0.7911232 0.1206651 0.3533475 0.9174596 0.1827933 0.4275187 0.88861 0.1661331 0.485439 0.8644363 0.1307629 0.5443657 0.833719 0.09262228 0.5700088 0.8215382 0.0128532 0.5426985 0.839399 0.02979737 0.5199853 0.8536627 0.02958881 0.4992993 0.8659904 0.02758473 0.4498414 0.8925082 0.03274142 0.5368877 0.8428355 0.03715193 0.5285093 0.8481656 0.03596192 0.5062467 0.8617563 0.03301966 0.4482116 0.8916105 0.0643208 0.5382747 0.8408743 0.05648654 0.5400238 0.8401615 0.05003112 0.5154464 0.8557157 0.04545205 0.5175828 0.8485158 0.1101321 0.5587636 0.8244048 0.09022194 0.5410152 0.8375341 0.07641696 0.5134524 0.8555808 0.06594246 0.4003921 0.9162459 0.01340728 0.5015599 0.8644329 0.03454971 0.4768449 0.8762652 0.06912612 0.4080476 0.9052848 0.1181384 0.4320975 0.9014354 0.02657204 0.46431 0.8850589 0.03297096 0.4778676 0.8765985 0.05672556 0.4478488 0.8889003 0.09637266 0.4571297 0.8888971 0.02990865 0.4530287 0.8908147 0.03484654 0.4476363 0.8927698 0.05083358 0.4444136 0.8923223 0.07910454 0.4788799 0.8774216 0.02837997 0.4676326 0.8833102 0.03290903 0.4601286 0.8866651 0.04589939 0.4623273 0.8841908 0.06678485 0.403489 0.4457685 -0.7990539 0.7209076 0.6017602 -0.3437688 0.5732975 0.7784028 -0.2557718 0.4654782 0.8675805 -0.1750261 0.511261 0.7762446 -0.3688584 0.6982107 0.6401417 -0.3205002 0.5901064 0.7775328 -0.2172958 0.5304829 0.8344786 -0.1491093 0.6604188 0.7133384 -0.2345111 0.6553257 0.7207336 -0.2260338 0.6143589 0.7684603 -0.1789751 0.5641543 0.8166044 -0.1220135 0.7451183 0.6467791 -0.1627135 0.7021322 0.695457 -0.1528074 0.6656888 0.735913 -0.1236547 0.6214101 0.7782521 -0.09040623 0.602441 0.7980622 -0.01272088 0.6270354 0.7784502 -0.02901715 0.6463862 0.7624806 -0.02843385 0.6630375 0.7481275 -0.02620339 0.6990588 0.7144219 -0.03030109 0.6318335 0.7742651 -0.03605687 0.6390543 0.7683773 -0.03473103 0.6574086 0.7528762 -0.0314871 0.6987732 0.7128635 -0.05951213 0.6296689 0.7749224 -0.05488485 0.6285172 0.7762724 -0.04865616 0.6495042 0.7591083 -0.04357606 0.6425779 0.7588648 -0.1059147 0.608538 0.7885381 -0.08882266 0.6258454 0.7763902 -0.07440418 0.6499654 0.7573332 -0.06317758 0.7313634 0.6818804 -0.01211112 0.6610531 0.7496193 -0.0328623 0.6781277 0.7320713 -0.06492024 0.7207749 0.6848015 -0.1073806 0.711121 0.7026472 -0.02437347 0.6889444 0.724162 -0.03074049 0.6781139 0.7330223 -0.05329018 0.6966708 0.7118194 -0.08923578 0.6940891 0.7193528 -0.02778249 0.6967963 0.7165414 -0.03230273 0.6998762 0.7127157 -0.0470075 0.7004129 0.7099866 -0.07308149 0.6785119 0.7341054 -0.02666312 0.686564 0.7264195 -0.03073608 0.691424 0.7211859 -0.04270696 0.6887801 0.7222934 -0.06224381 0.4034722 0.4457629 0.7990655 0.5124925 0.7752864 0.3691643 0.7165237 0.6539422 0.2428035 0.8034311 0.5748885 0.1549252 0.721922 0.6008577 0.3432183 0.560376 0.7568575 0.3363711 0.7138969 0.6687706 0.2075986 0.7699628 0.6233277 0.1364545 0.6439154 0.7278069 0.2359454 0.6520161 0.7236425 0.2263106 0.7029581 0.6898353 0.1731397 0.7514106 0.6499587 0.1137363 0.5613374 0.809046 0.1741985 0.6204578 0.768246 0.1575764 0.6661536 0.7354959 0.1236338 0.7113999 0.6973362 0.08736401 0.7313635 0.6818804 0.01211112 0.711051 0.7025789 0.02809727 0.6940881 0.7193487 0.02791756 0.6785233 0.734117 0.02604818 0.6407616 0.7671144 0.03098595 0.7066744 0.7066709 0.03503859 0.7004181 0.7129262 0.03392428 0.6837228 0.7290758 0.03117144 0.6391702 0.7666516 0.06088548 0.7074959 0.7047066 0.05327534 0.7088803 0.703749 0.04718321 0.6905395 0.7220216 0.04289531 0.6909885 0.7153481 0.1039814 0.7221339 0.6865025 0.08507037 0.7092478 0.7012652 0.07207447 0.6887797 0.7222937 0.06224483 0.6024405 0.7980624 0.01272088 0.6801834 0.7323158 0.03262209 0.6610195 0.7475181 0.06534624 0.6068597 0.786862 0.112115 0.6270999 0.7785322 0.02517133 0.6518644 0.7576943 0.03118097 0.6619813 0.7476002 0.05361765 0.6382873 0.7643716 0.09124338 0.646386 0.7624858 0.02829557 0.6431987 0.7649891 0.03297311 0.6388944 0.7677882 0.04811781 0.6359871 0.7680563 0.07489997 0.6630255 0.7481161 0.02682197 0.6544201 0.7554907 0.03111755 0.6485495 0.7599333 0.04341632 0.649972 0.7573277 0.06317639 0.5021401 0.3706813 -0.7813135 0.8239665 0.462725 -0.3270549 0.7260656 0.6437054 -0.2418101 0.6493621 0.7422027 -0.165723 0.6711922 0.6532492 -0.3503807 0.8105441 0.500478 -0.3042039 0.7405723 0.6398817 -0.2051931 0.69949 0.7006372 -0.1407883 0.7902674 0.5712804 -0.2216218 0.7871367 0.5786361 -0.2135331 0.760039 0.6275608 -0.1688438 0.7253451 0.6787005 -0.1150664 0.8530538 0.498603 -0.1539294 0.8236305 0.5484723 -0.1442604 0.7988799 0.5900853 -0.1165772 0.7679658 0.6348026 -0.08517217 0.7551246 0.6554718 -0.01198285 0.7728852 0.6339573 -0.02732545 0.7868156 0.6166072 -0.02677637 0.7987348 0.601177 -0.02468013 0.8242115 0.5655615 -0.02856057 0.7762903 0.6294604 -0.03395688 0.7815082 0.623037 -0.03270739 0.7946813 0.606302 -0.02965766 0.823697 0.564248 -0.0561034 0.7745301 0.6304213 -0.05169385 0.7737795 0.6317955 -0.04582506 0.7889201 0.6131238 -0.04104238 0.7828568 0.6141456 -0.09980279 0.7586625 0.646087 -0.08368414 0.7714782 0.6323841 -0.07008582 0.7890072 0.6114953 -0.05950868 0.8468801 0.531661 -0.01142835 0.7972735 0.6028241 -0.03095287 0.8090401 0.5845612 -0.06117498 0.8381152 0.5359941 -0.1013583 0.8327146 0.5532253 -0.02298164 0.8170839 0.5757906 -0.02896732 0.809193 0.5853937 -0.05020928 0.821682 0.5637008 -0.08414357 0.8207319 0.5707134 -0.02618336 0.8226063 0.5677959 -0.03044629 0.8246347 0.5639277 -0.04431158 0.8246304 0.5614596 -0.06890517 0.8097305 0.5862643 -0.02511888 0.8154025 0.5781697 -0.02896106 0.8187254 0.5727728 -0.04025042 0.8166149 0.5741937 -0.05866599 0.5021592 0.3706663 0.7813084 0.6720901 0.6521737 0.3506628 0.8291168 0.509612 0.229915 0.8928223 0.425689 0.1471638 0.8247131 0.4617574 0.3265404 0.7106294 0.6271651 0.3188573 0.829351 0.5230962 0.1963346 0.8710527 0.4738913 0.1292067 0.7784309 0.5868127 0.2229269 0.7847604 0.5817592 0.2137935 0.823381 0.5434148 0.163536 0.8591207 0.5003502 0.107524 0.7214604 0.6726521 0.1644205 0.7653155 0.6262684 0.1485938 0.7992036 0.5896507 0.1165583 0.8320558 0.5485355 0.08241349 0.8468801 0.531661 0.01142835 0.8326424 0.553177 0.02649295 0.8207272 0.5707143 0.02631068 0.8097426 0.586272 0.02453929 0.7827606 0.6216385 0.02918034 0.8295237 0.5574937 0.03303593 0.8251425 0.5640191 0.03197711 0.8133923 0.5809738 0.02937096 0.7812922 0.6215255 0.05734652 0.8299041 0.5556399 0.05023497 0.8309454 0.5545725 0.04448908 0.8181026 0.5736497 0.04042744 0.8173387 0.5677534 0.09804892 0.8395901 0.537256 0.08027881 0.8308377 0.5523478 0.06797569 0.8166212 0.574185 0.05866658 0.7551205 0.6554768 0.01198291 0.8108744 0.5844126 0.03073638 0.7968717 0.6010041 0.06156051 0.7568947 0.6449395 0.1056572 0.7729555 0.6340175 0.02370423 0.7907243 0.6114678 0.02936637 0.7977223 0.6009062 0.05050671 0.7801274 0.6196868 0.08596307 0.7868194 0.6166077 0.02664828 0.7844941 0.6193585 0.03105062 0.7812611 0.6225572 0.04531782 0.778782 0.6233144 0.07055479 0.7987235 0.6011677 0.02526181 0.7925477 0.6091056 0.02930611 0.7882421 0.6140052 0.040892 0.7890098 0.6114918 0.05950897 0.5778984 0.2850511 -0.7647086 0.8932401 0.3217729 -0.3139815 0.8357616 0.4990275 -0.2290723 0.7857722 0.5984367 -0.1563197 0.7889739 0.5165652 -0.3326869 0.8872039 0.357975 -0.2910723 0.8479008 0.4932667 -0.1942996 0.8222109 0.5534572 -0.1328701 0.8805411 0.4245485 -0.2107275 0.878954 0.431582 -0.2029205 0.863001 0.4792309 -0.1598966 0.8410789 0.5298888 -0.1086477 0.9252029 0.3498193 -0.1470581 0.9066096 0.3990182 -0.1372722 0.8912249 0.4398733 -0.1105892 0.8711747 0.4843174 -0.08056902 0.8632886 0.5045838 -0.01131951 0.8753631 0.4827749 -0.02584278 0.8848205 0.4652421 -0.02534925 0.8928658 0.4497151 -0.02338677 0.9098119 0.4141335 -0.02712786 0.8776279 0.4782649 -0.03212308 0.88118 0.4717666 -0.03095257 0.890106 0.4548872 -0.02809309 0.9091491 0.4130461 -0.05329948 0.8762385 0.47939 -0.04890108 0.8757963 0.4807307 -0.04334551 0.8861163 0.4618307 -0.03886288 0.8809298 0.4637104 -0.09452754 0.8648526 0.495753 -0.07911473 0.8738666 0.4816238 -0.06630009 0.8859332 0.460376 -0.0563597 0.9247528 0.3804131 -0.01088279 0.8918387 0.4514019 -0.02932751 0.8993425 0.4333764 -0.05803591 0.9175914 0.3856313 -0.09651285 0.9154509 0.4018362 -0.02184909 0.9050891 0.4243324 -0.02749508 0.899612 0.4340853 -0.04762816 0.9072724 0.4128742 -0.07994967 0.9075297 0.4192516 -0.02486127 0.9087373 0.416366 -0.02891469 0.9099326 0.4126146 -0.04209625 0.909542 0.4104217 -0.06547737 0.9002251 0.4347729 -0.0238251 0.9039705 0.4267105 -0.02748513 0.906074 0.4213902 -0.03821408 0.9044216 0.422989 -0.05569523 0.5778903 0.2850474 0.7647163 0.7895631 0.5154764 0.3329779 0.9053874 0.3633781 0.2196138 0.950157 0.2778093 0.1415052 0.8937599 0.3207851 0.3135129 0.8192633 0.4869496 0.3027999 0.9077304 0.3754377 0.1872759 0.9376562 0.3248141 0.1236793 0.8725577 0.4402266 0.2117632 0.8773559 0.4347295 0.2031183 0.9055887 0.3945459 0.1557005 0.9309281 0.3504713 0.1026788 0.8366447 0.5252476 0.1553732 0.8674333 0.4772452 0.1407001 0.8914426 0.439435 0.1105762 0.914136 0.3977562 0.0783919 0.9247521 0.3804144 0.01088279 0.9153787 0.4018052 0.02518767 0.9075261 0.4192522 0.02498245 0.9002369 0.4347782 0.02327585 0.8820579 0.4703309 0.02761644 0.9132751 0.4061315 0.03139686 0.9103981 0.4126169 0.03037786 0.9026325 0.4295092 0.02786767 0.8807457 0.4704688 0.05427759 0.9133257 0.4044205 0.04775232 0.9140874 0.4033057 0.04229414 0.905656 0.4222728 0.03837877 0.904047 0.4171611 0.09314399 0.9191073 0.386524 0.0764262 0.9136448 0.4013421 0.06463652 0.9044213 0.4229897 0.05569505 0.8632858 0.5045885 0.01131957 0.9009435 0.432956 0.02915585 0.891193 0.4498572 0.05833977 0.863102 0.4950488 0.09990787 0.8754344 0.4828169 0.02241671 0.8874393 0.4600852 0.02780884 0.891928 0.4496371 0.04786437 0.8794186 0.4690412 0.08138424 0.884823 0.4652439 0.02522748 0.8832172 0.4680423 0.02939218 0.8808881 0.4713778 0.04288697 0.8788257 0.4724472 0.06677573 0.8928557 0.4497064 0.02393901 0.88867 0.4577065 0.02775669 0.8856557 0.4627254 0.03871923 0.8859331 0.4603762 0.05635946 0.6309807 0.1929357 -0.7514248 0.9347195 0.1818136 -0.3053576 0.9097009 0.3528289 -0.2189888 0.8809606 0.4493616 -0.1482654 0.8704036 0.3757809 -0.3180982 0.9346988 0.216368 -0.2819986 0.9197356 0.3457973 -0.1857703 0.906132 0.4036753 -0.1263775 0.9387729 0.2785817 -0.2027263 0.9383935 0.2852407 -0.1950782 0.9311915 0.3308602 -0.1530165 0.9192939 0.3797171 -0.1035071 0.9686936 0.2033089 -0.1424723 0.9587996 0.2513821 -0.1323274 0.9508203 0.2909772 -0.1061748 0.9393404 0.3342235 -0.07703524 0.9353185 0.3536421 -0.01080232 0.9428858 0.3321985 -0.02470874 0.9488006 0.3149417 -0.02427506 0.953778 0.2996742 -0.02242738 0.9639601 0.2647635 -0.02610427 0.9442519 0.3277871 -0.03072667 0.9464838 0.3213889 -0.02962404 0.9520431 0.3047768 -0.02692973 0.9631946 0.2638657 -0.05129462 0.9431657 0.3290148 -0.04677224 0.9429691 0.3302893 -0.04145336 0.9494616 0.3116677 -0.03722882 0.9450498 0.3141364 -0.09054988 0.9353807 0.3454741 -0.07556915 0.9413647 0.3313797 -0.0634045 0.9490806 0.3103712 -0.05399882 0.972745 0.2316397 -0.0105074 0.9530966 0.301357 -0.02812039 0.9572433 0.2838625 -0.05574423 0.9669136 0.2374913 -0.09314513 0.9673216 0.2526771 -0.02104926 0.9611462 0.2747716 -0.02643138 0.9575935 0.2844684 -0.045744 0.9614532 0.2639822 -0.07694834 0.962626 0.2697765 -0.02391105 0.9633055 0.2669623 -0.02781665 0.9638475 0.2633568 -0.04051434 0.9631699 0.2614014 -0.06303203 0.9582529 0.2850053 -0.02288061 0.9604784 0.2770986 -0.02641493 0.9616113 0.2719443 -0.0367456 0.9603385 0.273647 -0.05354887 0.6310003 0.1929275 0.7514104 0.8707559 0.3747071 0.3184005 0.9523574 0.2187266 0.2125422 0.9815193 0.1324144 0.1381536 0.9350533 0.1808145 0.3049286 0.8928834 0.3444435 0.2900311 0.9563242 0.2295281 0.1809999 0.9766204 0.1782726 0.1201316 0.9338877 0.2940578 0.2034304 0.9374161 0.2883431 0.1952162 0.9571985 0.2474294 0.1501662 0.9740958 0.2030905 0.09945714 0.9146049 0.3762415 0.1481232 0.9348955 0.3283898 0.1346505 0.9509564 0.2905363 0.1061644 0.9655184 0.2491288 0.07555919 0.9727447 0.2316412 0.01050746 0.9672511 0.2526589 0.02426594 0.9626244 0.2697722 0.02402651 0.9582645 0.2850079 0.02235269 0.9470639 0.3199552 0.0264346 0.9659566 0.2569311 0.03023582 0.9642732 0.263292 0.02923512 0.9596695 0.2798531 0.02677619 0.9458981 0.3202772 0.05195611 0.9657531 0.2553539 0.04599481 0.9662862 0.2542269 0.04074162 0.96136 0.2728098 0.03690057 0.9591386 0.2683703 0.08961403 0.9684377 0.2380952 0.0737493 0.965593 0.2524915 0.06227689 0.9603382 0.2736474 0.05354982 0.9353182 0.3536428 0.01080268 0.9586399 0.2832412 0.02800452 0.9522798 0.300055 0.0559498 0.9337007 0.3450993 0.09544426 0.9429577 0.332222 0.021434 0.9504027 0.309879 0.02664297 0.9529172 0.2997361 0.04590338 0.944482 0.31919 0.07792013 0.9488028 0.3149437 0.02415812 0.9477682 0.317716 0.02814018 0.9461596 0.3210874 0.04104977 0.9444596 0.3223532 0.0639109 0.9537658 0.299673 0.02295714 0.9511615 0.3075458 0.02659934 0.9491811 0.312538 0.03708785 0.9490813 0.3103692 0.05399876 0.6622676 0.09724599 -0.7429299 0.9525005 0.04314976 -0.3014644 0.9547664 0.2083402 -0.2121689 0.9429185 0.301114 -0.1422508 0.9219265 0.2352763 -0.3077282 0.9577438 0.07630753 -0.2773158 0.9630293 0.2003636 -0.1800807 0.95905 0.2557282 -0.1217633 0.9709026 0.1347786 -0.1979469 0.971527 0.141097 -0.1903338 0.9714804 0.1848267 -0.1485431 0.9676164 0.231791 -0.09995698 0.9883548 0.05896568 -0.1402785 0.9858652 0.1062092 -0.1295741 0.9840449 0.1447158 -0.1035033 0.9795535 0.1867853 -0.07474118 0.9786243 0.2053905 -0.01045835 0.9825599 0.184394 -0.02397692 0.985597 0.1674568 -0.02360004 0.9880684 0.1524602 -0.02183979 0.9926693 0.1181375 -0.02551984 0.9831979 0.1800889 -0.02983093 0.9843596 0.173805 -0.0287798 0.9871742 0.1574814 -0.02620869 0.9918171 0.1174044 -0.0501514 0.9823623 0.1813913 -0.04540288 0.9823632 0.1826031 -0.04023379 0.9857461 0.1642982 -0.03620618 0.9819768 0.1672414 -0.08804512 0.9775006 0.1978128 -0.07323068 0.9810262 0.1838517 -0.06153357 0.9852018 0.1631524 -0.05252373 0.9962872 0.08547306 -0.01031047 0.9876716 0.154128 -0.02737873 0.9890621 0.1371095 -0.05438059 0.991573 0.09186345 -0.0913465 0.9941284 0.1062275 -0.02060592 0.9914391 0.1279935 -0.02580964 0.9894777 0.1376329 -0.04462152 0.9901874 0.1177655 -0.07523459 0.9921234 0.1230673 -0.02336215 0.9923642 0.1203086 -0.02718687 0.9923618 0.1168292 -0.03961294 0.9914416 0.1150814 -0.06164407 0.9901757 0.1380366 -0.02231699 0.9911409 0.1302869 -0.02578818 0.9914748 0.1252571 -0.03589403 0.9905179 0.1270411 -0.05229854 0.6622903 0.09724044 0.7429103 0.922085 0.2342271 0.3080534 0.9749693 0.07605981 0.2089253 0.9904832 -0.01139986 0.1371616 0.9526683 0.04214161 0.301077 0.937886 0.2029827 0.2813682 0.980341 0.08578735 0.1776852 0.9923648 0.03377199 0.1186243 0.9685927 0.1500256 0.1982945 0.9710648 0.1441538 0.1904017 0.9837756 0.102684 0.1471109 0.9935024 0.05799585 0.09792554 0.9627829 0.2292745 0.1431163 0.974569 0.1819963 0.130739 0.9841088 0.1442841 0.1034991 0.9919111 0.1031319 0.07400143 0.9962869 0.08547735 0.01031041 0.9940589 0.106221 0.02375501 0.9921206 0.1230683 0.02347534 0.9901866 0.1380403 0.02180212 0.9846933 0.1723935 0.02568519 0.9934414 0.1104499 0.02958458 0.9927549 0.1167072 0.02858525 0.9907724 0.1329935 0.02613264 0.9836522 0.1728577 0.05048245 0.9930233 0.1089891 0.04501265 0.9933677 0.1078448 0.03987687 0.991362 0.1261053 0.03604191 0.9886292 0.1222407 0.08757644 0.9931087 0.0922234 0.07231819 0.9924629 0.1063027 0.06096935 0.9905181 0.1270388 0.05229771 0.9786235 0.2053944 0.0104584 0.9902875 0.1363248 0.02732127 0.986719 0.1530275 0.05448287 0.9758867 0.1977097 0.09249931 0.9826304 0.1844042 0.0207988 0.9863689 0.1624956 0.02591627 0.9872701 0.1526416 0.04470103 0.9821761 0.1720361 0.07572156 0.9855999 0.1674556 0.02348572 0.9850313 0.1701924 0.02734923 0.9840133 0.1735725 0.0398817 0.982609 0.1749995 0.06208676 0.9880573 0.1524574 0.02235543 0.9867455 0.1601988 0.02587991 0.9856085 0.1651518 0.03606516 0.9852039 0.1631395 0.05252367 0.6725922 0 -0.7400134 0.9484318 -0.09513807 -0.3023674 0.9757435 0.06577736 -0.2088016 0.9780964 0.155363 -0.1385279 0.9484413 0.09616339 -0.3020128 0.95877 -0.06304252 -0.2771027 0.9824939 0.05695319 -0.1773759 0.986728 0.1103015 -0.1191696 0.9804812 -0.007584452 -0.1964668 0.9820203 -0.001513719 -0.1887696 0.9883579 0.04081749 -0.1465696 0.9914245 0.08634722 -0.09809118 0.9864578 -0.08463084 -0.140495 0.990924 -0.03765052 -0.1290434 0.9947217 2.1366e-4 -0.1026097 0.9964123 0.04155105 -0.07372862 0.9981716 0.05956166 -0.01029503 0.998966 0.03882163 -0.02365875 0.9994847 0.02204525 -0.02333295 0.9997405 0.007161438 -0.02163124 0.999315 -0.02693653 -0.02537989 0.9989677 0.03458714 -0.02945035 0.9991936 0.02835416 -0.0284332 0.9995895 0.01216042 -0.02594363 0.9983752 -0.02754777 -0.04988157 0.9983478 0.03596156 -0.04481554 0.9985216 0.03712207 -0.03970819 0.9991787 0.01896703 -0.03581047 0.9959529 0.02235537 -0.08705246 0.9960142 0.0524463 -0.07214629 0.9974116 0.03851568 -0.06072038 0.9984884 0.01793271 -0.05195677 0.9981716 -0.05956166 -0.01029503 0.9995933 0.008838772 -0.02711176 0.9985118 -0.007903635 -0.05396038 0.99445 -0.05257767 -0.09113097 0.9990352 -0.03882575 -0.02052307 0.9995244 -0.01713758 -0.0256384 0.9989916 -0.007458508 -0.04427373 0.9968323 -0.02695786 -0.07482498 0.9994874 -0.02204358 -0.02322036 0.9993277 -0.02476865 -0.02703082 0.9988262 -0.0281766 -0.03940266 0.9976739 -0.02975863 -0.06133002 0.9997293 -0.007161378 -0.02214246 0.9995617 -0.01485693 -0.02560949 0.9991674 -0.01981365 -0.03566712 0.9984884 -0.01793217 -0.05195653 0.6725971 0 0.740009 0.9484313 0.09514093 0.3023681 0.9757448 -0.06577563 0.208796 0.9780972 -0.1553581 0.1385276 0.9484412 -0.09616589 0.3020122 0.9587686 0.06304335 0.2771072 0.9824941 -0.0569483 0.1773767 0.9867277 -0.1103058 0.1191686 0.9804807 0.007584571 0.196469 0.9820203 0.001516282 0.1887696 0.9883582 -0.04081469 0.1465687 0.9914246 -0.0863465 0.09808969 0.9864575 0.08463519 0.1404938 0.9909238 0.03764796 0.1290453 0.9947218 -2.12418e-4 0.1026093 0.9964125 -0.04154765 0.07372921 0.9981716 -0.05956184 0.01029503 0.998966 -0.03882139 0.02365869 0.9994847 -0.02204525 0.02333307 0.9997405 -0.007158458 0.0216313 0.999315 0.02693277 0.02537989 0.9989679 -0.03458327 0.02945041 0.9991936 -0.02835404 0.0284332 0.9995895 -0.01216036 0.02594345 0.9983754 0.02754521 0.04988086 0.9983478 -0.03596138 0.04481518 0.9985216 -0.03712153 0.0397076 0.9991786 -0.01896709 0.03581058 0.9959532 -0.02234959 0.08705145 0.9960141 -0.05244922 0.07214611 0.9974115 -0.03851604 0.06072092 0.9984884 -0.01793235 0.0519554 0.9981716 0.05956161 0.01029503 0.9995934 -0.008838772 0.02711182 0.9985119 0.007903635 0.05396026 0.9944502 0.05257338 0.09113091 0.9990353 0.03882575 0.02052301 0.9995244 0.01713764 0.02563852 0.9989917 0.007459163 0.04427331 0.9968324 0.02695655 0.07482481 0.9994874 0.0220434 0.02322018 0.9993277 0.02477043 0.02703094 0.9988261 0.02817648 0.03940248 0.9976739 0.02975833 0.0613296 0.9997293 0.007161259 0.02214223 0.9995617 0.01485699 0.02560949 0.9991673 0.01981252 0.03566777 0.9984884 0.01793187 0.05195575 0.6622667 -0.09724611 -0.7429307 0.9220862 -0.2342222 -0.3080534 0.9749689 -0.07606035 -0.208927 0.9904832 0.01139974 -0.1371607 0.9526683 -0.04214423 -0.3010765 0.9378889 -0.2029783 -0.2813613 0.9803426 -0.0857799 -0.1776799 0.9923646 -0.03377467 -0.1186255 0.9685912 -0.1500292 -0.1982992 0.9710662 -0.1441477 -0.1903992 0.9837753 -0.1026847 -0.1471124 0.9935027 -0.0579952 -0.09792441 0.962784 -0.2292701 -0.1431165 0.9745685 -0.1819998 -0.1307384 0.9841096 -0.1442797 -0.1034977 0.9919108 -0.1031339 -0.07400244 0.9962871 -0.08547323 -0.01031041 0.9940589 -0.1062212 -0.02375507 0.9921206 -0.1230674 -0.02347522 0.9901869 -0.1380385 -0.0218023 0.9846942 -0.1723885 -0.02568501 0.9934414 -0.1104496 -0.02958452 0.9927549 -0.1167067 -0.02858507 0.9907724 -0.1329932 -0.0261327 0.9836522 -0.1728578 -0.0504831 0.9930233 -0.108989 -0.04501247 0.9933675 -0.1078466 -0.03987735 0.991362 -0.1261052 -0.03604191 0.9886295 -0.1222379 -0.08757632 0.9931087 -0.09222334 -0.07231813 0.9924631 -0.1063014 -0.06096887 0.9905179 -0.1270402 -0.05229854 0.9786243 -0.2053902 -0.01045829 0.9902873 -0.1363266 -0.02732115 0.9867191 -0.1530265 -0.05448365 0.9758864 -0.1977112 -0.09249997 0.9826304 -0.1844041 -0.0207988 0.9863686 -0.1624978 -0.02591621 0.9872702 -0.1526418 -0.04470103 0.9821766 -0.1720336 -0.07572156 0.9855998 -0.167456 -0.02348566 0.9850313 -0.1701925 -0.02734911 0.9840133 -0.1735723 -0.03988146 0.9826084 -0.1750032 -0.06208658 0.9880576 -0.152455 -0.02235561 0.9867455 -0.1601987 -0.02588015 0.9856084 -0.165153 -0.03606474 0.9852032 -0.1631436 -0.0525245 0.6622903 -0.09724044 0.7429103 0.9525002 -0.04314476 0.3014665 0.9547686 -0.2083354 0.2121634 0.9429185 -0.3011132 0.1422516 0.921926 -0.2352804 0.3077265 0.9577426 -0.07630616 0.2773203 0.9630299 -0.2003605 0.1800808 0.9590491 -0.2557321 0.121762 0.9709033 -0.1347776 0.1979445 0.9715273 -0.1410963 0.1903333 0.9714805 -0.1848253 0.1485445 0.9676162 -0.2317923 0.09995698 0.9883551 -0.05896157 0.1402775 0.9858645 -0.1062157 0.1295747 0.9840449 -0.1447157 0.103504 0.9795523 -0.186791 0.07474255 0.9786235 -0.2053944 0.01045829 0.98256 -0.1843932 0.02397692 0.9855968 -0.1674574 0.02360004 0.988069 -0.1524561 0.02183961 0.9926691 -0.1181399 0.0255202 0.9831979 -0.1800894 0.02983093 0.9843595 -0.1738051 0.0287801 0.9871742 -0.1574812 0.02620881 0.9918174 -0.1174023 0.05015057 0.9823622 -0.1813924 0.04540288 0.9823631 -0.1826037 0.04023361 0.9857456 -0.1643004 0.03620678 0.981977 -0.1672403 0.0880444 0.9775006 -0.1978125 0.07323074 0.9810264 -0.1838498 0.06153398 0.9852018 -0.1631524 0.05252414 0.9962869 -0.08547705 0.01031053 0.987671 -0.1541311 0.02737861 0.9890621 -0.1371098 0.05438047 0.991573 -0.0918641 0.09134608 0.9941279 -0.1062314 0.02060592 0.9914398 -0.1279886 0.0258094 0.9894779 -0.1376319 0.04462122 0.9901876 -0.1177645 0.07523483 0.9921233 -0.1230673 0.02336215 0.9923641 -0.1203101 0.02718663 0.9923618 -0.1168285 0.03961277 0.9914414 -0.1150835 0.06164366 0.9901753 -0.1380393 0.02231693 0.991141 -0.1302869 0.02578806 0.9914744 -0.1252606 0.03589475 0.9905184 -0.1270366 0.05229711 0.6309782 -0.192937 -0.7514267 0.87076 -0.3746989 -0.3183988 0.952355 -0.2187319 -0.2125473 0.9815199 -0.1324097 -0.1381534 0.9350512 -0.1808217 -0.3049308 0.8928859 -0.3444423 -0.2900249 0.956329 -0.2295145 -0.1809914 0.9766197 -0.1782769 -0.1201313 0.9338876 -0.2940578 -0.2034307 0.93742 -0.2883331 -0.195212 0.9571997 -0.2474251 -0.150165 0.9740961 -0.2030894 -0.0994566 0.914606 -0.376238 -0.1481239 0.9348944 -0.3283933 -0.1346494 0.9509565 -0.2905354 -0.1061652 0.9655174 -0.2491323 -0.07556092 0.972744 -0.2316436 -0.01050734 0.9672513 -0.2526587 -0.02426582 0.9626238 -0.2697743 -0.02402651 0.9582652 -0.2850056 -0.02235269 0.9470643 -0.3199536 -0.02643448 0.9659567 -0.256931 -0.03023582 0.9642727 -0.2632933 -0.0292353 0.9596694 -0.2798532 -0.02677655 0.9458965 -0.3202819 -0.05195742 0.9657531 -0.2553537 -0.04599434 0.9662846 -0.2542323 -0.04074215 0.9613613 -0.2728055 -0.03690057 0.959138 -0.2683724 -0.08961397 0.968437 -0.2380984 -0.07374894 0.9655919 -0.2524952 -0.06227731 0.9603385 -0.2736465 -0.05354964 0.9353181 -0.3536432 -0.01080262 0.9586396 -0.2832419 -0.02800458 0.9522796 -0.3000555 -0.05595046 0.9336994 -0.3451026 -0.09544521 0.9429578 -0.3322215 -0.02143371 0.9504023 -0.3098803 -0.02664327 0.952916 -0.2997401 -0.0459038 0.9444837 -0.3191854 -0.07791912 0.9488032 -0.3149428 -0.02415794 0.9477683 -0.317716 -0.02814048 0.9461597 -0.3210872 -0.04105007 0.9444572 -0.3223599 -0.06391149 0.9537661 -0.2996719 -0.02295684 0.9511621 -0.3075438 -0.02659946 0.949182 -0.3125353 -0.03708708 0.9490809 -0.3103703 -0.05399882 0.6309918 -0.1929271 0.7514177 0.9347199 -0.1818102 0.3053585 0.9097037 -0.352823 0.2189863 0.8809599 -0.4493629 0.1482654 0.8704029 -0.3757845 0.3180957 0.9346968 -0.2163673 0.2820059 0.9197394 -0.3457891 0.1857671 0.9061303 -0.4036787 0.1263778 0.9387742 -0.2785786 0.2027245 0.9383935 -0.2852404 0.1950783 0.9311948 -0.3308519 0.1530147 0.9192925 -0.3797201 0.1035085 0.9686946 -0.203304 0.1424728 0.9587986 -0.2513862 0.1323266 0.9508202 -0.2909768 0.1061771 0.9393357 -0.3342366 0.07703644 0.9353179 -0.3536436 0.01080244 0.9428852 -0.3322002 0.02470892 0.9488008 -0.314941 0.02427512 0.9537781 -0.2996738 0.02242702 0.9639603 -0.2647627 0.02610445 0.9442521 -0.3277863 0.03072696 0.9464834 -0.3213902 0.02962434 0.9520437 -0.304775 0.02692908 0.9631956 -0.2638623 0.05129402 0.9431656 -0.3290156 0.04677176 0.9429689 -0.3302902 0.04145276 0.9494621 -0.3116664 0.03722894 0.9450511 -0.3141327 0.09054958 0.9353807 -0.3454742 0.07556843 0.9413658 -0.3313764 0.06340444 0.9490815 -0.3103684 0.05399847 0.972745 -0.2316395 0.01050722 0.9530969 -0.3013562 0.02812045 0.9572439 -0.2838606 0.0557444 0.9669131 -0.2374934 0.09314525 0.9673216 -0.2526776 0.0210492 0.9611465 -0.2747706 0.02643102 0.9575948 -0.2844642 0.04574352 0.9614539 -0.2639801 0.07694792 0.9626266 -0.2697744 0.02391076 0.9633066 -0.2669585 0.02781629 0.9638475 -0.2633568 0.04051405 0.9631706 -0.2613991 0.06303185 0.958253 -0.2850047 0.02288037 0.960478 -0.2771002 0.0264151 0.9616098 -0.2719492 0.0367459 0.9603392 -0.2736445 0.05354887 0.577901 -0.2850512 -0.7647066 0.7895721 -0.5154639 -0.3329759 0.905386 -0.363381 -0.2196144 0.9501596 -0.2778021 -0.1415028 0.8937582 -0.3207888 -0.3135136 0.8192647 -0.4869489 -0.3027971 0.9077365 -0.3754255 -0.1872705 0.937653 -0.3248224 -0.1236817 0.8725597 -0.4402232 -0.2117621 0.8773577 -0.4347252 -0.2031192 0.9055941 -0.3945353 -0.1556967 0.9309262 -0.350476 -0.1026799 0.8366484 -0.5252413 -0.1553747 0.8674346 -0.4772437 -0.1406979 0.8914461 -0.4394285 -0.110574 0.9141351 -0.3977586 -0.07839167 0.9247524 -0.380414 -0.01088285 0.9153788 -0.4018051 -0.02518767 0.907526 -0.4192526 -0.02498251 0.9002361 -0.4347798 -0.02327603 0.8820571 -0.4703326 -0.02761667 0.9132759 -0.4061298 -0.0313965 0.9103981 -0.412617 -0.03037732 0.902632 -0.4295099 -0.02786785 0.8807446 -0.4704707 -0.05427855 0.9133263 -0.4044194 -0.0477522 0.9140853 -0.4033104 -0.04229432 0.9056559 -0.4222732 -0.03837847 0.9040481 -0.4171587 -0.09314447 0.9191057 -0.3865278 -0.07642674 0.913646 -0.4013394 -0.06463587 0.9044207 -0.4229909 -0.05569553 0.8632886 -0.5045837 -0.01131933 0.9009431 -0.4329568 -0.02915596 0.8911917 -0.4498599 -0.05834019 0.8631011 -0.4950505 -0.09990721 0.8754363 -0.4828134 -0.02241736 0.8874399 -0.4600839 -0.02780878 0.8919258 -0.4496417 -0.04786443 0.8794206 -0.4690375 -0.08138436 0.8848226 -0.4652447 -0.02522689 0.883217 -0.4680426 -0.02939176 0.8808844 -0.4713845 -0.04288828 0.8788239 -0.4724506 -0.06677705 0.8928546 -0.4497084 -0.02393889 0.8886693 -0.4577079 -0.02775663 0.88566 -0.4627172 -0.03871822 0.885931 -0.4603802 -0.05635982 0.5778978 -0.285045 0.7647114 0.8932408 -0.3217695 0.313983 0.8357597 -0.4990301 0.2290735 0.7857683 -0.5984411 0.156322 0.7889697 -0.5165721 0.3326864 0.8871971 -0.3579849 0.291081 0.8479037 -0.4932618 0.1942993 0.8222036 -0.5534676 0.1328718 0.8805428 -0.4245461 0.2107252 0.8789538 -0.4315822 0.2029212 0.8630035 -0.4792261 0.1598978 0.841081 -0.5298855 0.1086468 0.9252053 -0.3498131 0.1470584 0.9066061 -0.3990254 0.1372742 0.8912243 -0.4398739 0.1105907 0.8711696 -0.4843266 0.0805689 0.8632879 -0.5045849 0.01131927 0.875364 -0.4827734 0.02584284 0.8848202 -0.4652425 0.02534896 0.8928644 -0.4497181 0.02338677 0.9098115 -0.4141342 0.02712833 0.8776297 -0.4782619 0.03212302 0.8811802 -0.4717665 0.03095287 0.8901054 -0.4548882 0.02809357 0.9091508 -0.4130426 0.05329877 0.8762395 -0.4793882 0.0489012 0.8757968 -0.4807297 0.04334568 0.8861144 -0.4618344 0.0388627 0.8809359 -0.4636995 0.09452491 0.8648502 -0.4957574 0.07911336 0.8738678 -0.4816216 0.06630015 0.8859354 -0.4603716 0.05635988 0.9247528 -0.3804131 0.01088291 0.8918396 -0.4514003 0.02932739 0.8993422 -0.433377 0.05803519 0.9175885 -0.3856376 0.09651398 0.9154498 -0.4018385 0.02184915 0.9050885 -0.4243333 0.02749568 0.8996141 -0.4340807 0.04762846 0.9072731 -0.4128724 0.07994943 0.9075297 -0.4192514 0.02486109 0.908737 -0.4163664 0.02891463 0.909933 -0.4126135 0.04209601 0.9095446 -0.4104163 0.06547755 0.9002264 -0.4347699 0.02382498 0.9039713 -0.4267089 0.02748519 0.9060717 -0.4213951 0.03821408 0.90442 -0.4229922 0.05569553 0.5021368 -0.37068 -0.7813163 0.6720858 -0.6521753 -0.3506683 0.829109 -0.5096234 -0.2299183 0.8928267 -0.4256798 -0.1471635 0.8247109 -0.4617617 -0.3265399 0.7106248 -0.6271706 -0.3188565 0.8293621 -0.5230796 -0.1963322 0.8710508 -0.4738944 -0.1292084 0.7784336 -0.5868096 -0.2229257 0.784767 -0.5817523 -0.2137873 0.8233825 -0.5434135 -0.1635336 0.8591217 -0.5003486 -0.107524 0.721464 -0.672648 -0.1644213 0.7653103 -0.6262748 -0.1485937 0.7992125 -0.5896388 -0.1165564 0.8320524 -0.5485408 -0.08241331 0.8468802 -0.531661 -0.01142823 0.8326408 -0.5531796 -0.02649331 0.8207279 -0.5707132 -0.02631014 0.8097433 -0.5862711 -0.0245397 0.7827602 -0.621639 -0.02918052 0.8295238 -0.5574936 -0.03303468 0.82514 -0.5640228 -0.03197717 0.8133931 -0.5809726 -0.02937102 0.7812891 -0.6215294 -0.05734729 0.8299058 -0.5556374 -0.05023479 0.8309423 -0.5545769 -0.04449051 0.8181041 -0.5736476 -0.04042607 0.8173382 -0.5677539 -0.09805047 0.8395903 -0.5372557 -0.08027899 0.8308382 -0.5523473 -0.0679748 0.8166154 -0.5741931 -0.0586664 0.7551246 -0.6554718 -0.01198214 0.8108724 -0.5844153 -0.03073549 0.7968721 -0.6010036 -0.06156075 0.7568863 -0.6449493 -0.105658 0.7729564 -0.6340162 -0.02370309 0.7907227 -0.6114699 -0.02936625 0.7977187 -0.600911 -0.05050837 0.7801284 -0.6196855 -0.08596348 0.7868189 -0.6166086 -0.02664738 0.7844945 -0.619358 -0.03105241 0.7812585 -0.6225604 -0.04531788 0.7787802 -0.6233166 -0.07055497 0.7987232 -0.6011681 -0.02526277 0.7925473 -0.6091058 -0.02930676 0.7882434 -0.6140035 -0.04089105 0.7890069 -0.6114954 -0.05951029 0.5021483 -0.3706675 0.7813147 0.8239666 -0.4627259 0.3270531 0.7260712 -0.6437001 0.2418072 0.6493622 -0.7422025 0.1657236 0.6711825 -0.6532597 0.3503798 0.8105397 -0.5004819 0.3042094 0.7405828 -0.6398693 0.2051938 0.6994788 -0.700648 0.1407904 0.7902711 -0.5712759 0.2216206 0.7871494 -0.5786198 0.2135297 0.7600392 -0.6275604 0.1688446 0.7253455 -0.6786997 0.1150681 0.8530603 -0.4985927 0.1539275 0.8236244 -0.5484813 0.144261 0.7988827 -0.5900818 0.1165767 0.7679511 -0.6348199 0.08517557 0.7551223 -0.6554746 0.01198214 0.7728866 -0.6339557 0.02732479 0.7868157 -0.6166071 0.02677637 0.7987344 -0.6011776 0.02468019 0.8242095 -0.5655643 0.02856087 0.7762923 -0.6294579 0.03395748 0.781506 -0.6230399 0.03270798 0.7946791 -0.606305 0.02965724 0.823702 -0.5642406 0.05610322 0.7745308 -0.6304205 0.05169272 0.7737823 -0.6317921 0.04582405 0.7889142 -0.6131314 0.0410422 0.78286 -0.6141415 0.09980243 0.7586634 -0.6460856 0.08368504 0.7714762 -0.6323862 0.07008761 0.7890098 -0.6114919 0.05950933 0.8468814 -0.5316592 0.01142817 0.797275 -0.6028222 0.03095275 0.8090373 -0.5845651 0.06117463 0.8381112 -0.5360003 0.1013587 0.8327131 -0.5532276 0.022982 0.8170849 -0.5757892 0.02896749 0.8091962 -0.5853893 0.05020922 0.8216853 -0.5636962 0.0841431 0.8207317 -0.5707137 0.02618324 0.8226062 -0.5677959 0.03044521 0.8246311 -0.5639326 0.04431223 0.8246337 -0.5614548 0.06890571 0.8097317 -0.5862625 0.02511888 0.8154031 -0.5781688 0.02896147 0.8187218 -0.572778 0.04025107 0.8166155 -0.574193 0.05866611 0.403488 -0.4457693 -0.7990541 0.5124951 -0.7752837 -0.3691666 0.7165254 -0.6539404 -0.2428032 0.803435 -0.5748829 -0.1549255 0.7219161 -0.600863 -0.3432214 0.5603874 -0.7568523 -0.3363639 0.7139165 -0.6687511 -0.2075939 0.7699611 -0.62333 -0.1364542 0.6439252 -0.7277989 -0.2359431 0.6520249 -0.7236348 -0.2263098 0.702956 -0.689837 -0.1731411 0.7514119 -0.6499575 -0.1137351 0.5613405 -0.8090433 -0.1742004 0.6204584 -0.7682458 -0.1575751 0.6661525 -0.735497 -0.1236324 0.7114027 -0.6973335 -0.087363 0.7313647 -0.6818791 -0.0121113 0.7110492 -0.7025807 -0.0280978 0.6940861 -0.7193505 -0.02791714 0.6785242 -0.7341161 -0.02604806 0.6407624 -0.7671138 -0.03098523 0.7066769 -0.7066684 -0.03503847 0.7004145 -0.7129297 -0.0339235 0.6837262 -0.7290726 -0.03117144 0.6391636 -0.766657 -0.06088542 0.7074992 -0.7047033 -0.05327588 0.7088732 -0.703756 -0.04718369 0.6905435 -0.7220178 -0.04289561 0.6909887 -0.715348 -0.1039808 0.7221342 -0.6865023 -0.08506983 0.7092425 -0.7012706 -0.07207405 0.6887766 -0.7222965 -0.0622456 0.6024392 -0.7980633 -0.01272255 0.6801806 -0.7323184 -0.03262215 0.6610172 -0.74752 -0.0653457 0.6068463 -0.7868722 -0.1121149 0.6271001 -0.778532 -0.02517062 0.6518646 -0.7576941 -0.03118091 0.6619777 -0.7476034 -0.05361783 0.6383 -0.7643612 -0.09124326 0.64639 -0.7624824 -0.02829539 0.6431961 -0.7649912 -0.03297334 0.6388906 -0.7677914 -0.0481171 0.6359876 -0.7680558 -0.07490056 0.6630243 -0.7481174 -0.02682137 0.6544184 -0.7554922 -0.0311172 0.6485537 -0.7599298 -0.0434165 0.6499677 -0.7573313 -0.06317716 0.4034717 -0.4457624 0.7990661 0.7209103 -0.6017573 0.3437684 0.5732999 -0.7784005 0.2557734 0.4654658 -0.8675869 0.1750278 0.5112465 -0.7762543 0.3688584 0.6981989 -0.6401507 0.3205081 0.5901321 -0.7775141 0.2172923 0.5304595 -0.8344931 0.1491111 0.6604311 -0.7133268 0.2345119 0.6553375 -0.7207241 0.2260302 0.6143609 -0.7684585 0.1789757 0.5641649 -0.8165973 0.1220114 0.7451142 -0.6467839 0.1627133 0.7021243 -0.6954645 0.152809 0.6656915 -0.7359106 0.1236546 0.6213995 -0.7782602 0.09040802 0.6024391 -0.7980635 0.01272255 0.6270349 -0.7784507 0.02901613 0.6463878 -0.7624791 0.02843332 0.6630354 -0.7481294 0.02620309 0.6990536 -0.714427 0.03030115 0.6318337 -0.7742649 0.03605771 0.6390563 -0.7683755 0.03473091 0.6574079 -0.7528768 0.03148782 0.6987801 -0.7128568 0.05951178 0.6296645 -0.7749261 0.05488467 0.6285149 -0.7762743 0.04865568 0.6494991 -0.7591128 0.04357665 0.6425744 -0.7588678 0.1059145 0.6085337 -0.7885411 0.0888229 0.6258441 -0.776391 0.07440483 0.6499661 -0.7573326 0.06317722 0.7313646 -0.6818793 0.01211124 0.6610568 -0.7496159 0.03286218 0.6781225 -0.7320761 0.06492 0.7207699 -0.6848066 0.1073812 0.7111182 -0.7026499 0.02437365 0.6889424 -0.7241641 0.03073984 0.6781157 -0.7330209 0.05328768 0.6966754 -0.711815 0.08923494 0.6940896 -0.7193523 0.02778244 0.6968029 -0.716535 0.03230154 0.6998784 -0.7127137 0.0470069 0.7004163 -0.7099834 0.07308024 0.6785124 -0.734105 0.02666288 0.6865635 -0.72642 0.03073525 0.6914215 -0.7211881 0.04270893 0.6887806 -0.7222927 0.06224524 0.283497 -0.5052477 -0.8150792 0.310294 -0.8693193 -0.3847097 0.5604169 -0.7874018 -0.256771 0.6740931 -0.7201674 -0.1641874 0.5789225 -0.7307366 -0.3617635 0.3659393 -0.861469 -0.3520791 0.5540138 -0.8029924 -0.2197089 0.6262546 -0.7660663 -0.1447334 0.4632018 -0.8506045 -0.24883 0.4730368 -0.8480572 -0.2388203 0.5369163 -0.8234806 -0.1833052 0.5996432 -0.7911182 -0.120665 0.3533493 -0.9174594 -0.1827912 0.4275251 -0.8886072 -0.1661316 0.4854446 -0.8644332 -0.1307622 0.5443585 -0.8337236 -0.0926218 0.5700096 -0.8215376 -0.01285326 0.5426948 -0.8394013 -0.0297982 0.519986 -0.8536623 -0.02958697 0.4993013 -0.8659892 -0.02758455 0.4498392 -0.8925093 -0.03274089 0.5368936 -0.8428316 -0.03715312 0.5285059 -0.8481676 -0.03596174 0.5062445 -0.8617576 -0.0330199 0.448215 -0.8916088 -0.06432127 0.5382778 -0.8408724 -0.05648744 0.5400174 -0.8401654 -0.05003196 0.5154502 -0.8557133 -0.04545229 0.5175784 -0.8485184 -0.1101329 0.5587557 -0.8244099 -0.09022426 0.5410182 -0.8375321 -0.07641625 0.5134508 -0.8555816 -0.06594264 0.4003883 -0.9162476 -0.01340717 0.5015569 -0.8644345 -0.03454935 0.4768397 -0.876268 -0.06912577 0.4080306 -0.9052926 -0.1181366 0.4320971 -0.9014355 -0.02657204 0.4643066 -0.8850606 -0.03297048 0.4778619 -0.8766016 -0.05672556 0.4478631 -0.8888934 -0.09637075 0.4571344 -0.8888947 -0.02990955 0.4530241 -0.890817 -0.03484606 0.4476346 -0.8927705 -0.05083465 0.4444073 -0.8923254 -0.07910549 0.4788779 -0.8774228 -0.02838009 0.4676362 -0.8833082 -0.0329082 0.460134 -0.8866624 -0.0458973 0.4623317 -0.8841883 -0.06678819 0.2834904 -0.5052374 0.815088 0.5776275 -0.731482 0.3623266 0.3741196 -0.8876981 0.2683777 0.2363014 -0.9544844 0.1819931 0.3087171 -0.8700399 0.3843495 0.5437585 -0.7681662 0.3380051 0.3924283 -0.8909679 0.228421 0.3137336 -0.9365974 0.1560661 0.4847456 -0.8388943 0.2475442 0.4773691 -0.8456974 0.2385679 0.4208936 -0.8872946 0.1885658 0.3543868 -0.926281 0.1281155 0.5934631 -0.7861641 0.1724749 0.5346381 -0.829442 0.1618277 0.484843 -0.8647678 0.1307823 0.4259774 -0.8996924 0.09537899 0.4003848 -0.9162491 0.01340723 0.4320465 -0.901331 0.03063118 0.4571306 -0.8888917 0.03005462 0.478886 -0.8774393 0.02772587 0.5266343 -0.849485 0.03211981 0.4383217 -0.8980113 0.03807771 0.4476643 -0.8934485 0.03669399 0.4715573 -0.8812062 0.03330701 0.5267314 -0.8476883 0.06307572 0.4357963 -0.8981781 0.05794638 0.4342154 -0.8993433 0.0513677 0.4613696 -0.8860111 0.04606908 0.4538974 -0.8840016 0.1118851 0.4094343 -0.9075235 0.09361958 0.4312801 -0.8987942 0.07852739 0.4623277 -0.8841903 0.06678831 0.5700082 -0.8215386 0.01285362 0.4763507 -0.8785678 0.03476774 0.4993693 -0.8636581 0.06873881 0.5576639 -0.8222211 0.1138572 0.5427513 -0.8394956 0.02584964 0.5131688 -0.8576695 0.03257036 0.4991231 -0.864692 0.05642575 0.5246726 -0.8460371 0.09455078 0.5199886 -0.8536657 0.02944403 0.523647 -0.8512471 0.03423774 0.5279657 -0.8478029 0.04982703 0.5292142 -0.8449456 0.07745552 0.4992902 -0.8659746 0.02823591 0.5100057 -0.8595545 0.03256225 0.5166144 -0.8550214 0.04525583 0.5134545 -0.8555796 0.06594204 0.1465224 -0.5437762 -0.8263406 0.07618182 -0.9164174 -0.3929065 0.3580141 -0.8940848 -0.2691438 0.4979166 -0.8496637 -0.1736398 0.3924782 -0.8380704 -0.3789448 0.1348711 -0.9224421 -0.3618156 0.3470927 -0.9091169 -0.2302893 0.4343659 -0.8877032 -0.152674 0.2384597 -0.9361073 -0.2585347 0.2494465 -0.9359879 -0.2484014 0.323494 -0.9265627 -0.1919201 0.3991702 -0.9080292 -0.1270673 0.1068986 -0.976387 -0.1877261 0.1910523 -0.9663826 -0.1720573 0.2581218 -0.9564525 -0.1362785 0.3287186 -0.9394232 -0.09709924 0.3593713 -0.933097 -0.01350837 0.3254497 -0.9450432 -0.03124028 0.2975079 -0.9542175 -0.03095167 0.2723216 -0.9617753 -0.02879786 0.213243 -0.9764074 -0.03400391 0.318363 -0.9471693 -0.03892898 0.3080186 -0.950635 -0.03765076 0.2807864 -0.9591502 -0.03449577 0.2117939 -0.9750297 -0.0667873 0.3203544 -0.9454466 -0.05919319 0.3223941 -0.945152 -0.05243825 0.2921503 -0.9551908 -0.04752659 0.296315 -0.9481225 -0.1151575 0.3465572 -0.9332354 -0.09470921 0.3241611 -0.9426056 -0.08009117 0.290063 -0.9545217 -0.06893515 0.1555035 -0.9877383 -0.01384723 0.2751199 -0.9607328 -0.0360769 0.2458957 -0.966619 -0.071994 0.1663559 -0.9784761 -0.1221076 0.1923474 -0.9809403 -0.02754312 0.2303847 -0.9724952 -0.03429532 0.2468838 -0.9672421 -0.05908763 0.2121555 -0.9721005 -0.1000534 0.2218434 -0.9745867 -0.03108763 0.217028 -0.9754939 -0.03620243 0.2108738 -0.9760873 -0.05278187 0.2076282 -0.9747564 -0.08210092 0.24773 -0.9683779 -0.02956622 0.2343502 -0.971549 -0.03424292 0.225582 -0.9730548 -0.04772055 0.2285465 -0.9710525 -0.06945323 0.1465172 -0.5437647 0.8263491 0.3908901 -0.8385609 0.3795006 0.1361873 -0.9514079 0.2761815 -0.02074283 -0.9826451 0.1843321 0.07439976 -0.9167504 0.392471 0.3452904 -0.8694424 0.3533333 0.1541107 -0.959556 0.2355889 0.06151318 -0.9852724 0.1595453 0.2641838 -0.9293925 0.257753 0.2546232 -0.934634 0.2482466 0.1844989 -0.9632674 0.1951309 0.1055679 -0.9856649 0.1316064 0.3937893 -0.901113 0.1814534 0.319484 -0.9323224 0.169426 0.2573927 -0.9566472 0.1362907 0.1864765 -0.9774804 0.09878689 0.1555022 -0.9877385 0.01384729 0.1923245 -0.9808176 0.03175067 0.2218425 -0.9745821 0.03123861 0.2477347 -0.9683973 0.02888429 0.3056936 -0.9515361 0.03362256 0.1997469 -0.9790513 0.03949582 0.2107189 -0.976804 0.03810077 0.239028 -0.9703934 0.03467226 0.3062449 -0.9496605 0.06602329 0.1970836 -0.9785436 0.06008696 0.1951039 -0.9793357 0.05325537 0.2270519 -0.9727037 0.04790502 0.2197751 -0.9686017 0.1162315 0.1671947 -0.9811617 0.09678727 0.1922219 -0.977971 0.08138513 0.2285489 -0.9710519 0.06945306 0.3593696 -0.9330976 0.01350837 0.2447683 -0.9689052 0.03621113 0.2730066 -0.9593322 0.07175678 0.3459536 -0.9306117 0.119491 0.3254867 -0.9451583 0.02710032 0.2892103 -0.9566599 0.03404998 0.2724749 -0.9603583 0.05890321 0.3045138 -0.9473556 0.0989387 0.2975087 -0.9542221 0.03080189 0.3020413 -0.9526214 0.03582918 0.3075383 -0.9501048 0.0521636 0.3096326 -0.9473922 0.08109128 0.2723169 -0.961756 0.02947771 0.2853607 -0.9578159 0.0340299 0.2935702 -0.9547654 0.04732578 0.2900648 -0.9545211 0.06893563 0 -0.5571591 -0.8304058 -0.1666272 -0.905211 -0.3909328 0.1179816 -0.9537515 -0.2764752 0.275208 -0.9441648 -0.1811452 0.168401 -0.9051024 -0.390424 -0.1116508 -0.9253538 -0.3622906 0.1027919 -0.9662271 -0.2363029 0.1984063 -0.9672607 -0.1582459 -0.01369702 -0.9649882 -0.2619357 -0.002744436 -0.967725 -0.2519938 0.07409006 -0.9777182 -0.1964125 0.1564604 -0.978931 -0.1312034 -0.1527728 -0.9703666 -0.1872142 -0.06850439 -0.9824806 -0.173318 3.90369e-4 -0.9903773 -0.1383928 0.07591879 -0.9921424 -0.09944814 0.1088367 -0.9939627 -0.01388716 0.07109689 -0.9969565 -0.03198474 0.04041892 -0.9986836 -0.03158241 0.01313573 -0.9994845 -0.02929538 -0.04937338 -0.9981899 -0.03434193 0.06335449 -0.9971963 -0.03982377 0.05196601 -0.9979078 -0.0384674 0.0223093 -0.9991339 -0.03512758 -0.05044758 -0.9964471 -0.06744086 0.06583708 -0.9959906 -0.06056565 0.06797307 -0.9962428 -0.05366748 0.0347709 -0.9982196 -0.04846405 0.04087048 -0.9922333 -0.1174852 0.09572416 -0.9906503 -0.09720569 0.07044702 -0.9941407 -0.08198517 0.03285527 -0.9969865 -0.07027661 -0.1088369 -0.9939627 -0.01388716 0.01621186 -0.9991944 -0.03671228 -0.01448416 -0.9972265 -0.07300293 -0.09584444 -0.9878141 -0.1226264 -0.07110589 -0.9970828 -0.02774673 -0.03142994 -0.9989031 -0.03470963 -0.01367598 -0.9981094 -0.05992221 -0.049308 -0.9936599 -0.1010386 -0.04041904 -0.9986885 -0.03142988 -0.04540514 -0.9982987 -0.03657919 -0.05162191 -0.9972439 -0.05329185 -0.05446368 -0.9950715 -0.08286374 -0.01313549 -0.999464 -0.02998703 -0.02725118 -0.9990272 -0.03467315 -0.03632318 -0.9981738 -0.0482679 -0.03285521 -0.9969864 -0.07027655 0 -0.5571469 0.830414 0.1666148 -0.9052137 0.3909321 -0.1179897 -0.9537506 0.2764749 -0.275218 -0.9441619 0.1811449 -0.1683883 -0.9051053 0.3904229 0.1116474 -0.9253528 0.3622943 -0.1027389 -0.9662325 0.2363044 -0.1984224 -0.9672574 0.1582451 0.01372915 -0.9649878 0.2619355 0.002755999 -0.9677253 0.2519925 -0.07409596 -0.9777176 0.1964132 -0.1564573 -0.9789315 0.1312035 0.1527678 -0.9703673 0.1872145 0.0684908 -0.9824815 0.1733183 -3.81993e-4 -0.9903773 0.1383935 -0.07593727 -0.992141 0.09944736 -0.108836 -0.9939628 0.01388716 -0.07109779 -0.9969565 0.03198462 -0.04041743 -0.9986836 0.03158235 -0.01313483 -0.9994845 0.02929532 0.04937565 -0.9981897 0.03434205 -0.06335526 -0.9971962 0.03982371 -0.05196738 -0.9979077 0.03846746 -0.02231049 -0.9991338 0.03512758 0.05045503 -0.9964468 0.06744062 -0.06583404 -0.9959908 0.06056565 -0.06798201 -0.9962421 0.0536673 -0.03477334 -0.9982195 0.04846388 -0.04085808 -0.9922338 0.1174852 -0.09572988 -0.9906497 0.09720557 -0.07045108 -0.9941405 0.08198535 -0.03286057 -0.9969863 0.07027643 0.1088359 -0.9939628 0.01388716 -0.01621115 -0.9991944 0.0367124 0.0144754 -0.9972267 0.07300263 0.09582781 -0.9878156 0.1226268 0.07110613 -0.9970828 0.02774673 0.0314294 -0.9989031 0.03470969 0.01367294 -0.9981095 0.05992245 0.04932308 -0.9936591 0.1010384 0.04041922 -0.9986885 0.03142982 0.04540824 -0.9982987 0.03657925 0.05161899 -0.997244 0.05329185 0.05445855 -0.9950718 0.08286416 0.01313608 -0.999464 0.02998697 0.02725052 -0.9990271 0.03467321 0.0363245 -0.9981737 0.04826796 0.03285908 -0.9969862 0.07027643 -0.1465256 -0.5437758 -0.8263402 -0.390882 -0.8385633 -0.3795034 -0.1362016 -0.9514059 -0.2761809 0.02075487 -0.982645 -0.1843315 -0.07441931 -0.9167482 -0.3924723 -0.345295 -0.8694422 -0.3533297 -0.1540741 -0.9595618 -0.2355896 -0.06154108 -0.9852705 -0.1595458 -0.2641742 -0.929395 -0.2577539 -0.2545995 -0.9346398 -0.2482494 -0.1845024 -0.9632669 -0.1951299 -0.1055765 -0.9856641 -0.1316059 -0.3937773 -0.901118 -0.1814543 -0.3194998 -0.932317 -0.1694251 -0.2573827 -0.95665 -0.1362906 -0.1864889 -0.977478 -0.098787 -0.1555038 -0.9877383 -0.01384729 -0.1923229 -0.980818 -0.03175079 -0.2218423 -0.9745821 -0.03123867 -0.2477356 -0.9683972 -0.02888447 -0.3056886 -0.9515377 -0.03362244 -0.1997466 -0.9790513 -0.03949576 -0.2107208 -0.9768036 -0.03810065 -0.2390268 -0.9703938 -0.03467231 -0.3062432 -0.949661 -0.06602358 -0.1970864 -0.9785431 -0.0600869 -0.1951078 -0.979335 -0.05325549 -0.2270523 -0.9727037 -0.04790496 -0.2197768 -0.9686014 -0.1162313 -0.1671959 -0.9811614 -0.09678733 -0.1922217 -0.977971 -0.08138471 -0.2285466 -0.9710525 -0.06945323 -0.3593713 -0.933097 -0.01350837 -0.2447654 -0.9689059 -0.03621101 -0.273014 -0.9593302 -0.07175683 -0.3459756 -0.9306036 -0.1194899 -0.3254889 -0.9451574 -0.02710032 -0.2892102 -0.95666 -0.03404992 -0.2724723 -0.960359 -0.05890315 -0.3044976 -0.9473607 -0.09893953 -0.2975093 -0.9542219 -0.03080189 -0.3020374 -0.9526226 -0.0358293 -0.3075409 -0.9501039 -0.05216348 -0.30963 -0.9473931 -0.08109092 -0.2723157 -0.9617564 -0.02947783 -0.28536 -0.9578161 -0.03403002 -0.2935761 -0.9547636 -0.04732573 -0.2900542 -0.9545242 -0.06893587 -0.1465173 -0.5437644 0.8263493 -0.07615375 -0.9164205 0.3929047 -0.3580173 -0.8940835 0.2691436 -0.4979103 -0.8496673 0.1736408 -0.3924809 -0.83807 0.3789425 -0.1348832 -0.922439 0.3618187 -0.3470606 -0.9091287 0.2302912 -0.4343786 -0.8876972 0.1526729 -0.2384362 -0.9361127 0.2585366 -0.2494418 -0.9359894 0.2484005 -0.3234761 -0.9265685 0.1919221 -0.399177 -0.9080263 0.1270672 -0.1068922 -0.9763877 0.1877262 -0.1910626 -0.9663805 0.1720576 -0.258122 -0.9564523 0.1362792 -0.3287298 -0.9394193 0.09709888 -0.3593716 -0.9330969 0.01350837 -0.3254491 -0.9450433 0.03124016 -0.2975065 -0.9542179 0.03095161 -0.2723222 -0.9617751 0.02879768 -0.2132405 -0.9764079 0.03400397 -0.3183613 -0.9471698 0.03892904 -0.3080196 -0.9506347 0.03765082 -0.2807893 -0.9591494 0.03449577 -0.2117894 -0.9750307 0.06678712 -0.3203564 -0.945446 0.05919313 -0.3224005 -0.9451498 0.05243802 -0.2921488 -0.9551913 0.04752653 -0.296307 -0.9481249 0.1151579 -0.3465638 -0.933233 0.0947088 -0.3241561 -0.9426071 0.08009189 -0.2900701 -0.9545195 0.06893479 -0.155502 -0.9877386 0.01384723 -0.2751218 -0.9607322 0.03607684 -0.245903 -0.9666172 0.07199364 -0.1663658 -0.9784744 0.1221076 -0.1923466 -0.9809405 0.02754318 -0.2303858 -0.9724949 0.03429549 -0.2468883 -0.9672408 0.05908763 -0.2121397 -0.972104 0.1000536 -0.2218432 -0.9745867 0.03108769 -0.2170269 -0.9754941 0.03620249 -0.2108761 -0.9760868 0.05278187 -0.2076268 -0.9747567 0.08210128 -0.2477293 -0.9683781 0.02956604 -0.234351 -0.9715487 0.03424286 -0.2255768 -0.973056 0.04772061 -0.2285488 -0.9710519 0.06945306 -0.2834971 -0.5052482 -0.815079 -0.5776135 -0.7314907 -0.3623313 -0.3741325 -0.8876932 -0.2683763 -0.2362958 -0.9544857 -0.1819928 -0.3087399 -0.870032 -0.3843491 -0.543774 -0.7681583 -0.3379983 -0.3923991 -0.8909801 -0.2284235 -0.3137435 -0.9365941 -0.156066 -0.4847247 -0.8389058 -0.2475466 -0.4773457 -0.8457094 -0.2385722 -0.4208775 -0.8873022 -0.1885656 -0.35439 -0.9262798 -0.1281152 -0.5934642 -0.7861632 -0.1724751 -0.5346469 -0.8294366 -0.1618267 -0.4848313 -0.8647744 -0.1307823 -0.4260001 -0.8996816 -0.09537947 -0.4003877 -0.9162477 -0.01340723 -0.4320476 -0.9013304 -0.03063118 -0.4571304 -0.8888918 -0.0300545 -0.4788877 -0.8774381 -0.02772581 -0.5266377 -0.8494828 -0.03211963 -0.4383178 -0.8980132 -0.03807765 -0.4476662 -0.8934476 -0.03669399 -0.4715564 -0.8812067 -0.03330695 -0.5267197 -0.8476956 -0.06307649 -0.4357989 -0.8981768 -0.05794638 -0.4342129 -0.8993445 -0.05136799 -0.4613741 -0.8860089 -0.04606908 -0.4538946 -0.8840032 -0.111885 -0.4094356 -0.907523 -0.09361946 -0.43128 -0.8987944 -0.07852703 -0.4623332 -0.8841874 -0.06678831 -0.5700104 -0.8215369 -0.01285362 -0.4763519 -0.8785672 -0.03476774 -0.4993718 -0.8636566 -0.06873911 -0.55767 -0.8222171 -0.1138567 -0.5427505 -0.8394961 -0.02584952 -0.5131683 -0.8576698 -0.03257048 -0.499117 -0.8646956 -0.05642586 -0.524667 -0.8460406 -0.09455162 -0.5199889 -0.8536655 -0.02944391 -0.5236492 -0.8512459 -0.03423786 -0.5279634 -0.8478043 -0.04982703 -0.5292135 -0.8449461 -0.07745492 -0.4992925 -0.8659733 -0.02823585 -0.5100063 -0.8595541 -0.03256219 -0.5166188 -0.8550188 -0.04525583 -0.5134491 -0.8555827 -0.06594252 -0.2834903 -0.5052373 0.8150882 -0.3102952 -0.86932 0.3847072 -0.5604256 -0.7873965 0.2567681 -0.6740891 -0.7201712 0.1641871 -0.5789386 -0.7307268 0.3617575 -0.365939 -0.8614678 0.3520823 -0.553976 -0.8030169 0.2197148 -0.6262688 -0.7660548 0.1447322 -0.463173 -0.850619 0.2488337 -0.4730237 -0.8480645 0.2388208 -0.5368955 -0.8234933 0.1833088 -0.5996367 -0.791123 0.1206657 -0.3533312 -0.9174662 0.1827918 -0.427537 -0.8886014 0.1661313 -0.4854398 -0.8644357 0.1307632 -0.5443726 -0.8337147 0.09262067 -0.5700099 -0.8215373 0.01285326 -0.5426952 -0.839401 0.02979797 -0.5199884 -0.8536608 0.02958697 -0.4992981 -0.8659911 0.02758449 -0.449839 -0.8925094 0.03274101 -0.5368931 -0.8428319 0.03715324 -0.5285053 -0.848168 0.03596168 -0.5062438 -0.8617581 0.03301978 -0.4482183 -0.8916072 0.06432092 -0.5382789 -0.8408717 0.05648738 -0.5400249 -0.8401607 0.05003172 -0.5154448 -0.8557166 0.04545229 -0.5175868 -0.8485133 0.1101326 -0.5587583 -0.8244082 0.09022408 -0.5410156 -0.8375337 0.07641708 -0.5134544 -0.8555795 0.06594222 -0.400388 -0.9162477 0.01340711 -0.5015561 -0.864435 0.03454941 -0.4768494 -0.8762629 0.06912511 -0.4080452 -0.9052861 0.1181362 -0.4320938 -0.9014372 0.02657204 -0.4643101 -0.8850588 0.03297048 -0.4778668 -0.876599 0.05672538 -0.4478496 -0.8889001 0.09637141 -0.4571326 -0.8888955 0.02990955 -0.453025 -0.8908165 0.03484606 -0.4476365 -0.8927695 0.05083465 -0.4444097 -0.8923241 0.07910567 -0.478877 -0.8774232 0.02838003 -0.4676368 -0.8833079 0.0329082 -0.4601291 -0.886665 0.04589748 -0.4623274 -0.8841905 0.06678831 -0.4034879 -0.4457707 -0.7990533 -0.720906 -0.6017608 -0.3437712 -0.5732955 -0.7784035 -0.2557739 -0.4654793 -0.8675799 -0.1750264 -0.5112631 -0.776244 -0.3688567 -0.6982096 -0.640143 -0.3205002 -0.5901039 -0.7775343 -0.2172966 -0.5304844 -0.8344774 -0.1491098 -0.6604194 -0.7133365 -0.234515 -0.6553302 -0.7207294 -0.2260341 -0.6143604 -0.7684592 -0.178975 -0.5641534 -0.8166052 -0.1220118 -0.7451158 -0.6467822 -0.162712 -0.7021334 -0.6954557 -0.1528078 -0.6656845 -0.735917 -0.123654 -0.6214116 -0.7782508 -0.09040731 -0.6024392 -0.7980633 -0.01272255 -0.6270365 -0.7784494 -0.02901631 -0.6463876 -0.7624794 -0.02843338 -0.6630356 -0.7481293 -0.02620321 -0.699055 -0.7144257 -0.03030085 -0.6318347 -0.7742642 -0.03605765 -0.6390559 -0.7683759 -0.03473091 -0.6574081 -0.7528767 -0.03148776 -0.6987769 -0.7128599 -0.05951225 -0.6296702 -0.7749215 -0.05488449 -0.6285152 -0.776274 -0.0486558 -0.6495024 -0.7591099 -0.04357647 -0.6425749 -0.7588674 -0.1059143 -0.6085391 -0.7885372 -0.08882296 -0.6258484 -0.7763878 -0.07440412 -0.6499674 -0.7573316 -0.0631771 -0.7313637 -0.6818802 -0.01211124 -0.6610544 -0.7496181 -0.03286224 -0.6781266 -0.7320723 -0.06492 -0.7207747 -0.6848017 -0.1073802 -0.7111207 -0.7026473 -0.02437365 -0.6889419 -0.7241645 -0.0307399 -0.6781105 -0.7330257 -0.05328768 -0.6966705 -0.7118198 -0.08923542 -0.6940882 -0.7193537 -0.02778249 -0.6967984 -0.7165395 -0.03230178 -0.6998775 -0.7127146 -0.0470069 -0.7004135 -0.7099861 -0.07308036 -0.6785141 -0.7341034 -0.02666294 -0.6865631 -0.7264204 -0.03073519 -0.6914242 -0.7211856 -0.04270869 -0.6887784 -0.7222949 -0.06224584 -0.4034714 -0.4457645 0.7990651 -0.5124919 -0.775287 0.3691643 -0.7165236 -0.6539421 0.2428039 -0.8034368 -0.5748806 0.1549255 -0.7219219 -0.6008577 0.3432183 -0.5603764 -0.7568581 0.3363695 -0.7139073 -0.66876 0.2075971 -0.7699629 -0.6233278 0.1364544 -0.6439136 -0.7278085 0.2359451 -0.6520218 -0.723638 0.2263089 -0.702957 -0.6898358 0.1731415 -0.751411 -0.6499584 0.1137353 -0.5613247 -0.8090541 0.1742017 -0.6204607 -0.7682437 0.1575764 -0.6661537 -0.7354961 0.1236323 -0.7114052 -0.697331 0.08736264 -0.7313635 -0.6818804 0.01211124 -0.7110505 -0.7025794 0.02809768 -0.6940851 -0.7193515 0.02791714 -0.6785233 -0.734117 0.026048 -0.6407598 -0.767116 0.03098535 -0.7066756 -0.7066697 0.03503853 -0.7004169 -0.7129274 0.0339235 -0.6837239 -0.7290748 0.03117173 -0.6391673 -0.7666539 0.06088501 -0.7075029 -0.7046996 0.05327582 -0.7088822 -0.703747 0.04718303 -0.6905391 -0.722022 0.04289579 -0.6909868 -0.7153497 0.1039806 -0.7221352 -0.6865013 0.08506971 -0.709246 -0.7012671 0.07207417 -0.688781 -0.7222924 0.06224507 -0.6024411 -0.798062 0.01272255 -0.6801811 -0.732318 0.03262215 -0.6610203 -0.7475174 0.0653454 -0.6068569 -0.7868641 0.1121144 -0.6270999 -0.7785322 0.02517062 -0.651868 -0.7576913 0.03118091 -0.6619853 -0.7475966 0.05361747 -0.6382889 -0.7643702 0.09124428 -0.6463869 -0.762485 0.02829551 -0.6431963 -0.7649912 0.03297334 -0.6388964 -0.7677867 0.04811704 -0.6359871 -0.7680562 0.07490098 -0.6630247 -0.748117 0.02682119 -0.654421 -0.7554899 0.0311172 -0.6485496 -0.7599332 0.04341667 -0.6499661 -0.7573326 0.06317722 -0.5021377 -0.3706803 -0.7813155 -0.8239668 -0.4627263 -0.3270523 -0.726064 -0.6437074 -0.24181 -0.6493608 -0.742204 -0.1657223 -0.6711891 -0.653253 -0.3503795 -0.8105458 -0.500476 -0.304203 -0.740572 -0.6398814 -0.2051948 -0.6994889 -0.7006381 -0.1407889 -0.7902671 -0.5712809 -0.2216217 -0.7871356 -0.5786364 -0.2135357 -0.760038 -0.6275619 -0.1688442 -0.725344 -0.6787014 -0.1150683 -0.8530533 -0.4986041 -0.1539291 -0.823632 -0.5484703 -0.1442592 -0.7988815 -0.5900832 -0.1165764 -0.7679678 -0.6348 -0.08517402 -0.7551246 -0.6554719 -0.01198214 -0.7728862 -0.6339561 -0.02732485 -0.7868148 -0.6166083 -0.02677637 -0.798734 -0.601178 -0.02468025 -0.8242108 -0.5655624 -0.02856075 -0.7762912 -0.6294592 -0.03395742 -0.7815073 -0.6230382 -0.03270792 -0.7946819 -0.6063012 -0.02965718 -0.8236967 -0.5642483 -0.05610376 -0.7745313 -0.6304197 -0.0516929 -0.7737802 -0.6317945 -0.04582464 -0.788919 -0.6131252 -0.04104179 -0.7828552 -0.6141475 -0.09980338 -0.7586648 -0.646084 -0.08368527 -0.7714792 -0.6323826 -0.07008677 -0.789008 -0.6114942 -0.05950981 -0.8468793 -0.5316626 -0.01142817 -0.7972733 -0.6028243 -0.03095287 -0.8090379 -0.5845642 -0.06117463 -0.8381144 -0.5359953 -0.1013579 -0.8327133 -0.5532274 -0.02298194 -0.8170822 -0.575793 -0.02896761 -0.8091941 -0.5853923 -0.05020904 -0.8216814 -0.5637017 -0.08414399 -0.8207321 -0.570713 -0.0261833 -0.8226068 -0.567795 -0.03044521 -0.8246334 -0.5639292 -0.044312 -0.8246298 -0.5614606 -0.06890547 -0.8097324 -0.5862615 -0.025119 -0.8154035 -0.5781683 -0.02896142 -0.8187273 -0.5727701 -0.04025065 -0.816614 -0.574195 -0.05866682 -0.5021578 -0.3706652 0.7813097 -0.6720765 -0.6521844 0.350669 -0.829111 -0.5096208 0.2299166 -0.8928264 -0.4256806 0.1471638 -0.8247137 -0.4617578 0.3265382 -0.7106277 -0.6271669 0.3188571 -0.8293455 -0.5231039 0.1963375 -0.8710557 -0.4738858 0.1292067 -0.7784309 -0.5868127 0.2229269 -0.7847662 -0.5817535 0.2137872 -0.823386 -0.5434084 0.163533 -0.8591175 -0.5003555 0.1075255 -0.7214547 -0.6726578 0.164422 -0.765311 -0.626274 0.1485938 -0.7992057 -0.5896481 0.1165574 -0.8320544 -0.5485379 0.08241319 -0.8468797 -0.5316616 0.01142817 -0.8326413 -0.5531787 0.02649331 -0.8207283 -0.5707126 0.02631014 -0.8097435 -0.5862708 0.02453958 -0.7827579 -0.6216419 0.02918064 -0.8295238 -0.5574938 0.03303486 -0.8251408 -0.5640215 0.03197711 -0.8133923 -0.5809738 0.02937114 -0.7812915 -0.6215264 0.05734699 -0.8299058 -0.5556375 0.05023479 -0.8309448 -0.5545731 0.04449021 -0.8181033 -0.5736488 0.04042619 -0.8173376 -0.5677548 0.09805011 -0.8395936 -0.5372505 0.08027875 -0.8308368 -0.5523493 0.06797528 -0.8166167 -0.5741912 0.05866646 -0.7551204 -0.6554768 0.0119822 -0.8108717 -0.5844164 0.03073555 -0.7968749 -0.601 0.06155997 -0.7568956 -0.6449387 0.1056569 -0.7729546 -0.6340186 0.02370315 -0.7907241 -0.611468 0.02936625 -0.7977212 -0.6009076 0.05050796 -0.7801218 -0.6196937 0.08596444 -0.7868167 -0.6166113 0.02664738 -0.7844977 -0.6193538 0.03105211 -0.7812607 -0.6225576 0.04531764 -0.7787832 -0.6233128 0.07055479 -0.7987235 -0.6011677 0.02526271 -0.792544 -0.6091101 0.02930694 -0.7882404 -0.6140072 0.04089128 -0.7890087 -0.6114931 0.0595104 -0.5779005 -0.2850524 -0.7647066 -0.893239 -0.3217741 -0.3139835 -0.8357609 -0.4990285 -0.2290727 -0.7857702 -0.5984392 -0.1563202 -0.7889738 -0.516565 -0.3326876 -0.887205 -0.3579756 -0.2910687 -0.8479028 -0.4932633 -0.1942999 -0.8222085 -0.5534607 -0.1328701 -0.8805423 -0.4245458 -0.2107272 -0.878955 -0.4315804 -0.2029204 -0.8630009 -0.4792313 -0.159897 -0.8410799 -0.5298871 -0.1086478 -0.9252027 -0.3498197 -0.1470584 -0.90661 -0.3990169 -0.1372728 -0.8912259 -0.4398707 -0.1105899 -0.8711728 -0.4843208 -0.08056926 -0.8632886 -0.5045837 -0.01131933 -0.8753637 -0.482774 -0.02584296 -0.884821 -0.4652412 -0.02534902 -0.8928657 -0.4497156 -0.02338671 -0.9098132 -0.4141306 -0.02712821 -0.8776259 -0.4782689 -0.03212291 -0.8811787 -0.4717692 -0.03095281 -0.8901054 -0.4548884 -0.02809345 -0.9091492 -0.4130462 -0.05329954 -0.8762385 -0.4793899 -0.04890137 -0.8757975 -0.4807286 -0.0433458 -0.8861151 -0.4618332 -0.03886234 -0.8809292 -0.4637116 -0.09452617 -0.8648499 -0.4957577 -0.07911336 -0.8738654 -0.481626 -0.06630021 -0.8859318 -0.4603785 -0.05635988 -0.9247552 -0.3804072 -0.01088285 -0.891837 -0.4514055 -0.02932757 -0.8993426 -0.433376 -0.05803555 -0.917589 -0.3856372 -0.09651279 -0.9154506 -0.4018368 -0.02184903 -0.9050918 -0.4243267 -0.02749568 -0.8996118 -0.4340855 -0.0476287 -0.9072741 -0.4128703 -0.07994961 -0.9075276 -0.419256 -0.02486097 -0.9087352 -0.4163705 -0.0289148 -0.9099311 -0.412618 -0.04209595 -0.9095411 -0.4104237 -0.06547814 -0.9002263 -0.4347703 -0.02382516 -0.9039705 -0.4267105 -0.02748531 -0.9060738 -0.4213907 -0.03821378 -0.9044218 -0.4229885 -0.05569559 -0.5778902 -0.2850458 0.7647169 -0.7895619 -0.5154771 0.3329796 -0.905388 -0.3633772 0.2196128 -0.9501572 -0.2778093 0.1415044 -0.8937595 -0.3207863 0.3135126 -0.8192641 -0.4869485 0.3027997 -0.9077295 -0.3754401 0.187275 -0.9376559 -0.3248149 0.1236806 -0.8725576 -0.4402265 0.2117637 -0.8773507 -0.4347379 0.2031225 -0.9055889 -0.394546 0.1556997 -0.9309292 -0.350468 0.1026793 -0.8366441 -0.5252478 0.1553753 -0.8674352 -0.4772423 0.1406983 -0.8914486 -0.4394235 0.1105726 -0.914134 -0.3977611 0.07839173 -0.9247535 -0.380411 0.01088285 -0.9153807 -0.4018009 0.02518761 -0.9075261 -0.4192523 0.02498221 -0.9002357 -0.4347806 0.02327603 -0.8820605 -0.4703262 0.02761691 -0.9132751 -0.4061315 0.03139662 -0.9103978 -0.4126176 0.03037744 -0.9026313 -0.4295118 0.02786773 -0.8807477 -0.4704652 0.05427801 -0.9133248 -0.4044226 0.04775243 -0.9140874 -0.4033057 0.04229384 -0.9056544 -0.4222763 0.03837871 -0.9040469 -0.4171612 0.09314376 -0.9191061 -0.3865268 0.0764265 -0.913644 -0.4013438 0.06463599 -0.9044231 -0.4229858 0.05569547 -0.8632888 -0.5045834 0.01131927 -0.9009443 -0.4329543 0.02915585 -0.8911927 -0.449858 0.05833983 -0.8631076 -0.4950397 0.09990537 -0.8754361 -0.4828139 0.02241724 -0.88744 -0.4600838 0.0278086 -0.8919261 -0.4496408 0.04786455 -0.8794162 -0.4690454 0.08138513 -0.8848209 -0.465248 0.02522689 -0.8832166 -0.4680435 0.02939164 -0.8808878 -0.4713783 0.04288762 -0.8788239 -0.4724504 0.06677705 -0.892853 -0.4497116 0.02393895 -0.888669 -0.4577085 0.02775675 -0.8856585 -0.4627203 0.03871846 -0.8859342 -0.4603741 0.05635982 -0.6309792 -0.1929353 -0.7514261 -0.9347187 -0.1818159 -0.305359 -0.9097008 -0.3528287 -0.2189897 -0.8809589 -0.4493651 -0.1482647 -0.8704047 -0.3757786 -0.3180979 -0.9346985 -0.216368 -0.2819993 -0.9197365 -0.3457954 -0.1857694 -0.906134 -0.4036707 -0.1263778 -0.9387732 -0.2785799 -0.202727 -0.9383947 -0.2852374 -0.1950771 -0.9311901 -0.3308644 -0.1530159 -0.9192926 -0.3797201 -0.1035073 -0.9686934 -0.2033091 -0.1424732 -0.9588004 -0.2513787 -0.132327 -0.9508194 -0.2909801 -0.1061751 -0.9393427 -0.3342168 -0.07703548 -0.9353182 -0.353643 -0.01080244 -0.942886 -0.332198 -0.02470898 -0.9487991 -0.3149464 -0.02427518 -0.9537772 -0.2996768 -0.02242702 -0.9639595 -0.2647653 -0.02610433 -0.9442525 -0.3277853 -0.03072696 -0.9464826 -0.3213925 -0.02962446 -0.9520425 -0.3047786 -0.02692908 -0.9631947 -0.2638654 -0.05129462 -0.9431664 -0.3290131 -0.0467717 -0.9429682 -0.3302921 -0.04145288 -0.9494635 -0.311662 -0.03722918 -0.9450489 -0.314139 -0.09054976 -0.9353808 -0.345474 -0.07556927 -0.941367 -0.331373 -0.06340456 -0.9490805 -0.3103717 -0.05399876 -0.972745 -0.2316399 -0.01050728 -0.9530978 -0.3013534 -0.02812051 -0.957243 -0.2838634 -0.0557447 -0.9669149 -0.2374866 -0.09314435 -0.96732 -0.2526835 -0.02104914 -0.9611467 -0.2747698 -0.02643114 -0.9575924 -0.284472 -0.045744 -0.9614545 -0.2639779 -0.07694804 -0.962627 -0.2697734 -0.02391076 -0.9633048 -0.2669651 -0.02781653 -0.9638489 -0.2633516 -0.04051429 -0.9631691 -0.2614047 -0.06303197 -0.9582542 -0.285001 -0.02288067 -0.9604791 -0.2770961 -0.02641505 -0.9616115 -0.2719437 -0.0367456 -0.9603387 -0.273646 -0.05354964 -0.6309991 -0.1929256 0.751412 -0.8707557 -0.374707 0.3184008 -0.9523556 -0.2187312 0.2125455 -0.9815179 -0.1324234 0.1381551 -0.9350535 -0.1808146 0.304928 -0.8928835 -0.3444435 0.2900308 -0.9563244 -0.2295309 0.1809952 -0.9766209 -0.1782703 0.120131 -0.9338909 -0.2940495 0.2034277 -0.9374191 -0.2883361 0.1952124 -0.9571991 -0.2474268 0.1501663 -0.9740941 -0.2030986 0.09945696 -0.9146048 -0.3762413 0.1481241 -0.9348931 -0.3283967 0.1346502 -0.9509561 -0.2905368 0.1061652 -0.9655178 -0.2491305 0.07556003 -0.9727448 -0.2316403 0.01050722 -0.9672504 -0.2526621 0.0242657 -0.9626251 -0.26977 0.02402693 -0.958265 -0.2850065 0.02235293 -0.9470639 -0.3199552 0.02643471 -0.9659561 -0.256933 0.03023594 -0.9642729 -0.2632933 0.02923506 -0.9596673 -0.2798601 0.02677649 -0.9458968 -0.3202812 0.05195659 -0.9657525 -0.2553561 0.04599434 -0.966285 -0.2542311 0.04074144 -0.961361 -0.2728068 0.03690075 -0.9591389 -0.2683691 0.08961385 -0.9684382 -0.2380939 0.07374846 -0.9655942 -0.2524864 0.06227785 -0.9603387 -0.2736462 0.05354958 -0.9353173 -0.3536453 0.01080268 -0.9586399 -0.2832409 0.02800464 -0.9522795 -0.3000559 0.05594992 -0.933701 -0.3450983 0.0954445 -0.9429561 -0.3322266 0.02143365 -0.950401 -0.3098841 0.02664315 -0.9529173 -0.2997358 0.04590308 -0.9444848 -0.3191819 0.07791852 -0.9488017 -0.3149471 0.02415782 -0.9477678 -0.3177173 0.02814054 -0.9461594 -0.3210877 0.04105007 -0.9444596 -0.3223532 0.06391066 -0.9537663 -0.2996712 0.0229566 -0.9511633 -0.3075401 0.02659946 -0.9491811 -0.3125378 0.03708761 -0.9490815 -0.3103684 0.05399817 -0.6622667 -0.0972476 -0.7429306 -0.9525004 -0.04314714 -0.3014656 -0.9547675 -0.208336 -0.2121683 -0.9429186 -0.3011141 -0.1422498 -0.9219259 -0.2352789 -0.307728 -0.9577437 -0.07631045 -0.2773155 -0.9630283 -0.2003684 -0.1800809 -0.9590501 -0.2557281 -0.1217623 -0.9709026 -0.1347806 -0.1979458 -0.9715286 -0.1410854 -0.1903345 -0.9714796 -0.1848299 -0.1485438 -0.9676147 -0.231799 -0.09995645 -0.9883546 -0.05896925 -0.1402778 -0.9858652 -0.1062103 -0.1295732 -0.9840445 -0.1447194 -0.1035024 -0.9795535 -0.1867853 -0.07474106 -0.9786243 -0.2053902 -0.01045817 -0.9825594 -0.1843973 -0.02397722 -0.985597 -0.1674569 -0.02359998 -0.9880688 -0.1524571 -0.02183985 -0.9926693 -0.1181377 -0.0255199 -0.9831979 -0.1800889 -0.02983063 -0.9843596 -0.173805 -0.02877986 -0.9871737 -0.1574835 -0.02620887 -0.9918173 -0.1174023 -0.05015164 -0.982362 -0.1813936 -0.04540282 -0.9823637 -0.1826007 -0.0402342 -0.9857456 -0.1643009 -0.0362063 -0.981976 -0.1672468 -0.08804458 -0.9775018 -0.1978069 -0.07323092 -0.9810268 -0.1838482 -0.06153351 -0.9852032 -0.1631436 -0.05252408 -0.9962872 -0.08547306 -0.01031053 -0.9876714 -0.1541283 -0.02737873 -0.989062 -0.1371109 -0.05438035 -0.9915731 -0.09186136 -0.09134721 -0.9941284 -0.1062275 -0.02060586 -0.9914389 -0.1279951 -0.02580964 -0.989478 -0.1376315 -0.0446214 -0.9901876 -0.1177644 -0.075235 -0.9921234 -0.1230673 -0.02336215 -0.992364 -0.1203113 -0.02718687 -0.9923619 -0.1168285 -0.03961318 -0.9914402 -0.1150922 -0.06164479 -0.9901753 -0.1380396 -0.02231699 -0.9911408 -0.1302883 -0.02578794 -0.9914742 -0.1252622 -0.03589403 -0.990518 -0.1270402 -0.05229878 -0.6622903 -0.09724044 0.7429103 -0.922084 -0.2342323 0.3080524 -0.9749691 -0.0760619 0.2089256 -0.9904832 0.01139581 0.1371611 -0.9526683 -0.04213893 0.301077 -0.9378861 -0.2029827 0.2813675 -0.9803412 -0.08579164 0.1776821 -0.9923648 -0.03376966 0.1186243 -0.9685931 -0.1500236 0.1982941 -0.9710644 -0.1441589 0.1904004 -0.983775 -0.1026894 0.1471112 -0.9935028 -0.05799031 0.0979256 -0.9627817 -0.2292782 0.1431187 -0.9745683 -0.1819983 0.1307417 -0.9841082 -0.1442878 0.1034997 -0.9919118 -0.1031247 0.07400214 -0.9962871 -0.08547365 0.01031047 -0.9940592 -0.1062177 0.02375501 -0.9921209 -0.1230652 0.02347534 -0.9901871 -0.1380373 0.02180212 -0.9846946 -0.1723861 0.02568525 -0.9934417 -0.110446 0.02958464 -0.9927541 -0.1167148 0.02858513 -0.9907726 -0.1329925 0.02613258 -0.9836522 -0.1728577 0.05048245 -0.993023 -0.1089915 0.04501253 -0.9933677 -0.1078448 0.03987705 -0.9913622 -0.1261029 0.03604203 -0.9886295 -0.122238 0.0875768 -0.9931093 -0.09221738 0.07231819 -0.9924639 -0.1062941 0.06096875 -0.9905183 -0.1270377 0.05229783 -0.9786242 -0.2053908 0.01045817 -0.9902883 -0.1363189 0.02732115 -0.9867192 -0.1530261 0.05448347 -0.9758864 -0.1977109 0.09250003 -0.9826311 -0.1844009 0.02079874 -0.9863689 -0.1624959 0.02591615 -0.9872705 -0.1526399 0.04470062 -0.9821769 -0.1720317 0.0757215 -0.9855998 -0.1674566 0.02348577 -0.9850301 -0.1701994 0.02734905 -0.9840128 -0.1735756 0.03988164 -0.9826089 -0.175001 0.06208515 -0.9880576 -0.1524544 0.02235555 -0.9867454 -0.1601992 0.0258798 -0.9856096 -0.1651461 0.03606534 -0.9852033 -0.1631433 0.05252391 -0.6725922 0 -0.7400134 -0.9484313 0.09514331 -0.3023672 -0.9757437 -0.06577527 -0.2088011 -0.9780957 -0.1553669 -0.1385283 -0.9484408 -0.09616875 -0.3020127 -0.9587697 0.06304532 -0.2771026 -0.9824939 -0.05695319 -0.1773759 -0.9867272 -0.1103084 -0.1191695 -0.9804814 0.007586419 -0.1964658 -0.9820202 0.001520156 -0.1887699 -0.988358 -0.04081475 -0.1465696 -0.9914249 -0.08634167 -0.09809052 -0.9864584 0.08462291 -0.1404949 -0.990924 0.03765368 -0.1290431 -0.9947217 -2.16145e-4 -0.1026094 -0.9964125 -0.04154926 -0.07372885 -0.9981716 -0.05956166 -0.01029503 -0.998966 -0.03882163 -0.02365881 -0.9994847 -0.02204525 -0.02333307 -0.9997405 -0.007161438 -0.02163124 -0.9993149 0.02693647 -0.02537983 -0.9989677 -0.03458714 -0.02945035 -0.9991934 -0.02835798 -0.02843332 -0.9995893 -0.0121681 -0.02594351 -0.9983751 0.02754992 -0.04988181 -0.9983476 -0.03596621 -0.04481577 -0.9985216 -0.03712207 -0.03970849 -0.9991787 -0.01896423 -0.03581047 -0.9959528 -0.02235811 -0.0870524 -0.9960141 -0.05244934 -0.07214629 -0.9974118 -0.03850859 -0.06071996 -0.9984884 -0.01793271 -0.05195647 -0.9981716 0.05956166 -0.01029503 -0.9995933 -0.00883907 -0.02711182 -0.9985119 0.007900059 -0.0539605 -0.99445 0.05257749 -0.09113067 -0.9990353 0.0388258 -0.02052307 -0.9995244 0.01713985 -0.02563852 -0.9989916 0.007457494 -0.04427391 -0.9968326 0.02694952 -0.07482486 -0.9994873 0.02204668 -0.0232203 -0.9993277 0.02476978 -0.02703094 -0.998826 0.02817958 -0.0394029 -0.9976741 0.02975147 -0.06133002 -0.9997293 0.007161378 -0.02214246 -0.9995617 0.01485735 -0.02560943 -0.9991673 0.01981711 -0.03566712 -0.9984884 0.01793271 -0.05195659 -0.6725971 0 0.740009 -0.9484301 -0.09514886 0.3023691 -0.9757451 0.06577354 0.2087951 -0.9780973 0.1553581 0.1385271 -0.9484406 0.09617388 0.3020119 -0.9587686 -0.06304335 0.2771072 -0.9824941 0.05694568 0.1773774 -0.9867273 0.1103081 0.1191697 -0.9804807 -0.007586538 0.196469 -0.9820203 -0.001520156 0.1887692 -0.988358 0.04081195 0.1465708 -0.991425 0.08634096 0.09809041 -0.986458 -0.08462852 0.1404945 -0.9909238 -0.0376501 0.1290455 -0.9947218 2.1366e-4 0.1026096 -0.9964123 0.04155308 0.07372856 -0.9981716 0.05956184 0.01029503 -0.998966 0.03882139 0.02365857 -0.9994847 0.02204525 0.02333295 -0.9997405 0.007161438 0.0216313 -0.9993149 -0.02693653 0.02537989 -0.9989678 0.0345872 0.02945041 -0.9991934 0.02835786 0.02843308 -0.9995894 0.0121681 0.02594357 -0.9983752 -0.0275495 0.04988086 -0.9983476 0.03596609 0.0448153 -0.9985216 0.03712153 0.03970772 -0.9991787 0.01896429 0.03581058 -0.995953 0.02235776 0.08705073 -0.9960141 0.05244922 0.07214611 -0.9974116 0.03851246 0.06072092 -0.9984884 0.01793235 0.05195569 -0.9981716 -0.05956161 0.01029503 -0.9995934 0.00883907 0.02711176 -0.9985118 -0.007904469 0.05396044 -0.9944502 -0.05257517 0.09113049 -0.9990353 -0.03882575 0.02052301 -0.9995244 -0.01713991 0.02563846 -0.9989917 -0.007456541 0.04427343 -0.9968324 -0.02695202 0.07482457 -0.9994873 -0.0220465 0.02322024 -0.9993277 -0.0247699 0.02703082 -0.998826 -0.02817946 0.03940284 -0.9976741 -0.02975481 0.06132924 -0.9997293 -0.007161259 0.02214229 -0.9995617 -0.01485735 0.02560949 -0.9991673 -0.01981806 0.03566771 -0.9984885 -0.01793134 0.05195569 -0.6622667 0.0972476 -0.7429306 -0.9220849 0.2342272 -0.3080536 -0.9749688 0.07606244 -0.2089268 -0.9904831 -0.01139575 -0.1371617 -0.9526683 0.04214423 -0.3010765 -0.9378889 0.2029783 -0.2813613 -0.9803422 0.08578264 -0.1776809 -0.9923646 0.03377467 -0.1186255 -0.9685914 0.1500272 -0.1982992 -0.971065 0.144155 -0.1903999 -0.983775 0.1026875 -0.1471121 -0.993503 0.05798965 -0.09792447 -0.9627834 0.2292729 -0.1431162 -0.9745684 0.1819992 -0.130739 -0.9841083 0.1442885 -0.1034978 -0.9919114 0.1031285 -0.07400155 -0.9962872 0.08547329 -0.01031035 -0.9940592 0.1062179 -0.02375507 -0.992121 0.1230643 -0.02347522 -0.9901869 0.1380385 -0.0218023 -0.9846942 0.1723885 -0.02568501 -0.9934418 0.1104457 -0.02958452 -0.9927546 0.1167106 -0.02858513 -0.9907724 0.1329932 -0.02613258 -0.9836519 0.17286 -0.0504831 -0.9930231 0.1089914 -0.04501259 -0.9933675 0.1078467 -0.03987759 -0.9913623 0.1261023 -0.03604185 -0.9886295 0.1222379 -0.08757632 -0.9931091 0.0922203 -0.07231849 -0.9924638 0.1062942 -0.06096857 -0.9905179 0.1270405 -0.05229896 -0.9786243 0.2053904 -0.01045817 -0.9902883 0.1363186 -0.02732121 -0.986719 0.1530273 -0.05448359 -0.9758866 0.1977102 -0.09249985 -0.9826311 0.1844009 -0.0207988 -0.9863682 0.1624999 -0.02591627 -0.9872699 0.1526432 -0.04470127 -0.9821774 0.1720293 -0.0757212 -0.9855998 0.1674559 -0.02348577 -0.9850304 0.1701974 -0.02734917 -0.9840128 0.1735754 -0.03988182 -0.9826084 0.1750034 -0.06208604 -0.9880575 0.1524552 -0.02235549 -0.9867454 0.1601991 -0.02587974 -0.9856097 0.1651452 -0.0360651 -0.9852032 0.1631442 -0.05252408 -0.6622903 0.09724044 0.7429103 -0.9525018 0.04314386 0.3014616 -0.9547679 0.2083347 0.2121676 -0.9429185 0.3011132 0.1422519 -0.9219253 0.2352857 0.3077248 -0.957742 0.0763117 0.2773208 -0.963028 0.200367 0.1800844 -0.9590492 0.2557321 0.1217617 -0.970903 0.1347796 0.1979444 -0.9715288 0.1410849 0.1903336 -0.9714799 0.184828 0.1485448 -0.9676141 0.2318003 0.09995764 -0.9883549 0.05896466 0.1402782 -0.9858646 0.1062136 0.1295755 -0.9840449 0.1447157 0.1035041 -0.979552 0.1867927 0.07474267 -0.9786242 0.2053908 0.01045823 -0.98256 0.1843932 0.02397704 -0.985597 0.1674563 0.02359998 -0.9880687 0.1524575 0.02183997 -0.9926692 0.1181381 0.02551996 -0.9831985 0.1800855 0.02983069 -0.9843595 0.1738051 0.02877962 -0.9871739 0.1574831 0.02620869 -0.9918177 0.1174002 0.05015081 -0.9823617 0.1813946 0.04540312 -0.9823631 0.1826037 0.04023349 -0.9857456 0.1643004 0.03620672 -0.9819762 0.1672457 0.0880438 -0.9775013 0.1978096 0.07323056 -0.9810267 0.1838485 0.06153368 -0.9852033 0.1631436 0.05252385 -0.9962872 0.08547329 0.01031047 -0.9876722 0.154124 0.02737861 -0.9890624 0.1371067 0.05438071 -0.991573 0.09186267 0.09134644 -0.9941279 0.1062314 0.02060604 -0.9914391 0.127994 0.0258094 -0.9894778 0.1376323 0.04462134 -0.9901877 0.1177626 0.07523477 -0.9921233 0.1230673 0.02336215 -0.9923641 0.1203107 0.02718663 -0.9923619 0.1168279 0.03961324 -0.9914414 0.1150835 0.06164348 -0.9901753 0.1380393 0.02231693 -0.9911407 0.1302884 0.025788 -0.9914746 0.1252593 0.03589403 -0.9905179 0.1270399 0.05229842 -0.6309796 0.1929374 -0.7514254 -0.870761 0.3746966 -0.3183988 -0.9523549 0.2187326 -0.212547 -0.9815189 0.1324176 -0.1381527 -0.9350515 0.180819 -0.3049316 -0.8928866 0.3444397 -0.2900255 -0.9563282 0.2295173 -0.1809921 -0.9766208 0.1782701 -0.1201326 -0.9338888 0.294054 -0.2034307 -0.9374191 0.288335 -0.1952134 -0.9571991 0.2474278 -0.1501646 -0.9740945 0.2030975 -0.09945577 -0.9146065 0.376237 -0.1481238 -0.9348937 0.3283953 -0.134649 -0.9509559 0.2905373 -0.1061657 -0.965516 0.2491375 -0.07556104 -0.9727448 0.2316403 -0.01050728 -0.9672496 0.2526649 -0.0242654 -0.9626238 0.2697743 -0.02402681 -0.9582652 0.2850056 -0.02235281 -0.9470645 0.3199533 -0.02643471 -0.965956 0.2569334 -0.03023612 -0.9642729 0.263293 -0.02923476 -0.9596672 0.2798605 -0.02677613 -0.9458965 0.3202819 -0.05195683 -0.9657526 0.2553556 -0.04599475 -0.9662834 0.2542372 -0.04074245 -0.9613612 0.2728062 -0.0369001 -0.9591395 0.2683668 -0.08961474 -0.9684383 0.2380928 -0.07374954 -0.9655947 0.2524846 -0.06227695 -0.9603384 0.273647 -0.05354976 -0.9353171 0.3536456 -0.01080274 -0.9586387 0.2832449 -0.02800452 -0.9522798 0.3000546 -0.0559504 -0.9336985 0.3451048 -0.09544497 -0.9429566 0.332225 -0.02143383 -0.9504004 0.3098863 -0.02664309 -0.9529163 0.2997389 -0.04590404 -0.9444851 0.3191808 -0.07792001 -0.9488018 0.3149468 -0.02415794 -0.947768 0.3177168 -0.0281403 -0.9461593 0.3210879 -0.04105043 -0.9444585 0.3223565 -0.0639106 -0.953766 0.2996721 -0.02295666 -0.9511626 0.3075425 -0.02659928 -0.949182 0.3125349 -0.03708773 -0.9490807 0.3103709 -0.05399912 -0.6309934 0.1929261 0.7514166 -0.9347205 0.1818103 0.3053566 -0.9097025 0.3528259 0.218987 -0.8809598 0.4493629 0.1482658 -0.8704037 0.375782 0.3180966 -0.9346963 0.2163701 0.282005 -0.9197356 0.3457959 0.1857728 -0.9061312 0.4036766 0.1263782 -0.9387747 0.2785767 0.2027241 -0.9383959 0.2852333 0.1950773 -0.9311931 0.330857 0.153014 -0.9192915 0.3797226 0.1035082 -0.968694 0.2033066 0.1424726 -0.9587988 0.2513843 0.1323287 -0.9508219 0.2909724 0.1061739 -0.9393402 0.3342233 0.07703697 -0.9353186 0.3536419 0.01080232 -0.9428851 0.3322007 0.02470868 -0.9487987 0.3149473 0.02427512 -0.9537777 0.2996751 0.02242702 -0.9639603 0.2647627 0.02610439 -0.9442517 0.3277875 0.0307269 -0.9464828 0.321392 0.0296241 -0.9520429 0.3047774 0.02692931 -0.9631945 0.2638664 0.0512939 -0.9431663 0.3290134 0.04677242 -0.9429694 0.3302885 0.04145258 -0.9494637 0.3116611 0.03722929 -0.9450498 0.314136 0.09055066 -0.9353792 0.3454783 0.07556939 -0.9413681 0.3313698 0.06340473 -0.9490807 0.3103711 0.05399864 -0.972745 0.2316395 0.01050734 -0.9530973 0.3013552 0.02812081 -0.9572428 0.2838643 0.05574434 -0.9669141 0.2374894 0.0931459 -0.9673208 0.2526808 0.02104932 -0.9611461 0.2747721 0.02643126 -0.957594 0.2844668 0.04574376 -0.9614552 0.2639754 0.0769484 -0.9626266 0.2697744 0.02391093 -0.9633059 0.2669608 0.02781599 -0.9638489 0.2633516 0.0405144 -0.9631677 0.2614096 0.06303226 -0.9582549 0.2849988 0.02288049 -0.9604786 0.277098 0.02641534 -0.9616106 0.2719466 0.0367459 -0.9603377 0.2736496 0.05354893 -0.577899 0.2850533 -0.7647075 -0.7895733 0.5154632 -0.3329741 -0.9053861 0.36338 -0.2196156 -0.9501594 0.277802 -0.1415036 -0.8937581 0.3207896 -0.3135133 -0.8192645 0.4869495 -0.302797 -0.9077365 0.3754252 -0.187271 -0.9376546 0.3248178 -0.1236817 -0.8725601 0.4402228 -0.2117614 -0.8773568 0.4347276 -0.2031186 -0.9055939 0.3945352 -0.1556974 -0.9309281 0.3504706 -0.1026803 -0.8366468 0.5252442 -0.1553733 -0.867435 0.4772427 -0.140698 -0.8914449 0.4394309 -0.1105746 -0.9141352 0.3977584 -0.07839161 -0.9247555 0.3804062 -0.01088279 -0.9153798 0.4018029 -0.02518779 -0.9075254 0.4192535 -0.02498221 -0.9002366 0.4347786 -0.02327597 -0.8820589 0.4703294 -0.02761644 -0.9132752 0.4061316 -0.03139662 -0.9103978 0.4126173 -0.03037786 -0.9026306 0.429513 -0.02786767 -0.8807457 0.4704689 -0.05427813 -0.9133251 0.404422 -0.0477522 -0.9140848 0.4033116 -0.0422945 -0.9056568 0.4222713 -0.03837895 -0.9040467 0.4171616 -0.09314411 -0.9191069 0.3865252 -0.07642644 -0.9136446 0.4013423 -0.06463599 -0.9044226 0.4229871 -0.05569529 -0.8632886 0.5045838 -0.01131951 -0.9009436 0.4329556 -0.02915567 -0.8911928 0.4498577 -0.05834001 -0.8631009 0.4950508 -0.09990769 -0.8754366 0.482813 -0.02241671 -0.8874401 0.4600836 -0.02780884 -0.8919271 0.449639 -0.04786473 -0.8794208 0.4690371 -0.08138418 -0.8848228 0.4652443 -0.0252276 -0.8832154 0.4680457 -0.02939224 -0.8808841 0.4713851 -0.04288756 -0.8788237 0.4724511 -0.06677627 -0.8928555 0.4497067 -0.02393919 -0.8886705 0.4577056 -0.02775675 -0.8856595 0.4627184 -0.03871864 -0.8859319 0.4603784 -0.05635946 -0.5778974 0.2850432 0.7647125 -0.8932416 0.3217703 0.3139802 -0.8357653 0.4990225 0.22907 -0.7857683 0.5984411 0.1563214 -0.7889699 0.5165713 0.3326871 -0.887197 0.3579836 0.2910829 -0.8479061 0.4932575 0.1942993 -0.8222104 0.5534581 0.1328691 -0.8805442 0.4245425 0.2107266 -0.8789588 0.4315738 0.2029179 -0.8630079 0.4792197 0.1598939 -0.8410823 0.5298833 0.1086472 -0.9252043 0.3498156 0.1470579 -0.9066058 0.3990264 0.1372739 -0.8912259 0.4398707 0.1105902 -0.8711684 0.4843287 0.08057022 -0.8632878 0.5045852 0.01131951 -0.8753648 0.4827721 0.0258426 -0.8848217 0.4652399 0.02534919 -0.892866 0.4497149 0.02338677 -0.9098123 0.4141325 0.02712804 -0.8776279 0.4782651 0.03212296 -0.881181 0.4717647 0.03095257 -0.890105 0.4548889 0.02809309 -0.9091499 0.4130445 0.05329865 -0.8762395 0.4793882 0.0489009 -0.8757982 0.4807275 0.04334521 -0.8861137 0.4618356 0.0388633 -0.8809292 0.4637115 0.09452778 -0.8648501 0.4957573 0.07911491 -0.8738676 0.4816219 0.06630033 -0.8859344 0.4603736 0.0563597 -0.924753 0.3804125 0.01088285 -0.8918394 0.4514005 0.02932739 -0.8993436 0.4333742 0.05803513 -0.917586 0.3856436 0.09651428 -0.9154486 0.4018415 0.02184909 -0.9050911 0.424328 0.02749574 -0.899613 0.4340829 0.0476284 -0.9072762 0.4128659 0.07994878 -0.9075273 0.4192567 0.02486091 -0.9087353 0.4163703 0.0289151 -0.909933 0.4126134 0.04209566 -0.909542 0.4104219 0.06547737 -0.9002264 0.4347699 0.02382498 -0.9039716 0.4267085 0.02748507 -0.9060716 0.4213952 0.03821444 -0.9044218 0.4229885 0.05569535 -0.5021405 0.3706812 -0.7813133 -0.6720852 0.6521763 -0.3506675 -0.8291088 0.5096231 -0.2299195 -0.8928285 0.4256769 -0.1471619 -0.8247105 0.4617614 -0.3265411 -0.7106218 0.6271738 -0.3188568 -0.8293613 0.5230817 -0.1963303 -0.871051 0.4738942 -0.1292068 -0.7784357 0.586807 -0.2229247 -0.7847681 0.5817493 -0.2137915 -0.8233829 0.543412 -0.1635356 -0.8591222 0.5003477 -0.1075235 -0.7214659 0.6726464 -0.1644201 -0.7653097 0.6262753 -0.1485943 -0.7992082 0.589645 -0.1165558 -0.8320558 0.5485356 -0.08241415 -0.8468793 0.5316626 -0.01142835 -0.8326404 0.5531801 -0.02649313 -0.8207276 0.5707136 -0.02631068 -0.8097438 0.5862705 -0.02453935 -0.7827627 0.6216358 -0.02918028 -0.8295251 0.5574915 -0.03303581 -0.8251407 0.5640218 -0.03197723 -0.8133935 0.5809721 -0.0293709 -0.7812901 0.6215281 -0.05734699 -0.8299049 0.5556386 -0.05023485 -0.8309428 0.5545763 -0.04448938 -0.8181051 0.5736461 -0.04042738 -0.8173385 0.5677537 -0.09804898 -0.8395913 0.537254 -0.08027905 -0.8308366 0.5523494 -0.06797516 -0.8166178 0.5741896 -0.05866736 -0.7551247 0.6554718 -0.01198285 -0.8108735 0.5844139 -0.03073644 -0.7968726 0.6010029 -0.06156051 -0.7568873 0.644948 -0.1056585 -0.7729564 0.6340162 -0.02370429 -0.7907245 0.6114675 -0.02936637 -0.7977167 0.6009136 -0.05050712 -0.7801321 0.619681 -0.08596271 -0.7868188 0.6166085 -0.02664834 -0.7844939 0.6193587 -0.0310508 -0.7812576 0.6225615 -0.04531812 -0.7787798 0.6233171 -0.07055461 -0.798724 0.601167 -0.02526181 -0.7925468 0.6091067 -0.02930617 -0.7882457 0.6140004 -0.04089164 -0.7890083 0.6114938 -0.05950975 -0.5021504 0.3706691 0.7813126 -0.8239675 0.4627234 0.3270548 -0.726059 0.6437119 0.2418125 -0.6493609 0.7422034 0.1657242 -0.6711959 0.6532484 0.3503752 -0.8105379 0.500483 0.3042125 -0.7405819 0.6398715 0.2051903 -0.6994915 0.7006359 0.1407881 -0.7902752 0.5712713 0.2216174 -0.7871486 0.5786221 0.2135269 -0.7600392 0.6275604 0.1688445 -0.7253457 0.6786998 0.1150663 -0.8530547 0.4986014 0.1539294 -0.82363 0.548473 0.1442601 -0.798882 0.5900826 0.116577 -0.76796 0.6348094 0.08517277 -0.7551223 0.6554746 0.01198285 -0.7728866 0.6339557 0.02732533 -0.786817 0.6166054 0.02677631 -0.7987344 0.6011776 0.02468007 -0.8242108 0.5655624 0.02856075 -0.7762895 0.6294615 0.03395682 -0.781506 0.6230399 0.03270757 -0.7946842 0.6062983 0.0296576 -0.8237009 0.5642423 0.05610263 -0.7745321 0.6304188 0.05169385 -0.7737823 0.6317921 0.04582458 -0.7889155 0.6131298 0.0410428 -0.78286 0.6141415 0.09980237 -0.7586635 0.6460857 0.08368372 -0.7714743 0.6323887 0.07008659 -0.7890071 0.6114953 0.05950868 -0.8468781 0.5316644 0.01142835 -0.7972748 0.6028224 0.03095275 -0.8090412 0.5845596 0.06117463 -0.838112 0.5359988 0.1013593 -0.8327146 0.5532255 0.02298146 -0.8170832 0.5757916 0.02896749 -0.8091949 0.5853912 0.0502091 -0.8216848 0.563697 0.08414292 -0.8207302 0.5707157 0.02618342 -0.8226069 0.5677948 0.03044629 -0.8246351 0.5639269 0.04431158 -0.8246364 0.5614508 0.06890463 -0.8097301 0.5862646 0.02511888 -0.8154034 0.5781685 0.02896106 -0.8187218 0.5727781 0.04025065 -0.816621 0.5741851 0.05866515 -0.4034906 0.44577 -0.7990524 -0.5124934 0.7752853 -0.3691661 -0.7165254 0.6539404 -0.2428029 -0.8034359 0.5748819 -0.1549246 -0.7219175 0.6008617 -0.3432206 -0.560384 0.756854 -0.3363656 -0.7139219 0.6687456 -0.2075932 -0.7699611 0.6233299 -0.1364544 -0.6439257 0.727799 -0.2359416 -0.6520283 0.7236322 -0.2263085 -0.702954 0.6898391 -0.1731407 -0.7514119 0.6499573 -0.113736 -0.5613421 0.8090427 -0.1741981 -0.620458 0.7682458 -0.1575767 -0.6661544 0.7354952 -0.1236335 -0.7114037 0.6973323 -0.08736431 -0.7313624 0.6818816 -0.01211112 -0.7110515 0.7025784 -0.02809739 -0.6940861 0.7193505 -0.02791762 -0.678523 0.7341173 -0.02604824 -0.6407624 0.7671138 -0.03098583 -0.7066756 0.7066696 -0.03503853 -0.7004169 0.7129274 -0.03392422 -0.6837272 0.7290717 -0.03117144 -0.6391683 0.766653 -0.06088584 -0.7074976 0.7047048 -0.05327546 -0.7088733 0.7037559 -0.04718381 -0.6905427 0.7220186 -0.04289513 -0.6909868 0.7153497 -0.1039816 -0.7221325 0.686504 -0.08507031 -0.7092438 0.7012692 -0.07207447 -0.6887766 0.7222965 -0.06224548 -0.602441 0.7980622 -0.01272201 -0.6801831 0.7323161 -0.03262203 -0.6610164 0.7475208 -0.06534683 -0.6068498 0.7868697 -0.1121143 -0.6271006 0.7785316 -0.02517241 -0.6518641 0.7576946 -0.03118097 -0.6619758 0.7476049 -0.05361938 -0.6383014 0.76436 -0.09124231 -0.6463901 0.7624824 -0.02829557 -0.643196 0.7649914 -0.03297322 -0.6388943 0.7677882 -0.04811805 -0.6359851 0.768058 -0.07489973 -0.6630262 0.7481155 -0.02682203 -0.6544207 0.7554901 -0.03111761 -0.6485568 0.7599271 -0.04341614 -0.6499652 0.7573335 -0.06317687 -0.4034708 0.4457638 0.7990657 -0.7209083 0.6017592 0.3437692 -0.5732962 0.7784038 0.2557717 -0.4654679 0.8675858 0.1750274 -0.5112456 0.7762545 0.3688591 -0.6982114 0.6401399 0.3205026 -0.5901314 0.7775148 0.2172921 -0.5304776 0.8344817 0.1491099 -0.6604264 0.713332 0.2345091 -0.6553409 0.7207209 0.2260305 -0.6143618 0.7684579 0.1789758 -0.5641625 0.816599 0.1220118 -0.7451218 0.6467751 0.162713 -0.7021301 0.695459 0.1528075 -0.6656885 0.7359133 0.1236549 -0.6214002 0.77826 0.09040659 -0.6024397 0.7980631 0.01272207 -0.6270354 0.7784502 0.02901709 -0.6463856 0.762481 0.02843362 -0.6630354 0.7481294 0.02620339 -0.6990554 0.7144253 0.03030067 -0.6318337 0.7742649 0.03605699 -0.6390541 0.7683773 0.03473114 -0.6574074 0.7528772 0.0314871 -0.6987755 0.7128612 0.05951124 -0.6296694 0.7749221 0.05488574 -0.6285186 0.7762713 0.04865592 -0.6494991 0.7591128 0.04357635 -0.642583 0.7588605 0.1059147 -0.6085252 0.7885477 0.08882445 -0.6258421 0.7763929 0.07440447 -0.6499723 0.7573273 0.0631771 -0.7313646 0.6818793 0.01211106 -0.6610541 0.7496184 0.03286224 -0.6781246 0.7320742 0.06492012 -0.7207661 0.6848106 0.1073815 -0.7111221 0.702646 0.02437347 -0.6889461 0.7241604 0.03074055 -0.6781155 0.7330209 0.05329006 -0.6966755 0.7118148 0.0892353 -0.6940896 0.7193523 0.02778244 -0.696799 0.7165387 0.03230273 -0.6998749 0.7127169 0.0470075 -0.7004176 0.7099819 0.07308149 -0.6785124 0.734105 0.02666306 -0.6865625 0.7264208 0.03073608 -0.691419 0.7211906 0.0427069 -0.6887816 0.722292 0.06224352 -0.2834959 0.5052461 -0.8150807 -0.3102968 0.8693176 -0.3847115 -0.5604172 0.7874018 -0.2567702 -0.674094 0.7201661 -0.1641895 -0.5789234 0.7307345 -0.3617662 -0.3659391 0.8614686 -0.3520804 -0.5540118 0.8029941 -0.2197079 -0.626261 0.7660607 -0.1447354 -0.4631971 0.8506071 -0.2488293 -0.4730378 0.8480557 -0.2388238 -0.536916 0.8234802 -0.1833075 -0.5996413 0.7911196 -0.1206645 -0.3533525 0.9174579 -0.1827931 -0.4275209 0.888609 -0.1661326 -0.485448 0.8644313 -0.1307621 -0.5443533 0.8337269 -0.09262329 -0.5700087 0.8215382 -0.01285326 -0.542697 0.8393999 -0.02979743 -0.5199852 0.8536627 -0.02958792 -0.4993006 0.8659898 -0.02758496 -0.4498429 0.8925074 -0.03274077 -0.5368901 0.8428338 -0.03715246 -0.5285068 0.8481671 -0.03596121 -0.5062435 0.8617582 -0.0330193 -0.4482123 0.8916101 -0.06432098 -0.5382756 0.8408739 -0.05648583 -0.540019 0.8401646 -0.05003148 -0.5154504 0.8557131 -0.04545217 -0.5175815 0.8485163 -0.1101343 -0.558757 0.8244091 -0.09022361 -0.5410203 0.8375306 -0.07641756 -0.513446 0.8555845 -0.06594318 -0.4003931 0.9162454 -0.01340728 -0.5015589 0.8644334 -0.03454965 -0.4768397 0.8762679 -0.0691266 -0.4080343 0.9052907 -0.1181392 -0.4320973 0.9014354 -0.0265721 -0.4643067 0.8850607 -0.03297096 -0.4778611 0.876602 -0.05672562 -0.4478646 0.8888925 -0.09637236 -0.4571326 0.8888956 -0.02990865 -0.4530263 0.890816 -0.0348466 -0.4476349 0.8927705 -0.0508337 -0.4444098 0.8923242 -0.0791043 -0.4788779 0.8774228 -0.02838009 -0.4676344 0.8833091 -0.03290903 -0.4601344 0.8866621 -0.04589927 -0.462332 0.8841884 -0.06678473 -0.2834891 0.505235 0.81509 -0.5776262 0.731481 0.3623307 -0.3741292 0.8876951 0.2683743 -0.2362813 0.9544887 0.1819962 -0.3087168 0.8700392 0.3843512 -0.5437582 0.7681649 0.3380086 -0.3924286 0.8909677 0.2284216 -0.3137447 0.9365937 0.1560661 -0.4847518 0.8388912 0.247543 -0.4773793 0.8456917 0.238568 -0.4208935 0.8872944 0.1885673 -0.3543865 0.926281 0.1281164 -0.593459 0.7861669 0.1724762 -0.5346305 0.829447 0.1618269 -0.484843 0.8647679 0.1307815 -0.4259777 0.8996917 0.09538221 -0.4003873 0.916248 0.01340675 -0.4320469 0.9013308 0.0306313 -0.457131 0.8888915 0.03005445 -0.4788901 0.877437 0.02772498 -0.5266377 0.8494828 0.03211969 -0.4383178 0.8980132 0.03807693 -0.4476643 0.8934485 0.03669452 -0.4715549 0.8812075 0.03330725 -0.5267273 0.8476911 0.06307464 -0.4358067 0.898173 0.0579462 -0.4342052 0.8993483 0.0513677 -0.4613696 0.8860111 0.04607039 -0.453897 0.8840018 0.111886 -0.4094339 0.9075237 0.09362012 -0.4312801 0.8987942 0.07852661 -0.4623288 0.8841897 0.06678897 -0.5700082 0.8215386 0.01285427 -0.4763511 0.8785676 0.03476792 -0.499362 0.8636624 0.06873863 -0.5576632 0.8222215 0.1138591 -0.542746 0.8394992 0.02584964 -0.5131731 0.857667 0.03257006 -0.4991224 0.8646925 0.05642557 -0.524679 0.8460332 0.09455186 -0.5199881 0.8536659 0.02944511 -0.5236483 0.8512463 0.0342369 -0.5279607 0.8478059 0.04982626 -0.5292122 0.8449469 0.07745569 -0.4992898 0.8659749 0.02823561 -0.5100085 0.8595528 0.03256142 -0.5166196 0.8550183 0.04525512 -0.5134464 0.8555842 0.06594383 -0.1465267 0.5437797 -0.8263375 -0.07618176 0.9164177 -0.3929061 -0.3580123 0.8940842 -0.2691482 -0.4979104 0.849667 -0.1736412 -0.3924795 0.8380699 -0.3789443 -0.1348749 0.9224421 -0.3618139 -0.3470902 0.9091178 -0.2302898 -0.4343731 0.8876997 -0.1526741 -0.2384585 0.9361068 -0.2585377 -0.2494464 0.9359886 -0.2483983 -0.3234954 0.926562 -0.1919214 -0.3991725 0.9080283 -0.1270673 -0.1068935 0.9763879 -0.1877245 -0.1910548 0.9663817 -0.1720597 -0.2581161 0.9564539 -0.1362795 -0.3287182 0.9394233 -0.0970987 -0.3593766 0.9330949 -0.01350891 -0.3254472 0.9450441 -0.03124082 -0.2975077 0.9542175 -0.03095245 -0.2723216 0.9617753 -0.02879709 -0.2132425 0.9764075 -0.03400421 -0.3183628 0.9471693 -0.03892827 -0.3080189 0.950635 -0.03765052 -0.2807893 0.9591493 -0.03449738 -0.2117937 0.9750298 -0.0667867 -0.3203515 0.9454477 -0.05919128 -0.3223943 0.9451519 -0.05243843 -0.2921563 0.9551889 -0.047526 -0.2963185 0.9481212 -0.1151591 -0.3465548 0.9332365 -0.09470748 -0.324169 0.9426026 -0.08009314 -0.2900549 0.9545239 -0.06893664 -0.1555065 0.9877378 -0.01384675 -0.2751226 0.9607321 -0.03607594 -0.2458958 0.9666188 -0.07199525 -0.1663562 0.9784759 -0.1221095 -0.1923447 0.9809409 -0.02754241 -0.2303847 0.9724951 -0.03429472 -0.2468839 0.9672421 -0.05908781 -0.2121587 0.9720997 -0.1000537 -0.221848 0.9745856 -0.03108787 -0.2170229 0.9754951 -0.03620201 -0.2108707 0.976088 -0.05278235 -0.2076206 0.974758 -0.08210104 -0.2477279 0.9683785 -0.0295661 -0.2343499 0.971549 -0.03424358 -0.2255818 0.9730549 -0.04771971 -0.2285548 0.9710505 -0.06945306 -0.1465179 0.5437667 0.8263475 -0.3908898 0.8385607 0.3795014 -0.1361982 0.9514069 0.2761792 0.02074283 0.9826452 0.1843321 -0.07439965 0.9167494 0.3924736 -0.3453036 0.8694382 0.3533307 -0.1541104 0.9595557 0.2355905 -0.06150084 0.985273 0.1595459 -0.264184 0.9293923 0.2577536 -0.254636 0.93463 0.2482485 -0.1845131 0.9632645 0.1951321 -0.1055677 0.985665 0.1316058 -0.3937895 0.9011131 0.1814531 -0.3194742 0.9323257 0.1694256 -0.2573931 0.956647 0.1362913 -0.186476 0.9774805 0.09878581 -0.1555058 0.987738 0.01384615 -0.1923179 0.9808189 0.03175073 -0.2218464 0.9745811 0.0312401 -0.247733 0.9683977 0.02888429 -0.3056891 0.9515376 0.03362262 -0.1997544 0.9790497 0.03949552 -0.2107189 0.976804 0.03810065 -0.2390257 0.970394 0.03467422 -0.3062452 0.9496604 0.06602388 -0.1970897 0.9785425 0.06008476 -0.195104 0.9793357 0.05325531 -0.2270519 0.9727038 0.04790413 -0.219775 0.9686017 0.1162323 -0.1672027 0.9811602 0.09678882 -0.1922219 0.9779711 0.08138322 -0.2285545 0.9710504 0.06945449 -0.3593747 0.9330956 0.01350951 -0.2447635 0.9689064 0.03621113 -0.273012 0.9593307 0.07175737 -0.3459632 0.9306079 0.1194928 -0.325489 0.9451574 0.02710151 -0.2892147 0.9566586 0.0340507 -0.272475 0.9603583 0.05890238 -0.3045069 0.9473579 0.0989381 -0.2975068 0.9542227 0.03080219 -0.3020367 0.9526228 0.03582853 -0.3075413 0.9501038 0.05216419 -0.3096315 0.9473923 0.08109438 -0.2723169 0.9617561 0.0294764 -0.2853613 0.9578158 0.03402864 -0.2935666 0.9547665 0.0473259 -0.2900537 0.9545243 0.06893801 -0.1322343 -0.9911018 0.01521074 -0.1321034 -0.9901305 0.04680162 -0.1318069 -0.987855 0.08227729 0.1311987 0.9833486 -0.1257472 0.1299625 0.9741163 -0.1849522 0.1270486 0.9522591 -0.2775995 0.1178513 0.8833163 -0.4537219 0.07110649 0.5329471 -0.8431557 -0.1322333 -0.991102 -0.01521086 -0.1321063 -0.9901301 -0.04680037 -0.1317975 -0.9878565 -0.08227479 -0.1312042 -0.9833477 -0.1257495 0.1299975 0.9741122 0.1849491 0.12704 0.9522593 0.2776027 0.1178475 0.8833134 0.4537285 0.07109773 0.5329455 0.8431574 -0.1088411 0.9940593 0 -0.07113867 0.9974665 0 -0.04043906 0.9991821 0 -0.013139 0.9999137 0 0.013139 0.9999137 0 0.04043906 0.999182 0 0.07113867 0.9974665 0 0.1088411 0.9940592 0 0.3594093 0.93318 0 0.3256061 0.9455056 0 0.2976506 0.954675 0 0.2724346 0.9621744 0 0.2478361 0.968802 0 0.2219553 0.9750568 0 0.1924178 0.9813132 0 0.1555215 0.9878325 0 -0.3800437 -0.9248508 0.01475977 -0.3796927 -0.9239969 0.04542201 -0.3788722 -0.921997 0.07985943 -0.3772457 -0.9180306 0.1220883 0.3739205 0.9098907 -0.1796728 0.3659746 0.890596 -0.270003 0.3407603 0.8292503 -0.4429745 0.2087317 0.5079528 -0.8357123 -0.3800449 -0.9248502 -0.01476228 -0.3796884 -0.923999 -0.04541891 -0.3788698 -0.9219979 -0.07985961 0.3772423 0.9180324 0.1220857 0.3739023 0.9099002 0.1796628 0.3659725 0.8905973 0.2700013 0.3407589 0.8292477 0.4429804 0.2087614 0.5079352 0.8357156 0.5700543 0.8216071 0 0.5429383 0.8397727 0 0.5202126 0.8540369 0 0.4994913 0.866319 0 0.479071 0.8777763 0 0.4573372 0.8892935 0 0.4322496 0.901754 0 0.4004294 0.9163277 0 -0.5864167 -0.8098882 0.01402574 -0.5859283 -0.8092128 0.04316151 -0.5847863 -0.8076283 0.07590538 0.5825052 0.8044935 -0.116095 0.5778359 0.7980418 -0.1709824 0.5667012 0.7826639 -0.257463 0.5308776 0.7331883 -0.4249752 0.3335881 0.460713 -0.8224734 -0.5864158 -0.8098888 -0.01402604 -0.5859269 -0.8092138 -0.04316246 -0.5847808 -0.8076326 -0.07590264 -0.5825144 -0.8044875 -0.1160897 0.5778369 0.7980413 0.170982 0.5667096 0.7826588 0.2574597 0.5308842 0.7331833 0.4249756 0.3335611 0.4607061 0.8224882 0.7314178 0.6819297 0 0.7113306 0.7028577 0 0.694357 0.7196308 0 0.6787535 0.7343662 0 0.663265 0.7483847 0 0.6466478 0.7627889 0 0.6272996 0.7787781 0 0.6024895 0.7981268 0 -0.7434133 -0.6687019 0.0132116 -0.7428629 -0.6682075 0.04066288 -0.7415739 -0.6670475 0.07152509 -0.7390109 -0.6647455 0.109437 0.7337055 0.6600388 -0.1613228 0.7211096 0.6486433 -0.2434397 0.6799513 0.6116185 -0.4044615 0.4399898 0.3957724 -0.8060851 -0.7434111 -0.6687043 -0.01321125 -0.7428636 -0.6682068 -0.04066199 -0.7415712 -0.6670506 -0.07152414 0.7389757 0.6647835 0.1094433 0.7337405 0.6599991 0.1613262 0.7211176 0.6486353 0.2434371 0.6799399 0.6116269 0.4044681 0.4399939 0.395763 0.8060876 0.8469347 0.5316969 0 0.8329337 0.5533729 0 0.8210133 0.5709091 0 0.8099874 0.5864472 0 0.7989777 0.6013608 0 0.7870994 0.6168262 0 0.7731735 0.6341946 0 0.7551773 0.6555206 0 -0.8552199 -0.5181154 0.01247364 -0.8546559 -0.5177735 0.03839218 -0.8533354 -0.5169683 0.06754636 0.8507208 0.5153501 -0.1033853 0.8452798 0.5120916 -0.1525272 0.8322398 0.5041952 -0.2305741 0.7892549 0.4781532 -0.3852872 0.5250346 0.3180795 -0.7894075 -0.8552188 -0.518117 -0.01247316 -0.8546572 -0.5177714 -0.03839212 -0.8533349 -0.5169696 -0.0675441 -0.8507038 -0.5153779 -0.1033872 0.8452796 0.5120928 0.1525228 0.8322346 0.5042025 0.2305761 0.7892622 0.4781432 0.3852847 0.5250476 0.3180683 0.7894033 0.924809 0.3804318 0 0.915669 0.4019333 0 0.9078099 0.4193822 0 0.9004805 0.4348965 0 0.8931099 0.4498385 0 0.8851047 0.465392 0 0.8756555 0.4829365 0 0.8633438 0.5046161 0 -0.9301398 -0.367013 0.01189082 -0.9295823 -0.366793 0.03660213 -0.9282752 -0.3662752 0.06440252 -0.9256725 -0.36525 0.09860515 0.9202994 0.3631296 -0.1455546 0.9073451 0.3580175 -0.2203368 0.8642628 0.341019 -0.3698056 0.5879877 0.2320059 -0.774883 -0.9301392 -0.3670147 -0.01189124 -0.9295836 -0.3667898 -0.03660106 -0.9282739 -0.3662784 -0.06440246 0.925679 0.3652347 0.09860169 0.9202972 0.3631341 0.1455563 0.9073469 0.3580136 0.2203359 0.8642599 0.3410233 0.3698082 0.5879955 0.2319981 0.7748796 0.9727993 0.2316502 0 0.9675355 0.2527356 0 0.9629024 0.2698503 0 0.9585048 0.2850767 0 0.9540179 0.2997499 0 0.9490794 0.315037 0 0.9431741 0.3322991 0 0.9353726 0.353664 0 -0.9757683 -0.2185045 0.01149654 -0.9752215 -0.2183827 0.03538793 -0.973939 -0.2180939 0.06227368 0.9713844 0.2175303 -0.09535783 0.966108 0.2163435 -0.140822 0.9533626 0.213487 -0.2133617 0.9107296 0.2039405 -0.359138 0.6292831 0.1409168 -0.764294 -0.9757682 -0.2185045 -0.011496 -0.9752216 -0.2183812 -0.03538846 -0.9739391 -0.2180938 -0.06227296 -0.9713851 -0.2175251 -0.09536218 0.9661102 0.2163344 0.1408213 0.9533598 0.2134947 0.2133665 0.9107297 0.2039411 0.3591372 0.6292365 0.140919 0.764332 0.9963399 0.08547937 0 0.9943397 0.1062487 0 0.9923942 0.1231008 0 0.990422 0.1380735 0 0.9883047 0.1524923 0 0.9858713 0.1675044 0 0.9828431 0.1844438 0 0.9786778 0.2054017 0 -0.9973036 -0.0725122 0.01129853 -0.9967639 -0.07247245 0.03477966 -0.9954974 -0.07238018 0.06120574 -0.9929758 -0.07219845 0.09373652 0.9877609 0.07183861 -0.1384478 0.9751589 0.07089728 -0.209854 0.9328827 0.06782579 -0.3537365 0.6496774 0.04723614 -0.7587411 -0.9973036 -0.07251179 -0.01129901 -0.9967638 -0.07247221 -0.03477966 -0.9954971 -0.07238268 -0.06120741 0.9929746 0.07220911 0.09374111 0.9877629 0.0718134 0.1384458 0.9751583 0.07090026 0.2098556 0.932885 0.0678246 0.3537308 0.6496855 0.0472337 0.7587344 0.9982244 -0.05956554 0 0.9992458 -0.03883373 0 0.9997569 -0.02204841 0 0.9999744 -0.007161796 0 0.9999744 0.007161796 0 0.9997569 0.02205038 0 0.9992458 0.03883373 0 0.9982246 0.0595631 0 -0.9973036 0.07251095 0.01129901 -0.9967639 0.07247161 0.03477942 -0.9954972 0.07238209 0.06120681 0.9929763 -0.0721895 -0.09373748 0.9877632 -0.07181304 -0.1384446 0.9751588 -0.07089972 -0.2098537 0.932883 -0.06782561 -0.3537359 0.6496789 -0.04723536 -0.7587398 -0.9973036 0.07251209 -0.01129853 -0.9967638 0.07247334 -0.03477948 -0.9954974 0.07237958 -0.06120514 -0.9929758 0.07219821 -0.09373623 0.9877604 -0.07183784 0.1384513 0.975159 -0.07089704 0.209854 0.9328818 -0.06782621 0.3537387 0.6496561 -0.04723584 0.7587595 0.9786774 -0.2054039 0 0.9828423 -0.184448 0 0.9858717 -0.1675027 0 0.9883047 -0.1524925 0 0.9904224 -0.1380714 0 0.9923942 -0.1231008 0 0.9943394 -0.106251 0 0.99634 -0.08547919 0 -0.9757685 0.2185037 0.01149612 -0.9752216 0.2183817 0.03538841 -0.9739387 0.2180954 0.06227356 -0.9713853 0.2175244 0.0953623 0.9661083 -0.2163403 -0.1408252 0.9533614 -0.2134908 -0.213363 0.9107295 -0.2039414 -0.3591373 0.6292843 -0.140916 -0.7642931 -0.9757685 0.2185035 -0.01149654 -0.9752208 0.2183852 -0.03538829 -0.9739392 0.2180927 -0.06227362 0.9713835 -0.2175313 0.09536468 0.9661085 -0.2163425 0.1408205 0.9533645 -0.2134823 0.2133575 0.9107303 -0.2039395 0.3591366 0.6292983 -0.1409103 0.7642828 0.9353737 -0.3536611 0 0.9431732 -0.3323015 0 0.9490802 -0.3150349 0 0.9540179 -0.2997497 0 0.9585046 -0.2850773 0 0.9629012 -0.2698544 0 0.9675354 -0.2527356 0 0.9727977 -0.2316566 0 -0.93014 0.3670125 0.01189136 -0.9295825 0.3667925 0.0366013 -0.9282731 0.3662807 0.06440287 0.9256752 -0.3652433 -0.09860485 0.9202991 -0.3631299 -0.1455553 0.9073457 -0.3580161 -0.2203372 0.8642632 -0.3410192 -0.369804 0.5879861 -0.2320067 -0.7748841 -0.9301396 0.3670137 -0.01189094 -0.9295817 0.3667946 -0.03660178 -0.9282754 0.366275 -0.0644021 -0.9256727 0.3652495 -0.09860533 0.9202996 -0.363129 0.1455545 0.9073467 -0.3580144 0.2203354 0.8642568 -0.341026 0.3698127 0.5879732 -0.2320029 0.774895 0.8633428 -0.5046182 0 0.875657 -0.4829337 0 0.8851045 -0.4653924 0 0.8931098 -0.4498389 0 0.9004813 -0.4348948 0 0.9078089 -0.4193844 0 0.9156693 -0.4019325 0 0.9248086 -0.3804327 0 -0.8552197 0.5181156 0.01247334 -0.8546563 0.5177727 0.03839212 -0.8533333 0.516972 0.06754463 -0.8507034 0.5153785 0.1033867 0.8452814 -0.5120906 -0.1525211 0.8322409 -0.504194 -0.2305727 0.7892545 -0.4781512 -0.3852906 0.5250372 -0.3180803 -0.7894054 -0.8552196 0.518116 -0.01247352 -0.8546566 0.5177725 -0.03839266 -0.8533318 0.5169743 -0.06754541 0.850716 -0.515357 0.10339 0.8452804 -0.5120909 0.1525253 0.832244 -0.5041893 0.2305714 0.7892547 -0.4781519 0.3852891 0.5250509 -0.3180678 0.7894013 0.7551773 -0.6555206 0 0.7731751 -0.6341928 0 0.7870975 -0.6168287 0 0.7989779 -0.6013604 0 0.8099878 -0.5864468 0 0.8210116 -0.5709117 0 0.832933 -0.5533741 0 0.8469361 -0.5316949 0 -0.7434133 0.6687019 0.01321196 -0.7428628 0.6682077 0.04066234 -0.741572 0.6670498 0.07152444 0.7389949 -0.6647628 -0.1094399 0.7337377 -0.6600013 -0.1613296 0.7211124 -0.6486406 -0.2434386 0.6799521 -0.6116188 -0.40446 0.4399879 -0.3957718 -0.8060865 -0.7434104 0.6687051 -0.01321172 -0.7428628 0.6682076 -0.04066205 -0.7415755 0.6670459 -0.07152402 -0.7390127 0.6647434 -0.1094375 0.7337265 -0.6600149 0.161325 0.7211065 -0.6486469 0.2434394 0.679952 -0.6116182 0.4044608 0.4400042 -0.3957586 0.8060842 0.6024877 -0.7981282 0 0.6272989 -0.7787786 0 0.6466497 -0.7627872 0 0.6632632 -0.7483863 0 0.6787541 -0.7343657 0 0.6943576 -0.7196302 0 0.7113307 -0.7028576 0 0.7314177 -0.6819298 0 -0.586417 0.809888 0.01402556 -0.5859273 0.8092134 0.04316186 -0.584782 0.8076315 0.07590389 -0.5825095 0.8044913 0.1160881 0.577838 -0.7980405 -0.1709814 0.5667034 -0.7826625 -0.2574624 0.530879 -0.7331862 -0.4249772 0.3335878 -0.4607125 -0.8224738 -0.5864179 0.8098874 -0.01402556 -0.5859291 0.8092121 -0.04316169 -0.5847798 0.8076331 -0.07590413 0.5825073 -0.8044931 0.1160874 0.577843 -0.7980373 0.1709795 0.5667089 -0.7826589 0.2574612 0.5308724 -0.7331904 0.4249781 0.3336051 -0.4606988 0.8224745 0.4004227 -0.9163306 0 0.43225 -0.9017539 0 0.4573372 -0.8892934 0 0.4790723 -0.8777754 0 0.4994913 -0.866319 0 0.5202144 -0.8540357 0 0.5429317 -0.8397769 0 0.5700581 -0.8216045 0 -0.3800446 0.9248504 0.0147615 -0.3796938 0.9239966 0.04541969 -0.37887 0.9219978 0.07985979 0.3772544 -0.9180275 -0.1220851 0.3739027 -0.9098997 -0.1796646 0.36597 -0.8905982 -0.2700013 0.3407607 -0.8292482 -0.442978 0.2087315 -0.507951 -0.8357135 -0.3800429 0.9248512 -0.01476055 -0.3796941 0.9239965 -0.04542046 -0.3788741 0.9219962 -0.07985883 -0.3772363 0.9180347 -0.1220875 0.3738974 -0.9099013 0.1796675 0.365969 -0.8905985 0.2700019 0.3407611 -0.8292486 0.442977 0.208696 -0.5079415 0.8357282 0.1555187 -0.987833 0 0.1924201 -0.9813127 0 0.2219506 -0.9750579 0 0.2478388 -0.9688013 0 0.272434 -0.9621745 0 0.2976506 -0.954675 0 0.3256085 -0.9455048 0 0.3594041 -0.9331821 0 -0.1322351 0.9911018 0.0152105 -0.1321054 0.9901303 0.04680043 -0.1318014 0.9878559 0.08227509 -0.1312084 0.9833474 0.1257476 0.1299453 -0.9741181 -0.1849544 0.1270458 -0.9522588 -0.2776013 0.11785 -0.8833143 -0.453726 0.07110691 -0.5329511 -0.843153 -0.1322336 0.9911019 -0.01521086 -0.1321042 0.9901304 -0.04680031 -0.1318094 0.9878547 -0.08227676 0.1311875 -0.9833503 0.1257462 0.1299665 -0.974116 0.184951 0.1270503 -0.9522585 0.2776005 0.1178519 -0.8833148 0.4537245 0.07110786 -0.5329405 0.8431597 -0.1088472 -0.9940585 0 -0.07113325 -0.9974669 0 -0.04043906 -0.9991821 0 -0.01314139 -0.9999137 0 0.01314139 -0.9999137 0 0.04043906 -0.999182 0 0.07113325 -0.9974669 0 0.1088473 -0.9940586 0 0.1322343 0.9911018 0.01521086 0.1321048 0.9901303 0.04680013 0.1318098 0.9878546 0.08227699 -0.1311795 -0.9833513 -0.1257466 -0.1299629 -0.9741163 -0.1849521 -0.127048 -0.9522588 -0.2776005 -0.1178511 -0.883315 -0.4537245 -0.07110619 -0.5329526 -0.8431521 0.1322348 0.9911018 -0.01521056 0.1321063 0.9901301 -0.04680043 0.1318028 0.9878558 -0.08227479 0.1312044 0.9833478 -0.1257483 -0.1298914 -0.9741254 0.1849544 -0.1270399 -0.9522597 0.2776014 -0.1178477 -0.8833144 0.4537264 -0.07109689 -0.5329395 0.8431612 -0.3594041 -0.9331821 0 -0.3256085 -0.9455048 0 -0.2976503 -0.954675 0 -0.2724345 -0.9621744 0 -0.2478387 -0.9688014 0 -0.2219507 -0.9750579 0 -0.1924204 -0.9813126 0 -0.1555185 -0.987833 0 0.380043 0.9248511 0.01476061 0.3796918 0.9239974 0.04542046 0.3788722 0.921997 0.07985925 0.3772407 0.9180329 0.1220867 -0.3739215 -0.9098913 -0.1796681 -0.3659707 -0.8905978 -0.2700018 -0.3407607 -0.8292486 -0.4429774 -0.2087289 -0.5079495 -0.835715 0.3800429 0.9248511 -0.0147615 0.3796883 0.9239988 -0.04541987 0.3788743 0.9219962 -0.07985931 -0.3772441 -0.9180314 0.1220871 -0.3739075 -0.909898 0.1796635 -0.3659796 -0.8905947 0.2700002 -0.3407593 -0.8292488 0.4429783 -0.2087616 -0.5079361 0.835715 -0.5700556 -0.8216063 0 -0.5429347 -0.839775 0 -0.5202126 -0.8540368 0 -0.4994902 -0.8663195 0 -0.479071 -0.8777763 0 -0.4573392 -0.8892923 0 -0.4322499 -0.901754 0 -0.4004247 -0.9163297 0 0.5864164 0.8098883 0.01402562 0.5859279 0.809213 0.04316169 0.5847845 0.8076297 0.07590436 -0.5824833 -0.8045106 -0.1160858 -0.5778374 -0.7980411 -0.1709811 -0.5667027 -0.7826626 -0.2574632 -0.5308784 -0.733187 -0.4249764 -0.333589 -0.4607129 -0.8224732 0.5864157 0.8098889 -0.01402556 0.5859272 0.8092136 -0.04316186 0.5847839 0.8076303 -0.07590347 0.5825081 0.8044921 -0.1160893 -0.5778443 -0.7980362 0.1709799 -0.5667098 -0.7826582 0.2574611 -0.530884 -0.7331836 0.4249753 -0.3335611 -0.4607056 0.8224885 -0.7314191 -0.6819283 0 -0.7113307 -0.7028576 0 -0.6943564 -0.7196313 0 -0.6787552 -0.7343646 0 -0.663262 -0.7483873 0 -0.6466497 -0.7627872 0 -0.6272989 -0.7787786 0 -0.6024877 -0.7981282 0 0.743413 0.6687022 0.01321166 0.7428624 0.6682082 0.04066205 0.7415739 0.6670476 0.07152444 0.7390102 0.6647462 0.1094375 -0.7337331 -0.6600067 -0.1613287 -0.7211115 -0.6486418 -0.2434382 -0.6799517 -0.6116183 -0.4044612 -0.4399889 -0.3957718 -0.8060859 0.7434101 0.6687054 -0.01321202 0.7428636 0.6682068 -0.04066234 0.7415756 0.6670458 -0.07152372 -0.7389845 -0.664774 0.1094417 -0.7337402 -0.6599988 0.1613283 -0.7211102 -0.6486429 0.2434391 -0.6799589 -0.6116134 0.4044564 -0.4399794 -0.3957632 0.8060954 -0.8469347 -0.5316969 0 -0.832934 -0.5533724 0 -0.8210137 -0.5709086 0 -0.8099878 -0.5864468 0 -0.7989779 -0.6013604 0 -0.7870986 -0.6168273 0 -0.7731744 -0.6341935 0 -0.7551773 -0.6555206 0 0.85522 0.5181153 0.01247358 0.8546562 0.5177729 0.03839266 0.8533347 0.5169696 0.06754511 -0.8507192 -0.5153519 -0.103389 -0.8452797 -0.5120916 -0.1525266 -0.8322402 -0.5041944 -0.2305738 -0.789254 -0.4781528 -0.3852899 -0.525036 -0.3180799 -0.7894063 0.855219 0.5181166 -0.01247334 0.8546555 0.5177742 -0.03839236 0.8533344 0.5169704 -0.06754416 0.8507055 0.5153752 -0.1033865 -0.8453099 -0.5120465 0.1525112 -0.8322346 -0.5042025 0.2305765 -0.7892511 -0.4781544 0.3852936 -0.5250484 -0.3180688 0.7894026 -0.9248077 -0.3804349 0 -0.9156693 -0.4019325 0 -0.9078097 -0.4193825 0 -0.9004805 -0.4348965 0 -0.8931098 -0.4498389 0 -0.8851045 -0.4653924 0 -0.875656 -0.4829356 0 -0.8633438 -0.5046161 0 0.9301398 0.3670132 0.01189106 0.9295819 0.3667938 0.0366016 0.9282749 0.3662761 0.06440228 0.9256708 0.3652544 0.09860527 -0.9202995 -0.3631289 -0.1455554 -0.9073446 -0.3580189 -0.2203371 -0.864263 -0.3410186 -0.3698052 -0.5879875 -0.2320066 -0.774883 0.930139 0.3670151 -0.01189136 0.9295839 0.3667893 -0.03660124 0.9282739 0.3662784 -0.06440258 -0.9256702 -0.3652552 0.09860807 -0.9202973 -0.3631342 0.145556 -0.9073467 -0.3580144 0.2203356 -0.864268 -0.3410135 0.3697985 -0.5879961 -0.2319983 0.7748791 -0.9727987 -0.2316523 0 -0.9675348 -0.2527379 0 -0.9629024 -0.2698503 0 -0.9585041 -0.2850785 0 -0.9540174 -0.2997515 0 -0.94908 -0.3150354 0 -0.943175 -0.3322967 0 -0.9353715 -0.3536666 0 0.9757683 0.2185044 0.01149654 0.9752218 0.2183809 0.03538817 0.973939 0.2180939 0.06227391 -0.9713807 -0.2175446 -0.09536314 -0.9661075 -0.2163454 -0.1408225 -0.9533624 -0.2134878 -0.2133619 -0.9107293 -0.2039414 -0.3591383 -0.6292845 -0.1409167 -0.7642929 0.9757685 0.2185034 -0.01149594 0.9752221 0.2183794 -0.03538846 0.9739392 0.2180929 -0.06227296 0.9713851 0.2175251 -0.0953623 -0.9661059 -0.2163538 0.1408207 -0.9533591 -0.2134975 0.2133667 -0.9107294 -0.2039411 0.3591377 -0.6292361 -0.1409189 0.7643323 -0.9963402 -0.08547693 0 -0.9943397 -0.1062487 0 -0.9923942 -0.1231008 0 -0.990422 -0.1380735 0 -0.9883044 -0.152494 0 -0.9858714 -0.1675046 0 -0.9828435 -0.1844417 0 -0.9786778 -0.2054014 0 0.9973036 0.0725122 0.01129853 0.996764 0.0724712 0.03477966 0.9954973 0.07238113 0.06120562 0.9929761 0.07219374 0.09373682 -0.9877609 -0.07183861 -0.1384478 -0.9751588 -0.07089728 -0.2098547 -0.9328826 -0.06782579 -0.3537371 -0.6496774 -0.04723614 -0.7587411 0.9973036 0.07251077 -0.01129901 0.9967637 0.07247406 -0.03477966 0.9954969 0.07238477 -0.06120771 -0.9929769 -0.07217615 0.09374314 -0.9877629 -0.0718156 0.1384453 -0.9751586 -0.07089948 0.209855 -0.9328848 -0.0678246 0.3537315 -0.6496855 -0.0472337 0.7587344 -0.9982246 0.0595631 0 -0.9992458 0.03883159 0 -0.9997568 0.0220524 0 -0.9999744 0.007161796 0 -0.9999744 -0.00716561 0 -0.9997571 -0.02204442 0 -0.9992457 -0.03883594 0 -0.9982246 -0.0595631 0 0.9973036 -0.07251095 0.01129901 0.9967638 -0.07247346 0.03477936 0.995497 -0.07238417 0.06120711 -0.9929774 0.07217305 -0.09373933 -0.9877629 0.07181525 -0.1384453 -0.9751589 0.07089895 -0.2098536 -0.9328827 0.06782555 -0.3537368 -0.6496789 0.04723536 -0.7587398 0.9973036 -0.07251209 -0.01129853 0.9967641 -0.07246965 -0.03477948 0.9954974 -0.0723806 -0.06120526 0.9929762 -0.0721935 -0.09373629 -0.9877618 0.0718379 0.1384415 -0.975159 0.07089704 0.209854 -0.9328817 0.06782621 0.3537392 -0.6496561 0.04723584 0.7587595 -0.9786767 0.2054065 0 -0.9828427 0.1844459 0 -0.9858713 0.1675044 0 -0.988305 0.1524907 0 -0.990422 0.1380732 0 -0.9923942 0.1231008 0 -0.9943391 0.1062532 0 -0.9963402 0.08547675 0 0.9757687 -0.2185024 0.01149588 0.9752219 -0.2183804 0.03538841 0.9739387 -0.2180954 0.06227385 0.9713853 -0.2175244 0.09536188 -0.966109 0.2163381 -0.1408238 -0.9533608 0.2134939 -0.2133627 -0.9107292 0.2039413 -0.3591381 -0.6292846 0.1409161 -0.7642928 0.9757682 -0.2185052 -0.0114966 0.9752208 -0.2183852 -0.03538852 0.9739384 -0.2180968 -0.06227326 -0.97138 0.2175492 0.09535872 -0.9661073 0.2163463 0.1408229 -0.9533644 0.2134831 0.2133575 -0.9107303 0.2039404 0.3591361 -0.6292969 0.1409105 0.7642837 -0.9353731 0.3536626 0 -0.9431738 0.3322998 0 -0.9490803 0.3150346 0 -0.9540179 0.29975 0 -0.958504 0.2850791 0 -0.9629021 0.2698508 0 -0.9675348 0.2527377 0 -0.9727977 0.2316563 0 0.9301396 -0.3670136 0.01189118 0.9295825 -0.3667925 0.03660154 0.9282745 -0.3662769 0.06440299 -0.925673 0.3652486 -0.09860545 -0.920299 0.3631302 -0.1455557 -0.9073449 0.3580173 -0.2203376 -0.864264 0.3410181 -0.3698033 -0.5879854 0.2320069 -0.7748845 0.9301393 -0.3670144 -0.01189106 0.9295821 -0.3667938 -0.03660184 0.9282757 -0.3662741 -0.06440186 0.9256725 -0.3652499 -0.09860509 -0.9203012 0.3631259 0.1455522 -0.9073463 0.3580159 0.2203348 -0.8642716 0.3410084 0.3697946 -0.5879411 0.232009 0.7749177 -0.8633428 0.5046182 0 -0.8756555 0.4829365 0 -0.8851047 0.465392 0 -0.8931108 0.4498369 0 -0.9004805 0.4348965 0 -0.907809 0.4193839 0 -0.9156698 0.4019314 0 -0.9248081 0.3804341 0 0.8552199 -0.5181154 0.01247316 0.8546567 -0.5177722 0.03839206 0.8533337 -0.5169715 0.06754446 0.8507052 -0.5153756 0.1033863 -0.8452955 0.512068 -0.1525186 -0.8322411 0.5041937 -0.2305721 -0.7892538 0.4781515 -0.3852917 -0.5250365 0.3180793 -0.7894063 0.8552199 -0.5181153 -0.01247358 0.8546546 -0.5177759 -0.03839236 0.8533353 -0.5169686 -0.06754642 -0.8507181 0.5153545 0.1033862 -0.8452809 0.5120899 0.152526 -0.832244 0.5041893 0.2305714 -0.7892517 0.4781566 0.3852899 -0.5250495 0.3180672 0.7894025 -0.7551788 0.655519 0 -0.7731735 0.6341946 0 -0.7870983 0.6168277 0 -0.7989788 0.6013594 0 -0.8099864 0.5864487 0 -0.8210113 0.5709121 0 -0.8329325 0.5533746 0 -0.8469361 0.5316949 0 0.7434135 -0.6687016 0.01321125 0.7428632 -0.6682072 0.04066193 0.7415707 -0.6670511 0.0715242 -0.7389777 0.6647813 -0.109443 -0.7337359 0.660004 -0.1613274 -0.7211109 0.648642 -0.2434393 -0.679952 0.6116175 -0.4044618 -0.4399911 0.3957732 -0.806084 0.7434101 -0.6687054 -0.01321166 0.7428628 -0.6682076 -0.04066294 0.7415764 -0.6670448 -0.0715245 0.739014 -0.6647421 -0.1094366 -0.7337059 0.6600385 0.1613227 -0.7211037 0.6486489 0.2434425 -0.6799691 0.6116045 0.4044526 -0.4400055 0.3957592 0.8060832 -0.6024903 0.7981263 0 -0.6272989 0.7787786 0 -0.6466484 0.7627882 0 -0.6632656 0.7483841 0 -0.6787529 0.7343668 0 -0.6943576 0.7196302 0 -0.7113319 0.7028564 0 -0.7314149 0.6819328 0 0.5864174 -0.8098877 0.01402664 0.5859258 -0.8092145 0.04316246 0.58478 -0.8076331 0.07590293 0.5825138 -0.8044881 0.1160894 -0.5778369 0.798041 -0.1709828 -0.5667024 0.7826634 -0.2574615 -0.530878 0.7331868 -0.4249774 -0.3335909 0.4607145 -0.8224715 0.5864151 -0.8098893 -0.01402574 0.5859289 -0.8092123 -0.04316157 0.5847851 -0.8076293 -0.0759043 -0.5824954 0.8045012 0.116091 -0.5778357 0.7980425 0.1709802 -0.5667204 0.7826511 0.2574594 -0.5308729 0.7331907 0.4249768 -0.3336051 0.4606991 0.8224743 -0.4004254 0.9163295 0 -0.4322494 0.9017542 0 -0.457337 0.8892936 0 -0.479074 0.8777745 0 -0.4994884 0.8663207 0 -0.5202167 0.8540344 0 -0.5429324 0.8397765 0 -0.57006 0.8216032 0 0.380046 -0.9248499 0.01476109 0.3796938 -0.9239966 0.04541873 0.3788748 -0.9219959 0.07985961 -0.3772544 0.9180275 -0.1220843 -0.3739067 0.9098983 -0.1796635 -0.3659689 0.8905987 -0.2700017 -0.34076 0.8292492 -0.4429768 -0.2087303 0.5079505 -0.8357141 0.3800457 -0.9248499 -0.01475977 0.379694 -0.9239964 -0.04542207 0.3788776 -0.9219949 -0.07985895 0.377247 -0.91803 -0.1220888 -0.373897 0.9099002 0.179674 -0.3659689 0.8905981 0.2700038 -0.3407614 0.8292484 0.442977 -0.2086963 0.507942 0.8357278 -0.1555216 0.9878326 0 -0.1924175 0.9813132 0 -0.2219551 0.9750569 0 -0.2478365 0.968802 0 -0.2724338 0.9621745 0 -0.2976508 0.9546748 0 -0.3256061 0.9455056 0 -0.3594093 0.93318 0 0.1322341 -0.9911019 0.01520925 0.1321045 -0.9901304 0.04680037 0.1318001 -0.987856 0.0822764 0.1312057 -0.9833475 0.1257491 -0.1299646 0.9741151 -0.1849566 -0.1270458 0.9522591 -0.2776005 -0.1178491 0.8833134 -0.453728 -0.07110691 0.5329573 -0.8431491 0.1322337 -0.9911019 -0.01521104 0.132103 -0.9901307 -0.04679924 0.1318081 -0.9878549 -0.08227562 -0.1311979 0.9833486 0.1257486 -0.1299549 0.9741177 0.1849502 -0.1270503 0.9522583 0.2776014 -0.1178519 0.8833144 0.4537253 -0.0711081 0.5329422 0.8431586 -1.20867e-7 0 -1 0.1322496 -0.9912165 0 -0.586475 -0.8099674 0 -0.743478 -0.6687605 0 -0.8552864 -0.5181556 0 -0.9302059 -0.3670384 0 -0.9758328 -0.2185188 0 -0.9973673 -0.0725159 0 -0.9973673 0.0725159 0 -0.9758327 0.2185193 0 -0.9302057 0.3670388 0 -0.8552859 0.5181565 0 -0.7434782 0.6687602 0 -0.5864742 0.8099681 0 -0.380086 0.9249512 0 -0.1322496 0.9912165 0 0.1322497 0.9912165 0 0.3800861 0.9249511 0 0.5864747 0.8099676 0 0.8552863 0.518156 0 0.9302057 0.367039 0 0.9758326 0.2185199 0 0.9973674 0.0725153 0 0.9973674 -0.0725153 0 0.9758328 -0.2185188 0 0.9302058 -0.3670386 0 0.8552858 -0.5181566 0 0.5864747 -0.8099677 0 0.3800873 -0.9249506 0 -0.3800873 -0.9249506 0 1.0887e-5 0 1 -3.2243e-5 0 1 -6.4486e-5 0 1 4.35488e-5 0 1 6.44862e-5 0 1 -3.22431e-5 0 1 -1.08871e-5 0 1 3.22431e-5 0 1 -4.35486e-5 0 1 -6.44862e-5 0 1 -3.86773e-6 0 1 3.86773e-6 0 1 -0.1322496 -0.9912165 0 0 0.9320747 -0.3622663 0.170011 0.9229346 -0.345381 -0.09475362 0.9606353 -0.2611548 -0.1541669 0.9701198 -0.1873502 -0.1747918 0.9381424 -0.2988929 0.09051811 0.9557982 -0.2797434 0.04621726 0.970249 -0.2376568 -0.08565092 0.9829114 -0.162939 0.00104469 0.9678049 -0.2516999 0.2035171 0.9476948 -0.2458768 0.1022229 0.9752925 -0.1958445 -0.005852639 0.9906955 -0.1359711 0.1847116 0.9650508 -0.1858999 0.2362769 0.9574883 -0.1654976 0.1695636 0.9765294 -0.132811 0.07593017 0.9921414 -0.09944921 0.04773211 0.9985579 -0.02457332 -0.06356185 0.9974443 -0.03263121 -0.05224287 0.9981766 -0.0302388 -0.02244114 0.9993566 -0.02798032 0.03807693 0.998708 -0.033652 -0.07003617 0.9967695 -0.0393151 -0.07272827 0.9966863 -0.03643083 -0.03719091 0.9987545 -0.03326153 -0.07739973 0.9951128 -0.06131869 -0.1257203 0.9904553 -0.05650568 -0.1052794 0.9931631 -0.05043405 -0.04832375 0.9977325 -0.04684972 -0.2481685 0.962673 -0.1080423 -0.2078253 0.9739487 -0.09073466 -0.1540601 0.9850912 -0.07655775 -0.03167462 0.9970172 -0.07038122 -0.01517003 0.9996342 -0.02239465 0.0228281 0.9991539 -0.03421127 0.1255499 0.9898042 -0.06726878 0.2416774 0.963454 -0.1155364 0.03179478 0.9990132 -0.03101247 0.02134031 0.9991422 -0.03549188 0.08733856 0.9946551 -0.05507439 0.2024787 0.9749097 -0.0924853 0.04573392 0.9984774 -0.03084409 0.05727958 0.9977303 -0.03540474 0.09204035 0.9945091 -0.04980355 0.1530893 0.9852462 -0.07650947 0.02737605 0.999233 -0.02800369 0.03871983 0.9986976 -0.03322619 0.04833501 0.9977326 -0.04683542 0.03167456 0.9970173 -0.07038116 0 0.9320759 0.3622631 -0.1700212 0.9229316 0.345384 0.09478378 0.9606331 0.2611514 0.1541582 0.9701217 0.1873482 0.174807 0.9381398 0.2988918 -0.09050387 0.9558002 0.2797409 -0.04620617 0.9702496 0.237657 0.08564645 0.9829118 0.1629393 -0.001013398 0.9678056 0.2516973 -0.2035077 0.9476969 0.2458762 -0.1022421 0.9752904 0.1958451 0.005849421 0.9906956 0.135971 -0.1846942 0.9650539 0.1859008 -0.2362847 0.9574864 0.1654973 -0.1695672 0.9765286 0.1328114 -0.07593727 0.992141 0.09944862 -0.04773259 0.9985579 0.02457201 0.06356287 0.9974442 0.03263115 0.05224359 0.9981765 0.03023874 0.02244102 0.9993566 0.02798026 -0.03807765 0.998708 0.03365355 0.07003736 0.9967695 0.03931361 0.07272738 0.9966862 0.03643238 0.03719079 0.9987545 0.03326165 0.07739716 0.9951131 0.06131684 0.1257246 0.9904547 0.0565055 0.1052702 0.993164 0.05043411 0.04832655 0.9977322 0.04685229 0.2481752 0.9626711 0.1080441 0.2078197 0.9739499 0.09073501 0.1540502 0.9850927 0.07655793 0.03167355 0.9970172 0.07038122 0.01517057 0.9996342 0.022394 -0.02283012 0.9991538 0.03421199 -0.1255561 0.9898034 0.06726765 -0.2416775 0.963454 0.1155363 -0.03179639 0.9990131 0.03101372 -0.02133834 0.9991422 0.0354911 -0.08733576 0.9946554 0.05507451 -0.2024776 0.9749098 0.09248667 -0.04573571 0.9984773 0.03084403 -0.05727732 0.9977304 0.03540402 -0.09203916 0.9945092 0.04980349 -0.1530748 0.9852485 0.07650989 -0.02737528 0.999233 0.02800363 -0.03871953 0.9986976 0.03322631 -0.04833787 0.9977326 0.04683291 -0.03167349 0.9970173 0.07038116 0.2429956 0.9018009 -0.3573633 0.3981942 0.8539823 -0.3348964 0.1603301 0.952162 -0.2601578 0.1054747 0.9765095 -0.1878942 0.07692646 0.9506487 -0.3005821 0.3332549 0.9024215 -0.2730869 0.295826 0.9263927 -0.2329885 0.1748188 0.9711702 -0.1620704 0.2530254 0.9351318 -0.2480053 0.4344049 0.8688885 -0.2373293 0.3487833 0.9175755 -0.190802 0.2523542 0.9583134 -0.1339887 0.4214857 0.8888669 -0.1796264 0.4661493 0.8702756 -0.1591393 0.4104818 0.9027752 -0.1284592 0.3287165 0.939424 -0.09709817 0.3042516 0.9522877 -0.02406263 0.1996254 0.9793377 -0.03236502 0.2105249 0.9771296 -0.0299521 0.2389568 0.9706375 -0.02761518 0.2953302 0.9548256 -0.03298825 0.1932991 0.9803636 -0.03902161 0.190697 0.9809824 -0.03617012 0.2249125 0.9738239 -0.03288513 0.1858559 0.9806868 -0.06091797 0.1383448 0.9887734 -0.05646228 0.1586954 0.9860469 -0.05027323 0.2141399 0.975701 -0.04638534 0.01116412 0.9939147 -0.1095857 0.0540536 0.9943295 -0.09158146 0.109543 0.9910135 -0.07676392 0.2296598 0.970783 -0.06954711 0.2458553 0.969055 -0.02208501 0.2812812 0.9590373 -0.03359436 0.3736487 0.9252668 -0.06533235 0.4723455 0.874396 -0.111002 0.2895823 0.9566696 -0.03042137 0.2798735 0.9594039 -0.03485798 0.339832 0.938952 -0.05369895 0.4398151 0.893652 -0.08915698 0.3023837 0.9527075 -0.03020846 0.312898 0.9491551 -0.03463357 0.3441166 0.9376717 -0.04853689 0.3975991 0.9145621 -0.07410305 0.285527 0.9579766 -0.02748334 0.295925 0.9546558 -0.03256916 0.304599 0.9513761 -0.04585868 0.2889835 0.9548411 -0.06904578 0.2430004 0.901801 0.3573595 0.07755076 0.9345785 0.3472017 0.3383503 0.9058741 0.2547768 0.3949846 0.9005681 0.1815608 0.4061483 0.8667449 0.2894769 0.1631643 0.9464589 0.2785553 0.2091022 0.9491391 0.235396 0.3354055 0.9285629 0.1589785 0.2510819 0.9356413 0.2480592 0.05131447 0.9673802 0.2480773 0.1569665 0.9681195 0.1952083 0.2633023 0.9553884 0.1338098 0.07440316 0.9795151 0.1871212 0.02156478 0.9856155 0.1676218 0.09220272 0.9867602 0.1334279 0.1864765 0.9774804 0.09878605 0.2148991 0.9763333 0.02432626 0.3186084 0.9473497 0.03189665 0.3083483 0.9508131 0.02959692 0.2809668 0.9593242 0.02747619 0.2240717 0.9740044 0.0332778 0.3244152 0.945135 0.03840363 0.3268916 0.944392 0.03557682 0.2945348 0.9550844 0.03260707 0.3307969 0.9418019 0.05985569 0.3739523 0.9258231 0.05487561 0.3559342 0.9332212 0.04908269 0.3045852 0.9513797 0.04587715 0.4779812 0.872223 0.1037361 0.4443961 0.8915543 0.08742564 0.3984426 0.9141918 0.07414203 0.2890002 0.954836 0.06904613 0.2742608 0.9614036 0.02200734 0.2385387 0.9705456 0.03377228 0.1383369 0.9881017 0.06721568 0.01779901 0.9929614 0.1170936 0.2300711 0.9726912 0.03064429 0.2399435 0.9701548 0.03502708 0.1762543 0.9828195 0.05477565 0.05957049 0.9938558 0.09328472 0.2167579 0.9757481 0.03052544 0.205631 0.9780004 0.03508889 0.1717224 0.9838978 0.04956465 0.1105401 0.9909072 0.07670599 0.2342844 0.9717748 0.02765369 0.223454 0.9741605 0.03285735 0.2141262 0.9757047 0.04637044 0.2296531 0.9707845 0.06954813 0.4593973 0.8187348 -0.3444233 0.587381 0.743695 -0.3192201 0.3963145 0.8828073 -0.2521632 0.3520739 0.9179117 -0.1829817 0.319438 0.9008737 -0.2939149 0.5402866 0.7999851 -0.260987 0.5123135 0.8293088 -0.2231184 0.4139713 0.8966983 -0.1567167 0.476055 0.8464932 -0.2383712 0.6224215 0.7495592 -0.2252832 0.5573329 0.8101175 -0.1819056 0.4807275 0.867385 -0.1286247 0.615229 0.7696992 -0.1704601 0.6504834 0.7444318 -0.1506407 0.6084619 0.7841637 -0.1219077 0.5443477 0.8337305 -0.09262329 0.5255343 0.8504617 -0.02298909 0.4382701 0.8983017 -0.03120112 0.4475654 0.893786 -0.02884548 0.4715506 0.88144 -0.0265277 0.5181881 0.854685 -0.03154069 0.4328171 0.9006957 -0.03764128 0.4306167 0.9018598 -0.03490191 0.4597105 0.8875055 -0.03163158 0.4261833 0.9027232 -0.05881005 0.3850557 0.9212672 -0.05476355 0.4028828 0.9139572 -0.04866063 0.4504747 0.8916714 -0.04466032 0.269087 0.9570676 -0.1077682 0.3090552 0.9468116 -0.08962631 0.3593165 0.9302231 -0.07467728 0.4632579 0.8836971 -0.06687074 0.4773581 0.878453 -0.02120214 0.506649 0.8615525 -0.0321564 0.5808839 0.8116133 -0.06211155 0.6567237 0.7467876 -0.104987 0.5134971 0.8575979 -0.02909964 0.505489 0.8621877 -0.03336882 0.5540702 0.830896 -0.05116909 0.6322506 0.7701482 -0.08444559 0.5239765 0.8512434 -0.02886545 0.532495 0.8457871 -0.03306645 0.5575622 0.8288466 -0.04623633 0.5996462 0.7971674 -0.07034713 0.5101924 0.8596583 -0.02629554 0.5186876 0.8543968 -0.0311374 0.5256413 0.8495773 -0.04381573 0.5125578 0.8561082 -0.06605529 0.4593911 0.8187392 0.3444214 0.316073 0.885843 0.3396763 0.5455578 0.8019728 0.2433236 0.594401 0.785435 0.1725672 0.5971059 0.7533707 0.2754945 0.3975505 0.8769602 0.2699899 0.4397571 0.8689383 0.2270686 0.5479 0.8226829 0.1516528 0.4744312 0.8473808 0.2384552 0.2998509 0.9224943 0.2430924 0.3970795 0.8980849 0.1891337 0.4898428 0.8623132 0.1283352 0.3241911 0.928157 0.1828245 0.2767192 0.9467325 0.1646938 0.342375 0.9305163 0.1300724 0.4259772 0.899692 0.09538215 0.4513108 0.8920595 0.02341759 0.5371476 0.8429389 0.0304417 0.528836 0.8482532 0.0282666 0.5064393 0.8618746 0.02629864 0.4589928 0.8878632 0.03201055 0.541797 0.8397107 0.03663462 0.5438224 0.8385141 0.03393179 0.5175384 0.8550918 0.03117835 0.5467155 0.8353711 0.05707538 0.5812731 0.8120344 0.05217015 0.567008 0.8223865 0.04671663 0.5256272 0.8495852 0.0438317 0.6611927 0.7437766 0.09808498 0.6358125 0.7673912 0.08278459 0.6003092 0.7966653 0.07037943 0.5125584 0.8561078 0.06605499 0.5009452 0.8652223 0.02107703 0.4711564 0.8814529 0.03244125 0.3848858 0.9206588 0.0651952 0.2750582 0.9545168 0.1150683 0.4640699 0.8853086 0.02946013 0.4723209 0.8807843 0.03364598 0.4180104 0.9068989 0.05293095 0.3140347 0.945017 0.09124177 0.4528477 0.8911036 0.02938306 0.443367 0.8957024 0.03380972 0.4141731 0.9089362 0.04791414 0.360203 0.9298852 0.07461607 0.4676291 0.8835253 0.0265749 0.4584845 0.8881403 0.0316087 0.4504615 0.8916791 0.04464459 0.4632651 0.8836931 0.06687414 0.6340732 0.7005192 -0.3274507 0.7318217 0.6107526 -0.3023547 0.5918308 0.769525 -0.2399325 0.5603123 0.8097136 -0.1743963 0.5276632 0.8015337 -0.2812744 0.7013465 0.668691 -0.2469119 0.6826288 0.6996213 -0.2110638 0.6102589 0.7781137 -0.1487392 0.6543507 0.721675 -0.2258549 0.7635954 0.6096351 -0.2127614 0.7181781 0.6743347 -0.1717354 0.6626323 0.7390021 -0.1216328 0.7610201 0.6284871 -0.1607866 0.7871523 0.6001767 -0.1420542 0.757795 0.6422969 -0.1148987 0.7114015 0.6973345 -0.08736401 0.6982887 0.7154876 -0.02168858 0.6318509 0.7745267 -0.02954691 0.6390353 0.7686927 -0.02730304 0.6574507 0.75308 -0.02508193 0.6927203 0.720592 -0.02976167 0.6275771 0.7777376 -0.03565394 0.625897 0.7792047 -0.03306412 0.648357 0.7607485 -0.02991932 0.6222029 0.7808699 -0.05573207 0.5900506 0.8056883 -0.05202555 0.6041454 0.7955355 -0.04617208 0.6411411 0.7662583 -0.04226613 0.495364 0.8625233 -0.1032873 0.5285809 0.8445546 -0.08561527 0.5693483 0.8190189 -0.07106912 0.6506866 0.7567071 -0.06325584 0.6619086 0.7493167 -0.02003866 0.6840458 0.7288072 -0.03035682 0.7389287 0.671237 -0.05852591 0.793009 0.6011221 -0.09893995 0.6892157 0.7240356 -0.02746295 0.6831559 0.7295929 -0.03150022 0.7192962 0.6930266 -0.04824024 0.7759084 0.6258097 -0.07955145 0.6970807 0.7164754 -0.02723371 0.7034215 0.7100884 -0.03118789 0.7219405 0.6905813 -0.04358136 0.7525339 0.6552105 -0.06627261 0.6867459 0.7264738 -0.02481949 0.693097 0.7202453 -0.02938228 0.6982101 0.7146985 -0.0413382 0.6880994 0.7229321 -0.06235772 0.6340745 0.7005198 0.3274474 0.5213411 0.7888448 0.325465 0.7063439 0.6694374 0.2300694 0.7458023 0.645969 0.1627976 0.7421781 0.6174824 0.260552 0.591664 0.7641342 0.256968 0.6271381 0.7485193 0.2154455 0.7123739 0.6870499 0.1431291 0.6530969 0.7227793 0.2259525 0.5149961 0.8249846 0.2327654 0.5957151 0.7828214 0.1797618 0.6695631 0.7327814 0.1213124 0.5378823 0.8247426 0.1745918 0.4998362 0.8516185 0.1578285 0.5544769 0.8229113 0.1239853 0.6213889 0.7782689 0.09040641 0.6419526 0.7664242 0.022161 0.7069188 0.706712 0.02870833 0.7007173 0.7129406 0.02666491 0.6839181 0.7291363 0.0248273 0.6478066 0.7612028 0.03027892 0.7103309 0.7030199 0.03454387 0.7118566 0.7015959 0.03199416 0.6922389 0.7210685 0.02942144 0.7137627 0.6983171 0.05381685 0.739353 0.6715217 0.04915261 0.7289181 0.6831837 0.04402607 0.6981963 0.7147111 0.04135221 0.7963643 0.5977124 0.09243285 0.7785179 0.6227586 0.07798546 0.7530131 0.6546565 0.06630438 0.6880953 0.722936 0.06235742 0.6798055 0.7331224 0.01990199 0.6571058 0.7531741 0.030671 0.5897738 0.8051898 0.06193834 0.5001083 0.8589171 0.1102412 0.6517087 0.7579576 0.02786135 0.6579877 0.7523565 0.03180909 0.6159178 0.7862105 0.05018204 0.5325981 0.8418717 0.08712738 0.6430976 0.7652795 0.02780306 0.6357674 0.7712169 0.03200763 0.612986 0.7887865 0.04543399 0.5700477 0.8185376 0.07100719 0.6544554 0.7556831 0.02512967 0.6474193 0.7615473 0.02990049 0.6411307 0.7662679 0.0422514 0.6506952 0.7567 0.06325471 0.7648132 0.5645874 -0.3103258 0.835214 0.4689478 -0.2872378 0.7405862 0.6325679 -0.2266938 0.7206931 0.6734277 -0.1646105 0.6906065 0.6724064 -0.2663311 0.8183047 0.525132 -0.2336965 0.8072873 0.5554443 -0.1994214 0.7582468 0.6367052 -0.1402444 0.7864498 0.5796331 -0.2133594 0.8631761 0.4628189 -0.2018064 0.8340527 0.5272736 -0.1622921 0.7967603 0.5933169 -0.1146646 0.8640171 0.4798917 -0.1522445 0.8824671 0.4506742 -0.1347019 0.8634617 0.4925697 -0.1086691 0.8320579 0.5485326 -0.08241194 0.8237236 0.5666231 -0.02043986 0.776353 0.6296842 -0.0278241 0.7815486 0.6233144 -0.02571183 0.7947548 0.606471 -0.02362096 0.8197555 0.5720266 -0.02804893 0.7732257 0.6332415 -0.03357881 0.7720347 0.6348173 -0.03113704 0.7882177 0.6147511 -0.02817815 0.7691308 0.636932 -0.05249172 0.7457829 0.6643837 -0.04901248 0.756137 0.6529667 -0.0434904 0.7829358 0.6208278 -0.03980588 0.6744165 0.7318733 -0.0975902 0.699788 0.7097679 -0.08078527 0.730303 0.6798315 -0.06698298 0.789524 0.6108207 -0.05958169 0.7979639 0.6024099 -0.01887375 0.8136227 0.5806893 -0.02860289 0.8517207 0.5210745 -0.05525672 0.8877947 0.4505842 -0.09378015 0.8172963 0.5756363 -0.02587914 0.8129855 0.5815271 -0.02968204 0.8382183 0.5434333 -0.04550194 0.876701 0.4751081 -0.07528442 0.8228448 0.5676864 -0.02566736 0.8272756 0.5610265 -0.029401 0.8401129 0.5408512 -0.04111409 0.860973 0.5047819 -0.06261748 0.8155703 0.5781853 -0.02338719 0.8200214 0.5716627 -0.02768933 0.8235231 0.5659432 -0.03896462 0.8161382 0.5748606 -0.05876827 0.7648167 0.5645862 0.3103189 0.6825496 0.662474 0.3086329 0.8228263 0.524953 0.2176719 0.8535249 0.4977692 0.154017 0.8455256 0.4732455 0.2472354 0.7394252 0.6278909 0.2429064 0.7675272 0.6078842 0.2034185 0.8311403 0.5393896 0.1351469 0.7855514 0.5808164 0.2134511 0.6841378 0.6953158 0.2202077 0.7464623 0.6434501 0.1696054 0.8017047 0.5866755 0.1143747 0.7040436 0.6907511 0.1648803 0.676147 0.7215045 0.1491864 0.718131 0.6860101 0.1169532 0.7679531 0.6348174 0.08517593 0.7836696 0.6208273 0.02087008 0.8297444 0.557487 0.02706503 0.8254059 0.5639801 0.02513331 0.8135746 0.58099 0.02339154 0.7878198 0.6152453 0.02851641 0.8320917 0.553681 0.03257119 0.8331772 0.5521826 0.03016877 0.819415 0.5725297 0.02772617 0.8342864 0.54899 0.05075699 0.8521373 0.5212571 0.04640406 0.84496 0.5332134 0.04154413 0.8235124 0.5659577 0.03897786 0.8902153 0.4470325 0.08762776 0.8785013 0.4720031 0.07381433 0.8613049 0.5042114 0.06264752 0.8161407 0.5748572 0.05876719 0.8106829 0.5851853 0.01874881 0.7944744 0.6066103 0.02888798 0.7454515 0.6640007 0.05835473 0.6778379 0.7277978 0.1041452 0.7906371 0.6117228 0.02623945 0.7950949 0.6057447 0.02995944 0.7646454 0.6427158 0.04726421 0.7027527 0.7066692 0.08220368 0.7844581 0.6196291 0.02618354 0.7791572 0.6261034 0.0301429 0.7625682 0.6454909 0.04279196 0.7308196 0.6792818 0.06692463 0.7926124 0.6092663 0.02366739 0.7875462 0.6156121 0.02815914 0.7829267 0.6208401 0.03979122 0.7895272 0.6108164 0.05958443 0.8567475 0.4225938 -0.2956318 0.9044435 0.3257295 -0.2754678 0.8466777 0.4868205 -0.2148088 0.836108 0.5260496 -0.155549 0.8095049 0.5302097 -0.2521501 0.8981512 0.3789601 -0.2229661 0.8931452 0.4077723 -0.1897723 0.8629303 0.4875862 -0.1327062 0.8785085 0.4325746 -0.2027364 0.9288331 0.315979 -0.193459 0.912602 0.3784514 -0.1547003 0.8898641 0.4430752 -0.1087495 0.9322114 0.3312999 -0.1456792 0.9444822 0.3020887 -0.1292119 0.9336445 0.3428192 -0.1038419 0.9141373 0.3977535 -0.07839179 0.9095447 0.4151524 -0.01941519 0.8777185 0.4784533 -0.02632081 0.8812607 0.4720039 -0.02433139 0.8901975 0.4550248 -0.02237659 0.9068695 0.4205694 -0.0266292 0.8755456 0.4820907 -0.03175824 0.8747556 0.4836686 -0.02944731 0.8857567 0.4633826 -0.0266782 0.8725436 0.4860079 -0.0496394 0.8565805 0.5139336 -0.04628461 0.8637617 0.5022224 -0.04109156 0.8820842 0.4695827 -0.03767615 0.8057752 0.585034 -0.09198725 0.8240439 0.5613812 -0.076177 0.8456088 0.5300459 -0.06322246 0.8862739 0.459711 -0.05643057 0.8923831 0.4509242 -0.01788282 0.9027909 0.4292229 -0.0271399 0.9274572 0.370202 -0.05266702 0.9493054 0.3012137 -0.08994275 0.9052529 0.4241626 -0.02456426 0.9023591 0.430064 -0.02816241 0.9188361 0.3922577 -0.04329252 0.9429381 0.3250819 -0.07203954 0.9089295 0.4162367 -0.02437698 0.9118266 0.409624 -0.02793639 0.9201242 0.3896678 -0.03912442 0.9332672 0.354176 -0.05976408 0.9041224 0.4266971 -0.02219504 0.9070481 0.4202057 -0.02628946 0.9092586 0.4145832 -0.03701078 0.9041049 0.4236531 -0.05578893 0.85675 0.4225921 0.2956274 0.8006659 0.5228011 0.2925972 0.9021716 0.3781114 0.2076497 0.9254992 0.3489961 0.1471502 0.9144665 0.3280664 0.2369042 0.8448697 0.4828716 0.230283 0.8663562 0.4606528 0.1929402 0.9118909 0.3897394 0.1286783 0.8779002 0.4337723 0.2028122 0.80786 0.5514035 0.2081257 0.8536781 0.4954553 0.1604926 0.8931791 0.4364112 0.1085192 0.8244966 0.5440234 0.1557049 0.8054633 0.5756924 0.1407378 0.8360077 0.5374974 0.1103991 0.8711659 0.4843332 0.08057004 0.8827274 0.4694701 0.01975238 0.9134697 0.4060932 0.02572339 0.9106271 0.412539 0.02387624 0.9027942 0.4294999 0.0221951 0.885486 0.4638814 0.02699834 0.9149671 0.4023388 0.0309652 0.9157064 0.4008233 0.02868312 0.9066419 0.4210791 0.02632313 0.9161918 0.3978224 0.04827076 0.927859 0.3702993 0.0442273 0.9232779 0.3820907 0.03955841 0.9092526 0.4145951 0.03702503 0.9509736 0.2976272 0.08406805 0.9440972 0.3220077 0.07065194 0.9334772 0.3536168 0.05979573 0.9041085 0.4236455 0.05578792 0.9008979 0.4336668 0.01778519 0.8899724 0.4551929 0.02736449 0.856224 0.5136566 0.05511248 0.808033 0.5808991 0.09817862 0.8874029 0.4603248 0.02484774 0.8903824 0.454328 0.02838003 0.869548 0.491823 0.04468148 0.8261057 0.5581573 0.07752221 0.883231 0.468283 0.02478271 0.8796093 0.4748412 0.028521 0.8681806 0.4945974 0.04044771 0.8459694 0.5294772 0.0631659 0.8887544 0.4578353 0.02241557 0.8853036 0.4642487 0.02665907 0.8820779 0.4695957 0.03766185 0.8862745 0.45971 0.05642908 0.9167228 0.2803083 -0.2846869 0.9457845 0.1838941 -0.2677214 0.9176277 0.340172 -0.2055301 0.9142474 0.3770476 -0.1482803 0.8910763 0.3848662 -0.2405434 0.9480189 0.2341735 -0.21546 0.9477633 0.2613802 -0.1828256 0.9324089 0.3384001 -0.1268826 0.9381392 0.2862074 -0.1948854 0.9670924 0.1712911 -0.1881268 0.961263 0.2316036 -0.1494433 0.9500631 0.2940843 -0.1043778 0.9724929 0.1850979 -0.1414084 0.9797044 0.1560455 -0.1258142 0.9755046 0.1955957 -0.1006634 0.9655169 0.2491343 -0.07555967 0.9638653 0.2657349 -0.01867902 0.944364 0.3279372 -0.02517634 0.9465914 0.3215938 -0.02328562 0.9521465 0.3048886 -0.02144694 0.9622179 0.2710738 -0.0256083 0.9429498 0.3315474 -0.03036779 0.9424728 0.3330951 -0.02815431 0.9493698 0.3131199 -0.02555263 0.940832 0.3355346 -0.04745137 0.9307209 0.3630571 -0.0441389 0.9353874 0.3514428 -0.03922551 0.9469754 0.3192757 -0.03606623 0.8965213 0.4343181 -0.08727663 0.9090126 0.410434 -0.07238829 0.9233682 0.3791638 -0.0602163 0.9492905 0.3097161 -0.05406951 0.9535193 0.3008438 -0.01714771 0.9597719 0.2795676 -0.02607715 0.9737546 0.2218351 -0.05090391 0.9840985 0.1545335 -0.08757704 0.961272 0.2745881 -0.02361357 0.9595026 0.2803975 -0.02705764 0.9690272 0.2433995 -0.04174983 0.9815846 0.1777557 -0.06996208 0.9634637 0.2668108 -0.02345204 0.9651421 0.2603412 -0.0268929 0.9698358 0.2408204 -0.03773891 0.9768007 0.2061855 -0.05786126 0.9606145 0.2770648 -0.02133053 0.962327 0.2707173 -0.02528262 0.963519 0.2652603 -0.0356118 0.9601458 0.2743046 -0.05363756 0.9167245 0.2803072 0.2846828 0.8819385 0.3795938 0.2794513 0.9515981 0.232805 0.2006564 0.9688461 0.2025082 0.142575 0.9554846 0.1846297 0.2301329 0.9153785 0.3368817 0.2204381 0.9313869 0.3135321 0.1849765 0.9622775 0.2420927 0.1241498 0.9377685 0.2873874 0.1949329 0.8930006 0.4040961 0.1981325 0.9252791 0.3468933 0.1533741 0.9520826 0.2875359 0.1042203 0.9066815 0.3949148 0.1482268 0.8947614 0.4260708 0.133663 0.9159433 0.387297 0.105115 0.9393372 0.3342319 0.07703638 0.947542 0.3190717 0.01890766 0.9661285 0.2568703 0.0247718 0.9644715 0.2631859 0.02297842 0.959816 0.2798185 0.02132552 0.9491991 0.3136119 0.02585798 0.9669517 0.2532085 0.02983134 0.9674041 0.2517251 0.0276373 0.9620864 0.2715679 0.02531236 0.9674139 0.2488894 0.04652458 0.9741377 0.221875 0.04274654 0.9716309 0.2333992 0.03818744 0.9635165 0.2652673 0.03562545 0.9851461 0.1509352 0.08188819 0.9822233 0.1747181 0.06863635 0.9769159 0.20563 0.0578947 0.960148 0.2742974 0.05363547 0.9587026 0.283897 0.01708108 0.951966 0.3050783 0.02622926 0.9303599 0.3628605 0.05256134 0.8978716 0.430284 0.09317994 0.9504034 0.3101075 0.02380532 0.9522119 0.3042243 0.02720522 0.9390115 0.3412259 0.04268956 0.9103365 0.4072568 0.07368367 0.9478167 0.317932 0.02372705 0.9455254 0.3244028 0.02728855 0.938202 0.3439249 0.03863489 0.9236036 0.378598 0.06016737 0.9512585 0.3076459 0.02147996 0.949089 0.3139718 0.02553236 0.9469715 0.3192888 0.03605246 0.9492914 0.3097134 0.05406945 0.950385 0.1395523 -0.2780169 0.9634755 0.04357993 -0.2642267 0.9602363 0.1954424 -0.1993705 0.9625726 0.2300684 -0.143257 0.9423942 0.2406479 -0.2323398 0.9731113 0.09140253 -0.2114239 0.9768655 0.1172545 -0.1788443 0.9737126 0.1916747 -0.1230636 0.9714294 0.1420491 -0.1901237 0.9821532 0.028391 -0.1859277 0.9853463 0.08707225 -0.1466662 0.9837809 0.1477479 -0.1017147 0.9893723 0.04093074 -0.1395252 0.9921413 0.01184177 -0.1245613 0.9937801 0.05060487 -0.09919846 0.9919109 0.1031339 -0.07400155 0.992718 0.1190701 -0.01825851 0.983323 0.1802181 -0.02444159 0.9844896 0.1739783 -0.02262175 0.9872869 0.1575718 -0.02087408 0.9919224 0.124355 -0.0250172 0.982525 0.1837828 -0.02946978 0.9823043 0.185289 -0.0273174 0.9858678 0.1656725 -0.02484667 0.9811295 0.1877935 -0.04602968 0.9757321 0.2147656 -0.04269349 0.978369 0.2033497 -0.03798621 0.9845143 0.1717655 -0.03504663 0.9548162 0.2851295 -0.08382904 0.9626855 0.2614971 -0.06968617 0.9712884 0.2306895 -0.05814963 0.985306 0.1624982 -0.05259782 0.9879938 0.1535887 -0.01669567 0.9908286 0.1327072 -0.02545064 0.9958546 0.07597875 -0.05000942 0.9961851 0.009740889 -0.08672094 0.9915314 0.1278044 -0.02305948 0.9906929 0.1335305 -0.02640503 0.9944257 0.09717887 -0.04091477 0.9970791 0.03256374 -0.06908679 0.9924913 0.1201493 -0.02292138 0.9931557 0.1137976 -0.0263043 0.9948256 0.09462255 -0.03699529 0.9965376 0.06058067 -0.05694741 0.9912649 0.1302323 -0.02082449 0.9919753 0.1239959 -0.02469885 0.9923229 0.118673 -0.03481286 0.9904312 0.1276817 -0.05237954 0.950385 0.1395544 0.2780159 0.9331657 0.2371153 0.2701449 0.9763181 0.08958834 0.1969187 0.9883857 0.05817139 0.140392 0.9729261 0.04290294 0.2270995 0.9576523 0.1927127 0.2139256 0.969116 0.1686457 0.1799249 0.9878261 0.09690469 0.1216934 0.9712536 0.1432133 0.1901485 0.9470787 0.2580237 0.1909602 0.9683346 0.2005845 0.1486409 0.9847353 0.1413034 0.1016352 0.9582552 0.2476132 0.1429505 0.9519851 0.2778684 0.1285055 0.9656408 0.2392679 0.1014338 0.9795523 0.186791 0.07474267 0.9850132 0.1714978 0.01837289 0.9935957 0.1103637 0.02423876 0.9929277 0.1165761 0.02246743 0.9909055 0.132941 0.0208128 0.9857789 0.1661564 0.02514201 0.9938535 0.106783 0.02920091 0.9940716 0.1053065 0.02705848 0.9918696 0.1248342 0.02472573 0.9936764 0.1026217 0.045565 0.9962263 0.07595872 0.04199475 0.9954766 0.08730912 0.03746533 0.9923216 0.1186807 0.03482621 0.9966856 0.006100952 0.08112162 0.9972613 0.02954447 0.06780242 0.9965687 0.06002932 0.05698418 0.9904304 0.1276875 0.05237907 0.9904401 0.1369344 0.01666247 0.987145 0.1577758 0.02552694 0.9753699 0.2146365 0.05084025 0.9554452 0.2812612 0.08953624 0.986402 0.1627112 0.02315497 0.9872522 0.1569462 0.0264793 0.9802587 0.1933398 0.04138481 0.9634311 0.258391 0.0709567 0.9851076 0.1703859 0.02305883 0.9838978 0.1767565 0.02650183 0.9798957 0.1959657 0.03744286 0.9714208 0.2301424 0.05810451 0.9868502 0.1602814 0.02089905 0.985727 0.1665114 0.02482455 0.9845131 0.1717754 0.03503328 0.9853055 0.1625012 0.05259799 0.9612196 0 -0.2757843 0.9594166 -0.09630513 -0.2650383 0.9790921 0.05262994 -0.196491 0.9863723 0.0854178 -0.1406186 0.9687196 0.09835642 -0.2278339 0.9762054 -0.0503785 -0.2109147 0.9837217 -0.02554172 -0.1778744 0.9914947 0.0470854 -0.1213315 0.982065 -5.80609e-4 -0.1885418 0.9757244 -0.1141913 -0.186875 0.987616 -0.05640703 -0.1463998 0.9949017 0.00319451 -0.1008001 0.9848031 -0.1027212 -0.1400395 0.9832488 -0.1322185 -0.1254596 0.990617 -0.09373629 -0.09945565 0.9964123 -0.04155105 -0.07372885 0.9994962 -0.02603274 -0.01815724 0.9991068 0.03469222 -0.02412855 0.9993439 0.02850222 -0.0223487 0.9997118 0.0122323 -0.02066266 0.9994753 -0.02076202 -0.02486187 0.9988452 0.038244 -0.0290811 0.9988473 0.0397197 -0.02695149 0.9994924 0.02028238 -0.02457076 0.9980728 0.04230636 -0.04540026 0.9967367 0.06894832 -0.04197758 0.9976372 0.05763244 -0.03739851 0.9990523 0.02636605 -0.0346328 0.98696 0.1386495 -0.08177012 0.9909974 0.1152358 -0.06815338 0.9947647 0.08477312 -0.0570687 0.9984957 0.0172922 -0.05203324 0.9998292 0.008267939 -0.01653504 0.9996033 -0.01244622 -0.02526712 0.9963726 -0.06886875 -0.04998838 0.9869965 -0.1349214 -0.08737391 0.9995872 -0.01733869 -0.02290689 0.9995888 -0.01163268 -0.02621239 0.9980255 -0.04776 -0.04079312 0.991259 -0.1121903 -0.0694189 0.9994291 -0.02494537 -0.02279055 0.9991685 -0.03126382 -0.02617377 0.9980508 -0.05033349 -0.0368964 0.9948132 -0.08422976 -0.05702823 0.9996747 -0.01492398 -0.0206809 0.9994756 -0.02111709 -0.02454638 0.9990527 -0.02637177 -0.03461986 0.9984956 -0.01729464 -0.05203324 0.9612206 0 0.2757807 0.9594152 0.09631216 0.2650404 0.9790912 -0.05262875 0.1964965 0.986372 -0.08542203 0.1406183 0.9687179 -0.09836375 0.2278379 0.976208 0.05037307 0.2109041 0.9837216 0.02553695 0.1778759 0.9914949 -0.04708242 0.1213312 0.982066 5.79343e-4 0.1885367 0.9757246 0.1141887 0.1868752 0.9876154 0.05641067 0.1464024 0.9949018 -0.003198087 0.1007974 0.984804 0.1027154 0.1400377 0.9832482 0.1322206 0.1254616 0.9906167 0.09373909 0.09945601 0.9964126 0.04154765 0.07372903 0.9994964 0.0260303 0.018157 0.9991068 -0.03469139 0.02412825 0.9993439 -0.02850598 0.02234852 0.9997118 -0.01223218 0.02066248 0.9994754 0.02076226 0.02486211 0.9988453 -0.038244 0.02908104 0.9988473 -0.03972154 0.02695161 0.9994924 -0.02028125 0.0245707 0.9980728 -0.04230254 0.04540008 0.9967366 -0.0689491 0.04197758 0.9976372 -0.0576328 0.03739899 0.9990522 -0.02636647 0.03463315 0.98696 -0.1386504 0.08176922 0.9909974 -0.1152361 0.06815361 0.9947646 -0.08477318 0.05706983 0.9984958 -0.01728725 0.05203294 0.9998292 -0.008264243 0.01653498 0.9996032 0.01245039 0.02526712 0.9963726 0.06886851 0.04998826 0.9869962 0.1349238 0.08737289 0.9995873 0.01733481 0.02290672 0.9995889 0.01162844 0.02621245 0.9980255 0.04776024 0.04079347 0.9912592 0.112188 0.06941962 0.9994289 0.02494889 0.02279049 0.9991685 0.03126412 0.026174 0.9980508 0.05033308 0.03689634 0.9948131 0.0842303 0.05702829 0.9996748 0.01492398 0.02068096 0.9994757 0.02111685 0.02454626 0.9990525 0.02637231 0.0346207 0.9984958 0.01728475 0.05203324 0.9503846 -0.1395552 -0.2780175 0.9331674 -0.2371107 -0.2701432 0.9763181 -0.0895819 -0.196922 0.9883858 -0.05817461 -0.1403897 0.9729274 -0.04290735 -0.2270932 0.9576498 -0.1927163 -0.2139329 0.9691147 -0.1686527 -0.179925 0.9878265 -0.09689939 -0.1216933 0.9712529 -0.1432142 -0.190151 0.9470759 -0.2580322 -0.1909627 0.9683352 -0.2005819 -0.1486403 0.9847339 -0.1413115 -0.101638 0.9582526 -0.2476221 -0.142953 0.9519851 -0.2778684 -0.1285058 0.9656412 -0.2392665 -0.1014334 0.9795535 -0.1867853 -0.07474106 0.9850126 -0.1715012 -0.01837307 0.9935957 -0.110364 -0.02423882 0.9929274 -0.1165781 -0.02246761 0.9909055 -0.1329408 -0.02081269 0.9857792 -0.1661545 -0.02514171 0.9938534 -0.1067834 -0.02920114 0.9940714 -0.1053087 -0.0270583 0.9918697 -0.1248332 -0.02472597 0.9936762 -0.1026237 -0.04556554 0.9962263 -0.07595765 -0.04199469 0.9954767 -0.08730858 -0.03746521 0.9923218 -0.1186786 -0.03482574 0.9966855 -0.006103873 -0.08112311 0.9972613 -0.02954179 -0.06780278 0.9965686 -0.06003266 -0.05698341 0.9904311 -0.1276817 -0.0523796 0.9904399 -0.1369356 -0.01666265 0.9871456 -0.1577728 -0.02552694 0.9753693 -0.2146396 -0.05084013 0.9554465 -0.2812569 -0.08953553 0.9864019 -0.1627118 -0.02315533 0.9872527 -0.1569429 -0.02647918 0.9802594 -0.1933363 -0.04138487 0.9634315 -0.2583894 -0.07095587 0.9851074 -0.170387 -0.02305889 0.9838979 -0.1767558 -0.02650201 0.9798951 -0.1959689 -0.03744369 0.9714206 -0.2301432 -0.05810451 0.9868495 -0.1602852 -0.02089917 0.9857265 -0.1665145 -0.02482432 0.9845137 -0.1717722 -0.03503358 0.9853064 -0.1624959 -0.05259692 0.950384 -0.1395559 0.278019 0.9634765 -0.04357647 0.2642237 0.9602351 -0.1954451 0.1993732 0.9625713 -0.2300736 0.1432579 0.9423908 -0.2406557 0.2323454 0.9731143 -0.091398 0.2114123 0.9768646 -0.1172601 0.1788455 0.9737132 -0.191671 0.1230651 0.9714288 -0.1420515 0.1901253 0.9821535 -0.0283935 0.1859259 0.9853466 -0.08706742 0.1466681 0.9837807 -0.1477494 0.1017137 0.9893725 -0.04093015 0.1395241 0.9921412 -0.01184177 0.124562 0.9937801 -0.05060231 0.09919887 0.9919111 -0.1031319 0.07400232 0.992718 -0.1190701 0.01825845 0.9833233 -0.1802164 0.0244413 0.9844892 -0.1739816 0.02262151 0.987287 -0.1575716 0.02087402 0.9919224 -0.1243546 0.02501726 0.9825251 -0.1837826 0.02946996 0.9823042 -0.1852896 0.02731698 0.9858678 -0.1656724 0.02484667 0.9811298 -0.1877915 0.04602938 0.9757316 -0.2147677 0.04269361 0.9783691 -0.2033499 0.03798604 0.9845146 -0.1717642 0.03504675 0.9548151 -0.285133 0.0838294 0.9626868 -0.2614919 0.06968581 0.9712885 -0.2306894 0.05814874 0.9853056 -0.1625004 0.0525968 0.9879946 -0.1535844 0.01669573 0.9908285 -0.1327081 0.02545082 0.9958546 -0.07597869 0.05000972 0.9961851 -0.009737551 0.08672004 0.9915314 -0.1278038 0.02305936 0.9906933 -0.1335276 0.02640515 0.9944255 -0.09717947 0.04091483 0.997079 -0.03256428 0.06908768 0.9924913 -0.120149 0.02292126 0.9931556 -0.1137987 0.02630466 0.9948256 -0.0946232 0.03699535 0.9965378 -0.06057631 0.05694711 0.9912649 -0.1302314 0.02082437 0.9919757 -0.1239925 0.02469873 0.9923228 -0.1186744 0.03481328 0.9904302 -0.1276893 0.05237859 0.9167236 -0.2803056 -0.2846872 0.8819409 -0.3795883 -0.2794511 0.9515992 -0.2328003 -0.2006568 0.9688457 -0.2025117 -0.142573 0.9554865 -0.1846269 -0.2301267 0.915371 -0.3368947 -0.2204493 0.9313818 -0.3135448 -0.1849803 0.9622779 -0.242091 -0.12415 0.9377663 -0.2873921 -0.194936 0.8929986 -0.4041005 -0.1981325 0.9252792 -0.3468931 -0.153374 0.9520795 -0.2875452 -0.1042224 0.9066764 -0.3949254 -0.1482292 0.894765 -0.4260636 -0.1336614 0.9159421 -0.3872994 -0.1051161 0.93934 -0.3342245 -0.0770353 0.9475412 -0.3190738 -0.01890802 0.9661296 -0.2568659 -0.02477163 0.9644705 -0.2631896 -0.02297842 0.9598156 -0.2798204 -0.02132552 0.9491996 -0.3136105 -0.0258578 0.9669522 -0.2532069 -0.02983146 0.9674048 -0.2517225 -0.02763694 0.9620863 -0.2715684 -0.02531218 0.9674142 -0.2488882 -0.04652512 0.9741373 -0.2218769 -0.04274684 0.9716313 -0.2333975 -0.0381866 0.9635176 -0.265264 -0.03562557 0.9851457 -0.1509379 -0.08188933 0.9822236 -0.1747167 -0.06863683 0.9769163 -0.2056282 -0.0578944 0.9601479 -0.2742978 -0.05363607 0.9587018 -0.2838998 -0.01708137 0.9519665 -0.3050769 -0.02622926 0.9303604 -0.3628593 -0.05256092 0.897872 -0.430283 -0.09318017 0.9504036 -0.3101072 -0.02380537 0.9522125 -0.3042225 -0.02720475 0.9390127 -0.3412227 -0.04268926 0.9103375 -0.4072547 -0.07368397 0.9478163 -0.317933 -0.02372646 0.9455258 -0.3244014 -0.02728855 0.9382014 -0.3439266 -0.03863471 0.9236048 -0.3785951 -0.06016707 0.9512585 -0.3076458 -0.0214799 0.9490872 -0.3139774 -0.02553218 0.9469722 -0.3192867 -0.03605294 0.9492886 -0.3097223 -0.05407053 0.9167245 -0.2803072 0.2846828 0.9457861 -0.1838887 0.2677194 0.9176211 -0.3401861 0.2055363 0.9142456 -0.3770513 0.1482818 0.8910686 -0.3848797 0.2405506 0.9480219 -0.2341688 0.2154518 0.9477614 -0.2613854 0.1828281 0.9324126 -0.3383903 0.1268817 0.9381359 -0.2862174 0.1948862 0.9670904 -0.1712975 0.1881313 0.9612638 -0.2316011 0.1494424 0.9500644 -0.2940805 0.1043754 0.9724936 -0.1850959 0.1414063 0.9797046 -0.1560449 0.1258125 0.9755048 -0.1955952 0.1006625 0.9655184 -0.2491288 0.07555985 0.9638665 -0.2657304 0.01867866 0.9443652 -0.3279342 0.02517575 0.9465902 -0.3215975 0.0232858 0.9521465 -0.3048887 0.02144706 0.9622169 -0.2710773 0.02560859 0.9429491 -0.3315491 0.03036797 0.9424723 -0.3330967 0.02815419 0.9493698 -0.3131201 0.0255534 0.9408329 -0.3355324 0.0474509 0.9307206 -0.3630578 0.04413962 0.9353865 -0.3514447 0.03922551 0.9469739 -0.3192802 0.03606635 0.8965215 -0.4343178 0.08727633 0.909012 -0.4104351 0.07238912 0.9233673 -0.3791663 0.06021678 0.9492918 -0.3097118 0.05407124 0.9535197 -0.3008424 0.01714742 0.9597718 -0.2795679 0.02607733 0.9737542 -0.2218369 0.05090421 0.984099 -0.1545308 0.08757591 0.9612712 -0.2745909 0.02361363 0.9595016 -0.2804009 0.02705806 0.9690279 -0.2433969 0.04174989 0.9815835 -0.1777619 0.06996262 0.9634626 -0.2668147 0.02345192 0.9651415 -0.2603433 0.02689325 0.9698362 -0.2408185 0.03773903 0.9768012 -0.2061832 0.05786132 0.9606153 -0.2770624 0.02133047 0.9623273 -0.2707159 0.02528226 0.9635191 -0.2652602 0.03561168 0.9601475 -0.2742994 0.05363559 0.856747 -0.4225934 -0.2956339 0.8006626 -0.5228047 -0.2926 0.9021738 -0.3781063 -0.2076492 0.9254978 -0.3490001 -0.1471495 0.914469 -0.3280648 -0.2368969 0.8448604 -0.4828843 -0.2302906 0.866357 -0.4606522 -0.1929382 0.9118918 -0.3897379 -0.1286774 0.8778985 -0.433775 -0.2028147 0.8078535 -0.5514122 -0.2081286 0.8536809 -0.4954509 -0.1604909 0.8931733 -0.4364226 -0.1085212 0.8244846 -0.5440407 -0.1557077 0.8054698 -0.5756835 -0.1407369 0.8360072 -0.5374977 -0.1104001 0.8711737 -0.4843193 -0.08056932 0.8827284 -0.4694682 -0.01975178 0.9134699 -0.4060924 -0.02572417 0.9106281 -0.4125367 -0.02387648 0.9027945 -0.4294992 -0.02219539 0.8854858 -0.4638814 -0.02699804 0.9149672 -0.4023385 -0.03096503 0.9157053 -0.4008256 -0.02868318 0.9066435 -0.4210759 -0.02632278 0.9161919 -0.3978222 -0.04827147 0.9278584 -0.370301 -0.04422742 0.923278 -0.3820903 -0.03955805 0.9092552 -0.4145891 -0.03702408 0.950973 -0.2976289 -0.08406805 0.9440979 -0.3220055 -0.07065194 0.9334776 -0.3536158 -0.0597952 0.9041025 -0.4236584 -0.05578994 0.9008962 -0.4336701 -0.01778537 0.8899717 -0.4551939 -0.02736437 0.8562271 -0.5136514 -0.05511236 0.8080375 -0.580893 -0.09817755 0.8874019 -0.4603266 -0.02484768 0.8903838 -0.454325 -0.02837979 0.8695504 -0.4918189 -0.04468101 0.8261057 -0.5581576 -0.07752114 0.8832306 -0.4682836 -0.02478355 0.879611 -0.474838 -0.02851986 0.8681797 -0.4945988 -0.04044711 0.8459678 -0.5294795 -0.06316602 0.8887549 -0.4578346 -0.02241557 0.8853011 -0.4642534 -0.02665925 0.8820801 -0.4695915 -0.03766191 0.8862766 -0.4597057 -0.05643153 0.8567513 -0.4225897 0.2956267 0.904445 -0.325725 0.2754681 0.8466719 -0.4868296 0.2148109 0.8361031 -0.5260568 0.1555507 0.8095005 -0.5302146 0.2521536 0.8981552 -0.3789538 0.2229608 0.8931409 -0.4077813 0.1897733 0.8629335 -0.4875804 0.1327071 0.8785069 -0.4325779 0.2027366 0.9288342 -0.3159784 0.1934549 0.9126027 -0.3784495 0.1547007 0.8898678 -0.4430682 0.1087471 0.9322103 -0.3313037 0.1456774 0.9444828 -0.3020872 0.1292115 0.9336434 -0.342822 0.1038429 0.9141381 -0.3977514 0.07839184 0.9095443 -0.4151535 0.0194146 0.8777185 -0.4784532 0.02632075 0.8812612 -0.4720029 0.02433121 0.8901986 -0.4550228 0.02237582 0.9068679 -0.4205729 0.02662938 0.8755446 -0.4820923 0.03175854 0.8747537 -0.4836721 0.02944701 0.8857591 -0.4633782 0.02667838 0.8725448 -0.4860057 0.04964017 0.8565794 -0.5139353 0.04628461 0.8637617 -0.5022224 0.04109179 0.8820836 -0.4695841 0.03767591 0.8057742 -0.5850356 0.091986 0.8240454 -0.561379 0.07617658 0.8456082 -0.5300471 0.06322211 0.8862733 -0.4597122 0.05643105 0.8923837 -0.4509232 0.01788276 0.90279 -0.4292246 0.02714025 0.9274568 -0.3702028 0.05266642 0.9493069 -0.3012092 0.08994197 0.9052544 -0.4241595 0.02456378 0.9023584 -0.4300654 0.02816301 0.9188372 -0.3922549 0.0432927 0.9429371 -0.3250846 0.07204014 0.9089289 -0.416238 0.02437686 0.9118272 -0.409623 0.0279361 0.9201248 -0.3896661 0.03912419 0.9332677 -0.3541746 0.05976384 0.9041214 -0.4266989 0.02219504 0.9070473 -0.4202075 0.02628922 0.9092568 -0.414587 0.03701055 0.9041046 -0.4236537 0.05578964 0.7648126 -0.5645889 -0.3103243 0.6825588 -0.6624673 -0.3086271 0.8228214 -0.5249583 -0.2176783 0.8535254 -0.4977691 -0.1540143 0.8455331 -0.4732357 -0.2472284 0.7394186 -0.6278974 -0.2429096 0.7675191 -0.6078934 -0.2034209 0.8311434 -0.5393854 -0.1351448 0.785548 -0.58082 -0.2134538 0.684138 -0.6953145 -0.2202115 0.7464602 -0.6434524 -0.1696059 0.8017002 -0.5866819 -0.1143742 0.7040344 -0.6907605 -0.1648808 0.6761534 -0.7214983 -0.1491878 0.7181313 -0.6860098 -0.1169528 0.7679653 -0.6348028 -0.08517432 0.7836696 -0.6208273 -0.02086967 0.8297449 -0.5574864 -0.02706569 0.8254058 -0.5639802 -0.02513378 0.8135734 -0.5809915 -0.02339178 0.7878203 -0.6152447 -0.02851641 0.8320914 -0.5536815 -0.03257173 0.8331799 -0.5521787 -0.03016811 0.8194147 -0.5725304 -0.02772611 0.8342849 -0.5489925 -0.05075597 0.8521356 -0.5212597 -0.0464046 0.8449625 -0.5332096 -0.04154419 0.823516 -0.5659525 -0.03897869 0.8902155 -0.4470323 -0.08762794 0.8785014 -0.4720032 -0.07381415 0.8613054 -0.5042107 -0.06264716 0.8161376 -0.5748615 -0.05876845 0.8106817 -0.585187 -0.01874959 0.7944744 -0.6066103 -0.02888828 0.7454548 -0.6639969 -0.05835503 0.6778378 -0.727798 -0.1041446 0.7906329 -0.611728 -0.02623921 0.7950957 -0.6057438 -0.02995866 0.764644 -0.6427175 -0.04726344 0.7027538 -0.7066681 -0.08220338 0.7844593 -0.6196274 -0.02618336 0.77916 -0.6261002 -0.03014266 0.7625663 -0.6454934 -0.04279184 0.7308219 -0.6792795 -0.06692391 0.7926129 -0.6092657 -0.02366697 0.787541 -0.6156185 -0.02815926 0.7829347 -0.6208301 -0.0397917 0.7895193 -0.6108267 -0.05958312 0.7648218 -0.5645796 0.3103182 0.8352144 -0.468945 0.2872413 0.740574 -0.632581 0.226697 0.7206904 -0.6734306 0.164611 0.690602 -0.6724096 0.266335 0.8183175 -0.5251173 0.2336843 0.8072802 -0.5554544 0.1994224 0.7582448 -0.6367073 0.1402453 0.7864442 -0.5796414 0.2133578 0.8631714 -0.4628279 0.2018059 0.8340534 -0.5272723 0.1622926 0.7967666 -0.5933093 0.1146612 0.8640174 -0.4798915 0.1522442 0.8824643 -0.4506792 0.1347037 0.8634642 -0.4925655 0.1086682 0.8320587 -0.5485314 0.0824123 0.8237256 -0.5666202 0.02044051 0.7763561 -0.6296802 0.02782362 0.7815452 -0.6233186 0.02571141 0.7947548 -0.606471 0.02362102 0.8197552 -0.572027 0.02804851 0.7732266 -0.6332403 0.03357869 0.7720317 -0.6348209 0.03113746 0.7882223 -0.6147454 0.02817779 0.7691284 -0.6369351 0.05249178 0.7457841 -0.6643825 0.04901123 0.7561387 -0.6529647 0.04348981 0.7829338 -0.6208303 0.03980654 0.6744212 -0.7318691 0.09758973 0.69979 -0.709766 0.08078598 0.7303035 -0.6798309 0.06698369 0.7895223 -0.6108229 0.059583 0.7979629 -0.602411 0.01887398 0.8136202 -0.5806929 0.02860313 0.8517205 -0.5210749 0.0552563 0.8877952 -0.450583 0.0937801 0.8172961 -0.5756366 0.0258792 0.812987 -0.5815249 0.02968221 0.8382171 -0.5434352 0.04550278 0.8766973 -0.4751149 0.07528525 0.8228466 -0.5676835 0.02566766 0.8272715 -0.5610327 0.02940124 0.8401179 -0.5408436 0.04111307 0.8609702 -0.5047865 0.06261849 0.8155725 -0.5781821 0.02338677 0.820024 -0.571659 0.02768921 0.8235193 -0.5659485 0.03896468 0.8161508 -0.5748429 0.05876743 0.6340709 -0.7005214 -0.3274505 0.5213347 -0.7888488 -0.3254654 0.7063398 -0.6694395 -0.2300758 0.7458032 -0.6459686 -0.1627951 0.7421718 -0.6174901 -0.2605515 0.5916516 -0.7641419 -0.2569741 0.6271245 -0.7485305 -0.2154463 0.7123759 -0.6870477 -0.14313 0.6530913 -0.7227835 -0.2259556 0.5150063 -0.8249784 -0.232764 0.5957176 -0.7828197 -0.1797608 0.6695511 -0.7327921 -0.1213143 0.5378726 -0.824749 -0.1745918 0.4998448 -0.8516139 -0.157826 0.554477 -0.8229116 -0.1239836 0.6214087 -0.7782531 -0.09040766 0.6419502 -0.7664262 -0.02216124 0.7069216 -0.7067091 -0.02870821 0.7007185 -0.7129395 -0.02666485 0.6839208 -0.7291338 -0.02482718 0.6478064 -0.7612031 -0.0302788 0.7103345 -0.7030161 -0.03454381 0.711861 -0.7015914 -0.03199332 0.6922347 -0.7210726 -0.02942073 0.7137645 -0.6983151 -0.05381709 0.73935 -0.6715248 -0.04915374 0.7289217 -0.68318 -0.04402697 0.6981988 -0.7147087 -0.04135257 0.7963622 -0.5977153 -0.09243315 0.7785211 -0.6227545 -0.0779851 0.7530156 -0.6546537 -0.06630289 0.6881029 -0.7229291 -0.06235444 0.6797997 -0.7331278 -0.01990175 0.6571102 -0.7531703 -0.03067207 0.5897787 -0.8051862 -0.061939 0.50011 -0.8589166 -0.1102383 0.6517089 -0.7579575 -0.02786129 0.6579952 -0.75235 -0.03180855 0.6159142 -0.7862135 -0.05018121 0.5325973 -0.8418723 -0.08712798 0.6430986 -0.7652786 -0.02780312 0.6357667 -0.7712174 -0.03200793 0.6129834 -0.7887885 -0.04543441 0.5700392 -0.8185436 -0.07100683 0.6544556 -0.7556828 -0.02513003 0.6474112 -0.7615543 -0.02990025 0.6411378 -0.7662618 -0.04225099 0.6506834 -0.75671 -0.06325417 0.6340829 -0.700514 0.3274432 0.7318115 -0.6107618 0.3023607 0.5918202 -0.7695333 0.239932 0.5603051 -0.8097183 0.1743979 0.5276503 -0.80154 0.2812806 0.7013602 -0.6686795 0.2469042 0.6826114 -0.6996378 0.2110657 0.6102722 -0.7781033 0.1487385 0.6543326 -0.7216921 0.2258525 0.7635955 -0.6096353 0.2127602 0.7181744 -0.6743386 0.1717357 0.6626315 -0.7390028 0.1216321 0.7610238 -0.6284833 0.1607843 0.7871537 -0.6001744 0.1420555 0.7577953 -0.642296 0.1149008 0.7114042 -0.697332 0.08736252 0.6982861 -0.7154902 0.02168744 0.6318532 -0.7745247 0.02954632 0.6390369 -0.7686915 0.02730268 0.6574494 -0.7530813 0.02508091 0.6927212 -0.7205911 0.02976244 0.6275772 -0.7777375 0.03565537 0.6258898 -0.7792103 0.03306376 0.6483576 -0.760748 0.0299198 0.6221984 -0.7808734 0.05573219 0.5900546 -0.8056856 0.05202341 0.6041472 -0.7955341 0.04617285 0.6411408 -0.7662585 0.04226666 0.4953687 -0.8625203 0.1032892 0.5285921 -0.8445474 0.08561635 0.5693441 -0.8190217 0.07106953 0.6506882 -0.7567059 0.06325411 0.6619111 -0.7493145 0.02003872 0.6840446 -0.7288083 0.03035646 0.7389335 -0.6712318 0.05852681 0.7930124 -0.6011178 0.09893846 0.6892149 -0.7240364 0.02746289 0.6831492 -0.729599 0.03150218 0.7192987 -0.6930242 0.04823929 0.775905 -0.6258139 0.07955229 0.6970782 -0.7164778 0.02723401 0.7034204 -0.7100895 0.03118824 0.7219418 -0.69058 0.04358267 0.7525307 -0.655214 0.06627315 0.6867447 -0.7264748 0.0248208 0.6931013 -0.7202413 0.02938061 0.6982053 -0.7147032 0.04133737 0.6881197 -0.7229132 0.06235337 0.4593945 -0.8187347 -0.3444273 0.3160691 -0.8858435 -0.339679 0.5455565 -0.8019725 -0.2433275 0.5944094 -0.7854292 -0.1725645 0.5971093 -0.7533684 -0.2754932 0.3975184 -0.876972 -0.2699992 0.439754 -0.8689401 -0.2270677 0.5479038 -0.8226803 -0.1516526 0.4744065 -0.8473928 -0.2384615 0.2998348 -0.9224987 -0.2430954 0.397074 -0.8980869 -0.1891361 0.4898267 -0.8623222 -0.1283367 0.3241734 -0.9281631 -0.1828253 0.2767234 -0.9467309 -0.1646966 0.3423798 -0.9305144 -0.1300736 0.4259962 -0.8996834 -0.09537881 0.4513062 -0.8920618 -0.02341812 0.5371515 -0.8429365 -0.03044146 0.5288321 -0.8482556 -0.02826714 0.5064414 -0.8618733 -0.02629876 0.4589976 -0.8878608 -0.03200942 0.5417993 -0.8397092 -0.03663319 0.5438233 -0.8385136 -0.03393131 0.5175343 -0.8550944 -0.03117769 0.5467114 -0.8353738 -0.05707454 0.5812745 -0.8120335 -0.0521683 0.5670065 -0.8223875 -0.04671722 0.5256402 -0.8495772 -0.0438314 0.6611958 -0.7437739 -0.09808439 0.6358224 -0.7673833 -0.08278274 0.6003105 -0.7966644 -0.07037878 0.5125497 -0.856113 -0.0660575 0.5009391 -0.8652259 -0.02107799 0.4711595 -0.8814512 -0.03244286 0.3848852 -0.9206589 -0.06519687 0.2750591 -0.9545163 -0.1150701 0.4640691 -0.885309 -0.02946037 0.4723268 -0.8807811 -0.03364628 0.4180099 -0.9068993 -0.05292999 0.3140358 -0.9450166 -0.09124249 0.4528447 -0.8911051 -0.029383 0.4433696 -0.8957011 -0.03380948 0.4141698 -0.9089378 -0.04791289 0.3601861 -0.9298916 -0.07461637 0.4676303 -0.8835247 -0.02657628 0.4584808 -0.8881421 -0.0316081 0.450464 -0.8916777 -0.04464423 0.4632742 -0.8836884 -0.06687307 0.4594019 -0.8187329 0.3444218 0.5873748 -0.7436991 0.3192221 0.3963129 -0.8828074 0.2521653 0.3520679 -0.917914 0.1829814 0.3194091 -0.9008813 0.2939232 0.5403007 -0.7999779 0.2609803 0.5122948 -0.8293194 0.223122 0.4139715 -0.8966979 0.1567181 0.4760289 -0.8465089 0.2383683 0.6224173 -0.7495618 0.2252859 0.5573326 -0.8101171 0.1819083 0.4807246 -0.8673866 0.1286248 0.615222 -0.7697041 0.1704627 0.6504819 -0.7444329 0.150642 0.6084572 -0.7841672 0.121909 0.5443689 -0.833717 0.09262067 0.525532 -0.8504633 0.02298921 0.438269 -0.8983023 0.031201 0.4475663 -0.8937854 0.0288462 0.471553 -0.8814386 0.02652913 0.5181865 -0.8546859 0.03154045 0.4328134 -0.9006974 0.03764152 0.4306188 -0.9018588 0.03490155 0.4597142 -0.8875034 0.03163117 0.4261808 -0.9027245 0.05881023 0.3850529 -0.9212683 0.05476397 0.4028842 -0.9139567 0.04865872 0.4504721 -0.8916728 0.04466086 0.2690911 -0.9570664 0.1077688 0.3090623 -0.9468093 0.08962589 0.3593195 -0.930222 0.07467764 0.4632719 -0.8836897 0.06687271 0.4773619 -0.8784509 0.02120244 0.506653 -0.8615502 0.03215628 0.580883 -0.8116137 0.06211358 0.6567286 -0.7467835 0.1049854 0.513495 -0.8575991 0.02909892 0.5054845 -0.8621903 0.03336888 0.5540686 -0.8308968 0.05117034 0.6322472 -0.7701512 0.08444446 0.5239771 -0.8512431 0.02886617 0.5324955 -0.8457868 0.03306686 0.557567 -0.8288434 0.04623633 0.5996397 -0.7971722 0.07034707 0.5101907 -0.8596593 0.02629554 0.5186871 -0.8543969 0.03113681 0.5256435 -0.849576 0.04381561 0.5125605 -0.8561066 0.06605654 0.2429957 -0.9018015 -0.3573613 0.07757008 -0.9345791 -0.347196 0.3383443 -0.905874 -0.2547853 0.3949886 -0.9005662 -0.1815611 0.4061537 -0.8667438 -0.2894726 0.1631343 -0.9464627 -0.2785598 0.2090671 -0.9491471 -0.235395 0.3354142 -0.9285599 -0.1589779 0.2510633 -0.9356453 -0.2480628 0.05132001 -0.9673798 -0.2480781 0.1569791 -0.9681175 -0.1952075 0.2632967 -0.9553896 -0.1338114 0.0743615 -0.9795178 -0.1871243 0.02158242 -0.9856145 -0.1676259 0.09220188 -0.9867602 -0.1334285 0.1864895 -0.9774778 -0.09878718 0.214896 -0.9763339 -0.02432578 0.31861 -0.9473491 -0.03189796 0.3083442 -0.9508144 -0.02959614 0.2809647 -0.9593248 -0.02747589 0.2240722 -0.9740043 -0.03327661 0.3244171 -0.9451344 -0.0384019 0.3268908 -0.9443923 -0.0355764 0.2945276 -0.9550865 -0.03260737 0.3307965 -0.9418021 -0.05985456 0.3739517 -0.9258233 -0.05487644 0.3559337 -0.9332214 -0.04908323 0.3045962 -0.951376 -0.04587799 0.4779697 -0.8722292 -0.1037364 0.4444049 -0.8915499 -0.08742487 0.3984466 -0.9141902 -0.07414019 0.2889807 -0.9548418 -0.06904745 0.2742558 -0.961405 -0.02200824 0.2385399 -0.9705454 -0.03377109 0.1383435 -0.9881007 -0.0672174 0.01781612 -0.992961 -0.1170951 0.2300688 -0.9726918 -0.03064352 0.2399479 -0.9701536 -0.03502804 0.1762515 -0.9828198 -0.05477762 0.0595591 -0.9938565 -0.09328514 0.2167629 -0.9757469 -0.03052628 0.2056349 -0.9779995 -0.03508883 0.1717262 -0.9838972 -0.04956483 0.1105321 -0.9909082 -0.07670611 0.2342849 -0.9717746 -0.02765494 0.2234537 -0.9741606 -0.03285735 0.2141208 -0.975706 -0.04636955 0.2296629 -0.9707822 -0.06954783 0.2429866 -0.9018048 0.3573594 0.3981853 -0.8539856 0.3348986 0.160337 -0.9521616 0.2601547 0.1054832 -0.9765089 0.187893 0.07690036 -0.950649 0.3005877 0.3332294 -0.9024305 0.2730886 0.2958024 -0.9263998 0.2329902 0.1748259 -0.9711688 0.1620715 0.25301 -0.9351363 0.2480046 0.4344012 -0.8688907 0.2373281 0.3487943 -0.9175719 0.1907995 0.2523552 -0.9583131 0.1339891 0.4214869 -0.8888661 0.1796272 0.4661539 -0.8702735 0.1591374 0.4104818 -0.9027749 0.1284605 0.328728 -0.9394201 0.09709846 0.3042552 -0.9522866 0.02406203 0.1996191 -0.979339 0.03236377 0.210525 -0.9771296 0.02995127 0.2389596 -0.9706367 0.02761703 0.2953274 -0.9548264 0.03298872 0.193301 -0.9803633 0.03902047 0.1906936 -0.9809831 0.03617167 0.2249118 -0.9738241 0.03288549 0.1858661 -0.9806849 0.06091773 0.1383414 -0.988774 0.05646157 0.1587043 -0.9860456 0.05027133 0.214129 -0.9757034 0.04638653 0.01116853 -0.9939146 0.1095861 0.05405187 -0.9943298 0.09157955 0.1095485 -0.991013 0.07676202 0.2296558 -0.9707839 0.06954807 0.245858 -0.9690542 0.02208465 0.2812765 -0.9590386 0.03359532 0.3736484 -0.9252668 0.06533199 0.4723508 -0.8743935 0.1109997 0.2895783 -0.9566708 0.03042161 0.2798725 -0.9594042 0.03485792 0.3398378 -0.9389498 0.05369919 0.4398077 -0.8936554 0.08915847 0.3023866 -0.9527066 0.03020924 0.3128941 -0.9491564 0.0346328 0.3441266 -0.9376679 0.04853689 0.3975867 -0.9145674 0.07410413 0.2855237 -0.9579776 0.0274825 0.2959339 -0.9546531 0.03256809 0.3046009 -0.9513754 0.04586094 0.288976 -0.9548431 0.06904745 0 -0.9320762 -0.3622623 -0.1700102 -0.922935 -0.3453804 0.0947569 -0.9606342 -0.2611572 0.1541665 -0.97012 -0.1873496 0.1747918 -0.9381428 -0.2988913 -0.09051531 -0.9557991 -0.2797415 -0.04622751 -0.9702488 -0.2376558 0.08565592 -0.9829113 -0.1629377 -0.00104928 -0.9678051 -0.251699 -0.2035173 -0.9476951 -0.2458752 -0.102217 -0.9752935 -0.1958426 0.005841732 -0.9906955 -0.1359721 -0.1847183 -0.9650495 -0.1859003 -0.2362719 -0.9574893 -0.1654994 -0.1695661 -0.976529 -0.13281 -0.07591873 -0.9921424 -0.09944808 -0.04772615 -0.9985582 -0.02457356 0.06355565 -0.9974447 -0.03263103 0.05224579 -0.9981763 -0.03023928 0.02244114 -0.9993566 -0.0279802 -0.03807061 -0.9987083 -0.03365296 0.07003295 -0.9967698 -0.03931266 0.07273173 -0.996686 -0.03643023 0.03718739 -0.9987547 -0.03326022 0.07739907 -0.9951128 -0.06131893 0.12572 -0.9904553 -0.05650615 0.1052828 -0.9931626 -0.0504347 0.04831898 -0.9977325 -0.04685342 0.2481689 -0.9626729 -0.108043 0.207831 -0.9739474 -0.09073513 0.1540501 -0.9850928 -0.07655602 0.03169548 -0.9970166 -0.07038092 0.01516711 -0.9996343 -0.02239465 -0.02283138 -0.9991537 -0.03421282 -0.1255535 -0.9898036 -0.06726986 -0.2416816 -0.9634528 -0.1155371 -0.03179484 -0.9990133 -0.03101235 -0.02133691 -0.9991422 -0.03549259 -0.08734309 -0.9946548 -0.05507367 -0.2024787 -0.9749096 -0.09248667 -0.04573398 -0.9984775 -0.03084343 -0.05728304 -0.99773 -0.0354048 -0.09203624 -0.9945094 -0.04980391 -0.1530795 -0.9852477 -0.07651001 -0.02737605 -0.999233 -0.0280025 -0.03871983 -0.9986976 -0.03322583 -0.04833036 -0.9977327 -0.04683601 -0.03169554 -0.9970165 -0.07038098 0 -0.9320775 0.3622589 0.1700214 -0.9229326 0.3453813 -0.09478384 -0.9606325 0.2611542 -0.1541396 -0.9701242 0.1873502 -0.174807 -0.9381397 0.2988919 0.09048879 -0.9558022 0.2797393 0.04620617 -0.9702498 0.2376561 -0.08564639 -0.9829121 0.1629379 0.001026749 -0.9678057 0.2516968 0.2035077 -0.9476974 0.2458744 0.1022348 -0.9752915 0.1958432 -0.005842745 -0.9906955 0.1359719 0.184715 -0.9650501 0.1859003 0.2362846 -0.9574862 0.1654989 0.1695673 -0.9765287 0.1328106 0.07593733 -0.9921411 0.09944748 0.04772609 -0.9985582 0.02457344 -0.06355524 -0.9974448 0.03263115 -0.05224853 -0.9981763 0.03023916 -0.02244102 -0.9993566 0.02798014 0.0380702 -0.9987083 0.03365302 -0.0700336 -0.9967698 0.03931277 -0.07273131 -0.9966861 0.03643023 -0.03718715 -0.9987547 0.03326034 -0.0774005 -0.9951127 0.06131869 -0.1257207 -0.9904552 0.05650597 -0.1052703 -0.993164 0.05043482 -0.04832273 -0.9977323 0.04685342 -0.2481753 -0.9626712 0.1080427 -0.2078195 -0.9739499 0.09073549 -0.1540504 -0.9850927 0.07655632 -0.03170031 -0.9970164 0.07038086 -0.01516681 -0.9996342 0.02239459 0.02283018 -0.9991539 0.03421288 0.1255664 -0.989802 0.06726962 0.2416774 -0.9634539 0.1155371 0.03179389 -0.9990133 0.03101217 0.02133536 -0.9991422 0.03549253 0.08734327 -0.9946548 0.05507379 0.2024776 -0.9749097 0.09248685 0.04573321 -0.9984775 0.03084337 0.0572834 -0.99773 0.03540468 0.09203928 -0.9945092 0.04980391 0.1530746 -0.9852485 0.07651007 0.02737528 -0.999233 0.02800238 0.03871953 -0.9986977 0.03322595 0.04833275 -0.9977327 0.04683595 0.03170031 -0.9970164 0.07038092 -0.2429955 -0.9018015 -0.3573617 -0.3981926 -0.8539835 -0.3348951 -0.1603253 -0.9521627 -0.2601577 -0.1054798 -0.9765092 -0.1878935 -0.07692897 -0.9506474 -0.3005856 -0.3332529 -0.9024218 -0.2730886 -0.2958336 -0.9263904 -0.2329882 -0.1748175 -0.9711704 -0.1620715 -0.2530311 -0.9351302 -0.2480058 -0.4344084 -0.868887 -0.2373287 -0.3487794 -0.9175775 -0.1907997 -0.2523555 -0.9583129 -0.1339893 -0.4214944 -0.8888626 -0.1796267 -0.466143 -0.8702791 -0.1591385 -0.4104793 -0.9027762 -0.1284599 -0.3287203 -0.9394225 -0.09709972 -0.3042546 -0.9522868 -0.02406215 -0.1996194 -0.979339 -0.03236371 -0.2105249 -0.9771296 -0.02995133 -0.2389593 -0.9706369 -0.02761709 -0.2953303 -0.9548255 -0.0329886 -0.1932992 -0.9803637 -0.03902041 -0.1906971 -0.9809823 -0.03617161 -0.2249091 -0.9738247 -0.03288537 -0.1858596 -0.9806861 -0.06091791 -0.1383412 -0.988774 -0.05646175 -0.1586999 -0.9860462 -0.05027139 -0.2141318 -0.9757028 -0.04638653 -0.01116752 -0.9939146 -0.1095865 -0.0540536 -0.9943297 -0.09157925 -0.1095416 -0.9910137 -0.07676219 -0.2296632 -0.9707822 -0.06954795 -0.2458581 -0.9690543 -0.02208465 -0.281278 -0.9590381 -0.03359526 -0.3736423 -0.9252692 -0.06533235 -0.4723421 -0.8743981 -0.1110001 -0.289577 -0.9566712 -0.03042167 -0.2798729 -0.9594041 -0.03485786 -0.3398358 -0.9389505 -0.05369907 -0.4398189 -0.8936501 -0.08915799 -0.3023868 -0.9527065 -0.03020936 -0.3128977 -0.9491552 -0.03463268 -0.3441215 -0.9376699 -0.04853695 -0.3975981 -0.9145624 -0.07410359 -0.2855272 -0.9579765 -0.0274825 -0.2959307 -0.9546541 -0.03256797 -0.304599 -0.9513761 -0.045861 -0.2889803 -0.9548419 -0.06904739 -0.2430007 -0.9018016 0.3573577 -0.07755076 -0.93458 0.3471974 -0.3383498 -0.9058729 0.2547818 -0.3949845 -0.900568 0.1815616 -0.4061481 -0.8667457 0.2894747 -0.1631644 -0.9464587 0.2785558 -0.2090775 -0.9491448 0.2353949 -0.3354154 -0.9285594 0.1589778 -0.251082 -0.9356412 0.2480594 -0.05131441 -0.9673804 0.248077 -0.156981 -0.9681171 0.1952087 -0.2632959 -0.9553899 0.1338112 -0.07435947 -0.9795178 0.1871244 -0.02157753 -0.9856147 0.1676256 -0.0922023 -0.9867601 0.1334283 -0.186476 -0.9774804 0.09878677 -0.2148991 -0.9763333 0.02432572 -0.3186082 -0.9473497 0.0318979 -0.3083482 -0.9508131 0.02959603 -0.2809624 -0.9593254 0.02747571 -0.224072 -0.9740043 0.03327679 -0.3244152 -0.9451349 0.0384019 -0.3268885 -0.944393 0.0355764 -0.2945287 -0.9550862 0.03260743 -0.3307968 -0.941802 0.05985444 -0.3739526 -0.9258229 0.0548762 -0.3559268 -0.933224 0.04908347 -0.3045942 -0.9513767 0.04587799 -0.4779684 -0.8722299 0.1037362 -0.4443954 -0.8915546 0.08742535 -0.3984472 -0.9141898 0.07414025 -0.2889755 -0.9548433 0.06904733 -0.2742586 -0.9614042 0.02200818 -0.2385389 -0.9705457 0.03377109 -0.1383369 -0.9881016 0.06721729 -0.01781666 -0.992961 0.117095 -0.2300688 -0.9726919 0.0306434 -0.2399457 -0.9701542 0.03502798 -0.1762543 -0.9828194 0.05477768 -0.05957043 -0.9938558 0.09328514 -0.2167624 -0.9757471 0.03052616 -0.2056338 -0.9779998 0.03508889 -0.1717267 -0.983897 0.04956477 -0.1105402 -0.9909073 0.07670629 -0.2342868 -0.9717742 0.02765494 -0.2234541 -0.9741606 0.03285747 -0.2141164 -0.975707 0.04636949 -0.2296534 -0.9707844 0.06954824 -0.4593971 -0.8187336 -0.3444263 -0.5873807 -0.743696 -0.3192184 -0.3963166 -0.8828054 -0.2521665 -0.3520732 -0.917912 -0.1829814 -0.319437 -0.9008725 -0.2939195 -0.5402891 -0.7999839 -0.2609854 -0.5123113 -0.8293097 -0.2231203 -0.413971 -0.8966982 -0.1567176 -0.4760513 -0.8464964 -0.238368 -0.6224225 -0.7495574 -0.2252863 -0.5573372 -0.8101143 -0.1819071 -0.4807232 -0.8673875 -0.1286251 -0.6152222 -0.769704 -0.1704623 -0.6504845 -0.7444307 -0.1506416 -0.6084619 -0.7841637 -0.121908 -0.5443529 -0.8337273 -0.09262245 -0.5255318 -0.8504633 -0.02298921 -0.4382701 -0.8983017 -0.03120088 -0.4475657 -0.8937858 -0.0288462 -0.4715523 -0.881439 -0.02652913 -0.5181899 -0.8546839 -0.03154015 -0.4328119 -0.900698 -0.03764158 -0.4306222 -0.9018572 -0.03490149 -0.4597101 -0.8875056 -0.03163099 -0.4261795 -0.902725 -0.05881023 -0.3850552 -0.9212673 -0.05476391 -0.4028786 -0.9139591 -0.04865884 -0.450474 -0.8916718 -0.04466074 -0.2690872 -0.9570674 -0.1077693 -0.3090558 -0.9468114 -0.08962595 -0.3593132 -0.9302244 -0.07467782 -0.4632663 -0.8836925 -0.06687229 -0.4773603 -0.8784518 -0.02120232 -0.506653 -0.8615502 -0.03215622 -0.5808823 -0.8116143 -0.0621137 -0.65673 -0.7467823 -0.1049859 -0.5134956 -0.8575989 -0.02909886 -0.5054849 -0.8621901 -0.03336882 -0.5540675 -0.8308976 -0.05117034 -0.6322505 -0.7701484 -0.08444392 -0.523976 -0.8512437 -0.02886611 -0.532496 -0.8457864 -0.03306668 -0.5575615 -0.8288471 -0.04623663 -0.5996444 -0.7971689 -0.07034653 -0.5101899 -0.8596598 -0.02629554 -0.5186834 -0.8543992 -0.03113687 -0.5256472 -0.8495737 -0.04381549 -0.5125566 -0.8561088 -0.06605648 -0.4593908 -0.8187378 0.3444252 -0.3160449 -0.8858506 0.339683 -0.5455576 -0.8019726 0.2433247 -0.5944082 -0.7854298 0.1725658 -0.5971063 -0.7533696 0.2754963 -0.3975505 -0.8769593 0.2699924 -0.4397667 -0.868934 0.2270665 -0.5478934 -0.822687 0.1516538 -0.4744336 -0.8473793 0.2384556 -0.2998508 -0.922494 0.2430934 -0.397078 -0.898085 0.1891362 -0.4898412 -0.8623142 0.1283353 -0.3241915 -0.9281568 0.1828246 -0.2767182 -0.9467324 0.1646963 -0.3423753 -0.930516 0.1300743 -0.4259778 -0.8996921 0.09537911 -0.4513114 -0.8920592 0.02341806 -0.5371502 -0.8429372 0.0304414 -0.5288336 -0.8482547 0.0282672 -0.506439 -0.8618747 0.02629864 -0.4589935 -0.8878628 0.03200972 -0.5417984 -0.8397099 0.03663325 -0.5438228 -0.838514 0.03393131 -0.5175392 -0.8550913 0.03117775 -0.5467068 -0.8353766 0.0570746 -0.5812746 -0.8120334 0.05216836 -0.5670021 -0.8223906 0.04671746 -0.5256344 -0.8495808 0.0438317 -0.6611933 -0.7437761 0.09808486 -0.6358233 -0.7673825 0.08278262 -0.6003048 -0.7966688 0.07037872 -0.5125591 -0.8561073 0.0660572 -0.5009419 -0.8652242 0.02107793 -0.4711573 -0.8814525 0.03244304 -0.38488 -0.9206611 0.06519693 -0.2750578 -0.9545167 0.1150698 -0.4640704 -0.8853084 0.02946031 -0.4723201 -0.8807847 0.03364634 -0.4180104 -0.906899 0.05293005 -0.314034 -0.9450172 0.09124261 -0.4528464 -0.8911044 0.02938288 -0.4433675 -0.8957021 0.0338096 -0.4141696 -0.9089379 0.04791295 -0.3602025 -0.9298853 0.07461589 -0.4676327 -0.8835234 0.02657616 -0.4584825 -0.8881412 0.03160804 -0.4504648 -0.8916773 0.04464423 -0.4632751 -0.8836879 0.06687307 -0.6340704 -0.7005218 -0.3274508 -0.7318188 -0.6107562 -0.3023545 -0.5918309 -0.7695252 -0.2399318 -0.5603104 -0.8097147 -0.174397 -0.5276646 -0.8015317 -0.2812777 -0.7013449 -0.6686928 -0.2469116 -0.6826295 -0.6996213 -0.2110618 -0.6102609 -0.7781119 -0.1487395 -0.6543507 -0.7216765 -0.2258499 -0.7635962 -0.6096339 -0.2127608 -0.7181776 -0.6743357 -0.1717337 -0.6626279 -0.7390058 -0.1216334 -0.7610195 -0.6284879 -0.1607867 -0.7871512 -0.6001777 -0.1420556 -0.7577948 -0.6422967 -0.1149003 -0.7114048 -0.6973313 -0.08736324 -0.6982853 -0.715491 -0.0216875 -0.6318504 -0.7745272 -0.02954643 -0.6390368 -0.7686915 -0.02730274 -0.6574511 -0.7530797 -0.02508091 -0.692725 -0.7205875 -0.02976226 -0.6275765 -0.7777381 -0.03565531 -0.6258944 -0.7792066 -0.03306359 -0.6483554 -0.7607498 -0.0299198 -0.6221986 -0.7808733 -0.05573219 -0.5900492 -0.8056896 -0.05202358 -0.6041463 -0.7955346 -0.04617273 -0.6411464 -0.7662539 -0.04226666 -0.4953649 -0.8625224 -0.1032897 -0.5285845 -0.8445521 -0.08561646 -0.5693402 -0.8190245 -0.07106935 -0.6506848 -0.7567088 -0.06325435 -0.6619101 -0.7493154 -0.02003872 -0.6840443 -0.7288087 -0.03035634 -0.7389301 -0.6712354 -0.05852711 -0.7930085 -0.6011227 -0.09893953 -0.6892128 -0.7240384 -0.02746301 -0.683153 -0.7295956 -0.03150194 -0.7192988 -0.6930239 -0.0482394 -0.77591 -0.6258077 -0.07955151 -0.697082 -0.7164741 -0.02723401 -0.703423 -0.7100869 -0.03118813 -0.7219424 -0.6905793 -0.04358285 -0.7525323 -0.6552124 -0.06627297 -0.6867437 -0.7264758 -0.02482074 -0.6931 -0.7202424 -0.02938061 -0.6982079 -0.7147007 -0.04133725 -0.6881044 -0.7229276 -0.06235438 -0.6340708 -0.7005231 0.3274472 -0.5213358 -0.788848 0.3254659 -0.7063375 -0.6694427 0.2300739 -0.7457957 -0.6459766 0.1627976 -0.7421721 -0.6174886 0.2605541 -0.5916618 -0.7641359 0.2569686 -0.6271362 -0.7485213 0.2154437 -0.7123724 -0.6870514 0.1431295 -0.6530972 -0.7227789 0.2259528 -0.515015 -0.8249735 0.2327626 -0.5957056 -0.7828283 0.1797628 -0.6695573 -0.7327865 0.1213138 -0.5378957 -0.8247344 0.174589 -0.4998344 -0.85162 0.1578261 -0.5544754 -0.8229125 0.1239839 -0.6214001 -0.7782599 0.0904079 -0.6419521 -0.7664244 0.02216112 -0.7069213 -0.7067094 0.02870821 -0.7007177 -0.7129403 0.02666479 -0.6839213 -0.7291332 0.024827 -0.647804 -0.7612052 0.03027904 -0.7103335 -0.7030171 0.03454387 -0.7118568 -0.7015956 0.03199344 -0.6922376 -0.7210698 0.02942061 -0.7137629 -0.6983169 0.05381697 -0.7393481 -0.6715269 0.04915356 -0.7289149 -0.6831871 0.0440275 -0.6981955 -0.7147118 0.04135262 -0.7963647 -0.5977118 0.09243291 -0.7785215 -0.6227542 0.07798492 -0.7530152 -0.6546542 0.06630355 -0.6881057 -0.7229264 0.06235396 -0.6798003 -0.7331272 0.01990163 -0.6571109 -0.7531697 0.03067195 -0.5897746 -0.8051893 0.06193929 -0.5001076 -0.858918 0.1102381 -0.6517096 -0.7579568 0.02786111 -0.6579907 -0.752354 0.03180867 -0.6159077 -0.7862186 0.05018144 -0.5326059 -0.8418669 0.08712786 -0.6430974 -0.7652796 0.02780312 -0.6357603 -0.7712227 0.03200799 -0.6129875 -0.7887853 0.04543411 -0.5700477 -0.8185375 0.07100629 -0.6544575 -0.7556811 0.02513003 -0.647414 -0.7615519 0.02990043 -0.6411345 -0.7662647 0.04225128 -0.6506882 -0.7567059 0.06325411 -0.7648153 -0.5645846 -0.3103255 -0.8352139 -0.4689468 -0.2872395 -0.7405834 -0.6325709 -0.2266945 -0.7206932 -0.6734274 -0.1646113 -0.6906045 -0.6724075 -0.2663336 -0.8183047 -0.525133 -0.2336941 -0.8072884 -0.5554427 -0.1994211 -0.7582454 -0.6367067 -0.1402444 -0.7864508 -0.5796326 -0.2133576 -0.8631751 -0.4628213 -0.2018049 -0.8340555 -0.5272694 -0.1622912 -0.7967594 -0.5933185 -0.1146635 -0.8640186 -0.4798892 -0.1522448 -0.8824659 -0.4506765 -0.1347021 -0.8634619 -0.4925698 -0.1086677 -0.8320537 -0.5485389 -0.08241283 -0.8237231 -0.5666236 -0.02044075 -0.776354 -0.6296829 -0.02782374 -0.781548 -0.6233152 -0.02571141 -0.7947545 -0.6064714 -0.02362114 -0.8197562 -0.5720255 -0.02804833 -0.7732268 -0.6332401 -0.03357881 -0.7720335 -0.6348187 -0.03113728 -0.7882155 -0.6147539 -0.02817809 -0.7691284 -0.6369351 -0.05249184 -0.7457833 -0.6643834 -0.04901123 -0.7561365 -0.6529674 -0.04348993 -0.7829369 -0.6208264 -0.03980624 -0.6744158 -0.731874 -0.09759032 -0.6997866 -0.7097692 -0.08078598 -0.7303017 -0.6798328 -0.06698358 -0.7895224 -0.6108227 -0.059583 -0.7979648 -0.6024085 -0.01887398 -0.8136235 -0.5806881 -0.02860301 -0.8517215 -0.5210731 -0.05525666 -0.8877936 -0.4505863 -0.0937801 -0.8172975 -0.5756347 -0.02587932 -0.8129869 -0.581525 -0.02968209 -0.8382173 -0.5434349 -0.04550278 -0.8767023 -0.4751058 -0.07528448 -0.8228428 -0.5676891 -0.02566778 -0.827273 -0.5610303 -0.02940094 -0.8401141 -0.5408494 -0.04111355 -0.8609749 -0.5047788 -0.06261789 -0.8155691 -0.5781869 -0.02338689 -0.8200229 -0.5716608 -0.02768915 -0.8235217 -0.565945 -0.03896445 -0.8161425 -0.5748545 -0.05876863 -0.7648158 -0.5645871 0.3103197 -0.6825585 -0.6624675 0.3086272 -0.8228242 -0.5249552 0.2176747 -0.8535194 -0.4977784 0.1540173 -0.8455232 -0.4732485 0.2472374 -0.7394452 -0.6278707 0.2428973 -0.7675191 -0.6078928 0.2034226 -0.8311451 -0.5393832 0.1351434 -0.7855466 -0.5808226 0.2134521 -0.6841356 -0.6953168 0.2202113 -0.7464631 -0.6434493 0.1696054 -0.8017048 -0.5866756 0.114373 -0.7040425 -0.6907524 0.16488 -0.6761633 -0.7214889 0.1491876 -0.718131 -0.6860101 0.1169534 -0.7679579 -0.6348118 0.08517408 -0.7836702 -0.6208265 0.02086961 -0.8297437 -0.557488 0.02706563 -0.8254071 -0.5639782 0.02513372 -0.8135734 -0.5809916 0.0233916 -0.7878165 -0.6152498 0.02851665 -0.8320906 -0.5536826 0.03257167 -0.8331787 -0.5521804 0.03016841 -0.8194139 -0.5725315 0.02772605 -0.8342821 -0.5489968 0.05075597 -0.8521342 -0.5212618 0.04640483 -0.8449609 -0.5332121 0.04154419 -0.8235124 -0.5659576 0.03897905 -0.890218 -0.4470273 0.08762717 -0.8784978 -0.4720098 0.07381504 -0.8613049 -0.5042115 0.06264728 -0.8161407 -0.5748572 0.05876773 -0.8106838 -0.5851839 0.01874953 -0.7944755 -0.6066088 0.02888834 -0.7454556 -0.663996 0.05835521 -0.6778455 -0.7277911 0.1041427 -0.7906339 -0.6117269 0.02623921 -0.7950949 -0.6057447 0.02995884 -0.7646444 -0.6427171 0.04726362 -0.7027527 -0.7066692 0.0822038 -0.7844589 -0.6196278 0.02618336 -0.7791582 -0.6261021 0.03014272 -0.7625682 -0.6454909 0.04279166 -0.7308261 -0.6792749 0.06692373 -0.7926133 -0.6092653 0.02366685 -0.7875452 -0.6156134 0.02815914 -0.7829305 -0.6208353 0.03979206 -0.7895224 -0.6108227 0.05958271 -0.8567473 -0.4225937 -0.2956328 -0.9044442 -0.3257282 -0.2754669 -0.8466762 -0.4868229 -0.2148091 -0.836109 -0.5260477 -0.1555494 -0.8095041 -0.5302101 -0.2521515 -0.8981515 -0.3789587 -0.2229672 -0.8931455 -0.4077724 -0.1897704 -0.8629313 -0.4875843 -0.1327075 -0.8785076 -0.4325758 -0.2027381 -0.9288323 -0.3159816 -0.1934586 -0.9126023 -0.3784509 -0.1547001 -0.8898643 -0.4430745 -0.1087497 -0.9322114 -0.3313004 -0.1456778 -0.9444816 -0.302091 -0.129212 -0.9336444 -0.3428194 -0.1038412 -0.9141358 -0.3977569 -0.07839143 -0.9095455 -0.4151509 -0.0194146 -0.8777183 -0.4784539 -0.02632069 -0.8812597 -0.4720057 -0.02433133 -0.8901981 -0.455024 -0.022376 -0.9068694 -0.4205698 -0.02662914 -0.8755475 -0.4820871 -0.03175854 -0.8747553 -0.4836695 -0.02944684 -0.885757 -0.4633822 -0.0266785 -0.8725432 -0.4860087 -0.04963994 -0.8565797 -0.5139349 -0.04628485 -0.8637616 -0.5022227 -0.04109174 -0.8820841 -0.469583 -0.03767579 -0.8057772 -0.5850314 -0.09198641 -0.8240458 -0.5613784 -0.07617628 -0.8456109 -0.5300429 -0.06322175 -0.8862766 -0.4597057 -0.05643153 -0.8923807 -0.4509289 -0.01788276 -0.9027923 -0.4292197 -0.02713996 -0.9274561 -0.3702048 -0.05266702 -0.9493055 -0.3012136 -0.08994227 -0.9052554 -0.4241572 -0.02456384 -0.9023584 -0.4300654 -0.02816307 -0.9188371 -0.3922552 -0.04329276 -0.9429379 -0.3250824 -0.0720396 -0.9089286 -0.4162388 -0.0243768 -0.9118278 -0.4096215 -0.02793616 -0.9201259 -0.3896636 -0.03912425 -0.9332658 -0.3541796 -0.05976384 -0.9041214 -0.4266991 -0.02219504 -0.9070485 -0.4202046 -0.02628922 -0.9092571 -0.4145864 -0.03701049 -0.9041055 -0.4236519 -0.05579012 -0.85675 -0.4225905 0.2956297 -0.8006657 -0.5228009 0.292598 -0.9021716 -0.3781114 0.2076491 -0.9254978 -0.3489994 0.1471501 -0.9144648 -0.3280704 0.2369049 -0.8448745 -0.4828651 0.2302792 -0.8663632 -0.4606412 0.192937 -0.9118918 -0.3897377 0.1286774 -0.877902 -0.4337693 0.2028108 -0.8078616 -0.5514015 0.2081257 -0.853678 -0.4954553 0.1604933 -0.8931776 -0.4364144 0.1085188 -0.8244919 -0.5440301 0.1557059 -0.8054633 -0.5756924 0.140739 -0.8360038 -0.5375029 0.1104006 -0.8711722 -0.4843221 0.08056914 -0.8827255 -0.469474 0.01975172 -0.9134698 -0.4060927 0.02572375 -0.9106265 -0.4125401 0.02387648 -0.9027947 -0.4294986 0.02219533 -0.8854843 -0.4638845 0.02699798 -0.9149681 -0.4023367 0.0309652 -0.915705 -0.4008265 0.02868342 -0.906642 -0.421079 0.02632302 -0.9161901 -0.3978263 0.04827117 -0.9278595 -0.3702984 0.04422712 -0.9232782 -0.3820899 0.03955811 -0.9092555 -0.4145888 0.03702396 -0.9509736 -0.2976272 0.08406794 -0.9440972 -0.3220077 0.07065242 -0.933476 -0.3536201 0.05979573 -0.9041036 -0.4236558 0.05578958 -0.9008957 -0.4336714 0.01778531 -0.8899732 -0.455191 0.02736449 -0.8562255 -0.5136541 0.05511236 -0.8080381 -0.5808922 0.09817743 -0.8874029 -0.4603248 0.02484762 -0.8903834 -0.4543261 0.02837985 -0.869551 -0.4918178 0.04468089 -0.8261058 -0.5581574 0.07752168 -0.8832318 -0.4682813 0.02478343 -0.8796088 -0.4748423 0.02852016 -0.8681815 -0.4945959 0.04044687 -0.845967 -0.5294809 0.0631659 -0.8887552 -0.4578337 0.02241533 -0.8853036 -0.4642487 0.02665913 -0.8820785 -0.4695948 0.03766214 -0.8862754 -0.459708 0.05643117 -0.9167228 -0.2803083 -0.2846869 -0.9457851 -0.1838924 -0.2677204 -0.9176275 -0.3401727 -0.2055298 -0.9142494 -0.3770425 -0.1482811 -0.8910752 -0.3848685 -0.2405437 -0.9480192 -0.2341721 -0.2154603 -0.9477625 -0.2613816 -0.1828276 -0.9324097 -0.3383978 -0.1268829 -0.9381385 -0.2862102 -0.1948847 -0.9670906 -0.1712987 -0.1881297 -0.9612649 -0.2315961 -0.1494429 -0.9500609 -0.2940911 -0.1043775 -0.9724937 -0.1850942 -0.1414082 -0.9797037 -0.1560506 -0.1258133 -0.9755042 -0.1955982 -0.1006629 -0.9655173 -0.2491325 -0.07556062 -0.9638654 -0.2657344 -0.0186789 -0.9443634 -0.327939 -0.0251761 -0.9465928 -0.3215897 -0.02328568 -0.9521467 -0.3048882 -0.02144718 -0.9622185 -0.2710718 -0.02560842 -0.9429496 -0.331548 -0.03036797 -0.942473 -0.3330945 -0.02815389 -0.9493701 -0.3131191 -0.02555322 -0.9408322 -0.3355343 -0.04745125 -0.9307201 -0.3630591 -0.04413944 -0.9353858 -0.3514469 -0.03922545 -0.946973 -0.3192829 -0.03606575 -0.896523 -0.4343148 -0.08727651 -0.9090098 -0.4104404 -0.0723887 -0.9233674 -0.3791659 -0.06021654 -0.9492899 -0.309718 -0.05407065 -0.9535205 -0.3008401 -0.01714748 -0.9597719 -0.2795673 -0.02607727 -0.9737557 -0.2218301 -0.05090445 -0.9840974 -0.1545401 -0.08757752 -0.9612719 -0.2745884 -0.02361375 -0.9595031 -0.2803958 -0.02705764 -0.9690258 -0.2434048 -0.04175013 -0.9815847 -0.1777554 -0.06996148 -0.9634626 -0.2668146 -0.0234521 -0.9651409 -0.2603456 -0.02689284 -0.9698342 -0.2408267 -0.03773927 -0.9768007 -0.2061859 -0.05786073 -0.9606146 -0.2770645 -0.02133059 -0.9623262 -0.2707196 -0.02528232 -0.9635221 -0.265249 -0.03561198 -0.9601458 -0.2743051 -0.05363637 -0.9167245 -0.2803072 0.2846828 -0.8819401 -0.3795902 0.2794514 -0.9516007 -0.2327979 0.2006525 -0.9688475 -0.2025021 0.142575 -0.9554845 -0.1846297 0.2301335 -0.9153783 -0.3368816 0.2204388 -0.931385 -0.3135346 0.1849811 -0.9622777 -0.2420927 0.1241488 -0.9377645 -0.2873969 0.1949376 -0.8930005 -0.404096 0.1981327 -0.92528 -0.3468908 0.153375 -0.9520826 -0.2875359 0.10422 -0.9066815 -0.3949148 0.1482268 -0.8947654 -0.4260629 0.1336615 -0.9159399 -0.3873045 0.1051157 -0.939342 -0.3342186 0.0770362 -0.9475421 -0.3190712 0.01890778 -0.9661281 -0.2568715 0.02477145 -0.9644711 -0.2631871 0.02297842 -0.9598169 -0.2798154 0.0213257 -0.9491993 -0.3136115 0.0258584 -0.9669524 -0.2532062 0.02983152 -0.9674054 -0.2517201 0.0276373 -0.962087 -0.2715656 0.02531236 -0.967416 -0.2488812 0.04652476 -0.974138 -0.2218737 0.04274672 -0.971631 -0.2333987 0.0381869 -0.9635146 -0.2652742 0.03562563 -0.9851462 -0.1509343 0.08188873 -0.9822216 -0.1747279 0.06863677 -0.9769144 -0.2056368 0.0578944 -0.9601494 -0.2742927 0.05363512 -0.9587029 -0.2838963 0.01708126 -0.9519673 -0.3050743 0.02622961 -0.93036 -0.3628606 0.0525611 -0.8978729 -0.4302812 0.09317976 -0.9504037 -0.3101069 0.02380526 -0.9522145 -0.3042162 0.02720516 -0.9390124 -0.3412233 0.04268974 -0.910335 -0.4072601 0.07368421 -0.9478167 -0.317932 0.0237264 -0.9455246 -0.324405 0.02728867 -0.938202 -0.3439249 0.03863495 -0.9236032 -0.3785988 0.06016653 -0.9512585 -0.3076459 0.02148014 -0.949088 -0.313975 0.02553218 -0.9469724 -0.3192858 0.03605329 -0.9492898 -0.309718 0.05407035 -0.9503846 -0.1395552 -0.2780175 -0.9634758 -0.04357689 -0.2642264 -0.9602353 -0.1954473 -0.1993702 -0.9625728 -0.2300676 -0.143257 -0.9423935 -0.2406505 -0.23234 -0.9731118 -0.09139698 -0.2114237 -0.9768662 -0.1172496 -0.178844 -0.9737132 -0.191671 -0.1230649 -0.9714295 -0.1420491 -0.1901234 -0.982153 -0.02839648 -0.1859282 -0.9853472 -0.08706396 -0.1466663 -0.9837812 -0.1477451 -0.1017154 -0.9893723 -0.04092669 -0.1395258 -0.9921413 -0.01183694 -0.1245616 -0.9937801 -0.05060499 -0.09919869 -0.9919114 -0.1031285 -0.07400226 -0.9927182 -0.1190679 -0.01825869 -0.9833244 -0.1802107 -0.02444136 -0.9844886 -0.1739847 -0.02262157 -0.9872873 -0.1575699 -0.0208742 -0.9919231 -0.1243495 -0.02501684 -0.9825246 -0.1837852 -0.02946984 -0.982305 -0.1852855 -0.02731698 -0.9858682 -0.1656696 -0.02484667 -0.9811295 -0.1877932 -0.04603004 -0.9757323 -0.2147645 -0.04269385 -0.9783689 -0.2033506 -0.03798598 -0.9845144 -0.171765 -0.03504627 -0.9548177 -0.2851242 -0.08382916 -0.9626854 -0.2614976 -0.06968629 -0.9712848 -0.2307049 -0.05814903 -0.9853048 -0.1625056 -0.05259746 -0.9879938 -0.1535887 -0.01669579 -0.9908286 -0.1327072 -0.02545064 -0.9958543 -0.07598388 -0.05000972 -0.9961851 -0.009744167 -0.08672052 -0.9915318 -0.1278007 -0.02305948 -0.9906929 -0.1335305 -0.02640485 -0.9944251 -0.09718441 -0.04091459 -0.9970793 -0.03255635 -0.06908655 -0.9924908 -0.1201528 -0.02292126 -0.9931562 -0.113793 -0.02630442 -0.9948256 -0.09462267 -0.03699511 -0.9965382 -0.06057131 -0.05694711 -0.9912644 -0.1302357 -0.02082473 -0.991975 -0.1239983 -0.02469891 -0.9923234 -0.1186691 -0.03481262 -0.9904311 -0.1276817 -0.05237984 -0.950385 -0.1395544 0.2780159 -0.9331648 -0.2371181 0.2701454 -0.9763186 -0.08958327 0.1969188 -0.9883858 -0.05817097 0.1403917 -0.9729265 -0.04290032 0.2270984 -0.9576523 -0.1927127 0.2139256 -0.9691165 -0.1686421 0.1799256 -0.9878261 -0.09690469 0.1216936 -0.9712537 -0.1432108 0.1901495 -0.9470777 -0.2580239 0.1909648 -0.9683346 -0.2005845 0.1486402 -0.9847342 -0.1413118 0.1016347 -0.9582573 -0.2476053 0.1429504 -0.9519851 -0.2778684 0.1285058 -0.965642 -0.2392625 0.1014343 -0.979552 -0.1867927 0.07474255 -0.9850124 -0.1715022 0.01837283 -0.9935958 -0.1103633 0.02423864 -0.9929267 -0.1165845 0.02246743 -0.9909056 -0.1329396 0.02081274 -0.9857783 -0.1661602 0.02514195 -0.9938538 -0.1067806 0.02920103 -0.9940717 -0.105306 0.02705848 -0.9918696 -0.1248329 0.02472615 -0.9936769 -0.1026164 0.04556524 -0.9962259 -0.07596325 0.04199486 -0.9954767 -0.08730655 0.03746592 -0.9923217 -0.1186797 0.03482621 -0.9966856 -0.00610131 0.08112198 -0.9972613 -0.02954447 0.06780254 -0.996568 -0.0600422 0.05698418 -0.9904313 -0.1276801 0.05237925 -0.9904394 -0.1369385 0.01666259 -0.9871443 -0.1577798 0.02552706 -0.9753694 -0.214639 0.05084007 -0.9554446 -0.2812638 0.08953452 -0.9864026 -0.1627075 0.02315509 -0.9872532 -0.1569398 0.02647918 -0.9802579 -0.1933441 0.04138475 -0.9634301 -0.2583946 0.07095611 -0.9851068 -0.1703904 0.02305889 -0.9838986 -0.176752 0.02650195 -0.9798952 -0.1959683 0.03744381 -0.971423 -0.2301334 0.05810415 -0.9868496 -0.1602849 0.02089911 -0.9857271 -0.1665114 0.02482426 -0.9845117 -0.1717827 0.03503352 -0.9853063 -0.1624963 0.0525977 -0.9612196 0 -0.2757843 -0.9594163 0.09630811 -0.2650381 -0.9790921 -0.05263251 -0.1964909 -0.9863729 -0.08541023 -0.140619 -0.9687191 -0.09836173 -0.2278338 -0.9762056 0.0503785 -0.210914 -0.9837216 0.02553927 -0.1778753 -0.991495 -0.04708135 -0.1213313 -0.982065 5.81858e-4 -0.1885418 -0.9757257 0.1141807 -0.1868752 -0.987616 0.05640977 -0.1463994 -0.9949015 -0.003195703 -0.1008004 -0.9848026 0.1027253 -0.1400405 -0.9832494 0.1322138 -0.1254597 -0.990617 0.09373629 -0.09945595 -0.9964125 0.04154926 -0.0737282 -0.9994962 0.02603501 -0.01815724 -0.9991068 -0.03469222 -0.02412849 -0.9993438 -0.02850508 -0.02234858 -0.9997118 -0.01223015 -0.02066266 -0.9994753 0.0207656 -0.02486187 -0.9988451 -0.03824639 -0.0290811 -0.9988476 -0.03971409 -0.02695137 -0.9994925 -0.02027726 -0.0245707 -0.9980728 -0.04230386 -0.04540032 -0.996737 -0.06894445 -0.04197794 -0.9976366 -0.05764323 -0.03739881 -0.9990523 -0.02636557 -0.03463268 -0.9869617 -0.1386373 -0.08177006 -0.9909961 -0.1152467 -0.06815284 -0.994764 -0.08478128 -0.05706894 -0.9984959 -0.0172798 -0.0520336 -0.9998292 -0.008267939 -0.0165351 -0.9996033 0.01244622 -0.02526712 -0.9963719 0.06887894 -0.04998886 -0.9869956 0.1349279 -0.08737343 -0.9995874 0.01733499 -0.02290689 -0.9995888 0.01162832 -0.02621215 -0.9980261 0.04774886 -0.04079347 -0.9912582 0.1121976 -0.06941866 -0.9994291 0.02494537 -0.02279061 -0.9991686 0.03125923 -0.02617377 -0.9980509 0.05033016 -0.03689664 -0.9948124 0.08423906 -0.05702787 -0.9996749 0.01492035 -0.0206809 -0.9994756 0.02111947 -0.02454656 -0.9990527 0.02637177 -0.0346201 -0.9984959 0.01727485 -0.0520333 -0.9612206 0 0.2757807 -0.9594146 -0.09631508 0.2650417 -0.979091 0.05263382 0.1964958 -0.9863725 0.08541542 0.1406185 -0.9687176 0.09836637 0.2278385 -0.9762082 -0.05037593 0.2109027 -0.9837216 -0.02553451 0.1778756 -0.9914949 0.04708141 0.1213312 -0.982066 -5.8184e-4 0.1885367 -0.9757259 -0.1141781 0.1868754 -0.9876156 -0.05641067 0.1464014 -0.994902 0.003198087 0.1007971 -0.9848038 -0.1027195 0.1400371 -0.9832489 -0.1322159 0.1254617 -0.9906165 -0.09374189 0.09945565 -0.9964122 -0.04155302 0.07372921 -0.9994962 -0.02603489 0.01815718 -0.9991068 0.03469192 0.02412831 -0.9993439 0.02850472 0.02234858 -0.9997118 0.01223003 0.02066242 -0.9994753 -0.02076584 0.02486217 -0.9988451 0.03824633 0.02908104 -0.9988475 0.03971534 0.02695173 -0.9994925 0.0202766 0.02457076 -0.9980727 0.04230564 0.0454005 -0.9967371 0.06894141 0.041978 -0.9976366 0.05764359 0.03739899 -0.9990524 0.02636313 0.03463333 -0.9869613 0.1386405 0.08176892 -0.9909964 0.1152443 0.06815379 -0.9947641 0.08478015 0.05706948 -0.9984959 0.01727485 0.05203324 -0.9998292 0.008267879 0.01653492 -0.9996033 -0.01244622 0.02526712 -0.9963719 -0.06887876 0.0499885 -0.9869958 -0.134927 0.08737248 -0.9995873 -0.01733481 0.02290672 -0.9995887 -0.01162844 0.02621263 -0.9980258 -0.04775464 0.04079353 -0.9912585 -0.1121954 0.06941956 -0.9994291 -0.02494525 0.02279043 -0.9991685 -0.03125953 0.026174 -0.998051 -0.0503298 0.0368961 -0.9948127 -0.08423495 0.05702853 -0.9996748 -0.01492041 0.02068096 -0.9994757 -0.02111923 0.02454608 -0.9990527 -0.02636849 0.03462046 -0.9984959 -0.01727485 0.05203324 -0.9503849 0.1395523 -0.2780175 -0.9331663 0.2371135 -0.2701444 -0.976318 0.08958446 -0.1969214 -0.9883859 0.05817461 -0.1403892 -0.9729276 0.04290205 -0.2270933 -0.9576497 0.1927192 -0.2139314 -0.9691161 0.1686467 -0.1799234 -0.9878267 0.09689837 -0.1216932 -0.9712536 0.1432118 -0.1901499 -0.9470773 0.2580269 -0.1909626 -0.9683345 0.2005847 -0.148641 -0.9847328 0.1413188 -0.1016383 -0.9582545 0.2476141 -0.142953 -0.9519852 0.2778682 -0.1285055 -0.9656438 0.2392561 -0.101434 -0.9795535 0.1867853 -0.07474118 -0.9850122 0.1715034 -0.01837307 -0.9935957 0.110364 -0.02423894 -0.9929265 0.116586 -0.02246761 -0.9909057 0.1329393 -0.02081274 -0.9857786 0.1661583 -0.02514171 -0.9938537 0.106781 -0.02920103 -0.9940716 0.1053076 -0.02705836 -0.9918702 0.1248288 -0.02472579 -0.9936766 0.1026189 -0.04556536 -0.996226 0.07596147 -0.04199492 -0.9954769 0.08730471 -0.03746509 -0.9923218 0.1186793 -0.0348258 -0.9966855 0.006103873 -0.08112359 -0.9972613 0.02954268 -0.06780266 -0.9965679 0.06004434 -0.05698394 -0.9904318 0.1276767 -0.05237978 -0.9904393 0.1369391 -0.01666259 -0.9871445 0.1577789 -0.02552676 -0.9753693 0.2146393 -0.05084049 -0.9554437 0.2812668 -0.08953541 -0.9864025 0.1627082 -0.02315509 -0.9872541 0.1569344 -0.02647888 -0.9802588 0.1933395 -0.04138475 -0.9634309 0.2583919 -0.07095563 -0.9851074 0.170387 -0.02305895 -0.9838988 0.1767513 -0.02650159 -0.9798951 0.1959685 -0.03744339 -0.9714227 0.2301346 -0.05810493 -0.9868495 0.1602852 -0.02089917 -0.9857262 0.1665168 -0.02482461 -0.9845116 0.1717833 -0.0350334 -0.9853048 0.1625056 -0.05259841 -0.9503841 0.1395559 0.2780183 -0.9634751 0.04357153 0.2642298 -0.9602358 0.1954463 0.199369 -0.9625719 0.2300705 0.1432578 -0.942391 0.2406557 0.2323448 -0.9731131 0.09139424 0.2114189 -0.9768647 0.1172588 0.1788458 -0.9737142 0.1916679 0.1230623 -0.9714286 0.1420528 0.1901249 -0.9821532 0.02839887 0.1859264 -0.9853476 0.08706104 0.1466653 -0.9837809 0.1477482 0.1017138 -0.9893726 0.0409342 0.1395221 -0.9921413 0.01183712 0.124562 -0.9937803 0.05059957 0.09919893 -0.9919119 0.1031248 0.07400149 -0.9927181 0.1190694 0.01825833 -0.9833239 0.1802132 0.02444154 -0.9844886 0.1739839 0.02262163 -0.9872868 0.1575729 0.02087414 -0.9919229 0.1243511 0.02501726 -0.9825246 0.1837849 0.0294696 -0.982305 0.1852857 0.02731722 -0.9858682 0.1656702 0.02484667 -0.9811298 0.1877918 0.04602956 -0.9757326 0.2147629 0.04269403 -0.9783689 0.2033507 0.03798621 -0.9845144 0.1717649 0.03504651 -0.9548171 0.2851265 0.0838294 -0.9626848 0.2614992 0.06968677 -0.9712855 0.2307017 0.05814909 -0.9853056 0.1625004 0.05259835 -0.9879946 0.1535844 0.01669561 -0.9908285 0.1327081 0.02545082 -0.9958538 0.07598894 0.05000931 -0.9961851 0.009740829 0.0867204 -0.9915319 0.1278001 0.02305936 -0.9906933 0.1335276 0.02640527 -0.9944255 0.09717947 0.04091465 -0.9970793 0.03255689 0.06908792 -0.9924908 0.1201525 0.02292132 -0.9931561 0.1137941 0.02630454 -0.9948257 0.09462207 0.03699511 -0.9965376 0.06058102 0.0569477 -0.9912644 0.1302353 0.02082467 -0.9919751 0.1239971 0.02469873 -0.9923224 0.1186782 0.0348128 -0.9904314 0.1276795 0.05237865 -0.9167228 0.2803083 -0.2846869 -0.881941 0.3795897 -0.2794495 -0.9515999 0.2327973 -0.2006565 -0.9688474 0.2025032 -0.142574 -0.9554864 0.1846293 -0.2301256 -0.9153713 0.3368945 -0.2204484 -0.9313825 0.3135424 -0.1849806 -0.9622772 0.2420945 -0.1241496 -0.9377661 0.2873921 -0.194937 -0.8929997 0.4040979 -0.1981328 -0.925281 0.346888 -0.1533749 -0.9520803 0.2875428 -0.1042225 -0.9066751 0.3949286 -0.1482288 -0.8947647 0.4260644 -0.1336623 -0.9159411 0.3873019 -0.1051151 -0.9393464 0.3342062 -0.07703655 -0.9475432 0.3190683 -0.01890784 -0.9661293 0.2568669 -0.02477169 -0.9644713 0.2631865 -0.02297872 -0.9598165 0.2798171 -0.02132588 -0.9491991 0.3136121 -0.02585792 -0.9669528 0.2532042 -0.02983087 -0.9674062 0.2517171 -0.0276373 -0.9620866 0.2715672 -0.02531224 -0.9674155 0.248883 -0.0465247 -0.9741377 0.2218752 -0.0427469 -0.9716315 0.2333967 -0.03818708 -0.9635152 0.265272 -0.03562527 -0.9851455 0.1509395 -0.08188879 -0.9822221 0.1747249 -0.06863641 -0.9769138 0.2056396 -0.05789428 -0.9601472 0.2743002 -0.05363541 -0.9587029 0.283896 -0.01708114 -0.9519677 0.3050733 -0.02622944 -0.9303604 0.3628593 -0.05256116 -0.8978726 0.4302817 -0.09318023 -0.9504041 0.3101058 -0.02380514 -0.9522139 0.3042181 -0.02720516 -0.9390127 0.3412227 -0.04268914 -0.9103347 0.4072612 -0.07368326 -0.947817 0.3179309 -0.0237264 -0.9455249 0.324404 -0.02728843 -0.9382015 0.3439265 -0.03863483 -0.9236028 0.3786 -0.06016707 -0.9512573 0.3076496 -0.02148002 -0.9490881 0.3139743 -0.02553254 -0.9469734 0.3192832 -0.03605228 -0.949287 0.3097269 -0.0540685 -0.9167245 0.2803072 0.2846828 -0.9457834 0.1838929 0.2677263 -0.9176285 0.3401703 0.205529 -0.9142456 0.3770518 0.1482808 -0.8910676 0.3848821 0.2405499 -0.9480226 0.2341661 0.2154518 -0.9477583 0.2613952 0.1828299 -0.9324114 0.338393 0.1268827 -0.9381378 0.286213 0.1948837 -0.9670904 0.171301 0.1881285 -0.9612664 0.2315906 0.1494415 -0.9500615 0.2940904 0.1043753 -0.9724948 0.1850904 0.1414058 -0.9797034 0.156051 0.1258149 -0.9755037 0.1956001 0.1006642 -0.9655178 0.2491305 0.07556003 -0.9638661 0.2657315 0.01867878 -0.9443656 0.3279328 0.0251761 -0.9465919 0.3215923 0.02328556 -0.9521461 0.30489 0.0214473 -0.962218 0.2710736 0.02560847 -0.9429501 0.3315463 0.03036797 -0.9424721 0.3330973 0.02815449 -0.949369 0.3131225 0.0255528 -0.9408335 0.3355304 0.04745107 -0.93072 0.3630595 0.04413902 -0.9353851 0.3514489 0.03922569 -0.9469729 0.3192831 0.03606671 -0.8965244 0.4343121 0.08727598 -0.9090106 0.4104384 0.072389 -0.9233663 0.3791683 0.06021642 -0.9492897 0.3097188 0.05406951 -0.9535197 0.3008424 0.01714766 -0.9597703 0.2795731 0.02607727 -0.973755 0.2218333 0.05090349 -0.9840977 0.1545382 0.08757597 -0.9612717 0.2745894 0.02361339 -0.9595034 0.2803947 0.0270577 -0.9690272 0.2433996 0.04174983 -0.9815849 0.177754 0.06996244 -0.9634627 0.266814 0.02345222 -0.9651403 0.260348 0.02689325 -0.9698346 0.2408249 0.03773856 -0.9768012 0.2061833 0.05786192 -0.9606146 0.2770643 0.02133053 -0.962328 0.2707136 0.0252825 -0.9635222 0.2652488 0.0356121 -0.960148 0.2742974 0.05363547 -0.8567472 0.4225943 -0.2956322 -0.8006629 0.5228048 -0.2925993 -0.9021736 0.3781062 -0.2076498 -0.9254975 0.3490005 -0.1471493 -0.9144685 0.3280641 -0.2368995 -0.8448619 0.482882 -0.2302902 -0.8663583 0.4606496 -0.1929383 -0.9118925 0.3897359 -0.1286783 -0.8778993 0.4337733 -0.2028139 -0.8078549 0.5514097 -0.2081292 -0.8536798 0.4954532 -0.1604899 -0.8931705 0.4364283 -0.1085215 -0.8244839 0.5440418 -0.1557083 -0.8054697 0.575684 -0.1407357 -0.8360077 0.5374972 -0.1103997 -0.8711739 0.4843189 -0.08056896 -0.882725 0.4694749 -0.01975232 -0.9134707 0.4060907 -0.02572345 -0.9106261 0.412541 -0.02387666 -0.9027947 0.429499 -0.0221951 -0.8854833 0.4638863 -0.02699756 -0.914968 0.4023368 -0.0309652 -0.9157053 0.4008257 -0.02868312 -0.9066439 0.4210748 -0.02632296 -0.9161895 0.3978275 -0.04827129 -0.9278591 0.3702994 -0.04422765 -0.9232782 0.3820897 -0.03955841 -0.909255 0.4145897 -0.03702461 -0.9509722 0.2976316 -0.08406811 -0.9440993 0.3220019 -0.07065129 -0.9334763 0.3536191 -0.05979526 -0.9041069 0.4236488 -0.05578905 -0.900896 0.4336707 -0.01778525 -0.8899723 0.4551929 -0.02736437 -0.8562242 0.5136564 -0.05511218 -0.8080376 0.5808928 -0.0981782 -0.8873997 0.4603308 -0.0248478 -0.8903839 0.454325 -0.02837997 -0.8695511 0.4918175 -0.04468101 -0.8261067 0.5581561 -0.07752144 -0.8832303 0.4682841 -0.02478277 -0.879611 0.4748379 -0.02852082 -0.8681793 0.4945997 -0.04044789 -0.8459679 0.5294795 -0.06316614 -0.8887553 0.4578336 -0.02241557 -0.8852998 0.464256 -0.02665919 -0.8820807 0.4695907 -0.03766143 -0.8862761 0.4597068 -0.05643004 -0.8567445 0.4226 0.2956319 -0.9044451 0.3257235 0.2754693 -0.8466706 0.4868317 0.2148112 -0.8361055 0.5260534 0.1555489 -0.8094996 0.5302169 0.2521521 -0.8981554 0.3789539 0.2229597 -0.8931418 0.4077795 0.1897732 -0.8629317 0.4875838 0.1327066 -0.878507 0.432578 0.2027355 -0.9288325 0.3159825 0.1934561 -0.9126018 0.3784511 0.1547025 -0.8898656 0.4430723 0.1087482 -0.9322124 0.3312972 0.145678 -0.9444822 0.3020895 0.1292111 -0.933644 0.3428201 0.103843 -0.9141347 0.3977594 0.07839179 -0.9095452 0.4151515 0.01941514 -0.8777183 0.4784536 0.02632075 -0.8812584 0.4720083 0.02433145 -0.8901965 0.4550272 0.02237659 -0.9068677 0.4205733 0.02662944 -0.8755467 0.4820888 0.03175842 -0.8747549 0.4836703 0.02944719 -0.8857601 0.4633762 0.02667808 -0.8725446 0.4860061 0.0496394 -0.8565802 0.513934 0.04628467 -0.8637611 0.5022234 0.04109156 -0.8820835 0.4695844 0.03767633 -0.8057785 0.5850297 0.09198653 -0.8240451 0.5613793 0.07617706 -0.8456112 0.5300424 0.06322234 -0.8862744 0.4597101 0.0564301 -0.8923829 0.4509248 0.01788276 -0.9027909 0.4292228 0.0271396 -0.9274568 0.3702028 0.05266672 -0.9493072 0.3012081 0.08994209 -0.9052568 0.4241545 0.02456367 -0.9023575 0.4300673 0.02816247 -0.9188384 0.3922525 0.04329258 -0.942935 0.3250904 0.07204055 -0.9089311 0.4162335 0.02437669 -0.9118262 0.4096251 0.02793663 -0.9201261 0.3896631 0.03912431 -0.9332665 0.3541778 0.05976438 -0.9041219 0.4266979 0.02219498 -0.9070482 0.4202054 0.02628958 -0.9092575 0.4145855 0.03701066 -0.9041076 0.4236476 0.05578815 -0.7648136 0.5645876 -0.3103241 -0.6825578 0.6624672 -0.3086296 -0.8228214 0.5249588 -0.2176767 -0.8535234 0.497772 -0.1540158 -0.8455333 0.4732356 -0.247228 -0.739415 0.6279005 -0.2429127 -0.7675199 0.6078923 -0.2034212 -0.8311433 0.5393853 -0.1351463 -0.7855477 0.5808204 -0.2134535 -0.6841365 0.695317 -0.2202081 -0.7464601 0.6434526 -0.1696057 -0.8016984 0.5866839 -0.1143758 -0.7040358 0.690759 -0.1648805 -0.6761586 0.7214937 -0.149186 -0.7181326 0.6860085 -0.116953 -0.7679616 0.6348074 -0.08517456 -0.7836709 0.6208257 -0.0208702 -0.8297444 0.5574871 -0.02706497 -0.8254059 0.5639799 -0.02513343 -0.8135728 0.5809926 -0.0233916 -0.7878215 0.6152431 -0.02851635 -0.8320894 0.5536844 -0.03257125 -0.8331809 0.5521772 -0.03016853 -0.8194125 0.5725333 -0.02772617 -0.834286 0.5489906 -0.05075716 -0.852136 0.521259 -0.04640442 -0.8449608 0.5332124 -0.04154384 -0.823517 0.565951 -0.03897738 -0.8902156 0.4470323 -0.08762753 -0.8785007 0.4720043 -0.07381457 -0.8613057 0.5042104 -0.06264734 -0.8161367 0.5748628 -0.05876833 -0.8106825 0.5851858 -0.01874887 -0.7944754 0.6066089 -0.02888792 -0.7454547 0.6639971 -0.05835437 -0.677837 0.7277988 -0.1041451 -0.790634 0.6117268 -0.02623963 -0.7950946 0.6057451 -0.02995932 -0.7646483 0.6427123 -0.04726421 -0.7027533 0.7066686 -0.08220314 -0.7844594 0.6196274 -0.02618366 -0.7791593 0.6261009 -0.03014278 -0.7625649 0.645495 -0.04279226 -0.7308185 0.6792832 -0.06692451 -0.7926125 0.6092662 -0.02366745 -0.7875422 0.6156171 -0.02815926 -0.7829318 0.6208338 -0.03979086 -0.7895225 0.6108223 -0.05958443 -0.764821 0.5645806 0.3103185 -0.8352234 0.4689338 0.2872332 -0.7405848 0.63257 0.2266925 -0.7206894 0.6734318 0.16461 -0.6905885 0.6724224 0.2663374 -0.8183099 0.5251257 0.2336922 -0.8072774 0.5554573 0.1994256 -0.7582499 0.6367014 0.1402446 -0.786436 0.5796507 0.2133628 -0.8631742 0.462823 0.2018057 -0.8340539 0.5272711 0.1622937 -0.7967584 0.5933198 0.1146641 -0.8640201 0.4798868 0.152243 -0.8824657 0.4506772 0.134702 -0.8634654 0.4925631 0.1086696 -0.8320583 0.548532 0.08241099 -0.823725 0.5666211 0.02043974 -0.7763534 0.6296834 0.02782404 -0.7815481 0.6233149 0.02571177 -0.794755 0.6064707 0.0236209 -0.8197529 0.57203 0.02804929 -0.7732277 0.6332389 0.03357881 -0.7720336 0.6348187 0.0311371 -0.7882222 0.6147454 0.02817791 -0.7691305 0.6369326 0.05249166 -0.7457806 0.6643863 0.04901254 -0.7561383 0.6529653 0.04349029 -0.7829335 0.6208306 0.03980612 -0.6744161 0.7318738 0.09758979 -0.6997945 0.7097616 0.08078479 -0.7303036 0.6798309 0.06698262 -0.7895321 0.6108102 0.05958151 -0.7979647 0.6024087 0.01887375 -0.8136199 0.5806934 0.02860313 -0.8517233 0.5210703 0.0552563 -0.8877975 0.4505788 0.09377902 -0.8172986 0.5756331 0.02587902 -0.812985 0.5815277 0.02968204 -0.8382199 0.5434309 0.04550176 -0.8766959 0.4751174 0.07528591 -0.8228452 0.5676857 0.02566719 -0.8272739 0.561029 0.029401 -0.8401152 0.5408477 0.04111379 -0.8609673 0.5047915 0.06261831 -0.8155699 0.5781859 0.02338701 -0.820024 0.571659 0.02768927 -0.8235207 0.5659466 0.03896486 -0.8161426 0.5748546 0.05876761 -0.6340736 0.7005187 -0.3274509 -0.521333 0.7888496 -0.3254662 -0.7063381 0.6694422 -0.2300731 -0.7458033 0.6459681 -0.1627964 -0.7421751 0.617486 -0.2605522 -0.59165 0.764143 -0.2569745 -0.627125 0.7485299 -0.2154469 -0.7123721 0.6870517 -0.1431294 -0.6530925 0.7227824 -0.2259555 -0.514999 0.824983 -0.2327644 -0.5957209 0.7828174 -0.1797597 -0.6695552 0.7327885 -0.1213136 -0.5378711 0.82475 -0.1745923 -0.4998461 0.8516129 -0.1578267 -0.5544738 0.8229134 -0.1239851 -0.6214011 0.7782593 -0.0904057 -0.6419498 0.7664263 -0.02216106 -0.7069202 0.7067105 -0.02870833 -0.7007193 0.7129387 -0.02666491 -0.6839193 0.7291352 -0.0248273 -0.6478101 0.7612 -0.03027874 -0.7103317 0.703019 -0.03454381 -0.7118601 0.7015923 -0.03199398 -0.692233 0.7210742 -0.02942144 -0.7137629 0.6983168 -0.05381691 -0.7393472 0.6715279 -0.04915285 -0.7289243 0.6831773 -0.04402571 -0.6981989 0.7147086 -0.04135215 -0.7963641 0.5977126 -0.09243309 -0.7785189 0.6227574 -0.07798534 -0.7530213 0.654647 -0.06630373 -0.688093 0.7229382 -0.06235748 -0.6798027 0.7331251 -0.01990211 -0.6571079 0.7531724 -0.03067123 -0.5897817 0.805184 -0.06193882 -0.5001143 0.8589138 -0.11024 -0.651705 0.7579607 -0.02786076 -0.6579941 0.752351 -0.03180831 -0.6159159 0.7862122 -0.05018192 -0.5325942 0.8418744 -0.08712738 -0.6430986 0.7652786 -0.02780306 -0.6357665 0.7712177 -0.03200745 -0.6129801 0.7887911 -0.04543417 -0.5700428 0.818541 -0.07100749 -0.6544592 0.7556796 -0.02512979 -0.6474145 0.7615514 -0.02990067 -0.641134 0.766265 -0.04225111 -0.6506882 0.7567058 -0.06325525 -0.634099 0.7005016 0.3274385 -0.731824 0.6107494 0.3023557 -0.5918195 0.7695339 0.2399324 -0.5603039 0.809719 0.1743984 -0.5276522 0.8015396 0.2812783 -0.7013593 0.6686804 0.2469043 -0.6826122 0.6996363 0.2110681 -0.6102655 0.7781088 0.1487373 -0.6543449 0.7216807 0.2258532 -0.7635876 0.6096443 0.2127624 -0.7181859 0.6743267 0.1717342 -0.6626355 0.7389992 0.1216319 -0.7610239 0.6284829 0.1607856 -0.7871438 0.6001873 0.142056 -0.757797 0.6422942 0.1148994 -0.7114009 0.6973351 0.08736413 -0.6982895 0.715487 0.0216884 -0.6318529 0.7745251 0.02954685 -0.6390339 0.768694 0.02730298 -0.6574531 0.753078 0.02508187 -0.6927202 0.720592 0.02976316 -0.6275765 0.7777382 0.03565388 -0.6258916 0.7792089 0.03306418 -0.6483643 0.7607422 0.0299192 -0.6222026 0.78087 0.05573207 -0.5900493 0.8056894 0.05202364 -0.6041458 0.7955352 0.04617184 -0.6411374 0.7662615 0.04226654 -0.495375 0.862517 0.1032865 -0.5285893 0.8445492 0.08561623 -0.5693448 0.8190212 0.07106953 -0.6506951 0.7566999 0.06325548 -0.6619076 0.7493177 0.02003866 -0.6840447 0.7288082 0.03035682 -0.7389335 0.6712318 0.05852544 -0.7930132 0.6011165 0.09893935 -0.6892175 0.724034 0.02746289 -0.6831535 0.7295951 0.03150022 -0.7192966 0.6930263 0.04824036 -0.7759033 0.6258159 0.07955223 -0.6970793 0.7164767 0.02723371 -0.7034204 0.7100895 0.03118795 -0.7219437 0.6905779 0.04358142 -0.7525308 0.6552141 0.06627297 -0.6867414 0.726478 0.02481943 -0.6931012 0.7202413 0.02938234 -0.6982053 0.7147032 0.04133844 -0.6881056 0.7229263 0.06235694 -0.4593976 0.8187346 -0.3444236 -0.316072 0.8858424 -0.3396791 -0.5455596 0.8019708 -0.2433263 -0.5944132 0.7854261 -0.1725656 -0.5971115 0.7533673 -0.2754915 -0.3975216 0.8769711 -0.269997 -0.4397557 0.8689388 -0.2270691 -0.5478982 0.8226842 -0.1516519 -0.4744017 0.8473955 -0.2384614 -0.2998383 0.9224978 -0.2430942 -0.3970681 0.8980892 -0.1891367 -0.4898315 0.8623199 -0.1283341 -0.324165 0.9281658 -0.182826 -0.2767257 0.9467308 -0.1646929 -0.3423779 0.9305154 -0.1300719 -0.4259974 0.8996825 -0.09538221 -0.4513098 0.8920601 -0.02341771 -0.5371463 0.8429397 -0.03044164 -0.5288352 0.8482537 -0.02826678 -0.5064402 0.861874 -0.0262987 -0.4589946 0.8878623 -0.03201037 -0.5417984 0.8397098 -0.03663474 -0.5438238 0.8385132 -0.03393173 -0.5175358 0.8550935 -0.03117823 -0.5467136 0.8353723 -0.05707401 -0.5812765 0.8120321 -0.0521686 -0.5670095 0.8223855 -0.04671549 -0.5256347 0.8495806 -0.04383152 -0.6611981 0.7437719 -0.09808439 -0.6358178 0.7673869 -0.08278417 -0.6003091 0.7966655 -0.0703786 -0.5125528 0.8561113 -0.06605541 -0.5009415 0.8652245 -0.02107715 -0.4711604 0.8814508 -0.03244125 -0.3848882 0.9206577 -0.06519526 -0.2750627 0.9545156 -0.1150681 -0.4640688 0.8853092 -0.02946019 -0.4723265 0.8807814 -0.03364586 -0.4180102 0.906899 -0.05293095 -0.3140319 0.945018 -0.09124141 -0.452847 0.891104 -0.02938318 -0.4433701 0.8957009 -0.03380972 -0.4141734 0.908936 -0.04791414 -0.3601898 0.9298902 -0.07461631 -0.4676291 0.8835253 -0.02657508 -0.4584808 0.8881421 -0.03160858 -0.4504643 0.8916775 -0.04464447 -0.4632665 0.8836923 -0.06687408 -0.4594027 0.8187335 0.3444193 -0.5873932 0.7436859 0.3192189 -0.3963133 0.8828083 0.2521613 -0.3520843 0.9179078 0.1829808 -0.3194098 0.9008823 0.2939191 -0.5402799 0.7999903 0.2609855 -0.512289 0.8293232 0.2231212 -0.4139714 0.8966981 0.1567171 -0.4760284 0.8465088 0.2383694 -0.6224175 0.7495628 0.2252823 -0.5573348 0.8101162 0.1819061 -0.4807273 0.8673852 0.1286245 -0.6152264 0.7697008 0.1704621 -0.6504887 0.7444275 0.1506398 -0.6084564 0.7841678 0.1219086 -0.544363 0.8337206 0.0926218 -0.5255349 0.8504614 0.02298909 -0.4382685 0.8983025 0.03120118 -0.4475665 0.8937853 0.02884548 -0.4715496 0.8814405 0.0265277 -0.5181865 0.8546859 0.03154093 -0.4328159 0.9006961 0.03764128 -0.4306149 0.9018608 0.03490209 -0.4597142 0.8875035 0.0316317 -0.4261832 0.9027233 0.05880993 -0.3850521 0.9212687 0.05476337 -0.4028878 0.913955 0.04866051 -0.4504719 0.8916729 0.04466038 -0.2690912 0.9570664 0.1077679 -0.3090624 0.9468092 0.08962643 -0.3593224 0.9302208 0.07467728 -0.4632613 0.8836953 0.06687122 -0.4773606 0.8784518 0.0212028 -0.5066485 0.861553 0.03215581 -0.5808833 0.8116137 0.06211221 -0.6567306 0.7467817 0.1049857 -0.513499 0.8575968 0.0290997 -0.5054833 0.862191 0.03336882 -0.5540707 0.8308956 0.05116927 -0.6322459 0.7701519 0.08444577 -0.5239778 0.8512427 0.02886545 -0.5324921 0.845789 0.0330671 -0.557567 0.8288434 0.04623615 -0.5996416 0.7971708 0.07034766 -0.510192 0.8596585 0.0262956 -0.5186885 0.8543961 0.03113764 -0.5256366 0.8495803 0.04381585 -0.5125619 0.8561058 0.06605589 -0.2429956 0.9018009 -0.3573633 -0.0775699 0.9345777 -0.3471995 -0.3383401 0.9058769 -0.2547804 -0.3949918 0.9005651 -0.1815599 -0.4061533 0.8667435 -0.2894744 -0.1631367 0.9464624 -0.2785595 -0.2090747 0.9491449 -0.2353971 -0.3354094 0.9285615 -0.1589786 -0.2510636 0.9356452 -0.248063 -0.05132448 0.9673795 -0.2480782 -0.1569775 0.968118 -0.1952071 -0.263298 0.9553895 -0.1338098 -0.07436078 0.9795183 -0.1871213 -0.02157878 0.9856147 -0.1676247 -0.09219932 0.9867607 -0.1334271 -0.1864912 0.9774776 -0.09878599 -0.2148962 0.9763339 -0.02432632 -0.3186097 0.9473492 -0.03189665 -0.3083443 0.9508143 -0.02959704 -0.2809674 0.959324 -0.02747511 -0.2240729 0.9740041 -0.03327775 -0.3244141 0.9451353 -0.03840363 -0.3268907 0.9443923 -0.03557682 -0.2945336 0.9550847 -0.03260701 -0.3307995 0.9418009 -0.05985575 -0.3739487 0.9258245 -0.05487585 -0.3559418 0.9332184 -0.04908257 -0.3045876 0.9513788 -0.04587709 -0.4779727 0.8722276 -0.1037368 -0.444402 0.8915514 -0.08742392 -0.3984449 0.9141908 -0.07414019 -0.2889834 0.954841 -0.06904661 -0.2742586 0.9614042 -0.022008 -0.23854 0.9705453 -0.03377157 -0.1383435 0.9881008 -0.06721484 -0.01781255 0.9929611 -0.1170949 -0.2300691 0.9726917 -0.03064441 -0.2399473 0.9701538 -0.03502702 -0.1762554 0.9828193 -0.05477648 -0.05956339 0.9938563 -0.09328442 -0.2167573 0.9757483 -0.03052526 -0.2056316 0.9780002 -0.03508907 -0.1717184 0.9838985 -0.04956465 -0.1105297 0.9909085 -0.07670611 -0.2342849 0.9717746 -0.02765399 -0.2234535 0.9741607 -0.03285723 -0.2141301 0.975704 -0.0463702 -0.2296605 0.9707828 -0.06954813 -0.2429863 0.9018044 0.3573607 -0.3981851 0.8539852 0.3348999 -0.1603106 0.9521656 0.2601562 -0.1054845 0.976509 0.1878916 -0.07690036 0.9506503 0.3005836 -0.3332558 0.9024223 0.2730838 -0.2958145 0.9263962 0.2329893 -0.1748259 0.9711689 0.1620703 -0.2529979 0.9351398 0.2480033 -0.4343898 0.868896 0.2373297 -0.3487815 0.917576 0.1908031 -0.252355 0.9583132 0.1339883 -0.4214785 0.8888699 0.1796283 -0.4661635 0.8702683 0.159138 -0.410481 0.9027754 0.1284595 -0.3287298 0.9394195 0.09709781 -0.304251 0.952288 0.02406138 -0.1996263 0.9793376 0.03236371 -0.2105251 0.9771296 0.02995079 -0.2389572 0.9706373 0.02761626 -0.2953275 0.9548264 0.03298842 -0.193301 0.9803633 0.03902155 -0.1906921 0.9809834 0.03617018 -0.2249163 0.973823 0.03288525 -0.1858579 0.9806865 0.06091779 -0.1383424 0.9887739 0.05646032 -0.1587032 0.9860456 0.05027318 -0.2141386 0.9757013 0.04638534 -0.01116746 0.9939144 0.1095877 -0.05405187 0.9943299 0.09157919 -0.1095424 0.9910135 0.07676416 -0.2296558 0.9707839 0.06954723 -0.2458546 0.9690552 0.02208495 -0.2812805 0.9590374 0.03359442 -0.3736516 0.9252656 0.06533211 -0.4723576 0.8743896 0.1110013 -0.2895802 0.9566702 0.03042131 -0.2798723 0.9594042 0.03485792 -0.3398354 0.9389507 0.05369913 -0.4398077 0.8936555 0.08915746 -0.3023866 0.9527066 0.03020834 -0.3128966 0.9491556 0.03463244 -0.3441193 0.9376707 0.04853582 -0.3975873 0.9145671 0.07410371 -0.2855238 0.9579775 0.02748316 -0.2959218 0.9546569 0.03256779 -0.304601 0.9513753 0.04586118 -0.2890001 0.954836 0.0690453 -0.1322341 -0.9911019 0.01521086 -0.1321045 -0.9901305 0.04679912 -0.1317999 -0.987856 0.08227598 -0.1312056 -0.9833475 0.125749 0.1299651 0.9741163 -0.1849507 0.1270458 0.9522585 -0.2776025 0.1178491 0.8833131 -0.4537284 0.07110691 0.5329572 -0.8431492 -0.1322336 -0.9911019 -0.01521074 -0.132103 -0.9901306 -0.04680049 -0.1318081 -0.9878549 -0.08227699 0.131197 0.9833489 0.1257477 0.1299548 0.9741175 0.1849516 0.1270503 0.9522588 0.2775994 0.1178521 0.8833162 0.4537218 0.07110714 0.532935 0.8431631 -0.1088411 0.9940592 0 -0.07113867 0.9974665 0 -0.04043906 0.9991821 0 0.013139 0.9999137 0 0.04043906 0.999182 0 0.07113867 0.9974665 0 0.1088411 0.9940592 0 0.3594093 0.93318 0 0.2976505 0.954675 0 0.272434 0.9621745 0 0.2478365 0.9688019 0 0.2219553 0.9750568 0 0.1924175 0.9813132 0 0.1555217 0.9878326 0 -0.380046 -0.9248499 0.01476228 -0.3796938 -0.9239966 0.04541873 -0.378875 -0.9219958 0.07985967 0.3772601 0.9180253 -0.1220835 0.3739066 0.9098984 -0.1796634 0.3659694 0.890599 -0.27 0.3407593 0.8292475 -0.4429804 0.2087303 0.5079505 -0.8357141 -0.3800455 -0.9248501 -0.01475977 -0.379694 -0.9239964 -0.04542207 -0.3788775 -0.9219949 -0.07985895 -0.3772467 -0.9180302 -0.1220887 0.3738923 0.9099052 0.1796588 0.3659688 0.8905981 0.2700037 0.3407614 0.8292501 0.442974 0.2086973 0.5079449 0.8357257 0.5700594 0.8216035 0 0.5429298 0.8397781 0 0.5202161 0.8540348 0 0.4994878 0.8663209 0 0.4790743 0.8777744 0 0.4573371 0.8892934 0 0.4322502 0.9017537 0 0.4004252 0.9163295 0 -0.5864174 -0.8098875 0.01402604 -0.5859256 -0.8092146 0.04316246 -0.5847803 -0.8076328 0.07590293 -0.582513 -0.8044885 0.1160892 0.577831 0.7980456 -0.1709814 0.5667008 0.7826642 -0.2574626 0.5308782 0.7331866 -0.4249775 0.3335891 0.4607123 -0.8224734 -0.5864197 -0.809886 -0.01402449 -0.5859287 -0.8092125 -0.04316157 -0.5847832 -0.8076306 -0.07590532 0.5825095 0.8044899 0.1160989 0.5778456 0.7980363 0.1709759 0.5666984 0.7826657 0.2574631 0.5308726 0.7331895 0.4249796 0.3336051 0.4606989 0.8224744 0.7314163 0.6819312 0 0.7113319 0.7028564 0 0.6943575 0.7196302 0 0.6787529 0.7343668 0 0.6632656 0.7483841 0 0.6466483 0.7627883 0 0.6272989 0.7787786 0 0.6024895 0.7981268 0 -0.7434132 -0.6687021 0.01321184 -0.7428632 -0.6682072 0.04066193 -0.741572 -0.6670498 0.07152432 0.7389777 0.6647813 -0.109443 0.7337371 0.6600025 -0.1613277 0.7211114 0.6486414 -0.2434394 0.679952 0.6116175 -0.4044618 0.4399913 0.3957709 -0.8060851 -0.7434133 -0.6687018 -0.0132125 -0.7428628 -0.6682076 -0.04066294 -0.741577 -0.6670441 -0.07152456 -0.739014 -0.6647421 -0.1094366 0.7337059 0.6600385 0.1613227 0.7211028 0.6486499 0.2434422 0.679969 0.6116048 0.4044525 0.4399327 0.3957711 0.8061169 0.8469361 0.5316949 0 0.8329325 0.5533745 0 0.8210112 0.5709121 0 0.8099874 0.5864473 0 0.7989787 0.6013594 0 0.7870983 0.6168277 0 0.7731742 0.6341939 0 0.7551773 0.6555207 0 -0.8552198 -0.5181154 0.0124734 -0.8546567 -0.5177722 0.03839206 -0.8533337 -0.5169715 0.06754446 -0.850704 -0.5153775 0.1033861 0.8452908 0.5120761 -0.1525178 0.8322411 0.5041937 -0.2305721 0.7892537 0.4781519 -0.3852916 0.5250363 0.3180801 -0.7894062 -0.8552222 -0.5181116 -0.01247394 -0.8546551 -0.5177749 -0.03839242 -0.8533343 -0.5169702 -0.06754636 0.850726 0.5153411 0.1033872 0.8452804 0.5120908 0.1525259 0.832244 0.5041893 0.2305714 0.7892517 0.4781566 0.3852899 0.5250208 0.3180749 0.7894186 0.907809 0.4193839 0 0.9004813 0.4348949 0 0.8931099 0.4498385 0 0.8756565 0.4829347 0 0.8633427 0.5046182 0 -0.9301399 -0.3670131 0.01189076 -0.9295825 -0.3667925 0.03660124 -0.9282731 -0.3662807 0.06440287 0.9256671 0.3652637 -0.09860539 0.9202977 0.3631324 -0.1455576 0.9073439 0.3580201 -0.220338 0.8642638 0.341018 -0.3698039 0.5879846 0.2320066 -0.7748853 -0.93014 -0.3670127 -0.01189106 -0.9295817 -0.3667946 -0.03660225 -0.9282754 -0.366275 -0.0644021 -0.9256734 -0.3652478 -0.09860455 0.9203079 0.3631091 0.1455515 0.9073448 0.358018 0.2203374 0.8642722 0.3410077 0.3697939 0.5879411 0.2320086 0.7749176 0.9727977 0.2316563 0 0.9675354 0.2527356 0 0.9629011 0.2698546 0 0.9585046 0.2850773 0 0.9540179 0.29975 0 0.9490809 0.3150327 0 0.9431739 0.3322998 0 0.9353731 0.3536626 0 -0.9757685 -0.2185035 0.01149606 -0.9752216 -0.2183816 0.03538841 -0.9739387 -0.2180954 0.06227374 -0.9713853 -0.2175244 0.09536188 0.966109 0.2163381 -0.1408238 0.9533615 0.213491 -0.2133628 0.9107293 0.2039417 -0.359138 0.6292846 0.1409161 -0.7642928 -0.9757682 -0.2185052 -0.0114966 -0.9752208 -0.2183852 -0.03538829 -0.9739392 -0.2180927 -0.06227332 0.9713836 0.2175332 0.09535908 0.9661073 0.2163463 0.1408223 0.9533623 0.2134876 0.2133625 0.9107305 0.2039395 0.3591362 0.629297 0.14091 0.7642838 0.99634 0.08547919 0 0.9943394 0.106251 0 0.9923942 0.1231008 0 0.9904224 0.1380714 0 0.9883047 0.1524926 0 0.9858717 0.1675025 0 0.9828423 0.184448 0 0.9786773 0.2054041 0 -0.9973036 -0.07251095 0.01129901 -0.9967639 -0.07247167 0.03477942 -0.9954972 -0.07238209 0.06120687 0.9929763 0.0721895 -0.09373718 0.9877631 0.07181304 -0.1384451 0.9751588 0.07089972 -0.209854 0.932883 0.06782561 -0.353736 0.6496789 0.04723536 -0.7587398 -0.9973036 -0.07251209 -0.01129853 -0.9967638 -0.07247334 -0.03477948 -0.9954975 -0.07237946 -0.06120514 -0.9929758 -0.07219821 -0.09373623 0.9877611 0.0718379 0.1384463 0.9751591 0.07089704 0.2098532 0.9328818 0.06782621 0.3537387 0.6496561 0.04723584 0.7587595 0.9982246 -0.0595631 0 0.9992457 -0.03883373 0 0.9997569 -0.02205038 0 0.9999744 -0.007161796 0 0.9999744 0.007161796 0 0.9997569 0.02204841 0 0.9992457 0.03883373 0 0.9982244 0.05956554 0 -0.9973036 0.0725122 0.01129853 -0.9967639 0.07247245 0.03477966 -0.9954974 0.07238006 0.06120556 -0.9929758 0.07219845 0.09373652 0.9877602 -0.07183855 -0.1384527 0.9751588 -0.07089728 -0.2098547 0.9328827 -0.06782579 -0.3537365 0.6496774 -0.04723614 -0.7587411 -0.9973036 0.07251173 -0.01129901 -0.9967638 0.07247221 -0.03477966 -0.9954971 0.07238268 -0.06120735 0.9929746 -0.07220911 0.09374141 0.9877631 -0.0718134 0.1384453 0.9751584 -0.07090026 0.2098553 0.932885 -0.0678246 0.3537307 0.6496855 -0.0472337 0.7587344 0.9786779 -0.2054015 0 0.9828431 -0.1844438 0 0.9858713 -0.1675046 0 0.9883047 -0.1524922 0 0.990422 -0.1380735 0 0.9923942 -0.1231008 0 0.9943396 -0.1062487 0 0.9963399 -0.08547937 0 -0.9757683 0.2185044 0.0114966 -0.9752215 0.2183827 0.03538793 -0.973939 0.2180939 0.06227391 0.9713837 -0.217532 -0.09536081 0.9661081 -0.2163433 -0.140822 0.9533624 -0.2134873 -0.2133623 0.9107291 -0.2039408 -0.3591387 0.6292844 -0.1409171 -0.7642929 -0.9757682 0.2185045 -0.01149612 -0.9752216 0.2183812 -0.03538846 -0.9739391 0.2180938 -0.06227284 -0.971385 0.217525 -0.0953626 0.9661102 -0.2163344 0.1408213 0.9533597 -0.2134947 0.2133669 0.9107297 -0.2039411 0.3591372 0.6292361 -0.1409189 0.7643323 0.9353723 -0.3536648 0 0.9431749 -0.3322968 0 0.9490799 -0.3150354 0 0.9540179 -0.2997497 0 0.9585047 -0.2850767 0 0.9629023 -0.2698503 0 0.9675354 -0.2527359 0 0.9727987 -0.2316523 0 -0.9301397 0.3670135 0.01189106 -0.9295823 0.366793 0.03660166 -0.9282752 0.3662752 0.06440252 -0.9256725 0.3652501 0.09860545 0.9203073 -0.3631083 -0.1455564 0.9073457 -0.3580158 -0.2203372 0.8642632 -0.3410178 -0.3698053 0.5879874 -0.232007 -0.7748829 -0.93014 0.3670127 -0.01189106 -0.9295836 0.3667898 -0.03660106 -0.9282739 0.3662784 -0.06440246 0.925663 -0.3652732 0.09860783 0.9202834 -0.3631665 0.1455628 0.9073423 -0.3580232 0.2203391 0.8642678 -0.3410135 0.3697988 0.5879948 -0.2319983 0.7748801 0.8633438 -0.5046162 0 0.875656 -0.4829356 0 0.8931097 -0.4498389 0 0.9004804 -0.4348965 0 0.9078096 -0.4193825 0 -0.8552199 0.5181153 0.01247358 -0.8546557 0.5177739 0.03839266 -0.8533347 0.5169696 0.06754511 0.8507112 -0.5153653 -0.103388 0.8452797 -0.5120916 -0.1525266 0.8322402 -0.5041944 -0.2305738 0.789254 -0.4781528 -0.3852899 0.5250341 -0.3180806 -0.7894073 -0.8552204 0.5181144 -0.01247328 -0.854655 0.5177749 -0.03839236 -0.8533349 0.5169696 -0.06754422 -0.8507066 0.5153733 -0.1033867 0.8453051 -0.5120548 0.1525104 0.8322346 -0.5042025 0.2305765 0.7892509 -0.4781548 0.3852936 0.5250211 -0.3180752 0.7894182 0.7551773 -0.6555207 0 0.7731744 -0.6341935 0 0.7870986 -0.6168273 0 0.7989768 -0.6013618 0 0.8210137 -0.5709086 0 0.832934 -0.5533724 0 0.8469347 -0.5316969 0 -0.7434127 0.6687025 0.01321166 -0.7428624 0.6682082 0.04066205 -0.7415733 0.6670482 0.07152438 -0.7390108 0.6647454 0.1094375 0.7337217 -0.6600199 -0.1613262 0.7211107 -0.6486427 -0.2434379 0.6799514 -0.6116186 -0.4044611 0.4399893 -0.395772 -0.8060855 -0.7434133 0.6687018 -0.01321196 -0.7428636 0.6682068 -0.04066234 -0.7415756 0.6670458 -0.07152372 0.7389845 -0.664774 0.1094417 0.7337402 -0.6599988 0.1613283 0.7211106 -0.6486423 0.2434393 0.6799589 -0.6116134 0.4044564 0.4399741 -0.3957648 0.8060973 0.6024877 -0.7981283 0 0.6272995 -0.7787781 0 0.646649 -0.7627877 0 0.6632626 -0.7483868 0 0.6787546 -0.7343652 0 0.6943569 -0.7196308 0 0.7113293 -0.7028589 0 0.731419 -0.6819283 0 -0.5864167 0.8098881 0.01402539 -0.5859277 0.8092131 0.04316163 -0.5847827 0.8076311 0.07590419 0.5825154 -0.8044871 -0.1160889 0.5778457 -0.7980347 -0.1709825 0.5667036 -0.7826623 -0.2574626 0.5308791 -0.7331861 -0.4249772 0.3335892 -0.4607118 -0.8224737 -0.586416 0.8098886 -0.01402556 -0.5859269 0.8092137 -0.04316192 -0.5847839 0.8076303 -0.07590347 -0.5825068 0.8044933 -0.116089 0.577872 -0.7980167 0.1709773 0.566692 -0.7826697 0.2574651 0.5308722 -0.7331898 0.4249794 0.3335611 -0.4607061 0.8224882 0.4004245 -0.9163299 0 0.4322499 -0.9017539 0 0.4573391 -0.8892924 0 0.479071 -0.8777763 0 0.4994913 -0.866319 0 0.5202138 -0.8540361 0 0.5429353 -0.8397746 0 0.5700556 -0.8216062 0 -0.3800429 0.9248512 0.01476061 -0.379692 0.9239973 0.04542046 -0.3788722 0.921997 0.07985925 -0.3772407 0.9180329 0.1220867 0.3739125 -0.9098955 -0.1796659 0.3659706 -0.8905979 -0.2700017 0.3407602 -0.829249 -0.4429771 0.2087288 -0.5079496 -0.835715 -0.3800429 0.9248511 -0.0147615 -0.3796883 0.9239988 -0.04541987 -0.3788745 0.9219961 -0.07985937 0.3772479 -0.91803 0.1220861 0.3739072 -0.9098982 0.1796632 0.3659799 -0.8905946 0.2700003 0.3407593 -0.8292489 0.442978 0.2087617 -0.507936 0.8357152 0.1555184 -0.987833 0 0.1924204 -0.9813126 0 0.2219506 -0.975058 0 0.2478383 -0.9688015 0 0.2724345 -0.9621744 0 0.2976505 -0.954675 0 0.359404 -0.9331821 0 -0.1322343 0.9911018 0.01521086 -0.1321049 0.9901304 0.04680007 -0.1318099 0.9878546 0.08227705 0.1311788 -0.9833515 -0.1257459 0.1299629 -0.9741163 -0.184952 0.127048 -0.9522588 -0.2776005 0.1178511 -0.8833149 -0.4537245 0.07110625 -0.5329526 -0.8431522 -0.1322349 0.9911017 -0.01521044 -0.1321063 0.9901301 -0.04680043 -0.1318027 0.9878558 -0.08227479 -0.1312042 0.9833478 -0.1257482 0.1298921 -0.9741252 0.1849548 0.12704 -0.9522596 0.2776015 0.1178476 -0.8833146 0.4537262 0.07109689 -0.5329394 0.8431612 -0.1088473 -0.9940585 0 -0.04043906 -0.9991821 0 -0.01314139 -0.9999137 0 0.01314139 -0.9999137 0 0.04043906 -0.999182 0 0.07113325 -0.9974669 0 0.1088472 -0.9940585 0 0.1322351 0.9911018 0.01521056 0.1321054 0.9901303 0.04680037 0.1318014 0.9878559 0.08227509 0.1312085 0.9833473 0.1257477 -0.1299449 -0.9741182 -0.1849542 -0.1270457 -0.9522589 -0.2776012 -0.11785 -0.8833141 -0.4537262 -0.07110691 -0.5329512 -0.843153 0.1322337 0.9911019 -0.0152108 0.1321042 0.9901304 -0.04680025 0.1318095 0.9878547 -0.08227682 -0.1311884 -0.98335 0.1257471 -0.1299666 -0.9741159 0.1849511 -0.1270503 -0.9522585 0.2776005 -0.1178519 -0.8833149 0.4537243 -0.07110786 -0.5329405 0.8431597 -0.359404 -0.9331821 0 -0.2976507 -0.9546748 0 -0.2724338 -0.9621745 0 -0.2478386 -0.9688014 0 -0.2219504 -0.975058 0 -0.1924201 -0.9813127 0 -0.1555187 -0.987833 0 0.3800446 0.9248504 0.0147615 0.3796938 0.9239966 0.04541969 0.3788698 0.9219979 0.07985973 -0.377262 -0.9180244 -0.1220853 -0.3739026 -0.9098999 -0.1796643 -0.3659702 -0.8905982 -0.2700014 -0.3407607 -0.8292484 -0.4429777 -0.2087315 -0.507951 -0.8357135 0.380043 0.9248511 -0.01476055 0.3796941 0.9239965 -0.04542046 0.3788742 0.9219961 -0.07985889 0.3772365 0.9180345 -0.1220875 -0.3738884 -0.9099054 0.1796653 -0.3659691 -0.8905985 0.270002 -0.3407611 -0.8292485 0.4429772 -0.208696 -0.5079413 0.8357283 -0.5700579 -0.8216045 0 -0.5429341 -0.8397753 0 -0.5202149 -0.8540354 0 -0.4994918 -0.8663187 0 -0.4790723 -0.8777755 0 -0.4573369 -0.8892936 0 -0.4322499 -0.9017539 0 -0.4004234 -0.9163303 0 0.5864165 0.8098883 0.01402562 0.5859276 0.8092133 0.0431618 0.5847817 0.8076317 0.07590383 0.5825102 0.8044908 0.1160882 -0.5778183 -0.7980538 -0.1709865 -0.5667026 -0.7826629 -0.2574627 -0.5308788 -0.7331864 -0.4249771 -0.3335877 -0.4607122 -0.822474 0.5864201 0.8098857 -0.01402533 0.5859293 0.809212 -0.04316169 0.5847817 0.8076318 -0.0759043 -0.5825188 -0.8044846 0.1160889 -0.5778451 -0.7980356 0.1709804 -0.5666938 -0.7826686 0.257465 -0.5308727 -0.7331896 0.4249793 -0.3336044 -0.4606982 0.8224752 -0.7314161 -0.6819314 0 -0.7113306 -0.7028576 0 -0.6943575 -0.7196302 0 -0.678754 -0.7343658 0 -0.6632632 -0.7483863 0 -0.6466496 -0.7627872 0 -0.6024883 -0.7981277 0 0.7434131 0.6687021 0.01321202 0.7428628 0.6682077 0.04066234 0.7415707 0.6670511 0.07152432 -0.7389949 -0.6647628 -0.1094399 -0.7337365 -0.6600028 -0.1613293 -0.721112 -0.6486412 -0.2434385 -0.6799521 -0.6116188 -0.40446 -0.4399891 -0.3957715 -0.806086 0.7434133 0.6687018 -0.01321166 0.7428628 0.6682076 -0.04066205 0.7415749 0.6670465 -0.07152396 0.7390127 0.6647434 -0.1094375 -0.7337265 -0.6600149 0.161325 -0.7211073 -0.6486459 0.2434397 -0.6799522 -0.6116179 0.404461 -0.4399744 -0.3957649 0.8060972 -0.8469361 -0.5316949 0 -0.832933 -0.5533741 0 -0.8210116 -0.5709117 0 -0.8099868 -0.5864483 0 -0.7989779 -0.6013604 0 -0.7870975 -0.6168287 0 -0.7551786 -0.6555191 0 0.8552196 0.5181158 0.01247328 0.8546563 0.5177727 0.03839212 0.8533333 0.516972 0.06754463 0.8507046 0.5153766 0.1033868 -0.8452863 -0.5120825 -0.1525219 -0.8322409 -0.504194 -0.2305727 -0.7892547 -0.4781509 -0.3852908 -0.5250366 -0.3180803 -0.7894059 0.8552207 0.5181139 -0.01247352 0.8546559 0.5177735 -0.0383926 0.8533329 0.5169727 -0.06754553 -0.850708 -0.5153704 0.103389 -0.845281 -0.51209 0.1525254 -0.832244 -0.5041893 0.2305714 -0.7892547 -0.4781519 0.3852891 -0.5250208 -0.3180751 0.7894185 -0.9156702 -0.4019306 0 -0.9078088 -0.4193843 0 -0.9004804 -0.4348965 0 -0.8931106 -0.4498373 0 -0.875656 -0.4829356 0 -0.8633427 -0.5046182 0 0.9301399 0.3670131 0.01189112 0.9295825 0.3667925 0.03660142 0.9282745 0.3662769 0.06440311 -0.9256671 -0.3652637 -0.09860527 -0.9202911 -0.3631498 -0.1455562 -0.9073448 -0.3580183 -0.220337 -0.8642632 -0.3410188 -0.3698046 -0.5879848 -0.2320072 -0.774885 0.9301402 0.3670122 -0.01189106 0.9295821 0.3667938 -0.03660184 0.9282757 0.3662741 -0.06440192 0.9256719 0.3652517 -0.09860521 -0.9203137 -0.3630947 0.145551 -0.9073441 -0.3580192 0.2203384 -0.8642573 -0.3410248 0.3698129 -0.5879732 -0.2320033 0.774895 -0.9727977 -0.2316566 0 -0.9675359 -0.2527335 0 -0.9629023 -0.2698505 0 -0.958504 -0.2850791 0 -0.9540179 -0.2997497 0 -0.9490802 -0.3150348 0 -0.943174 -0.3322995 0 -0.9353737 -0.3536611 0 0.9757687 0.2185025 0.01149594 0.9752218 0.2183805 0.03538841 0.9739387 0.2180954 0.06227368 0.9713853 0.2175244 0.095362 -0.9661095 -0.2163365 -0.1408227 -0.9533609 -0.2134937 -0.2133629 -0.910729 -0.2039415 -0.3591389 -0.6292843 -0.140916 -0.7642931 0.9757685 0.2185035 -0.01149648 0.9752208 0.2183852 -0.03538852 0.9739384 0.2180968 -0.06227356 -0.9713798 -0.2175492 0.09536093 -0.9661085 -0.2163425 0.1408202 -0.9533621 -0.2134884 0.2133624 -0.9107302 -0.2039403 0.3591363 -0.6292982 -0.1409108 0.7642827 -0.9963402 -0.08547675 0 -0.9943391 -0.1062532 0 -0.9923942 -0.1231008 0 -0.9904221 -0.1380733 0 -0.9883049 -0.1524905 0 -0.9858713 -0.1675046 0 -0.9828428 -0.1844459 0 -0.9786769 -0.2054063 0 0.9973036 0.07251095 0.01129901 0.9967638 0.07247352 0.03477942 0.995497 0.07238417 0.06120717 -0.9929774 -0.07217305 -0.09373909 -0.9877631 -0.07181525 -0.1384446 -0.9751589 -0.07089895 -0.2098534 -0.9328827 -0.06782555 -0.3537366 -0.6496789 -0.04723536 -0.7587398 0.9973036 0.07251209 -0.01129853 0.9967641 0.07246965 -0.03477954 0.9954975 0.07238048 -0.06120502 0.9929762 0.0721935 -0.09373658 -0.9877611 -0.0718379 0.1384463 -0.975159 -0.07089704 0.209854 -0.9328817 -0.06782621 0.3537392 -0.6496561 -0.04723584 0.7587595 -0.9982246 0.0595631 0 -0.9992456 0.03883594 0 -0.9997571 0.02204442 0 -0.9999744 0.00716561 0 -0.9999744 -0.007161796 0 -0.9997568 -0.0220524 0 -0.9992458 -0.03883159 0 -0.9982246 -0.0595631 0 0.9973036 -0.0725122 0.01129853 0.996764 -0.07247126 0.03477966 0.9954974 -0.07238107 0.06120568 0.9929761 -0.07219368 0.09373652 -0.9877615 0.07183861 -0.1384428 -0.9751588 0.07089728 -0.2098547 -0.9328826 0.06782579 -0.3537371 -0.6496774 0.04723614 -0.7587411 0.9973036 -0.07251089 -0.01129901 0.9967637 -0.07247406 -0.03477966 0.9954969 -0.07238477 -0.06120765 -0.9929767 0.07217615 0.09374338 -0.9877628 0.0718156 0.138446 -0.9751585 0.07089948 0.2098553 -0.9328847 0.0678246 0.3537316 -0.6496855 0.0472337 0.7587344 -0.9786778 0.2054017 0 -0.9828435 0.1844417 0 -0.9858714 0.1675045 0 -0.9883044 0.1524942 0 -0.990422 0.1380735 0 -0.9923942 0.1231008 0 -0.9943396 0.1062487 0 -0.9963402 0.08547693 0 0.9757683 -0.2185045 0.01149654 0.9752218 -0.2183809 0.03538817 0.973939 -0.2180939 0.06227368 -0.9713808 0.2175464 -0.09535747 -0.9661074 0.2163457 -0.1408225 -0.9533621 0.2134881 -0.2133624 -0.9107291 0.2039417 -0.3591384 -0.6292831 0.1409164 -0.7642941 0.9757685 -0.2185034 -0.01149588 0.9752221 -0.2183794 -0.03538846 0.9739392 -0.2180929 -0.06227314 0.9713851 -0.2175251 -0.09536218 -0.9661059 0.2163538 0.1408207 -0.9533592 0.2134976 0.2133664 -0.9107294 0.2039411 0.3591377 -0.6292365 0.140919 0.764332 -0.935373 0.3536629 0 -0.9431748 0.3322972 0 -0.94908 0.3150352 0 -0.9540172 0.2997518 0 -0.9585042 0.2850786 0 -0.9629034 0.2698464 0 -0.9675348 0.2527377 0 -0.9727987 0.2316526 0 0.9301403 -0.3670119 0.01189076 0.9295819 -0.3667938 0.0366016 0.9282749 -0.3662761 0.06440222 0.9256708 -0.3652544 0.09860557 -0.9203054 0.3631145 -0.1455537 -0.9073452 0.3580178 -0.2203363 -0.8642634 0.3410179 -0.369805 -0.5879878 0.2320056 -0.7748832 0.9301402 -0.3670122 -0.01189106 0.9295839 -0.3667893 -0.03660136 0.9282739 -0.3662784 -0.06440246 -0.925673 0.3652497 0.09860163 -0.9203035 0.3631201 0.1455527 -0.9073383 0.3580299 0.2203449 -0.8642599 0.3410226 0.3698089 -0.5879945 0.2319982 0.7748802 -0.8633438 0.5046162 0 -0.8756555 0.4829365 0 -0.8931099 0.4498385 0 -0.9004804 0.4348965 0 -0.9078099 0.4193822 0 -0.915669 0.4019333 0 0.8552198 -0.5181154 0.01247406 0.8546565 -0.5177726 0.03839224 0.8533354 -0.5169683 0.06754636 -0.8507288 0.5153366 -0.1033864 -0.8452798 0.5120916 -0.1525272 -0.8322398 0.5041952 -0.2305741 -0.7892549 0.4781532 -0.3852872 -0.5250341 0.3180806 -0.7894073 0.8552207 -0.5181139 -0.01247334 0.8546577 -0.5177706 -0.03839212 0.8533344 -0.5169704 -0.06754404 0.8507025 -0.5153798 -0.1033871 -0.8452845 0.5120847 0.1525236 -0.8322346 0.5042025 0.2305761 -0.7892624 0.4781429 0.3852848 -0.5250208 0.3180751 0.7894185 -0.7551773 0.6555207 0 -0.7870994 0.6168262 0 -0.7989787 0.6013594 0 -0.8099874 0.5864473 0 -0.8210133 0.5709091 0 -0.8329337 0.5533729 0 -0.8469347 0.5316969 0 0.7434127 -0.6687024 0.01321256 0.7428629 -0.6682075 0.04066288 0.7415744 -0.6670469 0.07152509 0.7390102 -0.6647462 0.1094369 -0.7337169 0.6600257 -0.1613253 -0.7211104 0.6486423 -0.24344 -0.6799515 0.6116182 -0.4044616 -0.4399912 0.395771 -0.806085 0.7434162 -0.6686987 -0.01321178 0.7428636 -0.6682068 -0.04066199 0.7415712 -0.6670506 -0.07152414 -0.7389757 0.6647835 0.1094433 -0.7337405 0.6599991 0.1613262 -0.7211172 0.6486359 0.2434369 -0.6799399 0.6116269 0.4044681 -0.4399349 0.3957729 0.8061149 -0.6024895 0.7981268 0 -0.6466483 0.7627883 0 -0.6632645 0.7483852 0 -0.678754 0.7343657 0 -0.6943564 0.7196314 0 -0.7113319 0.7028564 0 -0.7314178 0.6819297 0 0.5864175 -0.8098877 0.01402455 0.5859285 -0.8092126 0.04316151 0.5847882 -0.8076271 0.0759043 -0.5825056 0.804494 -0.11609 -0.5778405 0.7980399 -0.1709766 -0.5667029 0.7826629 -0.2574625 -0.5308777 0.7331873 -0.4249768 -0.3335881 0.460713 -0.8224734 0.5864194 -0.8098863 -0.01402449 0.5859271 -0.8092135 -0.04316246 0.5847808 -0.8076326 -0.07590264 0.5825158 -0.8044866 -0.1160899 -0.577872 0.7980166 0.1709783 -0.5666921 0.78267 0.2574645 -0.530884 0.7331835 0.4249755 -0.3335629 0.4607082 0.8224864 -0.4004303 0.9163272 0 -0.4322499 0.9017539 0 -0.4573374 0.8892933 0 -0.479071 0.8777763 0 -0.4994902 0.8663195 0 -0.5202109 0.8540379 0 -0.5429383 0.8397727 0 -0.5700536 0.8216075 0 0.3800439 -0.9248508 0.01475983 0.3796926 -0.923997 0.04542201 0.3788722 -0.921997 0.07985943 0.3772457 -0.9180306 0.1220883 -0.3739158 0.9098957 -0.1796576 -0.3659747 0.8905958 -0.2700031 -0.3407598 0.8292492 -0.442977 -0.2087306 0.5079501 -0.8357143 0.3800449 -0.9248502 -0.01476103 0.3796884 -0.923999 -0.04541891 0.3788695 -0.921998 -0.07985961 -0.3772518 0.9180285 0.1220861 -0.3739021 0.9099004 0.1796628 -0.3659728 0.8905977 0.2699995 -0.3407595 0.8292494 0.4429769 -0.2087613 0.5079355 0.8357155 -0.1555215 0.9878325 0 -0.1924179 0.9813131 0 -0.2219554 0.9750568 0 -0.2478364 0.968802 0 -0.2724345 0.9621744 0 -0.2976503 0.954675 0 -0.3594093 0.93318 0 0.1322343 -0.9911018 0.01521104 0.1321034 -0.9901305 0.04680037 0.1318067 -0.9878551 0.0822758 -0.1311994 0.9833485 -0.1257479 -0.1299626 0.9741165 -0.1849508 -0.1270485 0.9522585 -0.2776014 -0.117851 0.8833145 -0.4537253 -0.07110744 0.5329542 -0.843151 0.1322333 -0.991102 -0.01520925 0.1321063 -0.9901301 -0.04680079 0.1317974 -0.9878563 -0.08227705 0.1312043 -0.9833476 -0.1257497 -0.1299967 0.9741112 0.1849546 -0.1270399 0.9522598 0.2776007 -0.1178476 0.8833136 0.4537281 -0.07109773 0.5329456 0.8431573 -4.03041e-6 0 -1 -2.01519e-6 0 -1 4.03041e-6 0 -1 -2.91797e-7 0 -1 2.91798e-7 0 -1 1.20867e-7 0 -1 -0.7071067 0 -0.7071069 -0.7071067 -0.7071069 0 -0.7071067 0 0.7071069 -0.7071067 0.7071069 0 0 0.7071067 -0.7071069 0 0.7071067 0.7071069 0.7071069 0.7071067 0 0.7071067 0 -0.7071069 0.7071067 0 0.7071069 0.7071067 -0.7071069 0 0 -0.7071067 -0.7071069 0 -0.7071067 0.7071069</float_array>
          <technique_common>
            <accessor source="#Cube_002-mesh-normals-array" count="7778" stride="3">
              <param name="X" type="float"/>
              <param name="Y" type="float"/>
              <param name="Z" type="float"/>
            </accessor>
          </technique_common>
        </source>
        <source id="Cube_002-mesh-map">
          <float_array id="Cube_002-mesh-map-array" count="47088">0.5794005 0.7955996 0.4205996 0.9544005 0.4205996 0.7955996 0.5794005 0.5455996 0.4205996 0.7044005 0.4205996 0.5455996 0.8294005 0.5455996 0.6705996 0.7044005 0.6705996 0.5455996 0.5794005 0.04559957 0.4205996 0.2044004 0.4205996 0.04559957 0.5794005 0.2955996 0.4205996 0.4544005 0.4205996 0.2955996 0.1705995 0.7044005 0.1705995 0.75 0.125 0.7044004 0.5794004 0 0.625 0.04559952 0.5794005 0.04559957 0.1705995 0.5455996 0.125 0.5455996 0.1705995 0.5 0.625 0.2044004 0.5794004 0.25 0.5794004 0.2044004 0.3294004 0.7044005 0.375 0.7044004 0.3294004 0.75 0.625 0.7955996 0.5794005 0.7955996 0.5794004 0.75 0.3294004 0.5455996 0.3294004 0.5 0.375 0.5455996 0.625 0.4544004 0.5794004 0.5 0.5794004 0.4544004 0.1705995 0.7044005 0.125 0.5455996 0.1705995 0.5455996 0.5794004 0 0.4205996 0.04559957 0.4205996 0 0.625 0.2044004 0.5794005 0.04559957 0.625 0.04559952 0.4205996 0.2955996 0.5794004 0.2044004 0.5794005 0.2955996 0.1705995 0.5455996 0.3294004 0.5 0.3294004 0.5455996 0.625 0.4544004 0.5794005 0.2955996 0.625 0.2955996 0.4205996 0.5455996 0.5794004 0.4544004 0.5794005 0.5455996 0.3294004 0.5455996 0.4205996 0.7044005 0.3294004 0.7044005 0.6705996 0.7044005 0.5794005 0.5455996 0.6705996 0.5455996 0.4205996 0.7955996 0.5794004 0.7044005 0.5794005 0.7955996 0.3294004 0.7044005 0.1705995 0.75 0.1705995 0.7044005 0.625 0.9544004 0.5794005 0.7955996 0.625 0.7955996 0.3294004 0.5455996 0.1705995 0.7044005 0.1705995 0.5455996 0 0 0 0 0 0 0 0 0 0 0 0 0 0 0 0 0 0 0 0 0 0 0 0 0 0 0 0 0 0 0 0 0 0 0 0 0 0 0 0 0 0 0 0 0 0 0 0 0 0 0 0 0 0 0 0 0 0 0 0 0 0 0 0 0 0 0 0 0 0 0 0 0 0 0 0 0 0 0 0 0 0 0 0 0 0 0 0 0 0 0 0 0 0 0 0 0 0 0 0 0 0 0 0 0 0 0 0 0 0 0 0 0 0 0 0 0 0 0 0 0 0 0 0 0 0 0 0 0 0 0 0 0 0 0 0 0 0 0 0 0 0 0 0 0 0 0 0 0 0 0 0 0 0 0 0 0 0 0 0 0 0 0 0 0 0 0 0 0 0 0 0 0 0 0 0 0 0 0 0 0 0 0 0 0 0 0 0 0 0 0 0 0 0 0 0 0 0 0 0 0 0 0 0 0 0 0 0 0 0 0 0 0 0 0 0 0 0 0 0 0 0 0 0 0 0 0 0 0 0 0 0 0 0 0 0 0 0 0 0 0 0 0 0 0 0 0 0 0 0 0 0 0 0 0 0 0 0 0 0 0 0 0 0 0 0 0 0 0 0 0 0 0 0 0 0 0 0 0 0 0 0 0 0 0 0 0 0 0 0 0 0 0 0 0 0 0 0 0 0 0 0 0 0 0 0 0 0 0 0 0 0 0 0 0 0 0 0 0 0 0 0 0 0 0 0 0 0 0 0 0 0 0 0 0 0 0 0 0 0 0 0 0 0 0 0 0 0 0 0 0 0 0 0 0 0 0 0 0 0 0 0 0 0 0 0 0 0 0 0 0 0 0 0 0 0 0 0 0 0 0 0 0 0 0 0 0 0 0 0 0 0 0 0 0 0 0 0 0 0 0 0 0 0 0 0 0 0 0 0 0 0 0 0 0 0 0 0 0 0 0 0 0 0 0 0 0 0 0 0 0 0 0 0 0 0 0 0 0 0 0 0 0 0 0 0 0 0 0 0 0 0 0 0 0 0 0 0 0 0 0 0 0 0 0 0 0 0 0 0 0 0 0 0 0 0 0 0 0 0 0 0 0 0 0 0 0 0 0 0 0 0 0 0 0 0 0 0 0 0 0 0 0 0 0 0 0 0 0 0 0 0 0 0 0 0 0 0 0 0 0 0 0 0 0 0 0 0 0 0 0 0 0 0 0 0 0 0 0 0 0 0 0 0 0 0 0 0 0 0 0 0 0 0 0 0 0 0 0 0 0 0 0 0 0 0 0 0 0 0 0 0 0 0 0 0 0 0 0 0 0 0 0 0 0 0 0 0 0 0 0 0 0 0 0 0 0 0 0 0 0 0 0 0 0 0 0 0 0 0 0 0 0 0 0 0 0 0 0 0 0 0 0 0 0 0 0 0 0 0 0 0 0 0 0 0 0 0 0 0 0 0 0 0 0 0 0 0 0 0 0 0 0 0 0 0 0 0 0 0 0 0 0 0 0 0 0 0 0 0 0 0 0 0 0 0 0 0 0 0 0 0 0 0 0 0 0 0 0 0 0 0 0 0 0 0 0 0 0 0 0 0 0 0 0 0 0 0 0 0 0 0 0 0 0 0 0 0 0 0 0 0 0 0 0 0 0 0 0 0 0 0 0 0 0 0 0 0 0 0 0 0 0 0 0 0 0 0 0 0 0 0 0 0 0 0 0 0 0 0 0 0 0 0 0 0 0 0 0 0 0 0 0 0 0 0 0 0 0 0 0 0 0 0 0 0 0 0 0 0 0 0 0 0 0 0 0 0 0 0 0 0 0 0 0 0 0 0 0 0 0 0 0 0 0 0 0 0 0 0 0 0 0 0 0 0 0 0 0 0 0 0 0 0 0 0 0 0 0 0 0 0 0 0 0 0 0 0 0 0 0 0 0 0 0 0 0 0 0 0 0 0 0 0 0 0 0 0 0 0 0 0 0 0 0 0 0 0 0 0 0 0 0 0 0 0 0 0 0 0 0 0 0 0 0 0 0 0 0 0 0 0 0 0 0 0 0 0 0 0 0 0 0 0 0 0 0 0 0 0 0 0 0 0 0 0 0 0 0 0 0 0 0 0 0 0 0 0 0 0 0 0 0 0 0 0 0 0 0 0 0 0 0 0 0 0 0 0 0 0 0 0 0 0 0 0 0 0 0 0 0 0 0 0 0 0 0 0 0 0 0 0 0 0 0 0 0 0 0 0 0 0 0 0 0 0 0 0 0 0 0 0 0 0 0 0 0 0 0 0 0 0 0 0 0 0 0 0 0 0 0 0 0 0 0 0 0 0 0 0 0 0 0 0 0 0 0 0 0 0 0 0 0 0 0 0 0 0 0 0 0 0 0 0 0 0 0 0 0 0 0 0 0 0 0 0 0 0 0 0 0 0 0 0 0 0 0 0 0 0 0 0 0 0 0 0 0 0 0 0 0 0 0 0 0 0 0 0 0 0 0 0 0 0 0 0 0 0 0 0 0 0 0 0 0 0 0 0 0 0 0 0 0 0 0 0 0 0 0 0 0 0 0 0 0 0 0 0 0 0 0 0 0 0 0 0 0 0 0 0 0 0 0 0 0 0 0 0 0 0 0 0 0 0 0 0 0 0 0 0 0 0 0 0 0 0 0 0 0 0 0 0 0 0 0 0 0 0 0 0 0 0 0 0 0 0 0 0 0 0 0 0 0 0 0 0 0 0 0 0 0 0 0 0 0 0 0 0 0 0 0 0 0 0 0 0 0 0 0 0 0 0 0 0 0 0 0 0 0 0 0 0 0 0 0 0 0 0 0 0 0 0 0 0 0 0 0 0 0 0 0 0 0 0 0 0 0 0 0 0 0 0 0 0 0 0 0 0 0 0 0 0 0 0 0 0 0 0 0 0 0 0 0 0 0 0 0 0 0 0 0 0 0 0 0 0 0 0 0 0 0 0 0 0 0 0 0 0 0 0 0 0 0 0 0 0 0 0 0 0 0 0 0 0 0 0 0 0 0 0 0 0 0 0 0 0 0 0 0 0 0 0 0 0 0 0 0 0 0 0 0 0 0 0 0 0 0 0 0 0 0 0 0 0 0 0 0 0 0 0 0 0 0 0 0 0 0 0 0 0 0 0 0 0 0 0 0 0 0 0 0 0 0 0 0 0 0 0 0 0 0 0 0 0 0 0 0 0 0 0 0 0 0 0 0 0 0 0 0 0 0 0 0 0 0 0 0 0 0 0 0 0 0 0 0 0 0 0 0 0 0 0 0 0 0 0 0 0 0 0 0 0 0 0 0 0 0 0 0 0 0 0 0 0 0 0 0 0 0 0 0 0 0 0 0 0 0 0 0 0 0 0 0 0 0 0 0 0 0 0 0 0 0 0 0 0 0 0 0 0 0 0 0 0 0 0 0 0 0 0 0 0 0 0 0 0 0 0 0 0 0 0 0 0 0 0 0 0 0 0 0 0 0 0 0 0 0 0 0 0 0 0 0 0 0 0 0 0 0 0 0 0 0 0 0 0 0 0 0 0 0 0 0 0 0 0 0 0 0 0 0 0 0 0 0 0 0 0 0 0 0 0 0 0 0 0 0 0 0 0 0 0 0 0 0 0 0 0 0 0 0 0 0 0 0 0 0 0 0 0 0 0 0 0 0 0 0 0 0 0 0 0 0 0 0 0 0 0 0 0 0 0 0 0 0 0 0 0 0 0 0 0 0 0 0 0 0 0 0 0 0 0 0 0 0 0 0 0 0 0 0 0 0 0 0 0 0 0 0 0 0 0 0 0 0 0 0 0 0 0 0 0 0 0 0 0 0 0 0 0 0 0 0 0 0 0 0 0 0 0 0 0 0 0 0 0 0 0 0 0 0 0 0 0 0 0 0 0 0 0 0 0 0 0 0 0 0 0 0 0 0 0 0 0 0 0 0 0 0 0 0 0 0 0 0 0 0 0 0 0 0 0 0 0 0 0 0 0 0 0 0 0 0 0 0 0 0 0 0 0 0 0 0 0 0 0 0 0 0 0 0 0 0 0 0 0 0 0 0 0 0 0 0 0 0 0 0 0 0 0 0 0 0 0 0 0 0 0 0 0 0 0 0 0 0 0 0 0 0 0 0 0 0 0 0 0 0 0 0 0 0 0 0 0 0 0 0 0 0 0 0 0 0 0 0 0 0 0 0 0 0 0 0 0 0 0 0 0 0 0 0 0 0 0 0 0 0 0 0 0 0 0 0 0 0 0 0 0 0 0 0 0 0 0 0 0 0 0 0 0 0 0 0 0 0 0 0 0 0 0 0 0 0 0 0 0 0 0 0 0 0 0 0 0 0 0 0 0 0 0 0 0 0 0 0 0 0 0 0 0 0 0 0 0 0 0 0 0 0 0 0 0 0 0 0 0 0 0 0 0 0 0 0 0 0 0 0 0 0 0 0 0 0 0 0 0 0 0 0 0 0 0 0 0 0 0 0 0 0 0 0 0 0 0 0 0 0 0 0 0 0 0 0 0 0 0 0 0 0 0 0 0 0 0 0 0 0 0 0 0 0 0 0 0 0 0 0 0 0 0 0 0 0 0 0 0 0 0 0 0 0 0 0 0 0 0 0 0 0 0 0 0 0 0 0 0 0 0 0 0 0 0 0 0 0 0 0 0 0 0 0 0 0 0 0 0 0 0 0 0 0 0 0 0 0 0 0 0 0 0 0 0 0 0 0 0 0 0 0 0 0 0 0 0 0 0 0 0 0 0 0 0 0 0 0 0 0 0 0 0 0 0 0 0 0 0 0 0 0 0 0 0 0 0 0 0 0 0 0 0 0 0 0 0 0 0 0 0 0 0 0 0 0 0 0 0 0 0 0 0 0 0 0 0 0 0 0 0 0 0 0 0 0 0 0 0 0 0 0 0 0 0 0 0 0 0 0 0 0 0 0 0 0 0 0 0 0 0 0 0 0 0 0 0 0 0 0 0 0 0 0 0 0 0 0 0 0 0 0 0 0 0 0 0 0 0 0 0 0 0 0 0 0 0 0 0 0 0 0 0 0 0 0 0 0 0 0 0 0 0 0 0 0 0 0 0 0 0 0 0 0 0 0 0 0 0 0 0 0 0 0 0 0 0 0 0 0 0 0 0 0 0 0 0 0 0 0 0 0 0 0 0 0 0 0 0 0 0 0 0 0 0 0 0 0 0 0 0 0 0 0 0 0 0 0 0 0 0 0 0 0 0 0 0 0 0 0 0 0 0 0 0 0 0 0 0 0 0 0 0 0 0 0 0 0 0 0 0 0 0 0 0 0 0 0 0 0 0 0 0 0 0 0 0 0 0 0 0 0 0 0 0 0 0 0 0 0 0 0 0 0 0 0 0 0 0 0 0 0 0 0 0 0 0 0 0 0 0 0 0 0 0 0 0 0 0 0 0 0 0 0 0 0 0 0 0 0 0 0 0 0 0 0 0 0 0 0 0 0 0 0 0 0 0 0 0 0 0 0 0 0 0 0 0 0 0 0 0 0 0 0 0 0 0 0 0 0 0 0 0 0 0 0 0 0 0 0 0 0 0 0 0 0 0 0 0 0 0 0 0 0 0 0 0 0 0 0 0 0 0 0 0 0 0 0 0 0 0 0 0 0 0 0 0 0 0 0 0 0 0 0 0 0 0 0 0 0 0 0 0 0 0 0 0 0 0 0 0 0 0 0 0 0 0 0 0 0 0 0 0 0 0 0 0 0 0 0 0 0 0 0 0 0 0 0 0 0 0 0 0 0 0 0 0 0 0 0 0 0 0 0 0 0 0 0 0 0 0 0 0 0 0 0 0 0 0 0 0 0 0 0 0 0 0 0 0 0 0 0 0 0 0 0 0 0 0 0 0 0 0 0 0 0 0 0 0 0 0 0 0 0 0 0 0 0 0 0 0 0 0 0 0 0 0 0 0 0 0 0 0 0 0 0 0 0 0 0 0 0 0 0 0 0 0 0 0 0 0 0 0 0 0 0 0 0 0 0 0 0 0 0 0 0 0 0 0 0 0 0 0 0 0 0 0 0 0 0 0 0 0 0 0 0 0 0 0 0 0 0 0 0 0 0 0 0 0 0 0 0 0 0 0 0 0 0 0 0 0 0 0 0 0 0 0 0 0 0 0 0 0 0 0 0 0 0 0 0 0 0 0 0 0 0 0 0 0 0 0 0 0 0 0 0 0 0 0 0 0 0 0 0 0 0 0 0 0 0 0 0 0 0 0 0 0 0 0 0 0 0 0 0 0 0 0 0 0 0 0 0 0 0 0 0 0 0 0 0 0 0 0 0 0 0 0 0 0 0 0 0 0 0 0 0 0 0 0 0 0 0 0 0 0 0 0 0 0 0 0 0 0 0 0 0 0 0 0 0 0 0 0 0 0 0 0 0 0 0 0 0 0 0 0 0 0 0 0 0 0 0 0 0 0 0 0 0 0 0 0 0 0 0 0 0 0 0 0 0 0 0 0 0 0 0 0 0 0 0 0 0 0 0 0 0 0 0 0 0 0 0 0 0 0 0 0 0 0 0 0 0 0 0 0 0 0 0 0 0 0 0 0 0 0 0 0 0 0 0 0 0 0 0 0 0 0 0 0 0 0 0 0 0 0 0 0 0 0 0 0 0 0 0 0 0 0 0 0 0 0 0 0 0 0 0 0 0 0 0 0 0 0 0 0 0 0 0 0 0 0 0 0 0 0 0 0 0 0 0 0 0 0 0 0 0 0 0 0 0 0 0 0 0 0 0 0 0 0 0 0 0 0 0 0 0 0 0 0 0 0 0 0 0 0 0 0 0 0 0 0 0 0 0 0 0 0 0 0 0 0 0 0 0 0 0 0 0 0 0 0 0 0 0 0 0 0 0 0 0 0 0 0 0 0 0 0 0 0 0 0 0 0 0 0 0 0 0 0 0 0 0 0 0 0 0 0 0 0 0 0 0 0 0 0 0 0 0 0 0 0 0 0 0 0 0 0 0 0 0 0 0 0 0 0 0 0 0 0 0 0 0 0 0 0 0 0 0 0 0 0 0 0 0 0 0 0 0 0 0 0 0 0 0 0 0 0 0 0 0 0 0 0 0 0 0 0 0 0 0 0 0 0 0 0 0 0 0 0 0 0 0 0 0 0 0 0 0 0 0 0 0 0 0 0 0 0 0 0 0 0 0 0 0 0 0 0 0 0 0 0 0 0 0 0 0 0 0 0 0 0 0 0 0 0 0 0 0 0 0 0 0 0 0 0 0 0 0 0 0 0 0 0 0 0 0 0 0 0 0 0 0 0 0 0 0 0 0 0 0 0 0 0 0 0 0 0 0 0 0 0 0 0 0 0 0 0 0 0 0 0 0 0 0 0 0 0 0 0 0 0 0 0 0 0 0 0 0 0 0 0 0 0 0 0 0 0 0 0 0 0 0 0 0 0 0 0 0 0 0 0 0 0 0 0 0 0 0 0 0 0 0 0 0 0 0 0 0 0 0 0 0 0 0 0 0 0 0 0 0 0 0 0 0 0 0 0 0 0 0 0 0 0 0 0 0 0 0 0 0 0 0 0 0 0 0 0 0 0 0 0 0 0 0 0 0 0 0 0 0 0 0 0 0 0 0 0 0 0 0 0 0 0 0 0 0 0 0 0 0 0 0 0 0 0 0 0 0 0 0 0 0 0 0 0 0 0 0 0 0 0 0 0 0 0 0 0 0 0 0 0 0 0 0 0 0 0 0 0 0 0 0 0 0 0 0 0 0 0 0 0 0 0 0 0 0 0 0 0 0 0 0 0 0 0 0 0 0 0 0 0 0 0 0 0 0 0 0 0 0 0 0 0 0 0 0 0 0 0 0 0 0 0 0 0 0 0 0 0 0 0 0 0 0 0 0 0 0 0 0 0 0 0 0 0 0 0 0 0 0 0 0 0 0 0 0 0 0 0 0 0 0 0 0 0 0 0 0 0 0 0 0 0 0 0 0 0 0 0 0 0 0 0 0 0 0 0 0 0 0 0 0 0 0 0 0 0 0 0 0 0 0 0 0 0 0 0 0 0 0 0 0 0 0 0 0 0 0 0 0 0 0 0 0 0 0 0 0 0 0 0 0 0 0 0 0 0 0 0 0 0 0 0 0 0 0 0 0 0 0 0 0 0 0 0 0 0 0 0 0 0 0 0 0 0 0 0 0 0 0 0 0 0 0 0 0 0 0 0 0 0 0 0 0 0 0 0 0 0 0 0 0 0 0 0 0 0 0 0 0 0 0 0 0 0 0 0 0 0 0 0 0 0 0 0 0 0 0 0 0 0 0 0 0 0 0 0 0 0 0 0 0 0 0 0 0 0 0 0 0 0 0 0 0 0 0 0 0 0 0 0 0 0 0 0 0 0 0 0 0 0 0 0 0 0 0 0 0 0 0 0 0 0 0 0 0 0 0 0 0 0 0 0 0 0 0 0 0 0 0 0 0 0 0 0 0 0 0 0 0 0 0 0 0 0 0 0 0 0 0 0 0 0 0 0 0 0 0 0 0 0 0 0 0 0 0 0 0 0 0 0 0 0 0 0 0 0 0 0 0 0 0 0 0 0 0 0 0 0 0 0 0 0 0 0 0 0 0 0 0 0 0 0 0 0 0 0 0 0 0 0 0 0 0 0 0 0 0 0 0 0 0 0 0 0 0 0 0 0 0 0 0 0 0 0 0 0 0 0 0 0 0 0 0 0 0 0 0 0 0 0 0 0 0 0 0 0 0 0 0 0 0 0 0 0 0 0 0 0 0 0 0 0 0 0 0 0 0 0 0 0 0 0 0 0 0 0 0 0 0 0 0 0 0 0 0 0 0 0 0 0 0 0 0 0 0 0 0 0 0 0 0 0 0 0 0 0 0 0 0 0 0 0 0 0 0 0 0 0 0 0 0 0 0 0 0 0 0 0 0 0 0 0 0 0 0 0 0 0 0 0 0 0 0 0 0 0 0 0 0 0 0 0 0 0 0 0 0 0 0 0 0 0 0 0 0 0 0 0 0 0 0 0 0 0 0 0 0 0 0 0 0 0 0 0 0 0 0 0 0 0 0 0 0 0 0 0 0 0 0 0 0 0 0 0 0 0 0 0 0 0 0 0 0 0 0 0 0 0 0 0 0 0 0 0 0 0 0 0 0 0 0 0 0 0 0 0 0 0 0 0 0 0 0 0 0 0 0 0 0 0 0 0 0 0 0 0 0 0 0 0 0 0 0 0 0 0 0 0 0 0 0 0 0 0 0 0 0 0 0 0 0 0 0 0 0 0 0 0 0 0 0 0 0 0 0 0 0 0 0 0 0 0 0 0 0 0 0 0 0 0 0 0 0 0 0 0 0 0 0 0 0 0 0 0 0 0 0 0 0 0 0 0 0 0 0 0 0 0 0 0 0 0 0 0 0 0 0 0 0 0 0 0 0 0 0 0 0 0 0 0 0 0 0 0 0 0 0 0 0 0 0 0 0 0 0 0 0 0 0 0 0 0 0 0 0 0 0 0 0 0 0 0 0 0 0 0 0 0 0 0 0 0 0 0 0 0 0 0 0 0 0 0 0 0 0 0 0 0 0 0 0 0 0 0 0 0 0 0 0 0 0 0 0 0 0 0 0 0 0 0 0 0 0 0 0 0 0 0 0 0 0 0 0 0 0 0 0 0 0 0 0 0 0 0 0 0 0 0 0 0 0 0 0 0 0 0 0 0 0 0 0 0 0 0 0 0 0 0 0 0 0 0 0 0 0 0 0 0 0 0 0 0 0 0 0 0 0 0 0 0 0 0 0 0 0 0 0 0 0 0 0 0 0 0 0 0 0 0 0 0 0 0 0 0 0 0 0 0 0 0 0 0 0 0 0 0 0 0 0 0 0 0 0 0 0 0 0 0 0 0 0 0 0 0 0 0 0 0 0 0 0 0 0 0 0 0 0 0 0 0 0 0 0 0 0 0 0 0 0 0 0 0 0 0 0 0 0 0 0 0 0 0 0 0 0 0 0 0 0 0 0 0 0 0 0 0 0 0 0 0 0 0 0 0 0 0 0 0 0 0 0 0 0 0 0 0 0 0 0 0 0 0 0 0 0 0 0 0 0 0 0 0 0 0 0 0 0 0 0 0 0 0 0 0 0 0 0 0 0 0 0 0 0 0 0 0 0 0 0 0 0 0 0 0 0 0 0 0 0 0 0 0 0 0 0 0 0 0 0 0 0 0 0 0 0 0 0 0 0 0 0 0 0 0 0 0 0 0 0 0 0 0 0 0 0 0 0 0 0 0 0 0 0 0 0 0 0 0 0 0 0 0 0 0 0 0 0 0 0 0 0 0 0 0 0 0 0 0 0 0 0 0 0 0 0 0 0 0 0 0 0 0 0 0 0 0 0 0 0 0 0 0 0 0 0 0 0 0 0 0 0 0 0 0 0 0 0 0 0 0 0 0 0 0 0 0 0 0 0 0 0 0 0 0 0 0 0 0 0 0 0 0 0 0 0 0 0 0 0 0 0 0 0 0 0 0 0 0 0 0 0 0 0 0 0 0 0 0 0 0 0 0 0 0 0 0 0 0 0 0 0 0 0 0 0 0 0 0 0 0 0 0 0 0 0 0 0 0 0 0 0 0 0 0 0 0 0 0 0 0 0 0 0 0 0 0 0 0 0 0 0 0 0 0 0 0 0 0 0 0 0 0 0 0 0 0 0 0 0 0 0 0 0 0 0 0 0 0 0 0 0 0 0 0 0 0 0 0 0 0 0 0 0 0 0 0 0 0 0 0 0 0 0 0 0 0 0 0 0 0 0 0 0 0 0 0 0 0 0 0 0 0 0 0 0 0 0 0 0 0 0 0 0 0 0 0 0 0 0 0 0 0 0 0 0 0 0 0 0 0 0 0 0 0 0 0 0 0 0 0 0 0 0 0 0 0 0 0 0 0 0 0 0 0 0 0 0 0 0 0 0 0 0 0 0 0 0 0 0 0 0 0 0 0 0 0 0 0 0 0 0 0 0 0 0 0 0 0 0 0 0 0 0 0 0 0 0 0 0 0 0 0 0 0 0 0 0 0 0 0 0 0 0 0 0 0 0 0 0 0 0 0 0 0 0 0 0 0 0 0 0 0 0 0 0 0 0 0 0 0 0 0 0 0 0 0 0 0 0 0 0 0 0 0 0 0 0 0 0 0 0 0 0 0 0 0 0 0 0 0 0 0 0 0 0 0 0 0 0 0 0 0 0 0 0 0 0 0 0 0 0 0 0 0 0 0 0 0 0 0 0 0 0 0 0 0 0 0 0 0 0 0 0 0 0 0 0 0 0 0 0 0 0 0 0 0 0 0 0 0 0 0 0 0 0 0 0 0 0 0 0 0 0 0 0 0 0 0 0 0 0 0 0 0 0 0 0 0 0 0 0 0 0 0 0 0 0 0 0 0 0 0 0 0 0 0 0 0 0 0 0 0 0 0 0 0 0 0 0 0 0 0 0 0 0 0 0 0 0 0 0 0 0 0 0 0 0 0 0 0 0 0 0 0 0 0 0 0 0 0 0 0 0 0 0 0 0 0 0 0 0 0 0 0 0 0 0 0 0 0 0 0 0 0 0 0 0 0 0 0 0 0 0 0 0 0 0 0 0 0 0 0 0 0 0 0 0 0 0 0 0 0 0 0 0 0 0 0 0 0 0 0 0 0 0 0 0 0 0 0 0 0 0 0 0 0 0 0 0 0 0 0 0 0 0 0 0 0 0 0 0 0 0 0 0 0 0 0 0 0 0 0 0 0 0 0 0 0 0 0 0 0 0 0 0 0 0 0 0 0 0 0 0 0 0 0 0 0 0 0 0 0 0 0 0 0 0 0 0 0 0 0 0 0 0 0 0 0 0 0 0 0 0 0 0 0 0 0 0 0 0 0 0 0 0 0 0 0 0 0 0 0 0 0 0 0 0 0 0 0 0 0 0 0 0 0 0 0 0 0 0 0 0 0 0 0 0 0 0 0 0 0 0 0 0 0 0 0 0 0 0 0 0 0 0 0 0 0 0 0 0 0 0 0 0 0 0 0 0 0 0 0 0 0 0 0 0 0 0 0 0 0 0 0 0 0 0 0 0 0 0 0 0 0 0 0 0 0 0 0 0 0 0 0 0 0 0 0 0 0 0 0 0 0 0 0 0 0 0 0 0 0 0 0 0 0 0 0 0 0 0 0 0 0 0 0 0 0 0 0 0 0 0 0 0 0 0 0 0 0 0 0 0 0 0 0 0 0 0 0 0 0 0 0 0 0 0 0 0 0 0 0 0 0 0 0 0 0 0 0 0 0 0 0 0 0 0 0 0 0 0 0 0 0 0 0 0 0 0 0 0 0 0 0 0 0 0 0 0 0 0 0 0 0 0 0 0 0 0 0 0 0 0 0 0 0 0 0 0 0 0 0 0 0 0 0 0 0 0 0 0 0 0 0 0 0 0 0 0 0 0 0 0 0 0 0 0 0 0 0 0 0 0 0 0 0 0 0 0 0 0 0 0 0 0 0 0 0 0 0 0 0 0 0 0 0 0 0 0 0 0 0 0 0 0 0 0 0 0 0 0 0 0 0 0 0 0 0 0 0 0 0 0 0 0 0 0 0 0 0 0 0 0 0 0 0 0 0 0 0 0 0 0 0 0 0 0 0 0 0 0 0 0 0 0 0 0 0 0 0 0 0 0 0 0 0 0 0 0 0 0 0 0 0 0 0 0 0 0 0 0 0 0 0 0 0 0 0 0 0 0 0 0 0 0 0 0 0 0 0 0 0 0 0 0 0 0 0 0 0 0 0 0 0 0 0 0 0 0 0 0 0 0 0 0 0 0 0 0 0 0 0 0 0 0 0 0 0 0 0 0 0 0 0 0 0 0 0 0 0 0 0 0 0 0 0 0 0 0 0 0 0 0 0 0 0 0 0 0 0 0 0 0 0 0 0 0 0 0 0 0 0 0 0 0 0 0 0 0 0 0 0 0 0 0 0 0 0 0 0 0 0 0 0 0 0 0 0 0 0 0 0 0 0 0 0 0 0 0 0 0 0 0 0 0 0 0 0 0 0 0 0 0 0 0 0 0 0 0 0 0 0 0 0 0 0 0 0 0 0 0 0 0 0 0 0 0 0 0 0 0 0 0 0 0 0 0 0 0 0 0 0 0 0 0 0 0 0 0 0 0 0 0 0 0 0 0 0 0 0 0 0 0 0 0 0 0 0 0 0 0 0 0 0 0 0 0 0 0 0 0 0 0 0 0 0 0 0 0 0 0 0 0 0 0 0 0 0 0 0 0 0 0 0 0 0 0 0 0 0 0 0 0 0 0 0 0 0 0 0 0 0 0 0 0 0 0 0 0 0 0 0 0 0 0 0 0 0 0 0 0 0 0 0 0 0 0 0 0 0 0 0 0 0 0 0 0 0 0 0 0 0 0 0 0 0 0 0 0 0 0 0 0 0 0 0 0 0 0 0 0 0 0 0 0 0 0 0 0 0 0 0 0 0 0 0 0 0 0 0 0 0 0 0 0 0 0 0 0 0 0 0 0 0 0 0 0 0 0 0 0 0 0 0 0 0 0 0 0 0 0 0 0 0 0 0 0 0 0 0 0 0 0 0 0 0 0 0 0 0 0 0 0 0 0 0 0 0 0 0 0 0 0 0 0 0 0 0 0 0 0 0 0 0 0 0 0 0 0 0 0 0 0 0 0 0 0 0 0 0 0 0 0 0 0 0 0 0 0 0 0 0 0 0 0 0 0 0 0 0 0 0 0 0 0 0 0 0 0 0 0 0 0 0 0 0 0 0 0 0 0 0 0 0 0 0 0 0 0 0 0 0 0 0 0 0 0 0 0 0 0 0 0 0 0 0 0 0 0 0 0 0 0 0 0 0 0 0 0 0 0 0 0 0 0 0 0 0 0 0 0 0 0 0 0 0 0 0 0 0 0 0 0 0 0 0 0 0 0 0 0 0 0 0 0 0 0 0 0 0 0 0 0 0 0 0 0 0 0 0 0 0 0 0 0 0 0 0 0 0 0 0 0 0 0 0 0 0 0 0 0 0 0 0 0 0 0 0 0 0 0 0 0 0 0 0 0 0 0 0 0 0 0 0 0 0 0 0 0 0 0 0 0 0 0 0 0 0 0 0 0 0 0 0 0 0 0 0 0 0 0 0 0 0 0 0 0 0 0 0 0 0 0 0 0 0 0 0 0 0 0 0 0 0 0 0 0 0 0 0 0 0 0 0 0 0 0 0 0 0 0 0 0 0 0 0 0 0 0 0 0 0 0 0 0 0 0 0 0 0 0 0 0 0 0 0 0 0 0 0 0 0 0 0 0 0 0 0 0 0 0 0 0 0 0 0 0 0 0 0 0 0 0 0 0 0 0 0 0 0 0 0 0 0 0 0 0 0 0 0 0 0 0 0 0 0 0 0 0 0 0 0 0 0 0 0 0 0 0 0 0 0 0 0 0 0 0 0 0 0 0 0 0 0 0 0 0 0 0 0 0 0 0 0 0 0 0 0 0 0 0 0 0 0 0 0 0 0 0 0 0 0 0 0 0 0 0 0 0 0 0 0 0 0 0 0 0 0 0 0 0 0 0 0 0 0 0 0 0 0 0 0 0 0 0 0 0 0 0 0 0 0 0 0 0 0 0 0 0 0 0 0 0 0 0 0 0 0 0 0 0 0 0 0 0 0 0 0 0 0 0 0 0 0 0 0 0 0 0 0 0 0 0 0 0 0 0 0 0 0 0 0 0 0 0 0 0 0 0 0 0 0 0 0 0 0 0 0 0 0 0 0 0 0 0 0 0 0 0 0 0 0 0 0 0 0 0 0 0 0 0 0 0 0 0 0 0 0 0 0 0 0 0 0 0 0 0 0 0 0 0 0 0 0 0 0 0 0 0 0 0 0 0 0 0 0 0 0 0 0 0 0 0 0 0 0 0 0 0 0 0 0 0 0 0 0 0 0 0 0 0 0 0 0 0 0 0 0 0 0 0 0 0 0 0 0 0 0 0 0 0 0 0 0 0 0 0 0 0 0 0 0 0 0 0 0 0 0 0 0 0 0 0 0 0 0 0 0 0 0 0 0 0 0 0 0 0 0 0 0 0 0 0 0 0 0 0 0 0 0 0 0 0 0 0 0 0 0 0 0 0 0 0 0 0 0 0 0 0 0 0 0 0 0 0 0 0 0 0 0 0 0 0 0 0 0 0 0 0 0 0 0 0 0 0 0 0 0 0 0 0 0 0 0 0 0 0 0 0 0 0 0 0 0 0 0 0 0 0 0 0 0 0 0 0 0 0 0 0 0 0 0 0 0 0 0 0 0 0 0 0 0 0 0 0 0 0 0 0 0 0 0 0 0 0 0 0 0 0 0 0 0 0 0 0 0 0 0 0 0 0 0 0 0 0 0 0 0 0 0 0 0 0 0 0 0 0 0 0 0 0 0 0 0 0 0 0 0 0 0 0 0 0 0 0 0 0 0 0 0 0 0 0 0 0 0 0 0 0 0 0 0 0 0 0 0 0 0 0 0 0 0 0 0 0 0 0 0 0 0 0 0 0 0 0 0 0 0 0 0 0 0 0 0 0 0 0 0 0 0 0 0 0 0 0 0 0 0 0 0 0 0 0 0 0 0 0 0 0 0 0 0 0 0 0 0 0 0 0 0 0 0 0 0 0 0 0 0 0 0 0 0 0 0 0 0 0 0 0 0 0 0 0 0 0 0 0 0 0 0 0 0 0 0 0 0 0 0 0 0 0 0 0 0 0 0 0 0 0 0 0 0 0 0 0 0 0 0 0 0 0 0 0 0 0 0 0 0 0 0 0 0 0 0 0 0 0 0 0 0 0 0 0 0 0 0 0 0 0 0 0 0 0 0 0 0 0 0 0 0 0 0 0 0 0 0 0 0 0 0 0 0 0 0 0 0 0 0 0 0 0 0 0 0 0 0 0 0 0 0 0 0 0 0 0 0 0 0 0 0 0 0 0 0 0 0 0 0 0 0 0 0 0 0 0 0 0 0 0 0 0 0 0 0 0 0 0 0 0 0 0 0 0 0 0 0 0 0 0 0 0 0 0 0 0 0 0 0 0 0 0 0 0 0 0 0 0 0 0 0 0 0 0 0 0 0 0 0 0 0 0 0 0 0 0 0 0 0 0 0 0 0 0 0 0 0 0 0 0 0 0 0 0 0 0 0 0 0 0 0 0 0 0 0 0 0 0 0 0 0 0 0 0 0 0 0 0 0 0 0 0 0 0 0 0 0 0 0 0 0 0 0 0 0 0 0 0 0 0 0 0 0 0 0 0 0 0 0 0 0 0 0 0 0 0 0 0 0 0 0 0 0 0 0 0 0 0 0 0 0 0 0 0 0 0 0 0 0 0 0 0 0 0 0 0 0 0 0 0 0 0 0 0 0 0 0 0 0 0 0 0 0 0 0 0 0 0 0 0 0 0 0 0 0 0 0 0 0 0 0 0 0 0 0 0 0 0 0 0 0 0 0 0 0 0 0 0 0 0 0 0 0 0 0 0 0 0 0 0 0 0 0 0 0 0 0 0 0 0 0 0 0 0 0 0 0 0 0 0 0 0 0 0 0 0 0 0 0 0 0 0 0 0 0 0 0 0 0 0 0 0 0 0 0 0 0 0 0 0 0 0 0 0 0 0 0 0 0 0 0 0 0 0 0 0 0 0 0 0 0 0 0 0 0 0 0 0 0 0 0 0 0 0 0 0 0 0 0 0 0 0 0 0 0 0 0 0 0 0 0 0 0 0 0 0 0 0 0 0 0 0 0 0 0 0 0 0 0 0 0 0 0 0 0 0 0 0 0 0 0 0 0 0 0 0 0 0 0 0 0 0 0 0 0 0 0 0 0 0 0 0 0 0 0 0 0 0 0 0 0 0 0 0 0 0 0 0 0 0 0 0 0 0 0 0 0 0 0 0 0 0 0 0 0 0 0 0 0 0 0 0 0 0 0 0 0 0 0 0 0 0 0 0 0 0 0 0 0 0 0 0 0 0 0 0 0 0 0 0 0 0 0 0 0 0 0 0 0 0 0 0 0 0 0 0 0 0 0 0 0 0 0 0 0 0 0 0 0 0 0 0 0 0 0 0 0 0 0 0 0 0 0 0 0 0 0 0 0 0 0 0 0 0 0 0 0 0 0 0 0 0 0 0 0 0 0 0 0 0 0 0 0 0 0 0 0 0 0 0 0 0 0 0 0 0 0 0 0 0 0 0 0 0 0 0 0 0 0 0 0 0 0 0 0 0 0 0 0 0 0 0 0 0 0 0 0 0 0 0 0 0 0 0 0 0 0 0 0 0 0 0 0 0 0 0 0 0 0 0 0 0 0 0 0 0 0 0 0 0 0 0 0 0 0 0 0 0 0 0 0 0 0 0 0 0 0 0 0 0 0 0 0 0 0 0 0 0 0 0 0 0 0 0 0 0 0 0 0 0 0 0 0 0 0 0 0 0 0 0 0 0 0 0 0 0 0 0 0 0 0 0 0 0 0 0 0 0 0 0 0 0 0 0 0 0 0 0 0 0 0 0 0 0 0 0 0 0 0 0 0 0 0 0 0 0 0 0 0 0 0 0 0 0 0 0 0 0 0 0 0 0 0 0 0 0 0 0 0 0 0 0 0 0 0 0 0 0 0 0 0 0 0 0 0 0 0 0 0 0 0 0 0 0 0 0 0 0 0 0 0 0 0 0 0 0 0 0 0 0 0 0 0 0 0 0 0 0 0 0 0 0 0 0 0 0 0 0 0 0 0 0 0 0 0 0 0 0 0 0 0 0 0 0 0 0 0 0 0 0 0 0 0 0 0 0 0 0 0 0 0 0 0 0 0 0 0 0 0 0 0 0 0 0 0 0 0 0 0 0 0 0 0 0 0 0 0 0 0 0 0 0 0 0 0 0 0 0 0 0 0 0 0 0 0 0 0 0 0 0 0 0 0 0 0 0 0 0 0 0 0 0 0 0 0 0 0 0 0 0 0 0 0 0 0 0 0 0 0 0 0 0 0 0 0 0 0 0 0 0 0 0 0 0 0 0 0 0 0 0 0 0 0 0 0 0 0 0 0 0 0 0 0 0 0 0 0 0 0 0 0 0 0 0 0 0 0 0 0 0 0 0 0 0 0 0 0 0 0 0 0 0 0 0 0 0 0 0 0 0 0 0 0 0 0 0 0 0 0 0 0 0 0 0 0 0 0 0 0 0 0 0 0 0 0 0 0 0 0 0 0 0 0 0 0 0 0 0 0 0 0 0 0 0 0 0 0 0 0 0 0 0 0 0 0 0 0 0 0 0 0 0 0 0 0 0 0 0 0 0 0 0 0 0 0 0 0 0 0 0 0 0 0 0 0 0 0 0 0 0 0 0 0 0 0 0 0 0 0 0 0 0 0 0 0 0 0 0 0 0 0 0 0 0 0 0 0 0 0 0 0 0 0 0 0 0 0 0 0 0 0 0 0 0 0 0 0 0 0 0 0 0 0 0 0 0 0 0 0 0 0 0 0 0 0 0 0 0 0 0 0 0 0 0 0 0 0 0 0 0 0 0 0 0 0 0 0 0 0 0 0 0 0 0 0 0 0 0 0 0 0 0 0 0 0 0 0 0 0 0 0 0 0 0 0 0 0 0 0 0 0 0 0 0 0 0 0 0 0 0 0 0 0 0 0 0 0 0 0 0 0 0 0 0 0 0 0 0 0 0 0 0 0 0 0 0 0 0 0 0 0 0 0 0 0 0 0 0 0 0 0 0 0 0 0 0 0 0 0 0 0 0 0 0 0 0 0 0 0 0 0 0 0 0 0 0 0 0 0 0 0 0 0 0 0 0 0 0 0 0 0 0 0 0 0 0 0 0 0 0 0 0 0 0 0 0 0 0 0 0 0 0 0 0 0 0 0 0 0 0 0 0 0 0 0 0 0 0 0 0 0 0 0 0 0 0 0 0 0 0 0 0 0 0 0 0 0 0 0 0 0 0 0 0 0 0 0 0 0 0 0 0 0 0 0 0 0 0 0 0 0 0 0 0 0 0 0 0 0 0 0 0 0 0 0 0 0 0 0 0 0 0 0 0 0 0 0 0 0 0 0 0 0 0 0 0 0 0 0 0 0 0 0 0 0 0 0 0 0 0 0 0 0 0 0 0 0 0 0 0 0 0 0 0 0 0 0 0 0 0 0 0 0 0 0 0 0 0 0 0 0 0 0 0 0 0 0 0 0 0 0 0 0 0 0 0 0 0 0 0 0 0 0 0 0 0 0 0 0 0 0 0 0 0 0 0 0 0 0 0 0 0 0 0 0 0 0 0 0 0 0 0 0 0 0 0 0 0 0 0 0 0 0 0 0 0 0 0 0 0 0 0 0 0 0 0 0 0 0 0 0 0 0 0 0 0 0 0 0 0 0 0 0 0 0 0 0 0 0 0 0 0 0 0 0 0 0 0 0 0 0 0 0 0 0 0 0 0 0 0 0 0 0 0 0 0 0 0 0 0 0 0 0 0 0 0 0 0 0 0 0 0 0 0 0 0 0 0 0 0 0 0 0 0 0 0 0 0 0 0 0 0 0 0 0 0 0 0 0 0 0 0 0 0 0 0 0 0 0 0 0 0 0 0 0 0 0 0 0 0 0 0 0 0 0 0 0 0 0 0 0 0 0 0 0 0 0 0 0 0 0 0 0 0 0 0 0 0 0 0 0 0 0 0 0 0 0 0 0 0 0 0 0 0 0 0 0 0 0 0 0 0 0 0 0 0 0 0 0 0 0 0 0 0 0 0 0 0 0 0 0 0 0 0 0 0 0 0 0 0 0 0 0 0 0 0 0 0 0 0 0 0 0 0 0 0 0 0 0 0 0 0 0 0 0 0 0 0 0 0 0 0 0 0 0 0 0 0 0 0 0 0 0 0 0 0 0 0 0 0 0 0 0 0 0 0 0 0 0 0 0 0 0 0 0 0 0 0 0 0 0 0 0 0 0 0 0 0 0 0 0 0 0 0 0 0 0 0 0 0 0 0 0 0 0 0 0 0 0 0 0 0 0 0 0 0 0 0 0 0 0 0 0 0 0 0 0 0 0 0 0 0 0 0 0 0 0 0 0 0 0 0 0 0 0 0 0 0 0 0 0 0 0 0 0 0 0 0 0 0 0 0 0 0 0 0 0 0 0 0 0 0 0 0 0 0 0 0 0 0 0 0 0 0 0 0 0 0 0 0 0 0 0 0 0 0 0 0 0 0 0 0 0 0 0 0 0 0 0 0 0 0 0 0 0 0 0 0 0 0 0 0 0 0 0 0 0 0 0 0 0 0 0 0 0 0 0 0 0 0 0 0 0 0 0 0 0 0 0 0 0 0 0 0 0 0 0 0 0 0 0 0 0 0 0 0 0 0 0 0 0 0 0 0 0 0 0 0 0 0 0 0 0 0 0 0 0 0 0 0 0 0 0 0 0 0 0 0 0 0 0 0 0 0 0 0 0 0 0 0 0 0 0 0 0 0 0 0 0 0 0 0 0 0 0 0 0 0 0 0 0 0 0 0 0 0 0 0 0 0 0 0 0 0 0 0 0 0 0 0 0 0 0 0 0 0 0 0 0 0 0 0 0 0 0 0 0 0 0 0 0 0 0 0 0 0 0 0 0 0 0 0 0 0 0 0 0 0 0 0 0 0 0 0 0 0 0 0 0 0 0 0 0 0 0 0 0 0 0 0 0 0 0 0 0 0 0 0 0 0 0 0 0 0 0 0 0 0 0 0 0 0 0 0 0 0 0 0 0 0 0 0 0 0 0 0 0 0 0 0 0 0 0 0 0 0 0 0 0 0 0 0 0 0 0 0 0 0 0 0 0 0 0 0 0 0 0 0 0 0 0 0 0 0 0 0 0 0 0 0 0 0 0 0 0 0 0 0 0 0 0 0 0 0 0 0 0 0 0 0 0 0 0 0 0 0 0 0 0 0 0 0 0 0 0 0 0 0 0 0 0 0 0 0 0 0 0 0 0 0 0 0 0 0 0 0 0 0 0 0 0 0 0 0 0 0 0 0 0 0 0 0 0 0 0 0 0 0 0 0 0 0 0 0 0 0 0 0 0 0 0 0 0 0 0 0 0 0 0 0 0 0 0 0 0 0 0 0 0 0 0 0 0 0 0 0 0 0 0 0 0 0 0 0 0 0 0 0 0 0 0 0 0 0 0 0 0 0 0 0 0 0 0 0 0 0 0 0 0 0 0 0 0 0 0 0 0 0 0 0 0 0 0 0 0 0 0 0 0 0 0 0 0 0 0 0 0 0 0 0 0 0 0 0 0 0 0 0 0 0 0 0 0 0 0 0 0 0 0 0 0 0 0 0 0 0 0 0 0 0 0 0 0 0 0 0 0 0 0 0 0 0 0 0 0 0 0 0 0 0 0 0 0 0 0 0 0 0 0 0 0 0 0 0 0 0 0 0 0 0 0 0 0 0 0 0 0 0 0 0 0 0 0 0 0 0 0 0 0 0 0 0 0 0 0 0 0 0 0 0 0 0 0 0 0 0 0 0 0 0 0 0 0 0 0 0 0 0 0 0 0 0 0 0 0 0 0 0 0 0 0 0 0 0 0 0 0 0 0 0 0 0 0 0 0 0 0 0 0 0 0 0 0 0 0 0 0 0 0 0 0 0 0 0 0 0 0 0 0 0 0 0 0 0 0 0 0 0 0 0 0 0 0 0 0 0 0 0 0 0 0 0 0 0 0 0 0 0 0 0 0 0 0 0 0 0 0 0 0 0 0 0 0 0 0 0 0 0 0 0 0 0 0 0 0 0 0 0 0 0 0 0 0 0 0 0 0 0 0 0 0 0 0 0 0 0 0 0 0 0 0 0 0 0 0 0 0 0 0 0 0 0 0 0 0 0 0 0 0 0 0 0 0 0 0 0 0 0 0 0 0 0 0 0 0 0 0 0 0 0 0 0 0 0 0 0 0 0 0 0 0 0 0 0 0 0 0 0 0 0 0 0 0 0 0 0 0 0 0 0 0 0 0 0 0 0 0 0 0 0 0 0 0 0 0 0 0 0 0 0 0 0 0 0 0 0 0 0 0 0 0 0 0 0 0 0 0 0 0 0 0 0 0 0 0 0 0 0 0 0 0 0 0 0 0 0 0 0 0 0 0 0 0 0 0 0 0 0 0 0 0 0 0 0 0 0 0 0 0 0 0 0 0 0 0 0 0 0 0 0 0 0 0 0 0 0 0 0 0 0 0 0 0 0 0 0 0 0 0 0 0 0 0 0 0 0 0 0 0 0 0 0 0 0 0 0 0 0 0 0 0 0 0 0 0 0 0 0 0 0 0 0 0 0 0 0 0 0 0 0 0 0 0 0 0 0 0 0 0 0 0 0 0 0 0 0 0 0 0 0 0 0 0 0 0 0 0 0 0 0 0 0 0 0 0 0 0 0 0 0 0 0 0 0 0 0 0 0 0 0 0 0 0 0 0 0 0 0 0 0 0 0 0 0 0 0 0 0 0 0 0 0 0 0 0 0 0 0 0 0 0 0 0 0 0 0 0 0 0 0 0 0 0 0 0 0 0 0 0 0 0 0 0 0 0 0 0 0 0 0 0 0 0 0 0 0 0 0 0 0 0 0 0 0 0 0 0 0 0 0 0 0 0 0 0 0 0 0 0 0 0 0 0 0 0 0 0 0 0 0 0 0 0 0 0 0 0 0 0 0 0 0 0 0 0 0 0 0 0 0 0 0 0 0 0 0 0 0 0 0 0 0 0 0 0 0 0 0 0 0 0 0 0 0 0 0 0 0 0 0 0 0 0 0 0 0 0 0 0 0 0 0 0 0 0 0 0 0 0 0 0 0 0 0 0 0 0 0 0 0 0 0 0 0 0 0 0 0 0 0 0 0 0 0 0 0 0 0 0 0 0 0 0 0 0 0 0 0 0 0 0 0 0 0 0 0 0 0 0 0 0 0 0 0 0 0 0 0 0 0 0 0 0 0 0 0 0 0 0 0 0 0 0 0 0 0 0 0 0 0 0 0 0 0 0 0 0 0 0 0 0 0 0 0 0 0 0 0 0 0 0 0 0 0 0 0 0 0 0 0 0 0 0 0 0 0 0 0 0 0 0 0 0 0 0 0 0 0 0 0 0 0 0 0 0 0 0 0 0 0 0 0 0 0 0 0 0 0 0 0 0 0 0 0 0 0 0 0 0 0 0 0 0 0 0 0 0 0 0 0 0 0 0 0 0 0 0 0 0 0 0 0 0 0 0 0 0 0 0 0 0 0 0 0 0 0 0 0 0 0 0 0 0 0 0 0 0 0 0 0 0 0 0 0 0 0 0 0 0 0 0 0 0 0 0 0 0 0 0 0 0 0 0 0 0 0 0 0 0 0 0 0 0 0 0 0 0 0 0 0 0 0 0 0 0 0 0 0 0 0 0 0 0 0 0 0 0 0 0 0 0 0 0 0 0 0 0 0 0 0 0 0 0 0 0 0 0 0 0 0 0 0 0 0 0 0 0 0 0 0 0 0 0 0 0 0 0 0 0 0 0 0 0 0 0 0 0 0 0 0 0 0 0 0 0 0 0 0 0 0 0 0 0 0 0 0 0 0 0 0 0 0 0 0 0 0 0 0 0 0 0 0 0 0 0 0 0 0 0 0 0 0 0 0 0 0 0 0 0 0 0 0 0 0 0 0 0 0 0 0 0 0 0 0 0 0 0 0 0 0 0 0 0 0 0 0 0 0 0 0 0 0 0 0 0 0 0 0 0 0 0 0 0 0 0 0 0 0 0 0 0 0 0 0 0 0 0 0 0 0 0 0 0 0 0 0 0 0 0 0 0 0 0 0 0 0 0 0 0 0 0 0 0 0 0 0 0 0 0 0 0 0 0 0 0 0 0 0 0 0 0 0 0 0 0 0 0 0 0 0 0 0 0 0 0 0 0 0 0 0 0 0 0 0 0 0 0 0 0 0 0 0 0 0 0 0 0 0 0 0 0 0 0 0 0 0 0 0 0 0 0 0 0 0 0 0 0 0 0 0 0 0 0 0 0 0 0 0 0 0 0 0 0 0 0 0 0 0 0 0 0 0 0 0 0 0 0 0 0 0 0 0 0 0 0 0 0 0 0 0 0 0 0 0 0 0 0 0 0 0 0 0 0 0 0 0 0 0 0 0 0 0 0 0 0 0 0 0 0 0 0 0 0 0 0 0 0 0 0 0 0 0 0 0 0 0 0 0 0 0 0 0 0 0 0 0 0 0 0 0 0 0 0 0 0 0 0 0 0 0 0 0 0 0 0 0 0 0 0 0 0 0 0 0 0 0 0 0 0 0 0 0 0 0 0 0 0 0 0 0 0 0 0 0 0 0 0 0 0 0 0 0 0 0 0 0 0 0 0 0 0 0 0 0 0 0 0 0 0 0 0 0 0 0 0 0 0 0 0 0 0 0 0 0 0 0 0 0 0 0 0 0 0 0 0 0 0 0 0 0 0 0 0 0 0 0 0 0 0 0 0 0 0 0 0 0 0 0 0 0 0 0 0 0 0 0 0 0 0 0 0 0 0 0 0 0 0 0 0 0 0 0 0 0 0 0 0 0 0 0 0 0 0 0 0 0 0 0 0 0 0 0 0 0 0 0 0 0 0 0 0 0 0 0 0 0 0 0 0 0 0 0 0 0 0 0 0 0 0 0 0 0 0 0 0 0 0 0 0 0 0 0 0 0 0 0 0 0 0 0 0 0 0 0 0 0 0 0 0 0 0 0 0 0 0 0 0 0 0 0 0 0 0 0 0 0 0 0 0 0 0 0 0 0 0 0 0 0 0 0 0 0 0 0 0 0 0 0 0 0 0 0 0 0 0 0 0 0 0 0 0 0 0 0 0 0 0 0 0 0 0 0 0 0 0 0 0 0 0 0 0 0 0 0 0 0 0 0 0 0 0 0 0 0 0 0 0 0 0 0 0 0 0 0 0 0 0 0 0 0 0 0 0 0 0 0 0 0 0 0 0 0 0 0 0 0 0 0 0 0 0 0 0 0 0 0 0 0 0 0 0 0 0 0 0 0 0 0 0 0 0 0 0 0 0 0 0 0 0 0 0 0 0 0 0 0 0 0 0 0 0 0 0 0 0 0 0 0 0 0 0 0 0 0 0 0 0 0 0 0 0 0 0 0 0 0 0 0 0 0 0 0 0 0 0 0 0 0 0 0 0 0 0 0 0 0 0 0 0 0 0 0 0 0 0 0 0 0 0 0 0 0 0 0 0 0 0 0 0 0 0 0 0 0 0 0 0 0 0 0 0 0 0 0 0 0 0 0 0 0 0 0 0 0 0 0 0 0 0 0 0 0 0 0 0 0 0 0 0 0 0 0 0 0 0 0 0 0 0 0 0 0 0 0 0 0 0 0 0 0 0 0 0 0 0 0 0 0 0 0 0 0 0 0 0 0 0 0 0 0 0 0 0 0 0 0 0 0 0 0 0 0 0 0 0 0 0 0 0 0 0 0 0 0 0 0 0 0 0 0 0 0 0 0 0 0 0 0 0 0 0 0 0 0 0 0 0 0 0 0 0 0 0 0 0 0 0 0 0 0 0 0 0 0 0 0 0 0 0 0 0 0 0 0 0 0 0 0 0 0 0 0 0 0 0 0 0 0 0 0 0 0 0 0 0 0 0 0 0 0 0 0 0 0 0 0 0 0 0 0 0 0 0 0 0 0 0 0 0 0 0 0 0 0 0 0 0 0 0 0 0 0 0 0 0 0 0 0 0 0 0 0 0 0 0 0 0 0 0 0 0 0 0 0 0 0 0 0 0 0 0 0 0 0 0 0 0 0 0 0 0 0 0 0 0 0 0 0 0 0 0 0 0 0 0 0 0 0 0 0 0 0 0 0 0 0 0 0 0 0 0 0 0 0 0 0 0 0 0 0 0 0 0 0 0 0 0 0 0 0 0 0 0 0 0 0 0 0 0 0 0 0 0 0 0 0 0 0 0 0 0 0 0 0 0 0 0 0 0 0 0 0 0 0 0 0 0 0 0 0 0 0 0 0 0 0 0 0 0 0 0 0 0 0 0 0 0 0 0 0 0 0 0 0 0 0 0 0 0 0 0 0 0 0 0 0 0 0 0 0 0 0 0 0 0 0 0 0 0 0 0 0 0 0 0 0 0 0 0 0 0 0 0 0 0 0 0 0 0 0 0 0 0 0 0 0 0 0 0 0 0 0 0 0 0 0 0 0 0 0 0 0 0 0 0 0 0 0 0 0 0 0 0 0 0 0 0 0 0 0 0 0 0 0 0 0 0 0 0 0 0 0 0 0 0 0 0 0 0 0 0 0 0 0 0 0 0 0 0 0 0 0 0 0 0 0 0 0 0 0 0 0 0 0 0 0 0 0 0 0 0 0 0 0 0 0 0 0 0 0 0 0 0 0 0 0 0 0 0 0 0 0 0 0 0 0 0 0 0 0 0 0 0 0 0 0 0 0 0 0 0 0 0 0 0 0 0 0 0 0 0 0 0 0 0 0 0 0 0 0 0 0 0 0 0 0 0 0 0 0 0 0 0 0 0 0 0 0 0 0 0 0 0 0 0 0 0 0 0 0 0 0 0 0 0 0 0 0 0 0 0 0 0 0 0 0 0 0 0 0 0 0 0 0 0 0 0 0 0 0 0 0 0 0 0 0 0 0 0 0 0 0 0 0 0 0 0 0 0 0 0 0 0 0 0 0 0 0 0 0 0 0 0 0 0 0 0 0 0 0 0 0 0 0 0 0 0 0 0 0 0 0 0 0 0 0 0 0 0 0 0 0 0 0 0 0 0 0 0 0 0 0 0 0 0 0 0 0 0 0 0 0 0 0 0 0 0 0 0 0 0 0 0 0 0 0 0 0 0 0 0 0 0 0 0 0 0 0 0 0 0 0 0 0 0 0 0 0 0 0 0 0 0 0 0 0 0 0 0 0 0 0 0 0 0 0 0 0 0 0 0 0 0 0 0 0 0 0 0 0 0 0 0 0 0 0 0 0 0 0 0 0 0 0 0 0 0 0 0 0 0 0 0 0 0 0 0 0 0 0 0 0 0 0 0 0 0 0 0 0 0 0 0 0 0 0 0 0 0 0 0 0 0 0 0 0 0 0 0 0 0 0 0 0 0 0 0 0 0 0 0 0 0 0 0 0 0 0 0 0 0 0 0 0 0 0 0 0 0 0 0 0 0 0 0 0 0 0 0 0 0 0 0 0 0 0 0 0 0 0 0 0 0 0 0 0 0 0 0 0 0 0 0 0 0 0 0 0 0 0 0 0 0 0 0 0 0 0 0 0 0 0 0 0 0 0 0 0 0 0 0 0 0 0 0 0 0 0 0 0 0 0 0 0 0 0 0 0 0 0 0 0 0 0 0 0 0 0 0 0 0 0 0 0 0 0 0 0 0 0 0 0 0 0 0 0 0 0 0 0 0 0 0 0 0 0 0 0 0 0 0 0 0 0 0 0 0 0 0 0 0 0 0 0 0 0 0 0 0 0 0 0 0 0 0 0 0 0 0 0 0 0 0 0 0 0 0 0 0 0 0 0 0 0 0 0 0 0 0 0 0 0 0 0 0 0 0 0 0 0 0 0 0 0 0 0 0 0 0 0 0 0 0 0 0 0 0 0 0 0 0 0 0 0 0 0 0 0 0 0 0 0 0 0 0 0 0 0 0 0 0 0 0 0 0 0 0 0 0 0 0 0 0 0 0 0 0 0 0 0 0 0 0 0 0 0 0 0 0 0 0 0 0 0 0 0 0 0 0 0 0 0 0 0 0 0 0 0 0 0 0 0 0 0 0 0 0 0 0 0 0 0 0 0 0 0 0 0 0 0 0 0 0 0 0 0 0 0 0 0 0 0 0 0 0 0 0 0 0 0 0 0 0 0 0 0 0 0 0 0 0 0 0 0 0 0 0 0 0 0 0 0 0 0 0 0 0 0 0 0 0 0 0 0 0 0 0 0 0 0 0 0 0 0 0 0 0 0 0 0 0 0 0 0 0 0 0 0 0 0 0 0 0 0 0 0 0 0 0 0 0 0 0 0 0 0 0 0 0 0 0 0 0 0 0 0 0 0 0 0 0 0 0 0 0 0 0 0 0 0 0 0 0 0 0 0 0 0 0 0 0 0 0 0 0 0 0 0 0 0 0 0 0 0 0 0 0 0 0 0 0 0 0 0 0 0 0 0 0 0 0 0 0 0 0 0 0 0 0 0 0 0 0 0 0 0 0 0 0 0 0 0 0 0 0 0 0 0 0 0 0 0 0 0 0 0 0 0 0 0 0 0 0 0 0 0 0 0 0 0 0 0 0 0 0 0 0 0 0 0 0 0 0 0 0 0 0 0 0 0 0 0 0 0 0 0 0 0 0 0 0 0 0 0 0 0 0 0 0 0 0 0 0 0 0 0 0 0 0 0 0 0 0 0 0 0 0 0 0 0 0 0 0 0 0 0 0 0 0 0 0 0 0 0 0 0 0 0 0 0 0 0 0 0 0 0 0 0 0 0 0 0 0 0 0 0 0 0 0 0 0 0 0 0 0 0 0 0 0 0 0 0 0 0 0 0 0 0 0 0 0 0 0 0 0 0 0 0 0 0 0 0 0 0 0 0 0 0 0 0 0 0 0 0 0 0 0 0 0 0 0 0 0 0 0 0 0 0 0 0 0 0 0 0 0 0 0 0 0 0 0 0 0 0 0 0 0 0 0 0 0 0 0 0 0 0 0 0 0 0 0 0 0 0 0 0 0 0 0 0 0 0 0 0 0 0 0 0 0 0 0 0 0 0 0 0 0 0 0 0 0 0 0 0 0 0 0 0 0 0 0 0 0 0 0 0 0 0 0 0 0 0 0 0 0 0 0 0 0 0 0 0 0 0 0 0 0 0 0 0 0 0 0 0 0 0 0 0 0 0 0 0 0 0 0 0 0 0 0 0 0 0 0 0 0 0 0 0 0 0 0 0 0 0 0 0 0 0 0 0 0 0 0 0 0 0 0 0 0 0 0 0 0 0 0 0 0 0 0 0 0 0 0 0 0 0 0 0 0 0 0 0 0 0 0 0 0 0 0 0 0 0 0 0 0 0 0 0 0 0 0 0 0 0 0 0 0 0 0 0 0 0 0 0 0 0 0 0 0 0 0 0 0 0 0 0 0 0 0 0 0 0 0 0 0 0 0 0 0 0 0 0 0 0 0 0 0 0 0 0 0 0 0 0 0 0 0 0 0 0 0 0 0 0 0 0 0 0 0 0 0 0 0 0 0 0 0 0 0 0 0 0 0 0 0 0 0 0 0 0 0 0 0 0 0 0 0 0 0 0 0 0 0 0 0 0 0 0 0 0 0 0 0 0 0 0 0 0 0 0 0 0 0 0 0 0 0 0 0 0 0 0 0 0 0 0 0 0 0 0 0 0 0 0 0 0 0 0 0 0 0 0 0 0 0 0 0 0 0 0 0 0 0 0 0 0 0 0 0 0 0 0 0 0 0 0 0 0 0 0 0 0 0 0 0 0 0 0 0 0 0 0 0 0 0 0 0 0 0 0 0 0 0 0 0 0 0 0 0 0 0 0 0 0 0 0 0 0 0 0 0 0 0 0 0 0 0 0 0 0 0 0 0 0 0 0 0 0 0 0 0 0 0 0 0 0 0 0 0 0 0 0 0 0 0 0 0 0 0 0 0 0 0 0 0 0 0 0 0 0 0 0 0 0 0 0 0 0 0 0 0 0 0 0 0 0 0 0 0 0 0 0 0 0 0 0 0 0 0 0 0 0 0 0 0 0 0 0 0 0 0 0 0 0 0 0 0 0 0 0 0 0 0 0 0 0 0 0 0 0 0 0 0 0 0 0 0 0 0 0 0 0 0 0 0 0 0 0 0 0 0 0 0 0 0 0 0 0 0 0 0 0 0 0 0 0 0 0 0 0 0 0 0 0 0 0 0 0 0 0 0 0 0 0 0 0 0 0 0 0 0 0 0 0 0 0 0 0 0 0 0 0 0 0 0 0 0 0 0 0 0 0 0 0 0 0 0 0 0 0 0 0 0 0 0 0 0 0 0 0 0 0 0 0 0 0 0 0 0 0 0 0 0 0 0 0 0 0 0 0 0 0 0 0 0 0 0 0 0 0 0 0 0 0 0 0 0 0 0 0 0 0 0 0 0 0 0 0 0 0 0 0 0 0 0 0 0 0 0 0 0 0 0 0 0 0 0 0 0 0 0 0 0 0 0 0 0 0 0 0 0 0 0 0 0 0 0 0 0 0 0 0 0 0 0 0 0 0 0 0 0 0 0 0 0 0 0 0 0 0 0 0 0 0 0 0 0 0 0 0 0 0 0 0 0 0 0 0 0 0 0 0 0 0 0 0 0 0 0 0 0 0 0 0 0 0 0 0 0 0 0 0 0 0 0 0 0 0 0 0 0 0 0 0 0 0 0 0 0 0 0 0 0 0 0 0 0 0 0 0 0 0 0 0 0 0 0 0 0 0 0 0 0 0 0 0 0 0 0 0 0 0 0 0 0 0 0 0 0 0 0 0 0 0 0 0 0 0 0 0 0 0 0 0 0 0 0 0 0 0 0 0 0 0 0 0 0 0 0 0 0 0 0 0 0 0 0 0 0 0 0 0 0 0 0 0 0 0 0 0 0 0 0 0 0 0 0 0 0 0 0 0 0 0 0 0 0 0 0 0 0 0 0 0 0 0 0 0 0 0 0 0 0 0 0 0 0 0 0 0 0 0 0 0 0 0 0 0 0 0 0 0 0 0 0 0 0 0 0 0 0 0 0 0 0 0 0 0 0 0 0 0 0 0 0 0 0 0 0 0 0 0 0 0 0 0 0 0 0 0 0 0 0 0 0 0 0 0 0 0 0 0 0 0 0 0 0 0 0 0 0 0 0 0 0 0 0 0 0 0 0 0 0 0 0 0 0 0 0 0 0 0 0 0 0 0 0 0 0 0 0 0 0 0 0 0 0 0 0 0 0 0 0 0 0 0 0 0 0 0 0 0 0 0 0 0 0 0 0 0 0 0 0 0 0 0 0 0 0 0 0 0 0 0 0 0 0 0 0 0 0 0 0 0 0 0 0 0 0 0 0 0 0 0 0 0 0 0 0 0 0 0 0 0 0 0 0 0 0 0 0 0 0 0 0 0 0 0 0 0 0 0 0 0 0 0 0 0 0 0 0 0 0 0 0 0 0 0 0 0 0 0 0 0 0 0 0 0 0 0 0 0 0 0 0 0 0 0 0 0 0 0 0 0 0 0 0 0 0 0 0 0 0 0 0 0 0 0 0 0 0 0 0 0 0 0 0 0 0 0 0 0 0 0 0 0 0 0 0 0 0 0 0 0 0 0 0 0 0 0 0 0 0 0 0 0 0 0 0 0 0 0 0 0 0 0 0 0 0 0 0 0 0 0 0 0 0 0 0 0 0 0 0 0 0 0 0 0 0 0 0 0 0 0 0 0 0 0 0 0 0 0 0 0 0 0 0 0 0 0 0 0 0 0 0 0 0 0 0 0 0 0 0 0 0 0 0 0 0 0 0 0 0 0 0 0 0 0 0 0 0 0 0 0 0 0 0 0 0 0 0 0 0 0 0 0 0 0 0 0 0 0 0 0 0 0 0 0 0 0 0 0 0 0 0 0 0 0 0 0 0 0 0 0 0 0 0 0 0 0 0 0 0 0 0 0 0 0 0 0 0 0 0 0 0 0 0 0 0 0 0 0 0 0 0 0 0 0 0 0 0 0 0 0 0 0 0 0 0 0 0 0 0 0 0 0 0 0 0 0 0 0 0 0 0 0 0 0 0 0 0 0 0 0 0 0 0 0 0 0 0 0 0 0 0 0 0 0 0 0 0 0 0 0 0 0 0 0 0 0 0 0 0 0 0 0 0 0 0 0 0 0 0 0 0 0 0 0 0 0 0 0 0 0 0 0 0 0 0 0 0 0 0 0 0 0 0 0 0 0 0 0 0 0 0 0 0 0 0 0 0 0 0 0 0 0 0 0 0 0 0 0 0 0 0 0 0 0 0 0 0 0 0 0 0 0 0 0 0 0 0 0 0 0 0 0 0 0 0 0 0 0 0 0 0 0 0 0 0 0 0 0 0 0 0 0 0 0 0 0 0 0 0 0 0 0 0 0 0 0 0 0 0 0 0 0 0 0 0 0 0 0 0 0 0 0 0 0 0 0 0 0 0 0 0 0 0 0 0 0 0 0 0 0 0 0 0 0 0 0 0 0 0 0 0 0 0 0 0 0 0 0 0 0 0 0 0 0 0 0 0 0 0 0 0 0 0 0 0 0 0 0 0 0 0 0 0 0 0 0 0 0 0 0 0 0 0 0 0 0 0 0 0 0 0 0 0 0 0 0 0 0 0 0 0 0 0 0 0 0 0 0 0 0 0 0 0 0 0 0 0 0 0 0 0 0 0 0 0 0 0 0 0 0 0 0 0 0 0 0 0 0 0 0 0 0 0 0 0 0 0 0 0 0 0 0 0 0 0 0 0 0 0 0 0 0 0 0 0 0 0 0 0 0 0 0 0 0 0 0 0 0 0 0 0 0 0 0 0 0 0 0 0 0 0 0 0 0 0 0 0 0 0 0 0 0 0 0 0 0 0 0 0 0 0 0 0 0 0 0 0 0 0 0 0 0 0 0 0 0 0 0 0 0 0 0 0 0 0 0 0 0 0 0 0 0 0 0 0 0 0 0 0 0 0 0 0 0 0 0 0 0 0 0 0 0 0 0 0 0 0 0 0 0 0 0 0 0 0 0 0 0 0 0 0 0 0 0 0 0 0 0 0 0 0 0 0 0 0 0 0 0 0 0 0 0 0 0 0 0 0 0 0 0 0 0 0 0 0 0 0 0 0 0 0 0 0 0 0 0 0 0 0 0 0 0 0 0 0 0 0 0 0 0 0 0 0 0 0 0 0 0 0 0 0 0 0 0 0 0 0 0 0 0 0 0 0 0 0 0 0 0 0 0 0 0 0 0 0 0 0 0 0 0 0 0 0 0 0 0 0 0 0 0 0 0 0 0 0 0 0 0 0 0 0 0 0 0 0 0 0 0 0 0 0 0 0 0 0 0 0 0 0 0 0 0 0 0 0 0 0 0 0 0 0 0 0 0 0 0 0 0 0 0 0 0 0 0 0 0 0 0 0 0 0 0 0 0 0 0 0 0 0 0 0 0 0 0 0 0 0 0 0 0 0 0 0 0 0 0 0 0 0 0 0 0 0 0 0 0 0 0 0 0 0 0 0 0 0 0 0 0 0 0 0 0 0 0 0 0 0 0 0 0 0 0 0 0 0 0 0 0 0 0 0 0 0 0 0 0 0 0 0 0 0 0 0 0 0 0 0 0 0 0 0 0 0 0 0 0 0 0 0 0 0 0 0 0 0 0 0 0 0 0 0 0 0 0 0 0 0 0 0 0 0 0 0 0 0 0 0 0 0 0 0 0 0 0 0 0 0 0 0 0 0 0 0 0 0 0 0 0 0 0 0 0 0 0 0 0 0 0 0 0 0 0 0 0 0 0 0 0 0 0 0 0 0 0 0 0 0 0 0 0 0 0 0 0 0 0 0 0 0 0 0 0 0 0 0 0 0 0 0 0 0 0 0 0 0 0 0 0 0 0 0 0 0 0 0 0 0 0 0 0 0 0 0 0 0 0 0 0 0 0 0 0 0 0 0 0 0 0 0 0 0 0 0 0 0 0 0 0 0 0 0 0 0 0 0 0 0 0 0 0 0 0 0 0 0 0 0 0 0 0 0 0 0 0 0 0 0 0 0 0 0 0 0 0 0 0 0 0 0 0 0 0 0 0 0 0 0 0 0 0 0 0 0 0 0 0 0 0 0 0 0 0 0 0 0 0 0 0 0 0 0 0 0 0 0 0 0 0 0 0 0 0 0 0 0 0 0 0 0 0 0 0 0 0 0 0 0 0 0 0 0 0 0 0 0 0 0 0 0 0 0 0 0 0 0 0 0 0 0 0 0 0 0 0 0 0 0 0 0 0 0 0 0 0 0 0 0 0 0 0 0 0 0 0 0 0 0 0 0 0 0 0 0 0 0 0 0 0 0 0 0 0 0 0 0 0 0 0 0 0 0 0 0 0 0 0 0 0 0 0 0 0 0 0 0 0 0 0 0 0 0 0 0 0 0 0 0 0 0 0 0 0 0 0 0 0 0 0 0 0 0 0 0 0 0 0 0 0 0 0 0 0 0 0 0 0 0 0 0 0 0 0 0 0 0 0 0 0 0 0 0 0 0 0 0 0 0 0 0 0 0 0 0 0 0 0 0 0 0 0 0 0 0 0 0 0 0 0 0 0 0 0 0 0 0 0 0 0 0 0 0 0 0 0 0 0 0 0 0 0 0 0 0 0 0 0 0 0 0 0 0 0 0 0 0 0 0 0 0 0 0 0 0 0 0 0 0 0 0 0 0 0 0 0 0 0 0 0 0 0 0 0 0 0 0 0 0 0 0 0 0 0 0 0 0 0 0 0 0 0 0 0 0 0 0 0 0 0 0 0 0 0 0 0 0 0 0 0 0 0 0 0 0 0 0 0 0 0 0 0 0 0 0 0 0 0 0 0 0 0 0 0 0 0 0 0 0 0 0 0 0 0 0 0 0 0 0 0 0 0 0 0 0 0 0 0 0 0 0 0 0 0 0 0 0 0 0 0 0 0 0 0 0 0 0 0 0 0 0 0 0 0 0 0 0 0 0 0 0 0 0 0 0 0 0 0 0 0 0 0 0 0 0 0 0 0 0 0 0 0 0 0 0 0 0 0 0 0 0 0 0 0 0 0 0 0 0 0 0 0 0 0 0 0 0 0 0 0 0 0 0 0 0 0 0 0 0 0 0 0 0 0 0 0 0 0 0 0 0 0 0 0 0 0 0 0 0 0 0 0 0 0 0 0 0 0 0 0 0 0 0 0 0 0 0 0 0 0 0 0 0 0 0 0 0 0 0 0 0 0 0 0 0 0 0 0 0 0 0 0 0 0 0 0 0 0 0 0 0 0 0 0 0 0 0 0 0 0 0 0 0 0 0 0 0 0 0 0 0 0 0 0 0 0 0 0 0 0 0 0 0 0 0 0 0 0 0 0 0 0 0 0 0 0 0 0 0 0 0 0 0 0 0 0 0 0 0 0 0 0 0 0 0 0 0 0 0 0 0 0 0 0 0 0 0 0 0 0 0 0 0 0 0 0 0 0 0 0 0 0 0 0 0 0 0 0 0 0 0 0 0 0 0 0 0 0 0 0 0 0 0 0 0 0 0 0 0 0 0 0 0 0 0 0 0 0 0 0 0 0 0 0 0 0 0 0 0 0 0 0 0 0 0 0 0 0 0 0 0 0 0 0 0 0 0 0 0 0 0 0 0 0 0 0 0 0 0 0 0 0 0 0 0 0 0 0 0 0 0 0 0 0 0 0 0 0 0 0 0 0 0 0 0 0 0 0 0 0 0 0 0 0 0 0 0 0 0 0 0 0 0 0 0 0 0 0 0 0 0 0 0 0 0 0 0 0 0 0 0 0 0 0 0 0 0 0 0 0 0 0 0 0 0 0 0 0 0 0 0 0 0 0 0 0 0 0 0 0 0 0 0 0 0 0 0 0 0 0 0 0 0 0 0 0 0 0 0 0 0 0 0 0 0 0 0 0 0 0 0 0 0 0 0 0 0 0 0 0 0 0 0 0 0 0 0 0 0 0 0 0 0 0 0 0 0 0 0 0 0 0 0 0 0 0 0 0 0 0 0 0 0 0 0 0 0 0 0 0 0 0 0 0 0 0 0 0 0 0 0 0 0 0 0 0 0 0 0 0 0 0 0 0 0 0 0 0 0 0 0 0 0 0 0 0 0 0 0 0 0 0 0 0 0 0 0 0 0 0 0 0 0 0 0 0 0 0 0 0 0 0 0 0 0 0 0 0 0 0 0 0 0 0 0 0 0 0 0 0 0 0 0 0 0 0 0 0 0 0 0 0 0 0 0 0 0 0 0 0 0 0 0 0 0 0 0 0 0 0 0 0 0 0 0 0 0 0 0 0 0 0 0 0 0 0 0 0 0 0 0 0 0 0 0 0 0 0 0 0 0 0 0 0 0 0 0 0 0 0 0 0 0 0 0 0 0 0 0 0 0 0 0 0 0 0 0 0 0 0 0 0 0 0 0 0 0 0 0 0 0 0 0 0 0 0 0 0 0 0 0 0 0 0 0 0 0 0 0 0 0 0 0 0 0 0 0 0 0 0 0 0 0 0 0 0 0 0 0 0 0 0 0 0 0 0 0 0 0 0 0 0 0 0 0 0 0 0 0 0 0 0 0 0 0 0 0 0 0 0 0 0 0 0 0 0 0 0 0 0 0 0 0 0 0 0 0 0 0 0 0 0 0 0 0 0 0 0 0 0 0 0 0 0 0 0 0 0 0 0 0 0 0 0 0 0 0 0 0 0 0 0 0 0 0 0 0 0 0 0 0 0 0 0 0 0 0 0 0 0 0 0 0 0 0 0 0 0 0 0 0 0 0 0 0 0 0 0 0 0 0 0 0 0 0 0 0 0 0 0 0 0 0 0 0 0 0 0 0 0 0 0 0 0 0 0 0 0 0 0 0 0 0 0 0 0 0 0 0 0 0 0 0 0 0 0 0 0 0 0 0 0 0 0 0 0 0 0 0 0 0 0 0 0 0 0 0 0 0 0 0 0 0 0 0 0 0 0 0 0 0 0 0 0 0 0 0 0 0 0 0 0 0 0 0 0 0 0 0 0 0 0 0 0 0 0 0 0 0 0 0 0 0 0 0 0 0 0 0 0 0 0 0 0 0 0 0 0 0 0 0 0 0 0 0 0 0 0 0 0 0 0 0 0 0 0 0 0 0 0 0 0 0 0 0 0 0 0 0 0 0 0 0 0 0 0 0 0 0 0 0 0 0 0 0 0 0 0 0 0 0 0 0 0 0 0 0 0 0 0 0 0 0 0 0 0 0 0 0 0 0 0 0 0 0 0 0 0 0 0 0 0 0 0 0 0 0 0 0 0 0 0 0 0 0 0 0 0 0 0 0 0 0 0 0 0 0 0 0 0 0 0 0 0 0 0 0 0 0 0 0 0 0 0 0 0 0 0 0 0 0 0 0 0 0 0 0 0 0 0 0 0 0 0 0 0 0 0 0 0 0 0 0 0 0 0 0 0 0 0 0 0 0 0 0 0 0 0 0 0 0 0 0 0 0 0 0 0 0 0 0 0 0 0 0 0 0 0 0 0 0 0 0 0 0 0 0 0 0 0 0 0 0 0 0 0 0 0 0 0 0 0 0 0 0 0 0 0 0 0 0 0 0 0 0 0 0 0 0 0 0 0 0 0 0 0 0 0 0 0 0 0 0 0 0 0 0 0 0 0 0 0 0 0 0 0 0 0 0 0 0 0 0 0 0 0 0 0 0 0 0 0 0 0 0 0 0 0 0 0 0 0 0 0 0 0 0 0 0 0 0 0 0 0 0 0 0 0 0 0 0 0 0 0 0 0 0 0 0 0 0 0 0 0 0 0 0 0 0 0 0 0 0 0 0 0 0 0 0 0 0 0 0 0 0 0 0 0 0 0 0 0 0 0 0 0 0 0 0 0 0 0 0 0 0 0 0 0 0 0 0 0 0 0 0 0 0 0 0 0 0 0 0 0 0 0 0 0 0 0 0 0 0 0 0 0 0 0 0 0 0 0 0 0 0 0 0 0 0 0 0 0 0 0 0 0 0 0 0 0 0 0 0 0 0 0 0 0 0 0 0 0 0 0 0 0 0 0 0 0 0 0 0 0 0 0 0 0 0 0 0 0 0 0 0 0 0 0 0 0 0 0 0 0 0 0 0 0 0 0 0 0 0 0 0 0 0 0 0 0 0 0 0 0 0 0 0 0 0 0 0 0 0 0 0 0 0 0 0 0 0 0 0 0 0 0 0 0 0 0 0 0 0 0 0 0 0 0 0 0 0 0 0 0 0 0 0 0 0 0 0 0 0 0 0 0 0 0 0 0 0 0 0 0 0 0 0 0 0 0 0 0 0 0 0 0 0 0 0 0 0 0 0 0 0 0 0 0 0 0 0 0 0 0 0 0 0 0 0 0 0 0 0 0 0 0 0 0 0 0 0 0 0 0 0 0 0 0 0 0 0 0 0 0 0 0 0 0 0 0 0 0 0 0 0 0 0 0 0 0 0 0 0 0 0 0 0 0 0 0 0 0 0 0 0 0 0 0 0 0 0 0 0 0 0 0 0 0 0 0 0 0 0 0 0 0 0 0 0 0 0 0 0 0 0 0 0 0 0 0 0 0 0 0 0 0 0 0 0 0 0 0 0 0 0 0 0 0 0 0 0 0 0 0 0 0 0 0 0 0 0 0 0 0 0 0 0 0 0 0 0 0 0 0 0 0 0 0 0 0 0 0 0 0 0 0 0 0 0 0 0 0 0 0 0 0 0 0 0 0 0 0 0 0 0 0 0 0 0 0 0 0 0 0 0 0 0 0 0 0 0 0 0 0 0 0 0 0 0 0 0 0 0 0 0 0 0 0 0 0 0 0 0 0 0 0 0 0 0 0 0 0 0 0 0 0 0 0 0 0 0 0 0 0 0 0 0 0 0 0 0 0 0 0 0 0 0 0 0 0 0 0 0 0 0 0 0 0 0 0 0 0 0 0 0 0 0 0 0 0 0 0 0 0 0 0 0 0 0 0 0 0 0 0 0 0 0 0 0 0 0 0 0 0 0 0 0 0 0 0 0 0 0 0 0 0 0 0 0 0 0 0 0 0 0 0 0 0 0 0 0 0 0 0 0 0 0 0 0 0 0 0 0 0 0 0 0 0 0 0 0 0 0 0 0 0 0 0 0 0 0 0 0 0 0 0 0 0 0 0 0 0 0 0 0 0 0 0 0 0 0 0 0 0 0 0 0 0 0 0 0 0 0 0 0 0 0 0 0 0 0 0 0 0 0 0 0 0 0 0 0 0 0 0 0 0 0 0 0 0 0 0 0 0 0 0 0 0 0 0 0 0 0 0 0 0 0 0 0 0 0 0 0 0 0 0 0 0 0 0 0 0 0 0 0 0 0 0 0 0 0 0 0 0 0 0 0 0 0 0 0 0 0 0 0 0 0 0 0 0 0 0 0 0 0 0 0 0 0 0 0 0 0 0 0 0 0 0 0 0 0 0 0 0 0 0 0 0 0 0 0 0 0 0 0 0 0 0 0 0 0 0 0 0 0 0 0 0 0 0 0 0 0 0 0 0 0 0 0 0 0 0 0 0 0 0 0 0 0 0 0 0 0 0 0 0 0 0 0 0 0 0 0 0 0 0 0 0 0 0 0 0 0 0 0 0 0 0 0 0 0 0 0 0 0 0 0 0 0 0 0 0 0 0 0 0 0 0 0 0 0 0 0 0 0 0 0 0 0 0 0 0 0 0 0 0 0 0 0 0 0 0 0 0 0 0 0 0 0 0 0 0 0 0 0 0 0 0 0 0 0 0 0 0 0 0 0 0 0 0 0 0 0 0 0 0 0 0 0 0 0 0 0 0 0 0 0 0 0 0 0 0 0 0 0 0 0 0 0 0 0 0 0 0 0 0 0 0 0 0 0 0 0 0 0 0 0 0 0 0 0 0 0 0 0 0 0 0 0 0 0 0 0 0 0 0 0 0 0 0 0 0 0 0 0 0 0 0 0 0 0 0 0 0 0 0 0 0 0 0 0 0 0 0 0 0 0 0 0 0 0 0 0 0 0 0 0 0 0 0 0 0 0 0 0 0 0 0 0 0 0 0 0 0 0 0 0 0 0 0 0 0 0 0 0 0 0 0 0 0 0 0 0 0 0 0 0 0 0 0 0 0 0 0 0 0 0 0 0 0 0 0 0 0 0 0 0 0 0 0 0 0 0 0 0 0 0 0 0 0 0 0 0 0 0 0 0 0 0 0 0 0 0 0 0 0 0 0 0 0 0 0 0 0 0 0 0 0 0 0 0 0 0 0 0 0 0 0 0 0 0 0 0 0 0 0 0 0 0 0 0 0 0 0 0 0 0 0 0 0 0 0 0 0 0 0 0 0 0 0 0 0 0 0 0 0 0 0 0 0 0 0 0 0 0 0 0 0 0 0 0 0 0 0 0 0 0 0 0 0 0 0 0 0 0 0 0 0 0 0 0 0 0 0 0 0 0 0 0 0 0 0 0 0 0 0 0 0 0 0 0 0 0 0 0 0 0 0 0 0 0 0 0 0 0 0 0 0 0 0 0 0 0 0 0 0 0 0 0 0 0 0 0 0 0 0 0 0 0 0 0 0 0 0 0 0 0 0 0 0 0 0 0 0 0 0 0 0 0 0 0 0 0 0 0 0 0 0 0 0 0 0 0 0 0 0 0 0 0 0 0 0 0 0 0 0 0 0 0 0 0 0 0 0 0 0 0 0 0 0 0 0 0 0 0 0 0 0 0 0 0 0 0 0 0 0 0 0 0 0 0 0 0 0 0 0 0 0 0 0 0 0 0 0 0 0 0 0 0 0 0 0 0 0 0 0 0 0 0 0 0 0 0 0 0 0 0 0 0 0 0 0 0 0 0 0 0 0 0 0 0 0 0 0 0 0 0 0 0 0 0 0 0 0 0 0 0 0 0 0 0 0 0 0 0 0 0 0 0 0 0 0 0 0 0 0 0 0 0 0 0 0 0 0 0 0 0 0 0 0 0 0 0 0 0 0 0 0 0 0 0 0 0 0 0 0 0 0 0 0 0 0 0 0 0 0 0 0 0 0 0 0 0 0 0 0 0 0 0 0 0 0 0 0 0 0 0 0 0 0 0 0 0 0 0 0 0 0 0 0 0 0 0 0 0 0 0 0 0 0 0 0 0 0 0 0 0 0 0 0 0 0 0 0 0 0 0 0 0 0 0 0 0 0 0 0 0 0 0 0 0 0 0 0 0 0 0 0 0 0 0 0 0 0 0 0 0 0 0 0 0 0 0 0 0 0 0 0 0 0 0 0 0 0 0 0 0 0 0 0 0 0 0 0 0 0 0 0 0 0 0 0 0 0 0 0 0 0 0 0 0 0 0 0 0 0 0 0 0 0 0 0 0 0 0 0 0 0 0 0 0 0 0 0 0 0 0 0 0 0 0 0 0 0 0 0 0 0 0 0 0 0 0 0 0 0 0 0 0 0 0 0 0 0 0 0 0 0 0 0 0 0 0 0 0 0 0 0 0 0 0 0 0 0 0 0 0 0 0 0 0 0 0 0 0 0 0 0 0 0 0 0 0 0 0 0 0 0 0 0 0 0 0 0 0 0 0 0 0 0 0 0 0 0 0 0 0 0 0 0 0 0 0 0 0 0 0 0 0 0 0 0 0 0 0 0 0 0 0 0 0 0 0 0 0 0 0 0 0 0 0 0 0 0 0 0 0 0 0 0 0 0 0 0 0 0 0 0 0 0 0 0 0 0 0 0 0 0 0 0 0 0 0 0 0 0 0 0 0 0 0 0 0 0 0 0 0 0 0 0 0 0 0 0 0 0 0 0 0 0 0 0 0 0 0 0 0 0 0 0 0 0 0 0 0 0 0 0 0 0 0 0 0 0 0 0 0 0 0 0 0 0 0 0 0 0 0 0 0 0 0 0 0 0 0 0 0 0 0 0 0 0 0 0 0 0 0 0 0 0 0 0 0 0 0 0 0 0 0 0 0 0 0 0 0 0 0 0 0 0 0 0 0 0 0 0 0 0 0 0 0 0 0 0 0 0 0 0 0 0 0 0 0 0 0 0 0 0 0 0 0 0 0 0 0 0 0 0 0 0 0 0 0 0 0 0 0 0 0 0 0 0 0 0 0 0 0 0 0 0 0 0 0 0 0 0 0 0 0 0 0 0 0 0 0 0 0 0 0 0 0 0 0 0 0 0 0 0 0 0 0 0 0 0 0 0 0 0 0 0 0 0 0 0 0 0 0 0 0 0 0 0 0 0 0 0 0 0 0 0 0 0 0 0 0 0 0 0 0 0 0 0 0 0 0 0 0 0 0 0 0 0 0 0 0 0 0 0 0 0 0 0 0 0 0 0 0 0 0 0 0 0 0 0 0 0 0 0 0 0 0 0 0 0 0 0 0 0 0 0 0 0 0 0 0 0 0 0 0 0 0 0 0 0 0 0 0 0 0 0 0 0 0 0 0 0 0 0 0 0 0 0 0 0 0 0 0 0 0 0 0 0 0 0 0 0 0 0 0 0 0 0 0 0 0 0 0 0 0 0 0 0 0 0 0 0 0 0 0 0 0 0 0 0 0 0 0 0 0 0 0 0 0 0 0 0 0 0 0 0 0 0 0 0 0 0 0 0 0 0 0 0 0 0 0 0 0 0 0 0 0 0 0 0 0 0 0 0 0 0 0 0 0 0 0 0 0 0 0 0 0 0 0 0 0 0 0 0 0 0 0 0 0 0 0 0 0 0 0 0 0 0 0 0 0 0 0 0 0 0 0 0 0 0 0 0 0 0 0 0 0 0 0 0 0 0 0 0 0 0 0 0 0 0 0 0 0 0 0 0 0 0 0 0 0 0 0 0 0 0 0 0 0 0 0 0 0 0 0 0 0 0 0 0 0 0 0 0 0 0 0 0 0 0 0 0 0 0 0 0 0 0 0 0 0 0 0 0 0 0 0 0 0 0 0 0 0 0 0 0 0 0 0 0 0 0 0 0 0 0 0 0 0 0 0 0 0 0 0 0 0 0 0 0 0 0 0 0 0 0 0 0 0 0 0 0 0 0 0 0 0 0 0 0 0 0 0 0 0 0 0 0 0 0 0 0 0 0 0 0 0 0 0 0 0 0 0 0 0 0 0 0 0 0 0 0 0 0 0 0 0 0 0 0 0 0 0 0 0 0 0 0 0 0 0 0 0 0 0 0 0 0 0 0 0 0 0 0 0 0 0 0 0 0 0 0 0 0 0 0 0 0 0 0 0 0 0 0 0 0 0 0 0 0 0 0 0 0 0 0 0 0 0 0 0 0 0 0 0 0 0 0 0 0 0 0 0 0 0 0 0 0 0 0 0 0 0 0 0 0 0 0 0 0 0 0 0 0 0 0 0 0 0 0 0 0 0 0 0 0 0 0 0 0 0 0 0 0 0 0 0 0 0 0 0 0 0 0 0 0 0 0 0 0 0 0 0 0 0 0 0 0 0 0 0 0 0 0 0 0 0 0 0 0 0 0 0 0 0 0 0 0 0 0 0 0 0 0 0 0 0 0 0 0 0 0 0 0 0 0 0 0 0 0 0 0 0 0 0 0 0 0 0 0 0 0 0 0 0 0 0 0 0 0 0 0 0 0 0 0 0 0 0 0 0 0 0 0 0 0 0 0 0 0 0 0 0 0 0 0 0 0 0 0 0 0 0 0 0 0 0 0 0 0 0 0 0 0 0 0 0 0 0 0 0 0 0 0 0 0 0 0 0 0 0 0 0 0 0 0 0 0 0 0 0 0 0 0 0 0 0 0 0 0 0 0 0 0 0 0 0 0 0 0 0 0 0 0 0 0 0 0 0 0 0 0 0 0 0 0 0 0 0 0 0 0 0 0 0 0 0 0 0 0 0 0 0 0 0 0 0 0 0 0 0 0 0 0 0 0 0 0 0 0 0 0 0 0 0 0 0 0 0 0 0 0 0 0 0 0 0 0 0 0 0 0 0 0 0 0 0 0 0 0 0 0 0 0 0 0 0 0 0 0 0 0 0 0 0 0 0 0 0 0 0 0 0 0 0 0 0 0 0 0 0 0 0 0 0 0 0 0 0 0 0 0 0 0 0 0 0 0 0 0 0 0 0 0 0 0 0 0 0 0 0 0 0 0 0 0 0 0 0 0 0 0 0 0 0 0 0 0 0 0 0 0 0 0 0 0 0 0 0 0 0 0 0 0 0 0 0 0 0 0 0 0 0 0 0 0 0 0 0 0 0 0 0 0 0 0 0 0 0 0 0 0 0 0 0 0 0 0 0 0 0 0 0 0 0 0 0 0 0 0 0 0 0 0 0 0 0 0 0 0 0 0 0 0 0 0 0 0 0 0 0 0 0 0 0 0 0 0 0 0 0 0 0 0 0 0 0 0 0 0 0 0 0 0 0 0 0 0 0 0 0 0 0 0 0 0 0 0 0 0 0 0 0 0 0 0 0 0 0 0 0 0 0 0 0 0 0 0 0 0 0 0 0 0 0 0 0 0 0 0 0 0 0 0 0 0 0 0 0 0 0 0 0 0 0 0 0 0 0 0 0 0 0 0 0 0 0 0 0 0 0 0 0 0 0 0 0 0 0 0 0 0 0 0 0 0 0 0 0 0 0 0 0 0 0 0 0 0 0 0 0 0 0 0 0 0 0 0 0 0 0 0 0 0 0 0 0 0 0 0 0 0 0 0 0 0 0 0 0 0 0 0 0 0 0 0 0 0 0 0 0 0 0 0 0 0 0 0 0 0 0 0 0 0 0 0 0 0 0 0 0 0 0 0 0 0 0 0 0 0 0 0 0 0 0 0 0 0 0 0 0 0 0 0 0 0 0 0 0 0 0 0 0 0 0 0 0 0 0 0 0 0 0 0 0 0 0 0 0 0 0 0 0 0 0 0 0 0 0 0 0 0 0 0 0 0 0 0 0 0 0 0 0 0 0 0 0 0 0 0 0 0 0 0 0 0 0 0 0 0 0 0 0 0 0 0 0 0 0 0 0 0 0 0 0 0 0 0 0 0 0 0 0 0 0 0 0 0 0 0 0 0 0 0 0 0 0 0 0 0 0 0 0 0 0 0 0 0 0 0 0 0 0 0 0 0 0 0 0 0 0 0 0 0 0 0 0 0 0 0 0 0 0 0 0 0 0 0 0 0 0 0 0 0 0 0 0 0 0 0 0 0 0 0 0 0 0 0 0 0 0 0 0 0 0 0 0 0 0 0 0 0 0 0 0 0 0 0 0 0 0 0 0 0 0 0 0 0 0 0 0 0 0 0 0 0 0 0 0 0 0 0 0 0 0 0 0 0 0 0 0 0 0 0 0 0 0 0 0 0 0 0 0 0 0 0 0 0 0 0 0 0 0 0 0 0 0 0 0 0 0 0 0 0 0 0 0 0 0 0 0 0 0 0 0 0 0 0 0 0 0 0 0 0 0 0 0 0 0 0 0 0 0 0 0 0 0 0 0 0 0 0 0 0 0 0 0 0 0 0 0 0 0 0 0 0 0 0 0 0 0 0 0 0 0 0 0 0 0 0 0 0 0 0 0 0 0 0 0 0 0 0 0 0 0 0 0 0 0 0 0 0 0 0 0 0 0 0 0 0 0 0 0 0 0 0 0 0 0 0 0 0 0 0 0 0 0 0 0 0 0 0 0 0 0 0 0 0 0 0 0 0 0 0 0 0 0 0 0 0 0 0 0 0 0 0 0 0 0 0 0 0 0 0 0 0 0 0 0 0 0 0 0 0 0 0 0 0 0 0 0 0 0 0 0 0 0 0 0 0 0 0 0 0 0 0 0 0 0 0 0 0 0 0 0 0 0 0 0 0 0 0 0 0 0 0 0 0 0 0 0 0 0 0 0 0 0 0 0 0 0 0 0 0 0 0 0 0 0 0 0 0 0 0 0 0 0 0 0 0 0 0 0 0 0 0 0 0 0 0 0 0 0 0 0 0 0 0 0 0 0 0 0 0 0 0 0 0 0 0 0 0 0 0 0 0 0 0 0 0 0 0 0 0 0 0 0 0 0 0 0 0 0 0 0 0 0 0 0 0 0 0 0 0 0 0 0 0 0 0 0 0 0 0 0 0 0 0 0 0 0 0 0 0 0 0 0 0 0 0 0 0 0 0 0 0 0 0 0 0 0 0 0 0 0 0 0 0 0 0 0 0 0 0 0 0 0 0 0 0 0 0 0 0 0 0 0 0 0 0 0 0 0 0 0 0 0 0 0 0 0 0 0 0 0 0 0 0 0 0 0 0 0 0 0 0 0 0 0 0 0 0 0 0 0 0 0 0 0 0 0 0 0 0 0 0 0 0 0 0 0 0 0 0 0 0 0 0 0 0 0 0 0 0 0 0 0 0 0 0 0 0 0 0 0 0 0 0 0 0 0 0 0 0 0 0 0 0 0 0 0 0 0 0 0 0 0 0 0 0 0 0 0 0 0 0 0 0 0 0 0 0 0 0 0 0 0 0 0 0 0 0 0 0 0 0 0 0 0 0 0 0 0 0 0 0 0 0 0 0 0 0 0 0 0 0 0 0 0 0 0 0 0 0 0 0 0 0 0 0 0 0 0 0 0 0 0 0 0 0 0 0 0 0 0 0 0 0 0 0 0 0 0 0 0 0 0 0 0 0 0 0 0 0 0 0 0 0 0 0 0 0 0 0 0 0 0 0 0 0 0 0 0 0 0 0 0 0 0 0 0 0 0 0 0 0 0 0 0 0 0 0 0 0 0 0 0 0 0 0 0 0 0 0 0 0 0 0 0 0 0 0 0 0 0 0 0 0 0 0 0 0 0 0 0 0 0 0 0 0 0 0 0 0 0 0 0 0 0 0 0 0 0 0 0 0 0 0 0 0 0 0 0 0 0 0 0 0 0 0 0 0 0 0 0 0 0 0 0 0 0 0 0 0 0 0 0 0 0 0 0 0 0 0 0 0 0 0 0 0 0 0 0 0 0 0 0 0 0 0 0 0 0 0 0 0 0 0 0 0 0 0 0 0 0 0 0 0 0 0 0 0 0 0 0 0 0 0 0 0 0 0 0 0 0 0 0 0 0 0 0 0 0 0 0 0 0 0 0 0 0 0 0 0 0 0 0 0 0 0 0 0 0 0 0 0 0 0 0 0 0 0 0 0 0 0 0 0 0 0 0 0 0 0 0 0 0 0 0 0 0 0 0 0 0 0 0 0 0 0 0 0 0 0 0 0 0 0 0 0 0 0 0 0 0 0 0 0 0 0 0 0 0 0 0 0 0 0 0 0 0 0 0 0 0 0 0 0 0 0 0 0 0 0 0 0 0 0 0 0 0 0 0 0 0 0 0 0 0 0 0 0 0 0 0 0 0 0 0 0 0 0 0 0 0 0 0 0 0 0 0 0 0 0 0 0 0 0 0 0 0 0 0 0 0 0 0 0 0 0 0 0 0 0 0 0 0 0 0 0 0 0 0 0 0 0 0 0 0 0 0 0 0 0 0 0 0 0 0 0 0 0 0 0 0 0 0 0 0 0 0 0 0 0 0 0 0 0 0 0 0 0 0 0 0 0 0 0 0 0 0 0 0 0 0 0 0 0 0 0 0 0 0 0 0 0 0 0 0 0 0 0 0 0 0 0 0 0 0 0 0 0 0 0 0 0 0 0 0 0 0 0 0 0 0 0 0 0 0 0 0 0 0 0 0 0 0 0 0 0 0 0 0 0 0 0 0 0 0 0 0 0 0 0 0 0 0 0 0 0 0 0 0 0 0 0 0 0 0 0 0 0 0 0 0 0 0 0 0 0 0 0 0 0 0 0 0 0 0 0 0 0 0 0 0 0 0 0 0 0 0 0 0 0 0 0 0 0 0 0 0 0 0 0 0 0 0 0 0 0 0 0 0 0 0 0 0 0 0 0 0 0 0 0 0 0 0 0 0 0 0 0 0 0 0 0 0 0 0 0 0 0 0 0 0 0 0 0 0 0 0 0 0 0 0 0 0 0 0 0 0 0 0 0 0 0 0 0 0 0 0 0 0 0 0 0 0 0 0 0 0 0 0 0 0 0 0 0 0 0 0 0 0 0 0 0 0 0 0 0 0 0 0 0 0 0 0 0 0 0 0 0 0 0 0 0 0 0 0 0 0 0 0 0 0 0 0 0 0 0 0 0 0 0 0 0 0 0 0 0 0 0 0 0 0 0 0 0 0 0 0 0 0 0 0 0 0 0 0 0 0 0 0 0 0 0 0 0 0 0 0 0 0 0 0 0 0 0 0 0 0 0 0 0 0 0 0 0 0 0 0 0 0 0 0 0 0 0 0 0 0 0 0 0 0 0 0 0 0 0 0 0 0 0 0 0 0 0 0 0 0 0 0 0 0 0 0 0 0 0 0 0 0 0 0 0 0 0 0 0 0 0 0 0 0 0 0 0 0 0 0 0 0 0 0 0 0 0 0 0 0 0 0 0 0 0 0 0 0 0 0 0 0 0 0 0 0 0 0 0 0 0 0 0 0 0 0 0 0 0 0 0 0 0 0 0 0 0 0 0 0 0 0 0 0 0 0 0 0 0 0 0 0 0 0 0 0 0 0 0 0 0 0 0 0 0 0 0 0 0 0 0 0 0 0 0 0 0 0 0 0 0 0 0 0 0 0 0 0 0 0 0 0 0 0 0 0 0 0 0 0 0 0 0 0 0 0 0 0 0 0 0 0 0 0 0 0 0 0 0 0 0 0 0 0 0 0 0 0 0 0 0 0 0 0 0 0 0 0 0 0 0 0 0 0 0 0 0 0 0 0 0 0 0 0 0 0 0 0 0 0 0 0 0 0 0 0 0 0 0 0 0 0 0 0 0 0 0 0 0 0 0 0 0 0 0 0 0 0 0 0 0 0 0 0 0 0 0 0 0 0 0 0 0 0 0 0 0 0 0 0 0 0 0 0 0 0 0 0 0 0 0 0 0 0 0 0 0 0 0 0 0 0 0 0 0 0 0 0 0 0 0 0 0 0 0 0 0 0 0 0 0 0 0 0 0 0 0 0 0 0 0 0 0 0 0 0 0 0 0 0 0 0 0 0 0 0 0 0 0 0 0 0 0 0 0 0 0 0 0 0 0 0 0 0 0 0 0 0 0 0 0 0 0 0 0 0 0 0 0 0 0 0 0 0 0 0 0 0 0 0 0 0 0 0 0 0 0 0 0 0 0 0 0 0 0 0 0 0 0 0 0 0 0 0 0 0 0 0 0 0 0 0 0 0 0 0 0 0 0 0 0 0 0 0 0 0 0 0 0 0 0 0 0 0 0 0 0 0 0 0 0 0 0 0 0 0 0 0 0 0 0 0 0 0 0 0 0 0 0 0 0 0 0 0 0 0 0 0 0 0 0 0 0 0 0 0 0 0 0 0 0 0 0 0 0 0 0 0 0 0 0 0 0 0 0 0 0 0 0 0 0 0 0 0 0 0 0 0 0 0 0 0 0 0 0 0 0 0 0 0 0 0 0 0 0 0 0 0 0 0 0 0 0 0 0 0 0 0 0 0 0 0 0 0 0 0 0 0 0 0 0 0 0 0 0 0 0 0 0 0 0 0 0 0 0 0 0 0 0 0 0 0 0 0 0 0 0 0 0 0 0 0 0 0 0 0 0 0 0 0 0 0 0 0 0 0 0 0 0 0 0 0 0 0 0 0 0 0 0 0 0 0 0 0 0 0 0 0 0 0 0 0 0 0 0 0 0 0 0 0 0 0 0 0 0 0 0 0 0 0 0 0 0 0 0 0 0 0 0 0 0 0 0 0 0 0 0 0 0 0 0 0 0 0 0 0 0 0 0 0 0 0 0 0 0 0 0 0 0 0 0 0 0 0 0 0 0 0 0 0 0 0 0 0 0 0 0 0 0 0 0 0 0 0 0 0 0 0 0 0 0 0 0 0 0 0 0 0 0 0 0 0 0 0 0 0 0 0 0 0 0 0 0 0 0 0 0 0 0 0 0 0 0 0 0 0 0 0 0 0 0 0 0 0 0 0 0 0 0 0 0 0 0 0 0 0 0 0 0 0 0 0 0 0 0 0 0 0 0 0 0 0 0 0 0 0 0 0 0 0 0 0 0 0 0 0 0 0 0 0 0 0 0 0 0 0 0 0 0 0 0 0 0 0 0 0 0 0 0 0 0 0 0 0 0 0 0 0 0 0 0 0 0 0 0 0 0 0 0 0 0 0 0 0 0 0 0 0 0 0 0 0 0 0 0 0 0 0 0 0 0 0 0 0 0 0 0 0 0 0 0 0 0 0 0 0 0 0 0 0 0 0 0 0 0 0 0 0 0 0 0 0 0 0 0 0 0 0 0 0 0 0 0 0 0 0 0 0 0 0 0 0 0 0 0 0 0 0 0 0 0 0 0 0 0 0 0 0 0 0 0 0 0 0 0 0 0 0 0 0 0 0 0 0 0 0 0 0 0 0 0 0 0 0 0 0 0 0 0 0 0 0 0 0 0 0 0 0 0 0 0 0 0 0 0 0 0 0 0 0 0 0 0 0 0 0 0 0 0 0 0 0 0 0 0 0 0 0 0 0 0 0 0 0 0 0 0 0 0 0 0 0 0 0 0 0 0 0 0 0 0 0 0 0 0 0 0 0 0 0 0 0 0 0 0 0 0 0 0 0 0 0 0 0 0 0 0 0 0 0 0 0 0 0 0 0 0 0 0 0 0 0 0 0 0 0 0 0 0 0 0 0 0 0 0 0 0 0 0 0 0 0 0 0 0 0 0 0 0 0 0 0 0 0 0 0 0 0 0 0 0 0 0 0 0 0 0 0 0 0 0 0 0 0 0 0 0 0 0 0 0 0 0 0 0 0 0 0 0 0 0 0 0 0 0 0 0 0 0 0 0 0 0 0 0 0 0 0 0 0 0 0 0 0 0 0 0 0 0 0 0 0 0 0 0 0 0 0 0 0 0 0 0 0 0 0 0 0 0 0 0 0 0 0 0 0 0 0 0 0 0 0 0 0 0 0 0 0 0 0 0 0 0 0 0 0 0 0 0 0 0 0 0 0 0 0 0 0 0 0 0 0 0 0 0 0 0 0 0 0 0 0 0 0 0 0 0 0 0 0 0 0 0 0 0 0 0 0 0 0 0 0 0 0 0 0 0 0 0 0 0 0 0 0 0 0 0 0 0 0 0 0 0 0 0 0 0 0 0 0 0 0 0 0 0 0 0 0 0 0 0 0 0 0 0 0 0 0 0 0 0 0 0 0 0 0 0 0 0 0 0 0 0 0 0 0 0 0 0 0 0 0 0 0 0 0 0 0 0 0 0 0 0 0 0 0 0 0 0 0 0 0 0 0 0 0 0 0 0 0 0 0 0 0 0 0 0 0 0 0 0 0 0 0 0 0 0 0 0 0 0 0 0 0 0 0 0 0 0 0 0 0 0 0 0 0 0 0 0 0 0 0 0 0 0 0 0 0 0 0 0 0 0 0 0 0 0 0 0 0 0 0 0 0 0 0 0 0 0 0 0 0 0 0 0 0 0 0 0 0 0 0 0 0 0 0 0 0 0 0 0 0 0 0 0 0 0 0 0 0 0 0 0 0 0 0 0 0 0 0 0 0 0 0 0 0 0 0 0 0 0 0 0 0 0 0 0 0 0 0 0 0 0 0 0 0 0 0 0 0 0 0 0 0 0 0 0 0 0 0 0 0 0 0 0 0 0 0 0 0 0 0 0 0 0 0 0 0 0 0 0 0 0 0 0 0 0 0 0 0 0 0 0 0 0 0 0 0 0 0 0 0 0 0 0 0 0 0 0 0 0 0 0 0 0 0 0 0 0 0 0 0 0 0 0 0 0 0 0 0 0 0 0 0 0 0 0 0 0 0 0 0 0 0 0 0 0 0 0 0 0 0 0 0 0 0 0 0 0 0 0 0 0 0 0 0 0 0 0 0 0 0 0 0 0 0 0 0 0 0 0 0 0 0 0 0 0 0 0 0 0 0 0 0 0 0 0 0 0 0 0 0 0 0 0 0 0 0 0 0 0 0 0 0 0 0 0 0 0 0 0 0 0 0 0 0 0 0 0 0 0 0 0 0 0 0 0 0 0 0 0 0 0 0 0 0 0 0 0 0 0 0 0 0 0 0 0 0 0 0 0 0 0 0 0 0 0 0 0 0 0 0 0 0 0 0 0 0 0 0 0 0 0 0 0 0 0 0 0 0 0 0 0 0 0 0 0 0 0 0 0 0 0 0 0 0 0 0 0 0 0 0 0 0 0 0 0 0 0 0 0 0 0 0 0 0 0 0 0 0 0 0 0 0 0 0 0 0 0 0 0 0 0 0 0 0 0 0 0 0 0 0 0 0 0 0 0 0 0 0 0 0 0 0 0 0 0 0 0 0 0 0 0 0 0 0 0 0 0 0 0 0 0 0 0 0 0 0 0 0 0 0 0 0 0 0 0 0 0 0 0 0 0 0 0 0 0 0 0 0 0 0 0 0 0 0 0 0 0 0 0 0 0 0 0 0 0 0 0 0 0 0 0 0 0 0 0 0 0 0 0 0 0 0 0 0 0 0 0 0 0 0 0 0 0 0 0 0 0 0 0 0 0 0 0 0 0 0 0 0 0 0 0 0 0 0 0 0 0 0 0 0 0 0 0 0 0 0 0 0 0 0 0 0 0 0 0 0 0 0 0 0 0 0 0 0 0 0 0 0 0 0 0 0 0 0 0 0 0 0 0 0 0 0 0 0 0 0 0 0 0 0 0 0 0 0 0 0 0 0 0 0 0 0 0 0 0 0 0 0 0 0 0 0 0 0 0 0 0 0 0 0 0 0 0 0 0 0 0 0 0 0 0 0 0 0 0 0 0 0 0 0 0 0 0 0 0 0 0 0 0 0 0 0 0 0 0 0 0 0 0 0 0 0 0 0 0 0 0 0 0 0 0 0 0 0 0 0 0 0 0 0 0 0 0 0 0 0 0 0 0 0 0 0 0 0 0 0 0 0 0 0 0 0 0 0 0 0 0 0 0 0 0 0 0 0 0 0 0 0 0 0 0 0 0 0 0 0 0 0 0 0 0 0 0 0 0 0 0 0 0 0 0 0 0 0 0 0 0 0 0 0 0 0 0 0 0 0 0 0 0 0 0 0 0 0 0 0 0 0 0 0 0 0 0 0 0 0 0 0 0 0 0 0 0 0 0 0 0 0 0 0 0 0 0 0 0 0 0 0 0 0 0 0 0 0 0 0 0 0 0 0 0 0 0 0 0 0 0 0 0 0 0 0 0 0 0 0 0 0 0 0 0 0 0 0 0 0 0 0 0 0 0 0 0 0 0 0 0 0 0 0 0 0 0 0 0 0 0 0 0 0 0 0 0 0 0 0 0 0 0 0 0 0 0 0 0 0 0 0 0 0 0 0 0 0 0 0 0 0 0 0 0 0 0 0 0 0 0 0 0 0 0 0 0 0 0 0 0 0 0 0 0 0 0 0 0 0 0 0 0 0 0 0 0 0 0 0 0 0 0 0 0 0 0 0 0 0 0 0 0 0 0 0 0 0 0 0 0 0 0 0 0 0 0 0 0 0 0 0 0 0 0 0 0 0 0 0 0 0 0 0 0 0 0 0 0 0 0 0 0 0 0 0 0 0 0 0 0 0 0 0 0 0 0 0 0 0 0 0 0 0 0 0 0 0 0 0 0 0 0 0 0 0 0 0 0 0 0 0 0 0 0 0 0 0 0 0 0 0 0 0 0 0 0 0 0 0 0 0 0 0 0 0 0 0 0 0 0 0 0 0 0 0 0 0 0 0 0 0 0 0 0 0 0 0 0 0 0 0 0 0 0 0 0 0 0 0 0 0 0 0 0 0 0 0 0 0 0 0 0 0 0 0 0 0 0 0 0 0 0 0 0 0 0 0 0 0 0 0 0 0 0 0 0 0 0 0 0 0 0 0 0 0 0 0 0 0 0 0 0 0 0 0 0 0 0 0 0 0 0 0 0 0 0 0 0 0 0 0 0 0 0 0 0 0 0 0 0 0 0 0 0 0 0 0 0 0 0 0 0 0 0 0 0 0 0 0 0 0 0 0 0 0 0 0 0 0 0 0 0 0 0 0 0 0 0 0 0 0 0 0 0 0 0 0 0 0 0 0 0 0 0 0 0 0 0 0 0 0 0 0 0 0 0 0 0 0 0 0 0 0 0 0 0 0 0 0 0 0 0 0 0 0 0 0 0 0 0 0 0 0 0 0 0 0 0 0 0 0 0 0 0 0 0 0 0 0 0 0 0 0 0 0 0 0 0 0 0 0 0 0 0 0 0 0 0 0 0 0 0 0 0 0 0 0 0 0 0 0 0 0 0 0 0 0 0 0 0 0 0 0 0 0 0 0 0 0 0 0 0 0 0 0 0 0 0 0 0 0 0 0 0 0 0 0 0 0 0 0 0 0 0 0 0 0 0 0 0 0 0 0 0 0 0 0 0 0 0 0 0 0 0 0 0 0 0 0 0 0 0 0 0 0 0 0 0 0 0 0 0 0 0 0 0 0 0 0 0 0 0 0 0 0 0 0 0 0 0 0 0 0 0 0 0 0 0 0 0 0 0 0 0 0 0 0 0 0 0 0 0 0 0 0 0 0 0 0 0 0 0 0 0 0 0 0 0 0 0 0 0 0 0 0 0 0 0 0 0 0 0 0 0 0 0 0 0 0 0 0 0 0 0 0 0 0 0 0 0 0 0 0 0 0 0 0 0 0 0 0 0 0 0 0 0 0 0 0 0 0 0 0 0 0 0 0 0 0 0 0 0 0 0 0 0 0 0 0 0 0 0 0 0 0 0 0 0 0 0 0 0 0 0 0 0 0 0 0 0 0 0 0 0 0 0 0 0 0 0 0 0 0 0 0 0 0 0 0 0 0 0 0 0 0 0 0 0 0 0 0 0 0 0 0 0 0 0 0 0 0 0 0 0 0 0 0 0 0 0 0 0 0 0 0 0 0 0 0 0 0 0 0 0 0 0 0 0 0 0 0 0 0 0 0 0 0 0 0 0 0 0 0 0 0 0 0 0 0 0 0 0 0 0 0 0 0 0 0 0 0 0 0 0 0 0 0 0 0 0 0 0 0 0 0 0 0 0 0 0 0 0 0 0 0 0 0 0 0 0 0 0 0 0 0 0 0 0 0 0 0 0 0 0 0 0 0 0 0 0 0 0 0 0 0 0 0 0 0 0 0 0 0 0 0 0 0 0 0 0 0 0 0 0 0 0 0 0 0 0 0 0 0 0 0 0 0 0 0 0 0 0 0 0 0 0 0 0 0 0 0 0 0 0 0 0 0 0 0 0 0 0 0 0 0 0 0 0 0 0 0 0 0 0 0 0 0 0 0 0 0 0 0 0 0 0 0 0 0 0 0 0 0 0 0 0 0 0 0 0 0 0 0 0 0 0 0 0 0 0 0 0 0 0 0 0 0 0 0 0 0 0 0 0 0 0 0 0 0 0 0 0 0 0 0 0 0 0 0 0 0 0 0 0 0 0 0 0 0 0 0 0 0 0 0 0 0 0 0 0 0 0 0 0 0 0 0 0 0 0 0 0 0 0 0 0 0 0 0 0 0 0 0 0 0 0 0 0 0 0 0 0 0 0 0 0 0 0 0 0 0 0 0 0 0 0 0 0 0 0 0 0 0 0 0 0 0 0 0 0 0 0 0 0 0 0 0 0 0 0 0 0 0 0 0 0 0 0 0 0 0 0 0 0 0 0 0 0 0 0 0 0 0 0 0 0 0 0 0 0 0 0 0 0 0 0 0 0 0 0 0 0 0 0 0 0 0 0 0 0 0 0 0 0 0 0 0 0 0 0 0 0 0 0 0 0 0 0 0 0 0 0 0 0 0 0 0 0 0 0 0 0 0 0 0 0 0 0 0 0 0 0 0 0 0 0 0 0 0 0 0 0 0 0 0 0 0 0 0 0 0 0 0 0 0 0 0 0 0 0 0 0 0 0 0 0 0 0 0 0 0 0 0 0 0 0 0 0 0 0 0 0 0 0 0 0 0 0 0 0 0 0 0 0 0 0 0 0 0 0 0 0 0 0 0 0 0 0 0 0 0 0 0 0 0 0 0 0 0 0 0 0 0 0 0 0 0 0 0 0 0 0 0 0 0 0 0 0 0 0 0 0 0 0 0 0 0 0 0 0 0 0 0 0 0 0 0 0 0 0 0 0 0 0 0 0 0 0 0 0 0 0 0 0 0 0 0 0 0 0 0 0 0 0 0 0 0 0 0 0 0 0 0 0 0 0 0 0 0 0 0 0 0 0 0 0 0 0 0 0 0 0 0 0 0 0 0 0 0 0 0 0 0 0 0 0 0 0 0 0 0 0 0 0 0 0 0 0 0 0 0 0 0 0 0 0 0 0 0 0 0 0 0 0 0 0 0 0 0 0 0 0 0 0 0 0 0 0 0 0 0 0 0 0 0 0 0 0 0 0 0 0 0 0 0 0 0 0 0 0 0 0 0 0 0 0 0 0 0 0 0 0 0 0 0 0 0 0 0 0 0 0 0 0 0 0 0 0 0 0 0 0 0 0 0 0 0 0 0 0 0 0 0 0 0 0 0 0 0 0 0 0 0 0 0 0 0 0 0 0 0 0 0 0 0 0 0 0 0 0 0 0 0 0 0 0 0 0 0 0 0 0 0 0 0 0 0 0 0 0 0 0 0 0 0 0 0 0 0 0 0 0 0 0 0 0 0 0 0 0 0 0 0 0 0 0 0 0 0 0 0 0 0 0 0 0 0 0 0 0 0 0 0 0 0 0 0 0 0 0 0 0 0 0 0 0 0 0 0 0 0 0 0 0 0 0 0 0 0 0 0 0 0 0 0 0 0 0 0 0 0 0 0 0 0 0 0 0 0 0 0 0 0 0 0 0 0 0 0 0 0 0 0 0 0 0 0 0 0 0 0 0 0 0 0 0 0 0 0 0 0 0 0 0 0 0 0 0 0 0 0 0 0 0 0 0 0 0 0 0 0 0 0 0 0 0 0 0 0 0 0 0 0 0 0 0 0 0 0 0 0 0 0 0 0 0 0 0 0 0 0 0 0 0 0 0 0 0 0 0 0 0 0 0 0 0 0 0 0 0 0 0 0 0 0 0 0 0 0 0 0 0 0 0 0 0 0 0 0 0 0 0 0 0 0 0 0 0 0 0 0 0 0 0 0 0 0 0 0 0 0 0 0 0 0 0 0 0 0 0 0 0 0 0 0 0 0 0 0 0 0 0 0 0 0 0 0 0 0 0 0 0 0 0 0 0 0 0 0 0 0 0 0 0 0 0 0 0 0 0 0 0 0 0 0 0 0 0 0 0 0 0 0 0 0 0 0 0 0 0 0 0 0 0 0 0 0 0 0 0 0 0 0 0 0 0 0 0 0 0 0 0 0 0 0 0 0 0 0 0 0 0 0 0 0 0 0 0 0 0 0 0 0 0 0 0 0 0 0 0 0 0 0 0 0 0 0 0 0 0 0 0 0 0 0 0 0 0 0 0 0 0 0 0 0 0 0 0 0 0 0 0 0 0 0 0 0 0 0 0 0 0 0 0 0 0 0 0 0 0 0 0 0 0 0 0 0 0 0 0 0 0 0 0 0 0 0 0 0 0 0 0 0 0 0 0 0 0 0 0 0 0 0 0 0 0 0 0 0 0 0 0 0 0 0 0 0 0 0 0 0 0 0 0 0 0 0 0 0 0 0 0 0 0 0 0 0 0 0 0 0 0 0 0 0 0 0 0 0 0 0 0 0 0 0 0 0 0 0 0 0 0 0 0 0 0 0 0 0 0 0 0 0 0 0 0 0 0 0 0 0 0 0 0 0 0 0 0 0 0 0 0 0 0 0 0 0 0 0 0 0 0 0 0 0 0 0 0 0 0 0 0 0 0 0 0 0 0 0 0 0 0 0 0 0 0 0 0 0 0 0 0 0 0 0 0 0 0 0 0 0 0 0 0 0 0 0 0 0 0 0 0 0 0 0 0 0 0 0 0 0 0 0 0 0 0 0 0 0 0 0 0 0 0 0 0 0 0 0 0 0 0 0 0 0 0 0 0 0 0 0 0 0 0 0 0 0 0 0 0 0 0 0 0 0 0 0 0 0 0 0 0 0 0 0 0 0 0 0 0 0 0 0 0 0 0 0 0 0 0 0 0 0 0 0 0 0 0 0 0 0 0 0 0 0 0 0 0 0 0 0 0 0 0 0 0 0 0 0 0 0 0 0 0 0 0 0 0 0 0 0 0 0 0 0 0 0 0 0 0 0 0 0 0 0 0 0 0 0 0 0 0 0 0 0 0 0 0 0 0 0 0 0 0 0 0 0 0 0 0 0 0 0 0 0 0 0 0 0 0 0 0 0 0 0 0 0 0 0 0 0 0 0 0 0 0 0 0 0 0 0 0 0 0 0 0 0 0 0 0 0 0 0 0 0 0 0 0 0 0 0 0 0 0 0 0 0 0 0 0 0 0 0 0 0 0 0 0 0 0 0 0 0 0 0 0 0 0 0 0 0 0 0 0 0 0 0 0 0 0 0 0 0 0 0 0 0 0 0 0 0 0 0 0 0 0 0 0 0 0 0 0 0 0 0 0 0 0 0 0 0 0 0 0 0 0 0 0 0 0 0 0 0 0 0 0 0 0 0 0 0 0 0 0 0 0 0 0 0 0 0 0 0 0 0 0 0 0 0 0 0 0 0 0 0 0 0 0 0 0 0 0 0 0 0 0 0 0 0 0 0 0 0 0 0 0 0 0 0 0 0 0 0 0 0 0 0 0 0 0 0 0 0 0 0 0 0 0 0 0 0 0 0 0 0 0 0 0 0 0 0 0 0 0 0 0 0 0 0 0 0 0 0 0 0 0 0 0 0 0 0 0 0 0 0 0 0 0 0 0 0 0 0 0 0 0 0 0 0 0 0 0 0 0 0 0 0 0 0 0 0 0 0 0 0 0 0 0 0 0 0 0 0 0 0 0 0 0 0 0 0 0 0 0 0 0 0 0 0 0 0 0 0 0 0 0 0 0 0 0 0 0 0 0 0 0 0 0 0 0 0 0 0 0 0 0 0 0 0 0 0 0 0 0 0 0 0 0 0 0 0 0 0 0 0 0 0 0 0 0 0 0 0 0 0 0 0 0 0 0 0 0 0 0 0 0 0 0 0 0 0 0 0 0 0 0 0 0 0 0 0 0 0 0 0 0 0 0 0 0 0 0 0 0 0 0 0 0 0 0 0 0 0 0 0 0 0 0 0 0 0 0 0 0 0 0 0 0 0 0 0 0 0 0 0 0 0 0 0 0 0 0 0 0 0 0 0 0 0 0 0 0 0 0 0 0 0 0 0 0 0 0 0 0 0 0 0 0 0 0 0 0 0 0 0 0 0 0 0 0 0 0 0 0 0 0 0 0 0 0 0 0 0 0 0 0 0 0 0 0 0 0 0 0 0 0 0 0 0 0 0 0 0 0 0 0 0 0 0 0 0 0 0 0 0 0 0 0 0 0 0 0 0 0 0 0 0 0 0 0 0 0 0 0 0 0 0 0 0 0 0 0 0 0 0 0 0 0 0 0 0 0 0 0 0 0 0 0 0 0 0 0 0 0 0 0 0 0 0 0 0 0 0 0 0 0 0 0 0 0 0 0 0 0 0 0 0 0 0 0 0 0 0 0 0 0 0 0 0 0 0 0 0 0 0 0 0 0 0 0 0 0 0 0 0 0 0 0 0 0 0 0 0 0 0 0 0 0 0 0 0 0 0 0 0 0 0 0 0 0 0 0 0 0 0 0 0 0 0 0 0 0 0 0 0 0 0 0 0 0 0 0 0 0 0 0 0 0 0 0 0 0 0 0 0 0 0 0 0 0 0 0 0 0 0 0 0 0 0 0 0 0 0 0 0 0 0 0 0 0 0 0 0 0 0 0 0 0 0 0 0 0 0 0 0 0 0 0 0 0 0 0 0 0 0 0 0 0 0 0 0 0 0 0 0 0 0 0 0 0 0 0 0 0 0 0 0 0 0 0 0 0 0 0 0 0 0 0 0 0 0 0 0 0 0 0 0 0 0 0 0 0 0 0 0 0 0 0 0 0 0 0 0 0 0 0 0 0 0 0 0 0 0 0 0 0 0 0 0 0 0 0 0 0 0 0 0 0 0 0 0 0 0 0 0 0 0 0 0 0 0 0 0 0 0 0 0 0 0 0 0 0 0 0 0 0 0 0 0 0 0 0 0 0 0 0 0 0 0 0 0 0 0 0 0 0 0 0 0 0 0 0 0 0 0 0 0 0 0 0 0 0 0 0 0 0 0 0 0 0 0 0 0 0 0 0 0 0 0 0 0 0 0 0 0 0 0 0 0 0 0 0 0 0 0 0 0 0 0 0 0 0 0 0 0 0 0 0 0 0 0 0 0 0 0 0 0 0 0 0 0 0 0 0 0 0 0 0 0 0 0 0 0 0 0 0 0 0 0 0 0 0 0 0 0 0 0 0 0 0 0 0 0 0 0 0 0 0 0 0 0 0 0 0 0 0 0 0 0 0 0 0 0 0 0 0 0 0 0 0 0 0 0 0 0 0 0 0 0 0 0 0 0 0 0 0 0 0 0 0 0 0 0 0 0 0 0 0 0 0 0 0 0 0 0 0 0 0 0 0 0 0 0 0 0 0 0 0 0 0 0 0 0 0 0 0 0 0 0 0 0 0 0 0 0 0 0 0 0 0 0 0 0 0 0 0 0 0 0 0 0 0 0 0 0 0 0 0 0 0 0 0 0 0 0 0 0 0 0 0 0 0 0 0 0 0 0 0 0 0 0 0 0 0 0 0 0 0 0 0 0 0 0 0 0 0 0 0 0 0 0 0 0 0 0 0 0 0 0 0 0 0 0 0 0 0 0 0 0 0 0 0 0 0 0 0 0 0 0 0 0 0 0 0 0 0 0 0 0 0 0 0 0 0 0 0 0 0 0 0 0 0 0 0 0 0 0 0 0 0 0 0 0 0 0 0 0 0 0 0 0 0 0 0 0 0 0 0 0 0 0 0 0 0 0 0 0 0 0 0 0 0 0 0 0 0 0 0 0 0 0 0 0 0 0 0 0 0 0 0 0 0 0 0 0 0 0 0 0 0 0 0 0 0 0 0 0 0 0 0 0 0 0 0 0 0 0 0 0 0 0 0 0 0 0 0 0 0 0 0 0 0 0 0 0 0 0 0 0 0 0 0 0 0 0 0 0 0 0 0 0 0 0 0 0 0 0 0 0 0 0 0 0 0 0 0 0 0 0 0 0 0 0 0 0 0 0 0 0 0 0 0 0 0 0 0 0 0 0 0 0 0 0 0 0 0 0 0 0 0 0 0 0 0 0 0 0 0 0 0 0 0 0 0 0 0 0 0 0 0 0 0 0 0 0 0 0 0 0 0 0 0 0 0 0 0 0 0 0 0 0 0 0 0 0 0 0 0 0 0 0 0 0 0 0 0 0 0 0 0 0 0 0 0 0 0 0 0 0 0 0 0 0 0 0 0 0 0 0 0 0 0 0 0 0 0 0 0 0 0 0 0 0 0 0 0 0 0 0 0 0 0 0 0 0 0 0 0 0 0 0 0 0 0 0 0 0 0 0 0 0 0 0 0 0 0 0 0 0 0 0 0 0 0 0 0 0 0 0 0 0 0 0 0 0 0 0 0 0 0 0 0 0 0 0 0 0 0 0 0 0 0 0 0 0 0 0 0 0 0 0 0 0 0 0 0 0 0 0 0 0 0 0 0 0 0 0 0 0 0 0 0 0 0 0 0 0 0 0 0 0 0 0 0 0 0 0 0 0 0 0 0 0 0 0 0 0 0 0 0 0 0 0 0 0 0 0 0 0 0 0 0 0 0 0 0 0 0 0 0 0 0 0 0 0 0 0 0 0 0 0 0 0 0 0 0 0 0 0 0 0 0 0 0 0 0 0 0 0 0 0 0 0 0 0 0 0 0 0 0 0 0 0 0 0 0 0 0 0 0 0 0 0 0 0 0 0 0 0 0 0 0 0 0 0 0 0 0 0 0 0 0 0 0 0 0 0 0 0 0 0 0 0 0 0 0 0 0 0 0 0 0 0 0 0 0 0 0 0 0 0 0 0 0 0 0 0 0 0 0 0 0 0 0 0 0 0 0 0 0 0 0 0 0 0 0 0 0 0 0 0 0 0 0 0 0 0 0 0 0 0 0 0 0 0 0 0 0 0 0 0 0 0 0 0 0 0 0 0 0 0 0 0 0 0 0 0 0 0 0 0 0 0 0 0 0 0 0 0 0 0 0 0 0 0 0 0 0 0 0 0 0 0 0 0 0 0 0 0 0 0 0 0 0 0 0 0 0 0 0 0 0 0 0 0 0 0 0 0 0 0 0 0 0 0 0 0 0 0 0 0 0 0 0 0 0 0 0 0 0 0 0 0 0 0 0 0 0 0 0 0 0 0 0 0 0 0 0 0 0 0 0 0 0 0 0 0 0 0 0 0 0 0 0 0 0 0 0 0 0 0 0 0 0 0 0 0 0 0 0 0 0 0 0 0 0 0 0 0 0 0 0 0 0 0 0 0 0 0 0 0 0 0 0 0 0 0 0 0 0 0 0 0 0 0 0 0 0 0 0 0 0 0 0 0 0 0 0 0 0 0 0 0 0 0 0 0 0 0 0 0 0 0 0 0 0 0 0 0 0 0 0 0 0 0 0 0 0 0 0 0 0 0 0 0 0 0 0 0 0 0 0 0 0 0 0 0 0 0 0 0 0 0 0 0 0 0 0 0 0 0 0 0 0 0 0 0 0 0 0 0 0 0 0 0 0 0 0 0 0 0 0 0 0 0 0 0 0 0 0 0 0 0 0 0 0 0 0 0 0 0 0 0 0 0 0 0 0 0 0 0 0 0 0 0 0 0 0 0 0 0 0 0 0 0 0 0 0 0 0 0 0 0 0 0 0 0 0 0 0 0 0 0 0 0 0 0 0 0 0 0 0 0 0 0 0 0 0 0 0 0 0 0 0 0 0 0 0 0 0 0 0 0 0 0 0 0 0 0 0 0 0 0 0 0 0 0 0 0 0 0 0 0 0 0 0 0 0 0 0 0 0 0 0 0 0 0 0 0 0 0 0 0 0 0 0 0 0 0 0 0 0 0 0 0 0 0 0 0 0 0 0 0 0 0 0 0 0 0 0 0 0 0 0 0 0 0 0 0 0 0 0 0 0 0 0 0 0 0 0 0 0 0 0 0 0 0 0 0 0 0 0 0 0 0 0 0 0 0 0 0 0 0 0 0 0 0 0 0 0 0 0 0 0 0 0 0 0 0 0 0 0 0 0 0 0 0 0 0 0 0 0 0 0 0 0 0 0 0 0 0 0 0 0 0 0 0 0 0 0 0 0 0 0 0 0 0 0 0 0 0 0 0 0 0 0 0 0 0 0 0 0 0 0 0 0 0 0 0 0 0 0 0 0 0 0 0 0 0 0 0 0 0 0 0 0 0 0 0 0 0 0 0 0 0 0 0 0 0 0 0 0 0 0 0 0 0 0 0 0 0 0 0 0 0 0 0 0 0 0 0 0 0 0 0 0 0 0 0 0 0 0 0 0 0 0 0 0 0 0 0 0 0 0 0 0 0 0 0 0 0 0 0 0 0 0 0 0 0 0 0 0 0 0 0 0 0 0 0 0 0 0 0 0 0 0 0 0 0 0 0 0 0 0 0 0 0 0 0 0 0 0 0 0 0 0 0 0 0 0 0 0 0 0 0 0 0 0 0 0 0 0 0 0 0 0 0 0 0 0 0 0 0 0 0 0 0 0 0 0 0 0 0 0 0 0 0 0 0 0 0 0 0 0 0 0 0 0 0 0 0 0 0 0 0 0 0 0 0 0 0 0 0 0 0 0 0 0 0 0 0 0 0 0 0 0 0 0 0 0 0 0 0 0 0 0 0 0 0 0 0 0 0 0 0 0 0 0 0 0 0 0 0 0 0 0 0 0 0 0 0 0 0 0 0 0 0 0 0 0 0 0 0 0 0 0 0 0 0 0 0 0 0 0 0 0 0 0 0 0 0 0 0 0 0 0 0 0 0 0 0 0 0 0 0 0 0 0 0 0 0 0 0 0 0 0 0 0 0 0 0 0 0 0 0 0 0 0 0 0 0 0 0 0 0 0 0 0 0 0 0 0 0 0 0 0 0 0 0 0 0 0 0 0 0 0 0 0 0 0 0 0 0 0 0 0 0 0 0 0 0 0 0 0 0 0 0 0 0 0 0 0 0 0 0 0 0 0 0 0 0 0 0 0 0 0 0 0 0 0 0 0 0 0 0 0 0 0 0 0 0 0 0 0 0 0 0 0 0 0 0 0 0 0 0 0 0 0 0 0 0 0 0 0 0 0 0 0 0 0 0 0 0 0 0 0 0 0 0 0 0 0 0 0 0 0 0 0 0 0 0 0 0 0 0 0 0 0 0 0 0 0 0 0 0 0 0 0 0 0 0 0 0 0 0 0 0 0 0 0 0 0 0 0 0 0 0 0 0 0 0 0 0 0 0 0 0 0 0 0 0 0 0 0 0 0 0 0 0 0 0 0 0 0 0 0 0 0 0 0 0 0 0 0 0 0 0 0 0 0 0 0 0 0 0 0 0 0 0 0 0 0 0 0 0 0 0 0 0 0 0 0 0 0 0 0 0 0 0 0 0 0 0 0 0 0 0 0 0 0 0 0 0 0 0 0 0 0 0 0 0 0 0 0 0 0 0 0 0 0 0 0 0 0 0 0 0 0 0 0 0 0 0 0 0 0 0 0 0 0 0 0 0 0 0 0 0 0 0 0 0 0 0 0 0 0 0 0 0 0 0 0 0 0 0 0 0 0 0 0 0 0 0 0 0 0 0 0 0 0 0 0 0 0 0 0 0 0 0 0 0 0 0 0 0 0 0 0 0 0 0 0 0 0 0 0 0 0 0 0 0 0 0 0 0 0 0 0 0 0 0 0 0 0 0 0 0 0 0 0 0 0 0 0 0 0 0 0 0 0 0 0 0 0 0 0 0 0 0 0 0 0 0 0 0 0 0 0 0 0 0 0 0 0 0 0 0 0 0 0 0 0 0 0 0 0 0 0 0 0 0 0 0 0 0 0 0 0 0 0 0 0 0 0 0 0 0 0 0 0 0 0 0 0 0 0 0 0 0 0 0 0 0 0 0 0 0 0 0 0 0 0 0 0 0 0 0 0 0 0 0 0 0 0 0 0 0 0 0 0 0 0 0 0 0 0 0 0 0 0 0 0 0 0 0 0 0 0 0 0 0 0 0 0 0 0 0 0 0 0 0 0 0 0 0 0 0 0 0 0 0 0 0 0 0 0 0 0 0 0 0 0 0 0 0 0 0 0 0 0 0 0 0 0 0 0 0 0 0 0 0 0 0 0 0 0 0 0 0 0 0 0 0 0 0 0 0 0 0 0 0 0 0 0 0 0 0 0 0 0 0 0 0 0 0 0 0 0 0 0 0 0 0 0 0 0 0 0 0 0 0 0 0 0 0 0 0 0 0 0 0 0 0 0 0 0 0 0 0 0 0 0 0 0 0 0 0 0 0 0 0 0 0 0 0 0 0 0 0 0 0 0 0 0 0 0 0 0 0 0 0 0 0 0 0 0 0 0 0 0 0 0 0 0 0 0 0 0 0 0 0 0 0 0 0 0 0 0 0 0 0 0 0 0 0 0 0 0 0 0 0 0 0 0 0 0 0 0 0 0 0 0 0 0 0 0 0 0 0 0 0 0 0 0 0 0 0 0 0 0 0 0 0 0 0 0 0 0 0 0 0 0 0 0 0 0 0 0 0 0 0 0 0 0 0 0 0 0 0 0 0 0 0 0 0 0 0 0 0 0 0 0 0 0 0 0 0 0 0 0 0 0 0 0 0 0 0 0 0 0 0 0 0 0 0 0 0 0 0 0 0 0 0 0 0 0 0 0 0 0 0 0 0 0 0 0 0 0 0 0 0 0 0 0 0 0 0 0 0 0 0 0 0 0 0 0 0 0 0 0 0 0 0 0 0 0 0 0 0 0 0 0 0 0 0 0 0 0 0 0 0 0 0 0 0 0 0 0 0 0 0 0 0 0 0 0 0 0 0 0 0 0 0 0 0 0 0 0 0 0 0 0 0 0 0 0 0 0 0 0 0 0 0 0 0 0 0 0 0 0 0 0 0 0 0 0 0 0 0 0 0 0 0 0 0 0 0 0 0 0 0 0 0 0 0 0 0 0 0 0 0 0 0 0 0 0 0 0 0 0 0 0 0 0 0 0 0 0 0 0 0 0 0 0 0 0 0 0 0 0 0 0 0 0 0 0 0 0 0 0 0 0 0 0 0 0 0 0 0 0 0 0 0 0 0 0 0 0 0 0 0 0 0 0 0 0 0 0 0 0 0 0 0 0 0 0 0 0 0 0 0 0 0 0 0 0 0 0 0 0 0 0 0 0 0 0 0 0 0 0 0 0 0 0 0 0 0 0 0 0 0 0 0 0 0 0 0 0 0 0 0 0 0 0 0 0 0 0 0 0 0 0 0 0 0 0 0 0 0 0 0 0 0 0 0 0 0 0 0 0 0 0 0 0 0 0 0 0 0 0 0 0 0 0 0 0 0 0 0 0 0 0 0 0 0 0 0 0 0 0 0 0 0 0 0 0 0 0 0 0 0 0 0 0 0 0 0 0 0 0 0 0 0 0 0 0 0 0 0 0 0 0 0 0 0 0 0 0 0 0 0 0 0 0 0 0 0 0 0 0 0 0 0 0 0 0 0 0 0 0 0 0 0 0 0 0 0 0 0 0 0 0 0 0 0 0 0 0 0 0 0 0 0 0 0 0 0 0 0 0 0 0 0 0 0 0 0 0 0 0 0 0 0 0 0 0 0 0 0 0 0 0 0 0 0 0 0 0 0 0 0 0 0 0 0 0 0 0 0 0 0 0 0 0 0 0 0 0 0 0 0 0 0 0 0 0 0 0 0 0 0 0 0 0 0 0 0 0 0 0 0 0 0 0 0 0 0 0 0 0 0 0 0 0 0 0 0 0 0 0 0 0 0 0 0 0 0 0 0 0 0 0 0 0 0 0 0 0 0 0 0 0 0 0 0 0 0 0 0 0 0 0 0 0 0 0 0 0 0 0 0 0 0 0 0 0 0 0 0 0 0 0 0 0 0 0 0 0 0 0 0 0 0 0 0 0 0 0 0 0 0 0 0 0 0 0 0 0 0 0 0 0 0 0 0 0 0 0 0 0 0 0 0 0 0 0 0 0 0 0 0 0 0 0 0 0 0 0 0 0 0 0 0 0 0 0 0 0 0 0 0 0 0 0 0 0 0 0 0 0 0 0 0 0 0 0 0 0 0 0 0 0 0 0 0 0 0 0 0 0 0 0 0 0 0 0 0 0 0 0 0 0 0 0 0 0 0 0 0 0 0 0 0 0 0 0 0 0 0 0 0 0 0 0 0 0 0 0 0 0 0 0 0 0 0 0 0 0 0 0 0 0 0 0 0 0 0 0 0 0 0 0 0 0 0 0 0 0 0 0 0 0 0 0 0 0 0 0 0 0 0 0 0 0 0 0 0 0 0 0 0 0 0 0 0 0 0 0 0 0 0 0 0 0 0 0 0 0 0 0 0 0 0 0 0 0 0 0 0 0 0 0 0 0 0 0 0 0 0 0 0 0 0 0 0 0 0 0 0 0 0 0 0 0 0 0 0 0 0 0 0 0 0 0 0 0 0 0 0 0 0 0 0 0 0 0 0 0 0 0 0 0 0 0 0 0 0 0 0 0 0 0 0 0 0 0 0 0 0 0 0 0 0 0 0 0 0 0 0 0 0 0 0 0 0 0 0 0 0 0 0 0 0 0 0 0 0 0 0 0 0 0 0 0 0 0 0 0 0 0 0 0 0 0 0 0 0 0 0 0 0 0 0 0 0 0 0 0 0 0 0 0 0 0 0 0 0 0 0 0 0 0 0 0 0 0 0 0 0 0 0 0 0 0 0 0 0 0 0 0 0 0 0 0 0 0 0 0 0 0 0 0 0 0 0 0 0 0 0 0 0 0 0 0 0 0 0 0 0 0 0 0 0 0 0 0 0 0 0 0 0 0 0 0 0 0 0 0 0 0 0 0 0 0 0 0 0 0 0 0 0 0 0 0 0 0 0 0 0 0 0 0 0 0 0 0 0 0 0 0 0 0 0 0 0 0 0 0 0 0 0 0 0 0 0 0 0 0 0 0 0 0 0 0 0 0 0 0 0 0 0 0 0 0 0 0 0 0 0 0 0 0 0 0 0 0 0 0 0 0 0 0 0 0 0 0 0 0 0 0 0 0 0 0 0 0 0 0 0 0 0 0 0 0 0 0 0 0 0 0 0 0 0 0 0 0 0 0 0 0 0 0 0 0 0 0 0 0 0 0 0 0 0 0 0 0 0 0 0 0 0 0 0 0 0 0 0 0 0 0 0 0 0 0 0 0 0 0 0 0 0 0 0 0 0 0 0 0 0 0 0 0 0 0 0 0 0 0 0 0 0 0 0 0 0 0 0 0 0 0 0 0 0 0 0 0 0 0 0 0 0 0 0 0 0 0 0 0 0 0 0 0 0 0 0 0 0 0 0 0 0 0 0 0 0 0 0 0 0 0 0 0 0 0 0 0 0 0 0 0 0 0 0 0 0 0 0 0 0 0 0 0 0 0 0 0 0 0 0 0 0 0 0 0 0 0 0 0 0 0 0 0 0 0 0 0 0 0 0 0 0 0 0 0 0 0 0 0 0 0 0 0 0 0 0 0 0 0 0 0 0 0 0 0 0 0 0 0 0 0 0 0 0 0 0 0 0 0 0 0 0 0 0 0 0 0 0 0 0 0 0 0 0 0 0 0 0 0 0 0 0 0 0 0 0 0 0 0 0 0 0 0 0 0 0 0 0 0 0 0 0 0 0 0 0 0 0 0 0 0 0 0 0 0 0 0 0 0 0 0 0 0 0 0 0 0 0 0 0 0 0 0 0 0 0 0 0 0 0 0 0 0 0 0 0 0 0 0 0 0 0 0 0 0 0 0 0 0 0 0 0 0 0 0 0 0 0 0 0 0 0 0 0 0 0 0 0 0 0 0 0 0 0 0 0 0 0 0 0 0 0 0 0 0 0 0 0 0 0 0 0 0 0 0 0 0 0 0 0 0 0 0 0 0 0 0 0 0 0 0 0 0 0 0 0 0 0 0 0 0 0 0 0 0 0 0 0 0 0 0 0 0 0 0 0 0 0 0 0 0 0 0 0 0 0 0 0 0 0 0 0 0 0 0 0 0 0 0 0 0 0 0 0 0 0 0 0 0 0 0 0 0 0 0 0 0 0 0 0 0 0 0 0 0 0 0 0 0 0 0 0 0 0 0 0 0 0 0 0 0 0 0 0 0 0 0 0 0 0 0 0 0 0 0 0 0 0 0 0 0 0 0 0 0 0 0 0 0 0 0 0 0 0 0 0 0 0 0 0 0 0 0 0 0 0 0 0 0 0 0 0 0 0 0 0 0 0 0 0 0 0 0 0 0 0 0 0 0 0 0 0 0 0 0 0 0 0 0 0 0 0 0 0 0 0 0 0 0 0 0 0 0 0 0 0 0 0 0 0 0 0 0 0 0 0 0 0 0 0 0 0 0 0 0 0 0 0 0 0 0 0 0 0 0 0 0 0 0 0 0 0 0 0 0 0 0 0 0 0 0 0 0 0 0 0 0 0 0 0 0 0 0 0 0 0 0 0 0 0 0 0 0 0 0 0 0 0 0 0 0 0 0 0 0 0 0 0 0 0 0 0 0 0 0 0 0 0 0 0 0 0 0 0 0 0 0 0 0 0 0 0 0 0 0 0 0 0 0 0 0 0 0 0 0 0 0 0 0 0 0 0 0 0 0 0 0 0 0 0 0 0 0 0 0 0 0 0 0 0 0 0 0 0 0 0 0 0 0 0 0 0 0 0 0 0 0 0 0 0 0 0 0 0 0 0 0 0 0 0 0 0 0 0 0 0 0 0 0 0 0 0 0 0 0 0 0 0 0 0 0 0 0 0 0 0 0 0 0 0 0 0 0 0 0 0 0 0 0 0 0 0 0 0 0 0 0 0 0 0 0 0 0 0 0 0 0 0 0 0 0 0 0 0 0 0 0 0 0 0 0 0 0 0 0 0 0 0 0 0 0 0 0 0 0 0 0 0 0 0 0 0 0 0 0 0 0 0 0 0 0 0 0 0 0 0 0 0 0 0 0 0 0 0 0 0 0 0 0 0 0 0 0 0 0 0 0 0 0 0 0 0 0 0 0 0 0 0 0 0 0 0 0 0 0 0 0 0 0 0 0 0 0 0 0 0 0 0 0 0 0 0 0 0 0 0 0 0 0 0 0 0 0 0 0 0 0 0 0 0 0 0 0 0 0 0 0 0 0 0 0 0 0 0 0 0 0 0 0 0 0 0 0 0 0 0 0 0 0 0 0 0 0 0 0 0 0 0 0 0 0 0 0 0 0 0 0 0 0 0 0 0 0 0 0 0 0 0 0 0 0 0 0 0 0 0 0 0 0 0 0 0 0 0 0 0 0 0 0 0 0 0 0 0 0 0 0 0 0 0 0 0 0 0 0 0 0 0 0 0 0 0 0 0 0 0 0 0 0 0 0 0 0 0 0 0 0 0 0 0 0 0 0 0 0 0 0 0 0 0 0 0 0 0 0 0 0 0 0 0 0 0 0 0 0 0 0 0 0 0 0 0 0 0 0 0 0 0 0 0 0 0 0 0 0 0 0 0 0 0 0 0 0 0 0 0 0 0 0 0 0 0 0 0 0 0 0 0 0 0 0 0 0 0 0 0 0 0 0 0 0 0 0 0 0 0 0 0 0 0 0 0 0 0 0 0 0 0 0 0 0 0 0 0 0 0 0 0 0 0 0 0 0 0 0 0 0 0 0 0 0 0 0 0 0 0 0 0 0 0 0 0 0 0 0 0 0 0 0 0 0 0 0 0 0 0 0 0 0 0 0 0 0 0 0 0 0 0 0 0 0 0 0 0 0 0 0 0 0 0 0 0 0 0 0 0 0 0 0 0 0 0 0 0 0 0 0 0 0 0 0 0 0 0 0 0 0 0 0 0 0 0 0 0 0 0 0 0 0 0 0 0 0 0 0 0 0 0 0 0 0 0 0 0 0 0 0 0 0 0 0 0 0 0 0 0 0 0 0 0 0 0 0 0 0 0 0 0 0 0 0 0 0 0 0 0 0 0 0 0 0 0 0 0 0 0 0 0 0 0 0 0 0 0 0 0 0 0 0 0 0 0 0 0 0 0 0 0 0 0 0 0 0 0 0 0 0 0 0 0 0 0 0 0 0 0 0 0 0 0 0 0 0 0 0 0 0 0 0 0 0 0 0 0 0 0 0 0 0 0 0 0 0 0 0 0 0 0 0 0 0 0 0 0 0 0 0 0 0 0 0 0 0 0 0 0 0 0 0 0 0 0 0 0 0 0 0 0 0 0 0 0 0 0 0 0 0 0 0 0 0 0 0 0 0 0 0 0 0 0 0 0 0 0 0 0 0 0 0 0 0 0 0 0 0 0 0 0 0 0 0 0 0 0 0 0 0 0 0 0 0 0 0 0 0 0 0 0 0 0 0 0 0 0 0 0 0 0 0 0 0 0 0 0 0 0 0 0 0 0 0 0 0 0 0 0 0 0 0 0 0 0 0 0 0 0 0 0 0 0 0 0 0 0 0 0 0 0 0 0 0 0 0 0 0 0 0 0 0 0 0 0 0 0 0 0 0 0 0 0 0 0 0 0 0 0 0 0 0 0 0 0 0 0 0 0 0 0 0 0 0 0 0 0 0 0 0 0 0 0 0 0 0 0 0 0 0 0 0 0 0 0 0 0 0 0 0 0 0 0 0 0 0 0 0 0 0 0 0 0 0 0 0 0 0 0 0 0 0 0 0 0 0 0 0 0 0 0 0 0 0 0 0 0 0 0 0 0 0 0 0 0 0 0 0 0 0 0 0 0 0 0 0 0 0 0 0 0 0 0 0 0 0 0 0 0 0 0 0 0 0 0 0 0 0 0 0 0 0 0 0 0 0 0 0 0 0 0 0 0 0 0 0 0 0 0 0 0 0 0 0 0 0 0 0 0 0 0 0 0 0 0 0 0 0 0 0 0 0 0 0 0 0 0 0 0 0 0 0 0 0 0 0 0 0 0 0 0 0 0 0 0 0 0 0 0 0 0 0 0 0 0 0 0 0 0 0 0 0 0 0 0 0 0 0 0 0 0 0 0 0 0 0 0 0 0 0 0 0 0 0 0 0 0 0 0 0 0 0 0 0 0 0 0 0 0 0 0 0 0 0 0 0 0 0 0 0 0 0 0 0 0 0 0 0 0 0 0 0 0 0 0 0 0 0 0 0 0 0 0 0 0 0 0 0 0 0 0 0 0 0 0 0 0 0 0 0 0 0 0 0 0 0 0 0 0 0 0 0 0 0 0 0 0 0 0 0 0 0 0 0 0 0 0 0 0 0 0 0 0 0 0 0 0 0 0 0 0 0 0 0 0 0 0 0 0 0 0 0 0 0 0 0 0 0 0 0 0 0 0 0 0 0 0 0 0 0 0 0 0 0 0 0 0 0 0 0 0 0 0 0 0 0 0 0 0 0 0 0 0 0 0 0 0 0 0 0 0 0 0 0 0 0 0 0 0 0 0 0 0 0 0 0 0 0 0 0 0 0 0 0 0 0 0 0 0 0 0 0 0 0 0 0 0 0 0 0 0 0 0 0 0 0 0 0 0 0 0 0 0 0 0 0 0 0 0 0 0 0 0 0 0 0 0 0 0 0 0 0 0 0 0 0 0 0 0 0 0 0 0 0 0 0 0 0 0 0 0 0 0 0 0 0 0 0 0 0 0 0 0 0 0 0 0 0 0 0 0 0 0 0 0 0 0 0 0 0 0 0 0 0 0 0 0 0 0 0 0 0 0 0 0 0 0 0 0 0 0 0 0 0 0 0 0 0 0 0 0 0 0 0 0 0 0 0 0 0 0 0 0 0 0 0 0 0 0 0 0 0 0 0 0 0 0 0 0 0 0 0 0 0 0 0 0 0 0 0 0 0 0 0 0 0 0 0 0 0 0 0 0 0 0 0 0 0 0 0 0 0 0 0 0 0 0 0 0 0 0 0 0 0 0 0 0 0 0 0 0 0 0 0 0 0 0 0 0 0 0 0 0 0 0 0 0 0 0 0 0 0 0 0 0 0 0 0 0 0 0 0 0 0 0 0 0 0 0 0 0 0 0 0 0 0 0 0 0 0 0 0 0 0 0 0 0 0 0 0 0 0 0 0 0 0 0 0 0 0 0 0 0 0 0 0 0 0 0 0 0 0 0 0 0 0 0 0 0 0 0 0 0 0 0 0 0 0 0 0 0 0 0 0 0 0 0 0 0 0 0 0 0 0 0 0 0 0 0 0 0 0 0 0 0 0 0 0 0 0 0 0 0 0 0 0 0 0 0 0 0 0 0 0 0 0 0 0 0 0 0 0 0 0 0 0 0 0 0 0 0 0 0 0 0 0 0 0 0 0 0 0 0 0 0 0 0 0 0 0 0 0 0 0 0 0 0 0 0 0 0 0 0 0 0 0 0 0 0 0 0 0 0 0 0 0 0 0 0 0 0 0 0 0 0 0 0 0 0 0 0 0 0 0 0 0 0 0 0 0 0 0 0 0 0 0 0 0 0 0 0 0 0 0 0 0 0 0 0 0 0 0 0 0 0 0 0 0 0 0 0 0 0 0 0 0 0 0 0 0 0 0 0 0 0 0 0 0 0 0 0 0 0 0 0 0 0 0 0 0 0 0 0 0 0 0 0 0 0 0 0 0 0 0 0 0 0 0 0 0 0 0 0 0 0 0 0 0 0 0 0 0 0 0 0 0 0 0 0 0 0 0 0 0 0 0 0 0 0 0 0 0 0 0 0 0 0 0 0 0 0 0 0 0 0 0 0 0 0 0 0 0 0 0 0 0 0 0 0 0 0 0 0 0 0 0 0 0 0 0 0 0 0 0 0 0 0 0 0 0 0 0 0 0 0 0 0 0 0 0 0 0 0 0 0 0 0 0 0 0 0 0 0 0 0 0 0 0 0 0 0 0 0 0 0 0 0 0 0 0 0 0 0 0 0 0 0 0 0 0 0 0 0 0 0 0 0 0 0 0 0 0 0 0 0 0 0 0 0 0 0 0 0 0 0 0 0 0 0 0 0 0 0 0 0 0 0 0 0 0 0 0 0 0 0 0 0 0 0 0 0 0 0 0 0 0 0 0 0 0 0 0 0 0 0 0 0 0 0 0 0 0 0 0 0 0 0 0 0 0 0 0 0 0 0 0 0 0 0 0 0 0 0 0 0 0 0 0 0 0 0 0 0 0 0 0 0 0 0 0 0 0 0 0 0 0 0 0 0 0 0 0 0 0 0 0 0 0 0 0 0 0 0 0 0 0 0 0 0 0 0 0 0 0 0 0 0 0 0 0 0 0 0 0 0 0 0 0 0 0 0 0 0 0 0 0 0 0 0 0 0 0 0 0 0 0 0 0 0 0 0 0 0 0 0 0 0 0 0 0 0 0 0 0 0 0 0 0 0 0 0 0 0 0 0 0 0 0 0 0 0 0 0 0 0 0 0 0 0 0 0 0 0 0 0 0 0 0 0 0 0 0 0 0 0 0 0 0 0 0 0 0 0 0 0 0 0 0 0 0 0 0 0 0 0 0 0 0 0 0 0 0 0 0 0 0 0 0 0 0 0 0 0 0 0 0 0 0 0 0 0 0 0 0 0 0 0 0 0 0 0 0 0 0 0 0 0 0 0 0 0 0 0 0 0 0 0 0 0 0 0 0 0 0 0 0 0 0 0 0 0 0 0 0 0 0 0 0 0 0 0 0 0 0 0 0 0 0 0 0 0 0 0 0 0 0 0 0 0 0 0 0 0 0 0 0 0 0 0 0 0 0 0 0 0 0 0 0 0 0 0 0 0 0 0 0 0 0 0 0 0 0 0 0 0 0 0 0 0 0 0 0 0 0 0 0 0 0 0 0 0 0 0 0 0 0 0 0 0 0 0 0 0 0 0 0 0 0 0 0 0 0 0 0 0 0 0 0 0 0 0 0 0 0 0 0 0 0 0 0 0 0 0 0 0 0 0 0 0 0 0 0 0 0 0 0 0 0 0 0 0 0 0 0 0 0 0 0 0 0 0 0 0 0 0 0 0 0 0 0 0 0 0 0 0 0 0 0 0 0 0 0 0 0 0 0 0 0 0 0 0 0 0 0 0 0 0 0 0 0 0 0 0 0 0 0 0 0 0 0 0 0 0 0 0 0 0 0 0 0 0 0 0 0 0 0 0 0 0 0 0 0 0 0 0 0 0 0 0 0 0 0 0 0 0 0 0 0 0 0 0 0 0 0 0 0 0 0 0 0 0 0 0 0 0 0 0 0 0 0 0 0 0 0 0 0 0 0 0 0 0 0 0 0 0 0 0 0 0 0 0 0 0 0 0 0 0 0 0 0 0 0 0 0 0 0 0 0 0 0 0 0 0 0 0 0 0 0 0 0 0 0 0 0 0 0 0 0 0 0 0 0 0 0 0 0 0 0 0 0 0 0 0 0 0 0 0 0 0 0 0 0 0 0 0 0 0 0 0 0 0 0 0 0 0 0 0 0 0 0 0 0 0 0 0 0 0 0 0 0 0 0 0 0 0 0 0 0 0 0 0 0 0 0 0 0 0 0 0 0 0 0 0 0 0 0 0 0 0 0 0 0 0 0 0 0 0 0 0 0 0 0 0 0 0 0 0 0 0 0 0 0 0 0 0 0 0 0 0 0 0 0 0 0 0 0 0 0 0 0 0 0 0 0 0 0 0 0 0 0 0 0 0 0 0 0 0 0 0 0 0 0 0 0 0 0 0 0 0 0 0 0 0 0 0 0 0 0 0 0 0 0 0 0 0 0 0 0 0 0 0 0 0 0 0 0 0 0 0 0 0 0 0 0 0 0 0 0 0 0 0 0 0 0 0 0 0 0 0 0 0 0 0 0 0 0 0 0 0 0 0 0 0 0 0 0 0 0 0 0 0 0 0 0 0 0 0 0 0 0 0 0 0 0 0 0 0 0 0 0 0 0 0 0 0 0 0 0 0 0 0 0 0 0 0 0 0 0 0 0 0 0 0 0 0 0 0 0 0 0 0 0 0 0 0 0 0 0 0 0 0 0 0 0 0 0 0 0 0 0 0 0 0 0 0 0 0 0 0 0 0 0 0 0 0 0 0 0 0 0 0 0 0 0 0 0 0 0 0 0 0 0 0 0 0 0 0 0 0 0 0 0 0 0 0 0 0 0 0 0 0 0 0 0 0 0 0 0 0 0 0 0 0 0 0 0 0 0 0 0 0 0 0 0 0 0 0 0 0 0 0 0 0 0 0 0 0 0 0 0 0 0 0 0 0 0 0 0 0 0 0 0 0 0 0 0 0 0 0 0 0 0 0 0 0 0 0 0 0 0 0 0 0 0 0 0 0 0 0 0 0 0 0 0 0 0 0 0 0 0 0 0 0 0 0 0 0 0 0 0 0 0 0 0 0 0 0 0 0 0 0 0 0 0 0 0 0 0 0 0 0 0 0 0 0 0 0 0 0 0 0 0 0 0 0 0 0 0 0 0 0 0 0 0 0 0 0 0 0 0 0 0 0 0 0 0 0 0 0 0 0 0 0 0 0 0 0 0 0 0 0 0 0 0 0 0 0 0 0 0 0 0 0 0 0 0 0 0 0 0 0 0 0 0 0 0 0 0 0 0 0 0 0 0 0 0 0 0 0 0 0 0 0 0 0 0 0 0 0 0 0 0 0 0 0 0 0 0 0 0 0 0 0 0 0 0 0 0 0 0 0 0 0 0 0 0 0 0 0 0 0 0 0 0 0 0 0 0 0 0 0 0 0 0 0 0 0 0 0 0 0 0 0 0 0 0 0 0 0 0 0 0 0 0 0 0 0 0 0 0 0 0 0 0 0 0 0 0 0 0 0 0 0 0 0 0 0 0 0 0 0 0 0 0 0 0 0 0 0 0 0 0 0 0 0 0 0 0 0 0 0 0 0 0 0 0 0 0 0 0 0 0 0 0 0 0 0 0 0 0 0 0 0 0 0 0 0 0 0 0 0 0 0 0 0 0 0 0 0 0 0 0 0 0 0 0 0 0 0 0 0 0 0 0 0 0 0 0 0 0 0 0 0 0 0 0 0 0 0 0 0 0 0 0 0 0 0 0 0 0 0 0 0 0 0 0 0 0 0 0 0 0 0 0 0 0 0 0 0 0 0 0 0 0 0 0 0 0 0 0 0 0 0 0 0 0 0 0 0 0 0 0 0 0 0 0 0 0 0 0 0 0 0 0 0 0 0 0 0 0 0 0 0 0 0 0 0 0 0 0 0 0 0 0 0 0 0 0 0 0 0 0 0 0 0 0 0 0 0 0 0 0 0 0 0 0 0 0 0 0 0 0 0 0 0 0 0 0 0 0 0 0 0 0 0 0 0 0 0 0 0 0 0 0 0 0 0 0 0 0 0 0 0 0 0 0 0 0 0 0 0 0 0 0 0 0 0 0 0 0 0 0 0 0 0 0 0 0 0 0 0 0 0 0 0 0 0 0 0 0 0 0 0 0 0 0 0 0 0 0 0 0 0 0 0 0 0 0 0 0 0 0 0 0 0 0 0 0 0 0 0 0 0 0 0 0 0 0 0 0 0 0 0 0 0 0 0 0 0 0 0 0 0 0 0 0 0 0 0 0 0 0 0 0 0 0 0 0 0 0 0 0 0 0 0 0 0 0 0 0 0 0 0 0 0 0 0 0 0 0 0 0 0 0 0 0 0 0 0 0 0 0 0 0 0 0 0 0 0 0 0 0 0 0 0 0 0 0 0 0 0 0 0 0 0 0 0 0 0 0 0 0 0 0 0 0 0 0 0 0 0 0 0 0 0 0 0 0 0 0 0 0 0 0 0 0 0 0 0 0 0 0 0 0 0 0 0 0 0 0 0 0 0 0 0 0 0 0 0 0 0 0 0 0 0 0 0 0 0 0 0 0 0 0 0 0 0 0 0 0 0 0 0 0 0 0 0 0 0 0 0 0 0 0 0 0 0 0 0 0 0 0 0 0 0 0 0 0 0 0 0 0 0 0 0 0 0 0 0 0 0 0 0 0 0 0 0 0 0 0 0 0 0 0 0 0 0 0 0 0 0 0 0 0 0 0 0 0 0 0 0 0 0 0 0 0 0 0 0 0 0 0 0 0 0 0 0 0 0 0 0 0 0 0 0 0 0 0 0 0 0 0 0 0 0 0 0 0 0 0 0 0 0 0 0 0 0 0 0 0 0 0 0 0 0 0 0 0 0 0 0 0 0 0 0 0 0 0 0 0 0 0 0 0 0 0 0 0 0 0 0 0 0 0 0 0 0 0 0 0 0 0 0 0 0 0 0 0 0 0 0 0 0 0 0 0 0 0 0 0 0 0 0 0 0 0 0 0 0 0 0 0 0 0 0 0 0 0 0 0 0 0 0 0 0 0 0 0 0 0 0 0 0 0 0 0 0 0 0 0 0 0 0 0 0 0 0 0 0 0 0 0 0 0 0 0 0 0 0 0 0 0 0 0 0 0 0 0 0 0 0 0 0 0 0 0 0 0 0 0 0 0 0 0 0 0 0 0 0 0 0 0 0 0 0 0 0 0 0 0 0 0 0 0 0 0 0 0 0 0 0 0 0 0 0 0 0 0 0 0 0 0 0 0 0 0 0 0 0 0 0 0 0 0 0 0 0 0 0 0 0 0 0 0 0 0 0 0 0 0 0 0 0 0 0 0 0 0 0 0 0 0 0 0 0 0 0 0 0 0 0 0 0 0 0 0 0 0 0 0 0 0 0 0 0 0 0 0 0 0 0 0 0 0 0 0 0 0 0 0 0 0 0 0 0 0 0 0 0 0 0 0 0 0 0 0 0 0 0 0 0 0 0 0 0 0 0 0 0 0 0 0 0 0 0 0 0 0 0 0 0 0 0 0 0 0 0 0 0 0 0 0 0 0 0 0 0 0 0 0 0 0 0 0 0 0 0 0 0 0 0 0 0 0 0 0 0 0 0 0 0 0 0 0 0 0 0 0 0 0 0 0 0 0 0 0 0 0 0 0 0 0 0 0 0 0 0 0 0 0 0 0 0 0 0 0 0 0 0 0 0 0 0 0 0 0 0 0 0 0 0 0 0 0 0 0 0 0 0 0 0 0 0 0 0 0 0 0 0 0 0 0 0 0 0 0 0 0 0 0 0 0 0 0 0 0 0 0 0 0 0 0 0 0 0 0 0 0 0 0 0 0 0 0 0 0 0 0 0 0 0 0 0 0 0 0 0 0 0 0 0 0 0 0 0 0 0 0 0 0 0 0 0 0 0 0 0 0 0 0 0 0 0 0 0 0 0 0 0 0 0 0 0 0 0 0 0 0 0 0 0 0 0 0 0 0 0 0 0 0 0 0 0 0 0 0 0 0 0 0 0 0 0 0 0 0 0 0 0 0 0 0 0 0 0 0 0 0 0 0 0 0 0 0 0 0 0 0 0 0 0 0 0 0 0 0 0 0 0 0 0 0 0 0 0 0 0 0 0 0 0 0 0 0 0 0 0 0 0 0 0 0 0 0 0 0 0 0 0 0 0 0 0 0 0 0 0 0 0 0 0 0 0 0 0 0 0 0 0 0 0 0 0 0 0 0 0 0 0 0 0 0 0 0 0 0 0 0 0 0 0 0 0 0 0 0 0 0 0 0 0 0 0 0 0 0 0 0 0 0 0 0 0 0 0 0 0 0 0 0 0 0 0 0 0 0 0 0 0 0 0 0 0 0 0 0 0 0 0 0 0 0 0 0 0 0 0 0 0 0 0 0 0 0 0 0 0 0 0 0 0 0 0 0 0 0 0 0 0 0 0 0 0 0 0 0 0 0 0 0 0 0 0 0 0 0 0 0 0 0 0 0 0 0 0 0 0 0 0 0 0 0 0 0 0 0 0 0 0 0 0 0 0 0 0 0 0 0 0 0 0 0 0 0 0 0 0 0 0 0 0 0 0 0 0 0 0 0 0 0 0 0 0 0 0 0 0 0 0 0 0 0 0 0 0 0 0 0 0 0 0 0 0 0 0 0 0 0 0 0 0 0 0 0 0 0 0 0 0 0 0 0 0 0 0 0 0 0 0 0 0 0 0 0 0 0 0 0 0 0 0 0 0 0 0 0 0 0 0 0 0 0 0 0 0 0 0 0 0 0 0 0 0 0 0 0 0 0 0 0 0 0 0 0 0 0 0 0 0 0 0 0 0 0 0 0 0 0 0 0 0 0 0 0 0 0 0 0 0 0 0 0 0 0 0 0 0 0 0 0 0 0 0 0 0 0 0 0 0 0 0 0 0 0 0 0 0 0 0 0 0 0 0 0 0 0 0 0 0 0 0 0 0 0 0 0 0 0 0 0 0 0 0 0 0 0 0 0 0 0 0 0 0 0 0 0 0 0 0 0 0 0 0 0 0 0 0 0 0 0 0 0 0 0 0 0 0 0 0 0 0 0 0 0 0 0 0 0 0 0 0 0 0 0 0 0 0 0 0 0 0 0 0 0 0 0 0 0 0 0 0 0 0 0 0 0 0 0 0 0 0 0 0 0 0 0 0 0 0 0 0 0 0 0 0 0 0 0 0 0 0 0 0 0 0 0 0 0 0 0 0 0 0 0 0 0 0 0 0 0 0 0 0 0 0 0 0 0 0 0 0 0 0 0 0 0 0 0 0 0 0 0 0 0 0 0 0 0 0 0 0 0 0 0 0 0 0 0 0 0 0 0 0 0 0 0 0 0 0 0 0 0 0 0 0 0 0 0 0 0 0 0 0 0 0 0 0 0 0 0 0 0 0 0 0 0 0 0 0 0 0 0 0 0 0 0 0 0 0 0 0 0 0 0 0 0 0 0 0 0 0 0 0 0 0 0 0 0 0 0 0 0 0 0 0 0 0 0 0 0 0 0 0 0 0 0 0 0 0 0 0 0 0 0 0 0 0 0 0 0 0 0 0 0 0 0 0 0 0 0 0 0 0 0 0 0 0 0 0 0 0 0 0 0 0 0 0 0 0 0 0 0 0 0 0 0 0 0 0 0 0 0 0 0 0 0 0 0 0 0 0 0 0 0 0 0 0 0 0 0 0 0 0 0 0 0 0 0 0 0 0 0 0 0 0 0 0 0 0 0 0 0 0 0 0 0 0 0 0 0 0 0 0 0 0 0 0 0 0 0 0 0 0 0 0 0 0 0 0 0 0 0 0 0 0 0 0 0 0 0 0 0 0 0 0 0 0 0 0 0 0 0 0 0 0 0 0 0 0 0 0 0 0 0 0 0 0 0 0 0 0 0 0 0 0 0 0 0 0 0 0 0 0 0 0 0 0 0 0 0 0 0 0 0 0 0 0 0 0 0 0 0 0 0 0 0 0 0 0 0 0 0 0 0 0 0 0 0 0 0 0 0 0 0 0 0 0 0 0 0 0 0 0 0 0 0 0 0 0 0 0 0 0 0 0 0 0 0 0 0 0 0 0 0 0 0 0 0 0 0 0 0 0 0 0 0 0 0 0 0 0 0 0 0 0 0 0 0 0 0 0 0 0 0 0 0 0 0 0 0 0 0 0 0 0 0 0 0 0 0 0 0 0 0 0 0 0 0 0 0 0 0 0 0 0 0 0 0 0 0 0 0 0 0 0 0 0 0 0 0 0 0 0 0 0 0 0 0 0 0 0 0 0 0 0 0 0 0 0 0 0 0 0 0 0 0 0 0 0 0 0 0 0 0 0 0 0 0 0 0 0 0 0 0 0 0 0 0 0 0 0 0 0 0 0 0 0 0 0 0 0 0 0 0 0 0 0 0 0 0 0 0 0 0 0 0 0 0 0 0 0 0 0 0 0 0 0 0 0 0 0 0 0 0 0 0 0 0 0 0 0 0 0 0 0 0 0 0 0 0 0 0 0 0 0 0 0 0 0 0 0 0 0 0 0 0 0 0 0 0 0 0 0 0 0 0 0 0 0 0 0 0 0 0 0 0 0 0 0 0 0 0 0 0 0 0 0 0 0 0 0 0 0 0 0 0 0 0 0 0 0 0 0 0 0 0 0 0 0 0 0 0 0 0 0 0 0 0 0 0 0 0 0 0 0 0 0 0 0 0 0 0 0 0 0 0 0 0 0 0 0 0 0 0 0 0 0 0 0 0 0 0 0 0 0 0 0 0 0 0 0 0 0 0 0 0 0 0 0 0 0 0 0 0 0 0 0 0 0 0 0 0 0 0 0 0 0 0 0 0 0 0 0 0 0 0 0 0 0 0 0 0 0 0 0 0 0 0 0 0 0 0 0 0 0 0 0 0 0 0 0 0 0 0 0 0 0 0 0 0 0 0 0 0 0 0 0 0 0 0 0 0 0 0 0 0 0 0 0 0 0 0 0 0 0 0 0 0 0 0 0 0 0 0 0 0 0 0 0 0 0 0 0 0 0 0 0 0 0 0 0 0 0 0 0 0 0 0 0 0 0 0 0 0 0 0 0 0 0 0 0 0 0 0 0 0 0 0 0 0 0 0 0 0 0 0 0 0 0 0 0 0 0 0 0 0 0 0 0 0 0 0 0 0 0 0 0 0 0 0 0 0 0 0 0 0 0 0 0 0 0 0 0 0 0 0 0 0 0 0 0 0 0 0 0 0 0 0 0 0 0 0 0 0 0 0 0 0 0 0 0 0 0 0 0 0 0 0 0 0 0 0 0 0 0 0 0 0 0 0 0 0 0 0 0 0 0 0 0 0 0 0 0 0 0 0 0 0 0 0 0 0 0 0 0 0 0 0 0 0 0 0 0 0 0 0 0 0 0 0 0 0 0 0 0 0 0 0 0 0 0 0 0 0 0 0 0 0 0 0 0 0 0 0 0 0 0 0 0 0 0 0 0 0 0 0 0 0 0 0 0 0 0 0 0 0 0 0 0 0 0 0 0 0 0 0 0 0 0 0 0 0 0 0 0 0 0 0 0 0 0 0 0 0 0 0 0 0 0 0 0 0 0 0 0 0 0 0 0 0 0 0 0 0 0 0 0 0 0 0 0 0 0 0 0 0 0 0 0 0 0 0 0 0 0 0 0 0 0 0 0 0 0 0 0 0 0 0 0 0 0 0 0 0 0 0 0 0 0 0 0 0 0 0 0 0 0 0 0 0 0 0 0 0 0 0 0 0 0 0 0 0 0 0 0 0 0 0 0 0 0 0 0 0 0 0 0 0 0 0 0 0 0 0 0 0 0 0 0 0 0 0 0 0 0 0 0 0 0 0 0 0 0 0 0 0 0 0 0 0 0 0 0 0 0 0 0 0 0 0 0 0 0 0 0 0 0 0 0 0 0 0 0 0 0 0 0 0 0 0 0 0 0 0 0 0 0 0 0 0 0 0 0 0 0 0 0 0 0 0 0 0 0 0 0 0 0 0 0 0 0 0 0 0 0 0 0 0 0 0 0 0 0 0 0 0 0 0 0 0 0 0 0 0 0 0 0 0 0 0 0 0 0 0 0 0 0 0 0 0 0 0 0 0 0 0 0 0 0 0 0 0 0 0 0 0 0 0 0 0 0 0 0 0 0 0 0 0 0 0 0 0 0 0 0 0 0 0 0 0 0 0 0 0 0 0 0 0 0 0 0 0 0 0 0 0 0 0 0 0 0 0 0 0 0 0 0 0 0 0 0 0 0 0 0 0 0 0 0 0 0 0 0 0 0 0 0 0 0 0 0 0 0 0 0 0 0 0 0 0 0 0 0 0 0 0 0 0 0 0 0 0 0 0 0 0 0 0 0 0 0 0 0 0 0 0 0 0 0 0 0 0 0 0 0 0 0 0 0 0 0 0 0 0 0 0 0 0 0 0 0 0 0 0 0 0 0 0 0 0 0 0 0 0 0 0 0 0 0 0 0 0 0 0 0 0 0 0 0 0 0 0 0 0 0 0 0 0 0 0 0 0 0 0 0 0 0 0 0 0 0 0 0 0 0 0 0 0 0 0 0 0 0 0 0 0 0 0 0 0 0 0 0 0 0 0 0 0 0 0 0 0 0 0 0 0 0 0 0 0 0 0 0 0 0 0 0 0 0 0 0 0 0 0 0 0 0 0 0 0 0 0 0 0 0 0 0 0 0 0 0 0 0 0 0 0 0 0 0 0 0 0 0 0 0 0 0 0 0 0 0 0 0 0 0 0 0 0 0 0 0 0 0 0 0 0 0 0 0 0 0 0 0 0 0 0 0 0 0 0 0 0 0 0 0 0 0 0 0 0 0 0 0 0 0 0 0 0 0 0 0 0 0 0 0 0 0 0 0 0 0 0 0 0 0 0 0 0 0 0 0 0 0 0 0 0 0 0 0 0 0 0 0 0 0 0 0 0 0 0 0 0 0 0 0 0 0 0 0 0 0 0 0 0 0 0 0 0 0 0 0 0 0 0 0 0 0 0 0 0 0 0 0 0 0 0 0 0 0 0 0 0 0 0 0 0 0 0 0 0 0 0 0 0 0 0 0 0 0 0 0 0 0 0 0 0 0 0 0 0 0 0 0 0 0 0 0 0 0 0 0 0 0 0 0 0 0 0 0 0 0 0 0 0 0 0 0 0 0 0 0 0 0 0 0 0 0 0 0 0 0 0 0 0 0 0 0 0 0 0 0 0 0 0 0 0 0 0 0 0 0 0 0 0 0 0 0 0 0 0 0 0 0 0 0 0 0 0 0 0 0 0 0 0 0 0 0 0 0 0 0 0 0 0 0 0 0 0 0 0 0 0 0 0 0 0 0 0 0 0 0 0 0 0 0 0 0 0 0 0 0 0 0 0 0 0 0 0 0 0 0 0 0 0 0 0 0 0 0 0 0 0 0 0 0 0 0 0 0 0 0 0 0 0 0 0 0 0 0 0 0 0 0 0 0 0 0 0 0 0 0 0 0 0 0 0 0 0 0 0 0 0 0 0 0 0 0 0 0 0 0 0 0 0 0 0 0 0 0 0 0 0 0 0 0 0 0 0 0 0 0 0 0 0 0 0 0 0 0 0 0 0 0 0 0 0 0 0 0 0 0 0 0 0 0 0 0 0 0 0 0 0 0 0 0 0 0 0 0 0 0 0 0 0 0 0 0 0 0 0 0 0 0 0 0 0 0 0 0 0 0 0 0 0 0 0 0 0 0 0 0 0 0 0 0 0 0 0 0 0 0 0 0 0 0 0 0 0 0 0 0 0 0 0 0 0 0 0 0 0 0 0 0 0 0 0 0 0 0 0 0 0 0 0 0 0 0 0 0 0 0 0 0 0 0 0 0 0 0 0 0 0 0 0 0 0 0 0 0 0 0 0 0 0 0 0 0 0 0 0 0 0 0 0 0 0 0 0 0 0 0 0 0 0 0 0 0 0 0 0 0 0 0 0 0 0 0 0 0 0 0 0 0 0 0 0 0 0 0 0 0 0 0 0 0 0 0 0 0 0 0 0 0 0 0 0 0 0 0 0 0 0 0 0 0 0 0 0 0 0 0 0 0 0 0 0 0 0 0 0 0 0 0 0 0 0 0 0 0 0 0 0 0 0 0 0 0 0 0 0 0 0 0 0 0 0 0 0 0 0 0 0 0 0 0 0 0 0 0 0 0 0 0 0 0 0 0 0 0 0 0 0 0 0 0 0 0 0 0 0 0 0 0 0 0 0 0 0 0 0 0 0 0 0 0 0 0 0 0 0 0 0 0 0 0 0 0 0 0 0 0 0 0 0 0 0 0 0 0 0 0 0 0 0 0 0 0 0 0 0 0 0 0 0 0 0 0 0 0 0 0 0 0 0 0 0 0 0 0 0 0 0 0 0 0 0 0 0 0 0 0 0 0 0 0 0 0 0 0 0 0 0 0 0 0 0 0 0 0 0 0 0 0 0 0 0 0 0 0 0 0 0 0 0 0 0 0 0 0 0 0 0 0 0 0 0 0 0 0 0 0 0 0 0 0 0 0 0 0 0 0 0 0 0 0 0 0 0 0 0 0 0 0 0 0 0 0 0 0 0 0 0 0 0 0 0 0 0 0 0 0 0 0 0 0 0 0 0 0 0 0 0 0 0 0 0 0 0 0 0 0 0 0 0 0 0 0 0 0 0 0 0 0 0 0 0 0 0 0 0 0 0 0 0 0 0 0 0 0 0 0 0 0 0 0 0 0 0 0 0 0 0 0 0 0 0 0 0 0 0 0 0 0 0 0 0 0 0 0 0 0 0 0 0 0 0 0 0 0 0 0 0 0 0 0 0 0 0 0 0 0 0 0 0 0 0 0 0 0 0 0 0 0 0 0 0 0 0 0 0 0 0 0 0 0 0 0 0 0 0 0 0 0 0 0 0 0 0 0 0 0 0 0 0 0 0 0 0 0 0 0 0 0 0 0 0 0 0 0 0 0 0 0 0 0 0 0 0 0 0 0 0 0 0 0 0 0 0 0 0 0 0 0 0 0 0 0 0 0 0 0 0 0 0 0 0 0 0 0 0 0 0 0 0 0 0 0 0 0 0 0 0 0 0 0 0 0 0 0 0 0 0 0 0 0 0 0 0 0 0 0 0 0 0 0 0 0 0 0 0 0 0 0 0 0 0 0 0 0 0 0 0 0 0 0 0 0 0 0 0 0 0 0 0 0 0 0 0 0 0 0 0 0 0 0 0 0 0 0 0 0 0 0 0 0 0 0 0 0 0 0 0 0 0 0 0 0 0 0 0 0 0 0 0 0 0 0 0 0 0 0 0 0 0 0 0 0 0 0 0 0 0 0 0 0 0 0 0 0 0 0 0 0 0 0 0 0 0 0 0 0 0 0 0 0 0 0 0 0 0 0 0 0 0 0 0 0 0 0 0 0 0 0 0 0 0 0 0 0 0 0 0 0 0 0 0 0 0 0 0 0 0 0 0 0 0 0 0 0 0 0 0 0 0 0 0 0 0 0 0 0 0 0 0 0 0 0 0 0 0 0 0 0 0 0 0 0 0 0 0 0 0 0 0 0 0 0 0 0 0 0 0 0 0 0 0 0 0 0 0 0 0 0 0 0 0 0 0 0 0 0 0 0 0 0 0 0 0 0 0 0 0 0 0 0 0 0 0 0 0 0 0 0 0 0 0 0 0 0 0 0 0 0 0 0 0 0 0 0 0 0 0 0 0 0 0 0 0 0 0 0 0 0 0 0 0 0 0 0 0 0 0 0 0 0 0 0 0 0 0 0 0 0 0 0 0 0 0 0 0 0 0 0 0 0 0 0 0 0 0 0 0 0 0 0 0 0 0 0 0 0 0 0 0 0 0 0 0 0 0 0 0 0 0 0 0 0 0 0 0 0 0 0 0 0 0 0 0 0 0 0 0 0 0 0 0 0 0 0 0 0 0 0 0 0 0 0 0 0 0 0 0 0 0 0 0 0 0 0 0 0 0 0 0 0 0 0 0 0 0 0 0 0 0 0 0 0 0 0 0 0 0 0 0 0 0 0 0 0 0 0 0 0 0 0 0 0 0 0 0 0 0 0 0 0 0 0 0 0 0 0 0 0 0 0 0 0 0 0 0 0 0 0 0 0 0 0 0 0 0 0 0 0 0 0 0 0 0 0 0 0 0 0 0 0 0 0 0 0 0 0 0 0 0 0 0 0 0 0 0 0 0 0 0 0 0 0 0 0 0 0 0 0 0 0 0 0 0 0 0 0 0 0 0 0 0 0 0 0 0 0 0 0 0 0 0 0 0 0 0 0 0 0 0 0 0 0 0 0 0 0 0 0 0 0 0 0 0 0 0 0 0 0 0 0 0 0 0 0 0 0 0 0 0 0 0 0 0 0 0 0 0 0 0 0 0 0 0 0 0 0 0 0 0 0 0 0 0 0 0 0 0 0 0 0 0 0 0 0 0 0 0 0 0 0 0 0 0 0 0 0 0 0 0 0 0 0 0 0 0 0 0 0 0 0 0 0 0 0 0 0 0 0 0 0 0 0 0 0 0 0 0 0 0 0 0 0 0 0 0 0 0 0 0 0 0 0 0 0 0 0 0 0 0 0 0 0 0 0 0 0 0 0 0 0 0 0 0 0 0 0 0 0 0 0 0 0 0 0 0 0 0 0 0 0 0 0 0 0 0 0 0 0 0 0 0 0 0 0 0 0 0 0 0 0 0 0 0 0 0 0 0 0 0 0 0 0 0 0 0 0 0 0 0 0 0 0 0 0 0 0 0 0 0 0 0 0 0 0 0 0 0 0 0 0 0 0 0 0 0 0 0 0 0 0 0 0 0 0 0 0 0 0 0 0 0 0 0 0 0 0 0 0 0 0 0 0 0 0 0 0 0 0 0 0 0 0 0 0 0 0 0 0 0 0 0 0 0 0 0 0 0 0 0 0 0 0 0 0 0 0 0 0 0 0 0 0 0 0 0 0 0 0 0 0 0 0 0 0 0 0 0 0 0 0 0 0 0 0 0 0 0 0 0 0 0 0 0 0 0 0 0 0 0 0 0 0 0 0 0 0 0 0 0 0 0 0 0 0 0 0 0 0 0 0 0 0 0 0 0 0 0 0 0 0 0 0 0 0 0 0 0 0 0 0 0 0 0 0 0 0 0 0 0 0 0 0 0 0 0 0 0 0 0 0 0 0 0 0 0 0 0 0 0 0 0 0 0 0 0 0 0 0 0 0 0 0 0 0 0 0 0 0 0 0 0 0 0 0 0 0 0 0 0 0 0 0 0 0 0 0 0 0 0 0 0 0 0 0 0 0 0 0 0 0 0 0 0 0 0 0 0 0 0 0 0 0 0 0 0 0 0 0 0 0 0 0 0 0 0 0 0 0 0 0 0 0 0 0 0 0 0 0 0 0 0 0 0 0 0 0 0 0 0 0 0 0 0 0 0 0 0 0 0 0 0 0 0 0 0 0 0 0 0 0 0 0 0 0 0 0 0 0 0 0 0 0 0 0 0 0 0 0 0 0 0 0 0 0 0 0 0 0 0 0 0 0 0 0 0 0 0 0 0 0 0 0 0 0 0 0 0 0 0 0 0 0 0 0 0 0 0 0 0 0 0 0 0 0 0 0 0 0 0 0 0 0 0 0 0 0 0 0 0 0 0 0 0 0 0 0 0 0 0 0 0 0 0 0 0 0 0 0 0 0 0 0 0 0 0 0 0 0 0 0 0 0 0 0 0 0 0 0 0 0 0 0 0 0 0 0 0 0 0 0 0 0 0 0 0 0 0 0 0 0 0 0 0 0 0 0 0 0 0 0 0 0 0 0 0 0 0 0 0 0 0 0 0 0 0 0 0 0 0 0 0 0 0 0 0 0 0 0 0 0 0 0 0 0 0 0 0 0 0 0 0 0 0 0 0 0 0 0 0 0 0 0 0 0 0 0 0 0 0 0 0 0 0 0 0 0 0 0 0 0 0 0 0 0 0 0 0 0 0 0 0 0 0 0 0 0 0 0 0 0 0 0 0 0 0 0 0 0 0 0 0 0 0 0 0 0 0 0 0 0 0 0 0 0 0 0 0 0 0 0 0 0 0 0 0 0 0 0 0 0 0 0 0 0 0 0 0 0 0 0 0 0 0 0 0 0 0 0 0 0 0 0 0 0 0 0 0 0 0 0 0 0 0 0 0 0 0 0 0 0 0 0 0 0 0 0 0 0 0 0 0 0 0 0 0 0 0 0 0 0 0 0 0 0 0 0 0 0 0 0 0 0 0 0 0 0 0 0 0 0 0 0 0 0 0 0 0 0 0 0 0 0 0 0 0 0 0 0 0 0 0 0 0 0 0 0 0 0 0 0 0 0 0 0 0 0 0 0 0 0 0 0 0 0 0 0 0 0 0 0 0 0 0 0 0 0 0 0 0 0 0 0 0 0 0 0 0 0 0 0 0 0 0 0 0 0 0 0 0 0 0 0 0 0 0 0 0 0 0 0 0 0 0 0 0 0 0 0 0 0 0 0 0 0 0 0 0 0 0 0 0 0 0 0 0 0 0 0 0 0 0 0 0 0 0 0 0 0 0 0 0 0 0 0 0 0 0 0 0 0 0 0 0 0 0 0 0 0 0 0 0 0 0 0 0 0 0 0 0 0 0 0 0 0 0 0 0 0 0 0 0 0 0 0 0 0 0 0 0 0 0 0 0 0 0 0 0 0 0 0 0 0 0 0 0 0 0 0 0 0 0 0 0 0 0 0 0 0 0 0 0 0 0 0 0 0 0 0 0 0 0 0 0 0 0 0 0 0 0 0 0 0 0 0 0 0 0 0 0 0 0 0 0 0 0 0 0 0 0 0 0 0 0 0 0 0 0 0 0 0 0 0 0 0 0 0 0 0 0 0 0 0 0 0 0 0 0 0 0 0 0 0 0 0 0 0 0 0 0 0 0 0 0 0 0 0 0 0 0 0 0 0 0 0 0 0 0 0 0 0 0 0 0 0 0 0 0 0 0 0 0 0 0 0 0 0 0 0 0 0 0 0 0 0 0 0 0 0 0 0 0 0 0 0 0 0 0 0 0 0 0 0 0 0 0 0 0 0 0 0 0 0 0 0 0 0 0 0 0 0 0 0 0 0 0 0 0 0 0 0 0 0 0 0 0 0 0 0 0 0 0 0 0 0 0 0 0 0 0 0 0 0 0 0 0 0 0 0 0 0 0 0 0 0 0 0 0 0 0 0 0 0 0 0 0 0 0 0 0 0 0 0 0 0 0 0 0 0 0 0 0 0 0 0 0 0 0 0 0 0 0 0 0 0 0 0 0 0 0 0 0 0 0 0 0 0 0 0 0 0 0 0 0 0 0 0 0 0 0 0 0 0 0 0 0 0 0 0 0 0 0 0 0 0 0 0 0 0 0 0 0 0 0 0 0 0 0 0 0 0 0 0 0 0 0 0 0 0 0 0 0 0 0 0 0 0 0 0 0 0 0 0 0 0 0 0 0 0 0 0 0 0 0 0 0 0 0 0 0 0 0 0 0 0 0 0 0 0 0 0 0 0 0 0 0 0 0 0 0 0 0 0 0 0 0 0 0 0 0 0 0 0 0 0 0 0 0 0 0 0 0 0 0 0 0 0 0 0 0 0 0 0 0 0 0 0 0 0 0 0 0 0 0 0 0 0 0 0 0 0 0 0 0 0 0 0 0 0 0 0 0 0 0 0 0 0 0 0 0 0 0 0 0 0 0 0 0 0 0 0 0 0 0 0 0 0 0 0 0 0 0 0 0 0 0 0 0 0 0 0 0 0 0 0 0 0 0 0 0 0 0 0 0 0 0 0 0 0 0 0 0 0 0 0 0 0 0 0 0 0 0 0 0 0 0 0 0 0 0 0 0 0 0 0 0 0 0 0 0 0 0 0 0 0 0 0 0 0 0 0 0 0 0 0 0 0 0 0 0 0 0 0 0 0 0 0 0 0 0 0 0 0 0 0 0 0 0 0 0 0 0 0 0 0 0 0 0 0 0 0 0 0 0 0 0 0 0 0 0 0 0 0 0 0 0 0 0 0 0 0 0 0 0 0 0 0 0 0 0 0 0 0 0 0 0 0 0 0 0 0 0 0 0 0 0 0 0 0 0 0 0 0 0 0 0 0 0 0 0 0 0 0 0 0 0 0 0 0 0 0 0 0 0 0 0 0 0 0 0 0 0 0 0 0 0 0 0 0 0 0 0 0 0 0 0 0 0 0 0 0 0 0 0 0 0 0 0 0 0 0 0 0 0 0 0 0 0 0 0 0 0 0 0 0 0 0 0 0 0 0 0 0 0 0 0 0 0 0 0 0 0 0 0 0 0 0 0 0 0 0 0 0 0 0 0 0 0 0 0 0 0 0 0 0 0 0 0 0 0 0 0 0 0 0 0 0 0 0 0 0 0 0 0 0 0 0 0 0 0 0 0 0 0 0 0 0 0 0 0 0 0 0 0 0 0 0 0 0 0 0 0 0 0 0 0 0 0 0 0 0 0 0 0 0 0 0 0 0 0 0 0 0 0 0 0 0 0 0 0 0 0 0 0 0 0 0 0 0 0 0 0 0 0 0 0 0 0 0 0 0 0 0 0 0 0 0 0 0 0 0 0 0 0 0 0 0 0 0 0 0 0 0 0 0 0 0 0 0 0 0 0 0 0 0 0 0 0 0 0 0 0 0 0 0 0 0 0 0 0 0 0 0 0 0 0 0 0 0 0 0 0 0 0 0 0 0 0 0 0 0 0 0 0 0 0 0 0 0 0 0 0 0 0 0 0 0 0 0 0 0 0 0 0 0 0 0 0 0 0 0 0 0 0 0 0 0 0 0 0 0 0 0 0 0 0 0 0 0 0 0 0 0 0 0 0 0 0 0 0 0 0 0 0 0 0 0 0 0 0 0 0 0 0 0 0 0 0 0 0 0 0 0 0 0 0 0 0 0 0 0 0 0 0 0 0 0 0 0 0 0 0 0 0 0 0 0 0 0 0 0 0 0 0 0 0 0 0 0 0 0 0 0 0 0 0 0 0 0 0 0 0 0 0 0 0 0 0 0 0 0 0 0 0 0 0 0 0 0 0 0 0 0 0 0 0 0 0 0 0 0 0 0 0 0 0 0 0 0 0 0 0 0 0 0 0 0 0 0 0 0 0 0 0 0 0 0 0 0 0 0 0 0 0 0 0 0 0 0 0 0 0 0 0 0 0 0 0 0 0 0 0 0 0 0 0 0 0 0 0 0 0 0 0 0 0 0 0 0 0 0 0 0 0 0 0 0 0 0 0 0 0 0 0 0 0 0 0 0 0 0 0 0 0 0 0 0 0 0 0 0 0 0 0 0 0 0 0 0 0 0 0 0 0 0 0 0 0 0 0 0 0 0 0 0 0 0 0 0 0 0 0 0 0 0 0 0 0 0 0 0 0 0 0 0 0 0 0 0 0 0 0 0 0 0 0 0 0 0 0 0 0 0 0 0 0 0 0 0 0 0 0 0 0 0 0 0 0 0 0 0 0 0 0 0 0 0 0 0 0 0 0 0 0 0 0 0 0 0 0 0 0 0 0 0 0 0 0 0 0 0 0 0 0 0 0 0 0 0 0 0 0 0 0 0 0 0 0 0 0 0 0 0 0 0 0 0 0 0 0 0 0 0 0 0 0 0 0 0 0 0 0 0 0 0 0 0 0 0 0 0 0 0 0 0 0 0 0 0 0 0 0 0 0 0 0 0 0 0 0 0 0 0 0 0 0 0 0 0 0 0 0 0 0 0 0 0 0 0 0 0 0 0 0 0 0 0 0 0 0 0 0 0 0 0 0 0 0 0 0 0 0 0 0 0 0 0 0 0 0 0 0 0 0 0 0 0 0 0 0 0 0 0 0 0 0 0 0 0 0 0 0 0 0 0 0 0 0 0 0 0 0 0 0 0 0 0 0 0 0 0 0 0 0 0 0 0 0 0 0 0 0 0 0 0 0 0 0 0 0 0 0 0 0 0 0 0 0 0 0 0 0 0 0 0 0 0 0 0 0 0 0 0 0 0 0 0 0 0 0 0 0 0 0 0 0 0 0 0 0 0 0 0 0 0 0 0 0 0 0 0 0 0 0 0 0 0 0 0 0 0 0 0 0 0 0 0 0 0 0 0 0 0 0 0 0 0 0 0 0 0 0 0 0 0 0 0 0 0 0 0 0 0 0 0 0 0 0 0 0 0 0 0 0 0 0 0 0 0 0 0 0 0 0 0 0 0 0 0 0 0 0 0 0 0 0 0 0 0 0 0 0 0 0 0 0 0 0 0 0 0 0 0 0 0 0 0 0 0 0 0 0 0 0 0 0 0 0 0 0 0 0 0 0 0 0 0 0 0 0 0 0 0 0 0 0 0 0 0 0 0 0 0 0 0 0 0 0 0 0 0 0 0 0 0 0 0 0 0 0 0 0 0 0 0 0 0 0 0 0 0 0 0 0 0 0 0 0 0 0 0 0 0 0 0 0 0 0 0 0 0 0 0 0 0 0 0 0 0 0 0 0 0 0 0 0 0 0 0 0 0 0 0 0 0 0 0 0 0 0 0 0 0 0 0 0 0 0 0 0 0 0 0 0 0 0 0 0 0 0 0 0 0 0 0 0 0 0 0 0 0 0 0 0 0 0 0 0 0 0 0 0 0 0 0 0 0 0 0 0 0 0 0 0 0 0 0 0 0 0 0 0 0 0 0 0 0 0 0 0 0 0 0 0 0 0 0 0 0 0 0 0 0 0 0 0 0 0 0 0 0 0 0 0 0 0 0 0 0 0 0 0 0 0 0 0 0 0 0 0 0 0 0 0 0 0 0 0 0 0 0 0 0 0 0 0 0 0 0 0 0 0 0 0 0 0 0 0 0 0 0 0 0 0 0 0 0 0 0 0 0 0 0 0 0 0 0 0 0 0 0 0 0 0 0 0 0 0 0 0 0 0 0 0 0 0 0 0 0 0 0 0 0 0 0 0 0 0 0 0 0 0 0 0 0 0 0 0 0 0 0 0 0 0 0 0 0 0 0 0 0 0 0 0 0 0 0 0 0 0 0 0 0 0 0 0 0 0 0 0 0 0 0 0 0 0 0 0 0 0 0 0 0 0 0 0 0 0 0 0 0 0 0 0 0 0 0 0 0 0 0 0 0 0 0 0 0 0 0 0 0 0 0 0 0 0 0 0 0 0 0 0 0 0 0 0 0 0 0 0 0 0 0 0 0 0 0 0 0 0 0 0 0 0 0 0 0 0 0 0 0 0 0 0 0 0 0 0 0 0 0 0 0 0 0 0 0 0 0 0 0 0 0 0 0 0 0 0 0 0 0 0 0 0 0 0 0 0 0 0 0 0 0 0 0 0 0 0 0 0 0 0 0 0 0 0 0 0 0 0 0 0 0 0 0 0 0 0 0 0 0 0 0 0 0 0 0 0 0 0 0 0 0 0 0 0 0 0 0 0 0 0 0 0 0 0 0 0 0 0 0 0 0 0 0 0 0 0 0 0 0 0 0 0 0 0 0 0 0 0 0 0 0 0 0 0 0 0 0 0 0 0 0 0 0 0 0 0 0 0 0 0 0 0 0 0 0 0 0 0 0 0 0 0 0 0 0 0 0 0 0 0 0 0 0 0 0 0 0 0 0 0 0 0 0 0 0 0 0 0 0 0 0 0 0 0 0 0 0 0 0 0 0 0 0 0 0 0 0 0 0 0 0 0 0 0 0 0 0 0 0 0 0 0 0 0 0 0 0 0 0 0 0 0 0 0 0 0 0 0 0 0 0 0 0 0 0 0 0 0 0 0 0 0 0 0 0 0 0 0 0 0 0 0 0 0 0 0 0 0 0 0 0 0 0 0 0 0 0 0 0 0 0 0 0 0 0 0 0 0 0 0 0 0 0 0 0 0 0 0 0 0 0 0 0 0 0 0 0 0 0 0 0 0 0 0 0 0 0 0 0 0 0 0 0 0 0 0 0 0 0 0 0 0 0 0 0 0 0 0 0 0 0 0 0 0 0 0 0 0 0 0 0 0 0 0 0 0 0 0 0 0 0 0 0 0 0 0 0 0 0 0 0 0 0 0 0 0 0 0 0 0 0 0 0 0 0 0 0 0 0 0 0 0 0 0 0 0 0 0 0 0 0 0 0 0 0 0 0 0 0 0 0 0 0 0 0 0 0 0 0 0 0 0 0 0 0 0 0 0 0 0 0 0 0 0 0 0 0 0 0 0 0 0 0 0 0 0 0 0 0 0 0 0 0 0 0 0 0 0 0 0 0 0 0 0 0 0 0 0 0 0 0 0 0 0 0 0 0 0 0 0 0 0 0 0 0 0 0 0 0 0 0 0 0 0 0 0 0 0 0 0 0 0 0 0 0 0 0 0 0 0 0 0 0 0 0 0 0 0 0 0 0 0 0 0 0 0 0 0 0 0 0 0 0 0 0 0 0 0 0 0 0 0 0 0 0 0 0 0 0 0 0 0 0 0 0 0 0 0 0 0 0 0 0 0 0 0 0 0 0 0 0 0 0 0 0 0 0 0 0 0 0 0 0 0 0 0 0 0 0 0 0 0 0 0 0 0 0 0 0 0 0 0 0 0 0 0 0 0 0 0 0 0 0 0 0 0 0 0 0 0 0 0 0 0 0 0 0 0 0 0 0 0 0 0 0 0 0 0 0 0 0 0 0 0 0 0 0 0 0 0 0 0 0 0 0 0 0 0 0 0 0 0 0 0 0 0 0 0 0 0 0 0 0 0 0 0 0 0 0 0 0 0 0 0 0 0 0 0 0 0 0 0 0 0 0 0 0 0 0 0 0 0 0 0 0 0 0 0 0 0 0 0 0 0 0 0 0 0 0 0 0 0 0 0 0 0 0 0 0 0 0 0 0 0 0 0 0 0 0 0 0 0 0 0 0 0 0 0 0 0 0 0 0 0 0 0 0 0 0 0 0 0 0 0 0 0 0 0 0 0 0 0 0 0 0 0 0 0 0 0 0 0 0 0 0 0 0 0 0 0 0 0 0 0 0 0 0 0 0 0 0 0 0 0 0 0 0 0 0 0 0 0 0 0 0 0 0 0 0 0 0 0 0 0 0 0 0 0 0 0 0 0 0 0 0 0 0 0 0 0 0 0 0 0 0 0 0 0 0 0 0 0 0 0 0 0 0 0 0 0 0 0 0 0 0 0 0 0 0 0 0 0 0 0 0 0 0 0 0 0 0 0 0 0 0 0 0 0 0 0 0 0 0 0 0 0 0 0 0 0 0 0 0 0 0 0 0 0 0 0 0 0 0 0 0 0 0 0 0 0 0 0 0 0 0 0 0 0 0 0 0 0 0 0 0 0 0 0 0 0 0 0 0 0 0 0 0 0 0 0 0 0 0 0 0 0 0 0 0 0 0 0 0 0 0 0 0 0 0 0 0 0 0 0 0 0 0 0 0 0 0 0 0 0 0 0 0 0 0 0 0 0 0 0 0 0 0 0 0 0 0 0 0 0 0 0 0 0 0 0 0 0 0 0 0 0 0 0 0 0 0 0 0 0 0 0 0 0 0 0 0 0 0 0 0 0 0 0 0 0 0 0 0 0 0 0 0 0 0 0 0 0 0 0 0 0 0 0 0 0 0 0 0 0 0 0 0 0 0 0 0 0 0 0 0 0 0 0 0 0 0 0 0 0 0 0 0 0 0 0 0 0 0 0 0 0 0 0 0 0 0 0 0 0 0 0 0 0 0 0 0 0 0 0 0 0 0 0 0 0 0 0 0 0 0 0 0 0 0 0 0 0 0 0 0 0 0 0 0 0 0 0 0 0 0 0 0 0 0 0 0 0 0 0 0 0 0 0 0 0 0 0 0 0 0 0 0 0 0 0 0 0 0 0 0 0 0 0 0 0 0 0 0 0 0 0 0 0 0 0 0 0 0 0 0 0 0 0 0 0 0 0 0 0 0 0 0 0 0 0 0 0 0 0 0 0 0 0 0 0 0 0 0 0 0 0 0 0 0 0 0 0 0 0 0 0 0 0 0 0 0 0 0 0 0 0 0 0 0 0 0 0 0 0 0 0 0 0 0 0 0 0 0 0 0 0 0 0 0 0 0 0 0 0 0 0 0 0 0 0 0 0 0 0 0 0 0 0 0 0 0 0 0 0 0 0 0 0 0 0 0 0 0 0 0 0 0 0 0 0 0 0 0 0 0 0 0 0 0 0 0 0 0 0 0 0 0 0 0 0 0 0 0 0 0 0 0 0 0 0 0 0 0 0 0 0 0 0 0 0 0 0 0 0 0 0 0 0 0 0 0 0 0 0 0 0 0 0 0 0 0 0 0 0 0 0 0 0 0 0 0 0 0 0 0 0 0 0 0 0 0 0 0 0 0 0 0 0 0 0 0 0 0 0 0 0 0 0 0 0 0 0 0 0 0 0 0 0 0 0 0 0 0 0 0 0 0 0 0 0 0 0 0 0 0 0 0 0 0 0 0 0 0 0 0 0 0 0 0 0 0 0 0 0 0 0 0 0 0 0 0 0 0 0 0 0 0 0 0 0 0 0 0 0 0 0 0 0 0 0 0 0 0 0 0 0 0 0 0 0 0 0 0 0 0 0 0 0 0 0 0 0 0 0 0 0 0 0 0 0 0 0 0 0 0 0 0 0 0 0 0 0 0 0 0 0 0 0 0 0 0 0 0 0 0 0 0 0 0 0 0 0 0 0 0 0 0 0 0 0 0 0 0 0 0 0 0 0 0 0 0 0 0 0 0 0 0 0 0 0 0 0 0 0 0 0 0 0 0 0 0 0 0 0 0 0 0 0 0 0 0 0 0 0 0 0 0 0 0 0 0 0 0 0 0 0 0 0 0 0 0 0 0 0 0 0 0 0 0 0 0 0 0 0 0 0 0 0 0 0 0 0 0 0 0 0 0 0 0 0 0 0 0 0 0 0 0 0 0 0 0 0 0 0 0 0 0 0 0 0 0 0 0 0 0 0 0 0 0 0 0 0 0 0 0 0 0 0 0 0 0 0 0 0 0 0 0 0 0 0 0 0 0 0 0 0 0 0 0 0 0 0 0 0 0 0 0 0 0 0 0 0 0 0 0 0 0 0 0 0 0 0 0 0 0 0 0 0 0 0 0 0 0 0 0 0 0 0 0 0 0 0 0 0 0 0 0 0 0 0 0 0 0 0 0 0 0 0 0 0 0 0 0 0 0 0 0 0 0 0 0 0 0 0 0 0 0 0 0 0 0 0 0 0 0 0 0 0 0 0 0 0 0 0 0 0 0 0 0 0 0 0 0 0 0 0 0 0 0 0 0 0 0 0 0 0 0 0 0 0 0 0 0 0 0 0 0 0 0 0 0 0 0 0 0 0 0 0 0 0 0 0 0 0 0 0 0 0 0 0 0 0 0 0 0 0 0 0 0 0 0 0 0 0 0 0 0 0 0 0 0 0 0 0 0 0 0 0 0 0 0 0 0 0 0 0 0 0 0 0 0 0 0 0 0 0 0 0 0 0 0 0 0 0 0 0 0 0 0 0 0 0 0 0 0 0 0 0 0 0 0 0 0 0 0 0 0 0 0 0 0 0 0 0 0 0 0 0 0 0 0 0 0 0 0 0 0 0 0 0 0 0 0 0 0 0 0 0 0 0 0 0 0 0 0 0 0 0 0 0 0 0 0 0 0 0 0 0 0 0 0 0 0 0 0 0 0 0 0 0 0 0 0 0 0 0 0 0 0 0 0 0 0 0 0 0 0 0 0 0 0 0 0 0 0 0 0 0 0 0 0 0 0 0 0 0 0 0 0 0 0 0 0 0 0 0 0 0 0 0 0 0 0 0 0 0 0 0 0 0 0 0 0 0 0 0 0 0 0 0 0 0 0 0 0 0 0 0 0 0 0 0 0 0 0 0 0 0 0 0 0 0 0 0 0 0 0 0 0 0 0 0 0 0 0 0 0 0 0 0 0 0 0 0 0 0 0 0 0 0 0 0 0 0 0 0 0 0 0 0 0 0 0 0 0 0 0 0 0 0 0 0 0 0 0 0 0 0 0 0 0 0 0 0 0 0 0 0 0 0 0 0 0 0 0 0 0 0 0 0 0 0 0 0 0 0 0 0 0 0 0 0 0 0 0 0 0 0 0 0 0 0 0 0 0 0 0 0 0 0 0 0 0 0 0 0 0 0 0 0 0 0 0 0 0 0 0 0 0 0 0 0 0 0 0 0 0 0 0 0 0 0 0 0 0 0 0 0 0 0 0 0 0 0 0 0 0 0 0 0 0 0 0 0 0 0 0 0 0 0 0 0 0 0 0 0 0 0 0 0 0 0 0 0 0 0 0 0 0 0 0 0 0 0 0 0 0 0 0 0 0 0 0 0 0 0 0 0 0 0 0 0 0 0 0 0 0 0 0 0 0 0 0 0 0 0 0 0 0 0 0 0 0 0 0 0 0 0 0 0 0 0 0 0 0 0 0 0 0 0 0 0 0 0 0 0 0 0 0 0 0 0 0 0 0 0 0 0 0 0 0 0 0 0 0 0 0 0 0 0 0 0 0 0 0 0 0 0 0 0 0 0 0 0 0 0 0 0 0 0 0 0 0 0 0 0 0 0 0 0 0 0 0 0 0 0 0 0 0 0 0 0 0 0 0 0 0 0 0 0 0 0 0 0 0 0 0 0 0 0 0 0 0 0 0 0 0 0 0 0 0 0 0 0 0 0 0 0 0 0 0 0 0 0 0 0 0 0 0 0 0 0 0 0 0 0 0 0 0 0 0 0 0 0 0 0 0 0 0 0 0 0 0 0 0 0 0 0 0 0 0 0 0 0 0 0 0 0 0 0 0 0 0 0 0 0 0 0 0 0 0 0 0 0 0 0 0 0 0 0 0 0 0 0 0 0 0 0 0 0 0 0 0 0 0 0 0 0 0 0 0 0 0 0 0 0 0 0 0 0 0 0 0 0 0 0 0 0 0 0 0 0 0 0 0 0 0 0 0 0 0 0 0 0 0 0 0 0 0 0 0 0 0 0 0 0 0 0 0 0 0 0 0 0 0 0 0 0 0 0 0 0 0 0 0 0 0 0 0 0 0 0 0 0 0 0 0 0 0 0 0 0 0 0 0 0 0 0 0 0 0 0 0 0 0 0 0 0 0 0 0 0 0 0 0 0 0 0 0 0 0 0 0 0 0 0 0 0 0 0 0 0 0 0 0 0 0 0 0 0 0 0 0 0 0 0 0 0 0 0 0 0 0 0 0 0 0 0 0 0 0 0 0 0 0 0 0 0 0 0 0 0 0 0 0 0 0 0 0 0 0 0 0 0 0 0 0 0 0 0 0 0 0 0 0 0 0 0 0 0 0 0 0 0 0 0 0 0 0 0 0 0 0 0 0 0 0 0 0 0 0 0 0 0 0 0 0 0 0 0 0 0 0 0 0 0 0 0 0 0 0 0 0 0 0 0 0 0 0 0 0 0 0 0 0 0 0 0 0 0 0 0 0 0 0 0 0 0 0 0 0 0 0 0 0 0 0 0 0 0 0 0 0 0 0 0 0 0 0 0 0 0 0 0 0 0 0 0 0 0 0 0 0 0 0 0 0 0 0 0 0 0 0 0 0 0 0 0 0 0 0 0 0 0 0 0 0 0 0 0 0 0 0 0 0 0 0 0 0 0 0 0 0 0 0 0 0 0 0 0 0 0 0 0 0 0 0 0 0 0 0 0 0 0 0 0 0 0 0 0 0 0 0 0 0 0 0 0 0 0 0 0 0 0 0 0 0 0 0 0 0 0 0 0 0 0 0 0 0 0 0 0 0 0 0 0 0 0 0 0 0 0 0 0 0 0 0 0 0 0 0 0 0 0 0 0 0 0 0 0 0 0 0 0 0 0 0 0 0 0 0 0 0 0 0 0 0 0 0 0 0 0 0 0 0 0 0 0 0 0 0 0 0 0 0 0 0 0 0 0 0 0 0 0 0 0 0 0 0 0 0 0 0 0 0 0 0 0 0 0 0 0 0 0 0 0 0 0 0 0 0 0 0 0 0 0 0 0 0 0 0 0 0 0 0 0 0 0 0 0 0 0 0 0 0 0 0 0 0 0 0 0 0 0 0 0 0 0 0 0 0 0 0 0 0 0 0 0 0 0 0 0 0 0 0 0 0 0 0 0 0 0 0 0 0 0 0 0 0 0 0 0 0 0 0 0 0 0 0 0 0 0 0 0 0 0 0 0 0 0 0 0 0 0 0 0 0 0 0 0 0 0 0 0 0 0 0 0 0 0 0 0 0 0 0 0 0 0 0 0 0 0 0 0 0 0 0 0 0 0 0 0 0 0 0 0 0 0 0 0 0 0 0 0 0 0 0 0 0 0 0 0 0 0 0 0 0 0 0 0 0 0 0 0 0 0 0 0 0 0 0 0 0 0 0 0 0 0 0 0 0 0 0 0 0 0 0 0 0 0 0 0 0 0 0 0 0 0 0 0 0 0 0 0 0 0 0 0 0 0 0 0 0 0 0 0 0 0 0 0 0 0 0 0 0 0 0 0 0 0 0 0 0 0 0 0 0 0 0 0 0 0 0 0 0 0 0 0 0 0 0 0 0 0 0 0 0 0 0 0 0 0 0 0 0 0 0 0 0 0 0 0 0 0 0 0 0 0 0 0 0 0 0 0 0 0 0 0 0 0 0 0 0 0 0 0 0 0 0 0 0 0 0 0 0 0 0 0 0 0 0 0 0 0 0 0 0 0 0 0 0 0 0 0 0 0 0 0 0 0 0 0 0 0 0 0 0 0 0 0 0 0 0 0 0 0 0 0 0 0 0 0 0 0 0 0 0 0 0 0 0 0 0 0 0 0 0 0 0 0 0 0 0 0 0 0 0 0 0 0 0 0 0 0 0 0 0 0 0 0 0 0 0 0 0 0 0 0 0 0 0 0 0 0 0 0 0 0 0 0 0 0 0 0 0 0 0 0 0 0 0 0 0 0 0 0 0 0 0 0 0 0 0 0 0 0 0 0 0 0 0 0 0 0 0 0 0 0 0 0 0 0 0 0 0 0 0 0 0 0 0 0 0 0 0 0 0 0 0 0 0 0 0 0 0 0 0 0 0 0 0 0 0 0 0 0 0 0 0 0 0 0 0 0 0 0 0 0 0 0 0 0 0 0 0 0 0 0 0 0 0 0 0 0 0 0 0 0 0 0 0 0 0 0 0 0 0 0 0 0 0 0 0 0 0 0 0 0 0 0 0 0 0 0 0 0 0 0 0 0 0 0 0 0 0 0 0 0 0 0 0 0 0 0 0 0 0 0 0 0 0 0 0 0 0 0 0 0 0 0 0 0 0 0 0 0 0 0 0 0 0 0 0 0 0 0 0 0 0 0 0 0 0 0 0 0 0 0 0 0 0 0 0 0 0 0 0 0 0 0 0 0 0 0 0 0 0 0 0 0 0 0 0 0 0 0 0 0 0 0 0 0 0 0 0 0 0 0 0 0 0 0 0 0 0 0 0 0 0 0 0 0 0 0 0 0 0 0 0 0 0 0 0 0 0 0 0 0 0 0 0 0 0 0 0 0 0 0 0 0 0 0 0 0 0 0 0 0 0 0 0 0 0 0 0 0 0 0 0 0 0 0 0 0 0 0 0 0 0 0 0 0 0 0 0 0 0 0 0 0 0 0 0 0 0 0 0 0 0 0 0 0 0 0 0 0 0 0 0 0 0 0 0 0 0 0 0 0 0 0 0 0 0 0 0 0 0 0 0 0 0 0 0 0 0 0 0 0 0 0 0 0 0 0 0 0 0 0 0 0 0 0 0 0 0 0 0 0 0 0 0 0 0 0 0 0 0 0 0 0 0 0 0 0 0 0 0 0 0 0 0 0 0 0 0 0 0 0 0 0 0 0 0 0 0 0 0 0 0 0 0 0 0 0 0 0 0 0 0 0 0 0 0 0 0 0 0 0 0 0 0 0 0 0 0 0 0 0 0 0 0 0 0 0 0 0 0 0 0 0 0 0 0 0 0 0 0 0 0 0 0 0 0 0 0 0 0 0 0 0 0 0 0 0 0 0 0 0 0 0 0 0 0 0 0 0 0 0 0 0 0 0 0 0 0 0 0 0 0 0 0 0 0 0 0 0 0 0 0 0 0 0 0 0 0 0 0 0 0 0 0 0 0 0 0 0 0 0 0 0 0 0 0 0 0 0 0 0 0 0 0 0 0 0 0 0 0 0 0 0 0 0 0 0 0 0 0 0 0 0 0 0 0 0 0 0 0 0 0 0 0 0 0 0 0 0 0 0 0 0 0 0 0 0 0 0 0 0 0 0 0 0 0 0 0 0 0 0 0 0 0 0 0 0 0 0 0 0 0 0 0 0 0 0 0 0 0 0 0 0 0 0 0 0 0 0 0 0 0 0 0 0 0 0 0 0 0 0 0 0 0 0 0 0 0 0 0 0 0 0 0 0 0 0 0 0 0 0 0 0 0 0 0 0 0 0 0 0 0 0 0 0 0 0 0 0 0 0 0 0 0 0 0 0 0 0 0 0 0 0 0 0 0 0 0 0 0 0 0 0 0 0 0 0 0 0 0 0 0 0 0 0 0 0 0 0 0 0 0 0 0 0 0 0 0 0 0 0 0 0 0 0 0 0 0 0 0 0 0 0 0 0 0 0 0 0 0 0 0 0 0 0 0 0 0 0 0 0 0 0 0 0 0 0 0 0 0 0 0 0 0 0 0 0 0 0 0 0 0 0 0 0 0 0 0 0 0 0 0 0 0 0 0 0 0 0 0 0 0 0 0 0 0 0 0 0 0 0 0 0 0 0 0 0 0 0 0 0 0 0 0 0 0 0 0 0 0 0 0 0 0 0 0 0 0 0 0 0 0 0 0 0 0 0 0 0 0 0 0 0 0 0 0 0 0 0 0 0 0 0 0 0 0 0 0 0 0 0 0 0 0 0 0 0 0 0 0 0 0 0 0 0 0 0 0 0 0 0 0 0 0 0 0 0 0 0 0 0 0 0 0 0 0 0 0 0 0 0 0 0 0 0 0 0 0 0 0 0 0 0 0 0 0 0 0 0 0 0 0 0 0 0 0 0 0 0 0 0 0 0 0 0 0 0 0 0 0 0 0 0 0 0 0 0 0 0 0 0 0 0 0 0 0 0 0 0 0 0 0 0 0 0 0 0 0 0 0 0 0 0 0 0 0 0 0 0 0 0 0 0 0 0 0 0 0 0 0 0 0 0 0 0 0 0 0 0 0 0 0 0 0 0 0 0 0 0 0 0 0 0 0 0 0 0 0 0 0 0 0 0 0 0 0 0 0 0 0 0 0 0 0 0 0 0 0 0 0 0 0 0 0 0 0 0 0 0 0 0 0 0 0 0 0 0 0 0 0 0 0 0 0 0 0 0 0 0 0 0 0 0 0 0 0 0 0 0 0 0 0 0 0 0 0 0 0 0 0 0 0 0 0 0 0 0 0 0 0 0 0 0 0 0 0 0 0 0 0 0 0 0 0 0 0 0 0 0 0 0 0 0 0 0 0 0 0 0 0 0 0 0 0 0 0 0 0 0 0 0 0 0 0 0 0 0 0 0 0 0 0 0 0 0 0 0 0 0 0 0 0 0 0 0 0 0 0 0 0 0 0 0 0 0 0 0 0 0 0 0 0 0 0 0 0 0 0 0 0 0 0 0 0 0 0 0 0 0 0 0 0 0 0 0 0 0 0 0 0 0 0 0 0 0 0 0 0 0 0 0 0 0 0 0 0 0 0 0 0 0 0 0 0 0 0 0 0 0 0 0 0 0.5794005 0.7955996 0.5794004 0.9544004 0.4205996 0.9544005 0.5794005 0.5455996 0.5794004 0.7044005 0.4205996 0.7044005 0.8294005 0.5455996 0.8294004 0.7044005 0.6705996 0.7044005 0.5794005 0.04559957 0.5794004 0.2044004 0.4205996 0.2044004 0.5794005 0.2955996 0.5794004 0.4544004 0.4205996 0.4544005 0.1705995 0.7044005 0.125 0.7044004 0.125 0.5455996 0.5794004 0 0.5794005 0.04559957 0.4205996 0.04559957 0.625 0.2044004 0.5794004 0.2044004 0.5794005 0.04559957 0.4205996 0.2955996 0.4205996 0.2044004 0.5794004 0.2044004 0.1705995 0.5455996 0.1705995 0.5 0.3294004 0.5 0.625 0.4544004 0.5794004 0.4544004 0.5794005 0.2955996 0.4205996 0.5455996 0.4205996 0.4544005 0.5794004 0.4544004 0.3294004 0.5455996 0.4205996 0.5455996 0.4205996 0.7044005 0.6705996 0.7044005 0.5794004 0.7044005 0.5794005 0.5455996 0.4205996 0.7955996 0.4205996 0.7044005 0.5794004 0.7044005 0.3294004 0.7044005 0.3294004 0.75 0.1705995 0.75 0.625 0.9544004 0.5794004 0.9544004 0.5794005 0.7955996 0.3294004 0.5455996 0.3294004 0.7044005 0.1705995 0.7044005</float_array>
          <technique_common>
            <accessor source="#Cube_002-mesh-map-array" count="23544" stride="2">
              <param name="S" type="float"/>
              <param name="T" type="float"/>
            </accessor>
          </technique_common>
        </source>
        <vertices id="Cube_002-mesh-vertices">
          <input semantic="POSITION" source="#Cube_002-mesh-positions"/>
        </vertices>
        <triangles material="Material_002-material" count="7848">
          <input semantic="VERTEX" source="#Cube_002-mesh-vertices" offset="0"/>
          <input semantic="NORMAL" source="#Cube_002-mesh-normals" offset="1"/>
          <input semantic="TEXCOORD" source="#Cube_002-mesh-map" offset="2" set="0"/>
          <p>16 0 0 1 0 1 14 0 2 22 1 3 13 1 4 20 1 5 9 2 6 15 2 7 21 2 8 5 3 9 7 3 10 2 3 11 10 4 12 19 4 13 8 4 14 0 5 15 1 5 16 2 5 17 3 6 18 4 6 19 5 6 20 6 7 21 7 7 22 8 7 23 9 8 24 10 8 25 11 8 26 12 9 27 13 9 28 14 9 29 15 10 30 16 10 31 17 10 32 18 11 33 19 11 34 20 11 35 21 12 36 22 12 37 23 12 38 0 13 39 7 13 40 6 13 41 3 14 42 2 14 43 1 14 44 9 15 45 5 15 46 4 15 47 8 16 48 11 16 49 10 16 50 6 17 51 19 17 52 18 17 53 21 18 54 10 18 55 9 18 56 20 19 57 23 19 58 22 19 59 18 20 60 13 20 61 12 20 62 15 21 63 22 21 64 21 21 65 14 22 66 17 22 67 16 22 68 12 23 69 1 23 70 0 23 71 4 24 72 16 24 73 15 24 74 18 25 75 0 25 76 6 25 77 3868 26 78 25 26 79 3808 26 80 330 27 81 391 27 82 270 27 83 452 28 84 513 28 85 392 28 86 574 29 87 635 29 88 514 29 89 696 30 90 757 30 91 636 30 92 818 31 93 879 31 94 758 31 95 940 32 96 1001 32 97 880 32 98 1062 33 99 1123 33 100 1002 33 101 1184 34 102 1245 34 103 1124 34 104 1306 35 105 1367 35 106 1246 35 107 1428 36 108 1489 36 109 1368 36 110 1550 37 111 1611 37 112 1490 37 113 1672 38 114 1733 38 115 1612 38 116 1794 39 117 1855 39 118 1734 39 119 1916 40 120 1977 40 121 1856 40 122 2038 41 123 2099 41 124 1978 41 125 2160 42 126 2221 42 127 2100 42 128 2282 43 129 2343 43 130 2222 43 131 2404 44 132 2465 44 133 2344 44 134 2526 45 135 2587 45 136 2466 45 137 2648 46 138 2709 46 139 2588 46 140 2770 47 141 2831 47 142 2710 47 143 2892 48 144 2953 48 145 2832 48 146 3014 49 147 3075 49 148 2954 49 149 3136 50 150 3197 50 151 3076 50 152 3258 51 153 3319 51 154 3198 51 155 3380 52 156 3441 52 157 3320 52 158 3502 53 159 3563 53 160 3442 53 161 3624 54 162 3685 54 163 3564 54 164 3746 55 165 3807 55 166 3686 55 167 208 56 168 269 56 169 148 56 170 817 2 171 329 2 172 2281 2 173 86 57 174 147 57 175 26 57 176 27 58 177 31 58 178 24 58 179 28 59 180 32 59 181 27 59 182 29 60 183 33 60 184 28 60 185 29 61 186 35 61 187 34 61 188 32 62 189 36 62 190 31 62 191 33 63 192 37 63 193 32 63 194 33 64 195 39 64 196 38 64 197 34 65 198 40 65 199 39 65 200 37 66 201 41 66 202 36 66 203 37 67 204 43 67 205 42 67 206 38 68 207 44 68 208 43 68 209 39 69 210 45 69 211 44 69 212 41 70 213 74 70 214 69 70 215 42 71 216 79 71 217 74 71 218 43 72 219 84 72 220 79 72 221 44 73 222 46 73 223 84 73 224 47 74 225 51 74 226 25 74 227 48 75 228 52 75 229 47 75 230 49 76 231 53 76 232 48 76 233 50 77 234 54 77 235 49 77 236 52 78 237 56 78 238 51 78 239 53 79 240 57 79 241 52 79 242 54 80 243 58 80 244 53 80 245 55 81 246 59 81 247 54 81 248 57 82 249 61 82 250 56 82 251 58 83 252 62 83 253 57 83 254 59 84 255 63 84 256 58 84 257 60 85 258 64 85 259 59 85 260 62 86 261 30 86 262 61 86 263 63 87 264 35 87 265 62 87 266 64 88 267 40 88 268 63 88 269 65 89 270 45 89 271 64 89 272 66 90 273 70 90 274 26 90 275 67 91 276 71 91 277 66 91 278 68 92 279 72 92 280 67 92 281 69 93 282 73 93 283 68 93 284 71 94 285 75 94 286 70 94 287 72 95 288 76 95 289 71 95 290 73 96 291 77 96 292 72 96 293 74 97 294 78 97 295 73 97 296 76 98 297 80 98 298 75 98 299 77 99 300 81 99 301 76 99 302 78 100 303 82 100 304 77 100 305 79 101 306 83 101 307 78 101 308 81 102 309 50 102 310 80 102 311 82 103 312 55 103 313 81 103 314 83 104 315 60 104 316 82 104 317 84 105 318 65 105 319 83 105 320 88 106 321 92 106 322 85 106 323 89 107 324 93 107 325 88 107 326 90 108 327 94 108 328 89 108 329 90 109 330 96 109 331 95 109 332 93 110 333 97 110 334 92 110 335 94 111 336 98 111 337 93 111 338 94 112 339 100 112 340 99 112 341 95 113 342 101 113 343 100 113 344 98 114 345 102 114 346 97 114 347 98 115 348 104 115 349 103 115 350 99 116 351 105 116 352 104 116 353 100 117 354 106 117 355 105 117 356 102 118 357 135 118 358 130 118 359 103 119 360 140 119 361 135 119 362 104 120 363 145 120 364 140 120 365 105 121 366 107 121 367 145 121 368 108 122 369 112 122 370 86 122 371 109 123 372 113 123 373 108 123 374 110 124 375 114 124 376 109 124 377 111 125 378 115 125 379 110 125 380 113 126 381 117 126 382 112 126 383 114 127 384 118 127 385 113 127 386 115 128 387 119 128 388 114 128 389 116 129 390 120 129 391 115 129 392 118 130 393 122 130 394 117 130 395 119 131 396 123 131 397 118 131 398 120 132 399 124 132 400 119 132 401 121 133 402 125 133 403 120 133 404 123 134 405 91 134 406 122 134 407 124 135 408 96 135 409 123 135 410 125 136 411 101 136 412 124 136 413 126 137 414 106 137 415 125 137 416 127 138 417 131 138 418 87 138 419 128 139 420 132 139 421 127 139 422 129 140 423 133 140 424 128 140 425 130 141 426 134 141 427 129 141 428 132 142 429 136 142 430 131 142 431 133 143 432 137 143 433 132 143 434 134 144 435 138 144 436 133 144 437 135 145 438 139 145 439 134 145 440 137 146 441 141 146 442 136 146 443 138 147 444 142 147 445 137 147 446 139 148 447 143 148 448 138 148 449 140 149 450 144 149 451 139 149 452 142 150 453 111 150 454 141 150 455 143 151 456 116 151 457 142 151 458 144 152 459 121 152 460 143 152 461 145 153 462 126 153 463 144 153 464 149 154 465 153 154 466 146 154 467 150 155 468 154 155 469 149 155 470 151 156 471 155 156 472 150 156 473 151 157 474 157 157 475 156 157 476 154 158 477 158 158 478 153 158 479 155 159 480 159 159 481 154 159 482 155 160 483 161 160 484 160 160 485 156 161 486 162 161 487 161 161 488 159 162 489 163 162 490 158 162 491 159 163 492 165 163 493 164 163 494 160 164 495 166 164 496 165 164 497 161 165 498 167 165 499 166 165 500 163 166 501 196 166 502 191 166 503 164 167 504 201 167 505 196 167 506 165 168 507 206 168 508 201 168 509 166 169 510 168 169 511 206 169 512 169 170 513 173 170 514 147 170 515 170 171 516 174 171 517 169 171 518 171 172 519 175 172 520 170 172 521 172 173 522 176 173 523 171 173 524 174 174 525 178 174 526 173 174 527 175 175 528 179 175 529 174 175 530 176 176 531 180 176 532 175 176 533 177 177 534 181 177 535 176 177 536 179 178 537 183 178 538 178 178 539 180 179 540 184 179 541 179 179 542 181 180 543 185 180 544 180 180 545 182 181 546 186 181 547 181 181 548 184 182 549 152 182 550 183 182 551 185 183 552 157 183 553 184 183 554 186 184 555 162 184 556 185 184 557 187 185 558 167 185 559 186 185 560 188 186 561 192 186 562 148 186 563 189 187 564 193 187 565 188 187 566 190 188 567 194 188 568 189 188 569 191 189 570 195 189 571 190 189 572 193 190 573 197 190 574 192 190 575 194 191 576 198 191 577 193 191 578 195 192 579 199 192 580 194 192 581 196 193 582 200 193 583 195 193 584 198 194 585 202 194 586 197 194 587 199 195 588 203 195 589 198 195 590 200 196 591 204 196 592 199 196 593 201 197 594 205 197 595 200 197 596 203 198 597 172 198 598 202 198 599 204 199 600 177 199 601 203 199 602 205 200 603 182 200 604 204 200 605 206 201 606 187 201 607 205 201 608 210 202 609 214 202 610 207 202 611 211 203 612 215 203 613 210 203 614 212 204 615 216 204 616 211 204 617 212 205 618 218 205 619 217 205 620 215 206 621 219 206 622 214 206 623 216 207 624 220 207 625 215 207 626 216 208 627 222 208 628 221 208 629 217 209 630 223 209 631 222 209 632 220 210 633 224 210 634 219 210 635 220 211 636 226 211 637 225 211 638 221 212 639 227 212 640 226 212 641 222 213 642 228 213 643 227 213 644 224 214 645 257 214 646 252 214 647 225 215 648 262 215 649 257 215 650 226 216 651 267 216 652 262 216 653 227 217 654 229 217 655 267 217 656 230 218 657 234 218 658 208 218 659 231 219 660 235 219 661 230 219 662 232 220 663 236 220 664 231 220 665 233 221 666 237 221 667 232 221 668 235 222 669 239 222 670 234 222 671 236 223 672 240 223 673 235 223 674 237 224 675 241 224 676 236 224 677 238 225 678 242 225 679 237 225 680 240 226 681 244 226 682 239 226 683 241 227 684 245 227 685 240 227 686 242 228 687 246 228 688 241 228 689 243 229 690 247 229 691 242 229 692 245 230 693 213 230 694 244 230 695 246 231 696 218 231 697 245 231 698 247 232 699 223 232 700 246 232 701 248 233 702 228 233 703 247 233 704 249 234 705 253 234 706 209 234 707 250 235 708 254 235 709 249 235 710 251 236 711 255 236 712 250 236 713 252 237 714 256 237 715 251 237 716 254 238 717 258 238 718 253 238 719 255 239 720 259 239 721 254 239 722 256 240 723 260 240 724 255 240 725 257 241 726 261 241 727 256 241 728 259 242 729 263 242 730 258 242 731 260 243 732 264 243 733 259 243 734 261 244 735 265 244 736 260 244 737 262 245 738 266 245 739 261 245 740 264 246 741 233 246 742 263 246 743 265 247 744 238 247 745 264 247 746 266 248 747 243 248 748 265 248 749 267 249 750 248 249 751 266 249 752 271 250 753 275 250 754 268 250 755 272 251 756 276 251 757 271 251 758 273 252 759 277 252 760 272 252 761 273 253 762 279 253 763 278 253 764 276 254 765 280 254 766 275 254 767 277 255 768 281 255 769 276 255 770 277 256 771 283 256 772 282 256 773 278 257 774 284 257 775 283 257 776 281 258 777 285 258 778 280 258 779 281 259 780 287 259 781 286 259 782 282 260 783 288 260 784 287 260 785 283 261 786 289 261 787 288 261 788 285 262 789 318 262 790 313 262 791 286 263 792 323 263 793 318 263 794 287 264 795 328 264 796 323 264 797 288 265 798 290 265 799 328 265 800 291 266 801 295 266 802 269 266 803 292 267 804 296 267 805 291 267 806 293 268 807 297 268 808 292 268 809 294 269 810 298 269 811 293 269 812 296 270 813 300 270 814 295 270 815 297 271 816 301 271 817 296 271 818 298 272 819 302 272 820 297 272 821 299 273 822 303 273 823 298 273 824 301 274 825 305 274 826 300 274 827 302 275 828 306 275 829 301 275 830 303 276 831 307 276 832 302 276 833 304 277 834 308 277 835 303 277 836 306 278 837 274 278 838 305 278 839 307 279 840 279 279 841 306 279 842 308 280 843 284 280 844 307 280 845 309 281 846 289 281 847 308 281 848 310 282 849 314 282 850 270 282 851 311 283 852 315 283 853 310 283 854 312 284 855 316 284 856 311 284 857 313 285 858 317 285 859 312 285 860 315 286 861 319 286 862 314 286 863 316 287 864 320 287 865 315 287 866 317 288 867 321 288 868 316 288 869 318 289 870 322 289 871 317 289 872 320 290 873 324 290 874 319 290 875 321 291 876 325 291 877 320 291 878 322 292 879 326 292 880 321 292 881 323 293 882 327 293 883 322 293 884 325 294 885 294 294 886 324 294 887 326 295 888 299 295 889 325 295 890 327 296 891 304 296 892 326 296 893 328 297 894 309 297 895 327 297 896 332 298 897 336 298 898 329 298 899 333 299 900 337 299 901 332 299 902 334 300 903 338 300 904 333 300 905 334 301 906 340 301 907 339 301 908 337 302 909 341 302 910 336 302 911 338 303 912 342 303 913 337 303 914 338 304 915 344 304 916 343 304 917 339 305 918 345 305 919 344 305 920 342 306 921 346 306 922 341 306 923 342 307 924 348 307 925 347 307 926 343 308 927 349 308 928 348 308 929 344 309 930 350 309 931 349 309 932 346 310 933 379 310 934 374 310 935 347 311 936 384 311 937 379 311 938 348 312 939 389 312 940 384 312 941 349 313 942 351 313 943 389 313 944 352 314 945 356 314 946 330 314 947 353 315 948 357 315 949 352 315 950 354 316 951 358 316 952 353 316 953 355 317 954 359 317 955 354 317 956 357 318 957 361 318 958 356 318 959 358 319 960 362 319 961 357 319 962 359 320 963 363 320 964 358 320 965 360 321 966 364 321 967 359 321 968 362 322 969 366 322 970 361 322 971 363 323 972 367 323 973 362 323 974 364 324 975 368 324 976 363 324 977 365 325 978 369 325 979 364 325 980 367 326 981 335 326 982 366 326 983 368 327 984 340 327 985 367 327 986 369 328 987 345 328 988 368 328 989 370 329 990 350 329 991 369 329 992 371 330 993 375 330 994 331 330 995 372 331 996 376 331 997 371 331 998 373 332 999 377 332 1000 372 332 1001 374 333 1002 378 333 1003 373 333 1004 376 334 1005 380 334 1006 375 334 1007 377 335 1008 381 335 1009 376 335 1010 378 336 1011 382 336 1012 377 336 1013 379 337 1014 383 337 1015 378 337 1016 381 338 1017 385 338 1018 380 338 1019 382 339 1020 386 339 1021 381 339 1022 383 340 1023 387 340 1024 382 340 1025 384 341 1026 388 341 1027 383 341 1028 386 342 1029 355 342 1030 385 342 1031 387 343 1032 360 343 1033 386 343 1034 388 344 1035 365 344 1036 387 344 1037 389 345 1038 370 345 1039 388 345 1040 393 346 1041 397 346 1042 390 346 1043 394 347 1044 398 347 1045 393 347 1046 395 348 1047 399 348 1048 394 348 1049 395 349 1050 401 349 1051 400 349 1052 398 350 1053 402 350 1054 397 350 1055 399 351 1056 403 351 1057 398 351 1058 399 352 1059 405 352 1060 404 352 1061 400 353 1062 406 353 1063 405 353 1064 403 354 1065 407 354 1066 402 354 1067 403 355 1068 409 355 1069 408 355 1070 404 356 1071 410 356 1072 409 356 1073 405 357 1074 411 357 1075 410 357 1076 407 358 1077 440 358 1078 435 358 1079 408 359 1080 445 359 1081 440 359 1082 409 360 1083 450 360 1084 445 360 1085 410 361 1086 412 361 1087 450 361 1088 413 362 1089 417 362 1090 391 362 1091 414 363 1092 418 363 1093 413 363 1094 415 364 1095 419 364 1096 414 364 1097 416 365 1098 420 365 1099 415 365 1100 418 366 1101 422 366 1102 417 366 1103 419 367 1104 423 367 1105 418 367 1106 420 368 1107 424 368 1108 419 368 1109 421 369 1110 425 369 1111 420 369 1112 423 370 1113 427 370 1114 422 370 1115 424 371 1116 428 371 1117 423 371 1118 425 372 1119 429 372 1120 424 372 1121 426 373 1122 430 373 1123 425 373 1124 428 374 1125 396 374 1126 427 374 1127 429 375 1128 401 375 1129 428 375 1130 430 376 1131 406 376 1132 429 376 1133 431 377 1134 411 377 1135 430 377 1136 432 378 1137 436 378 1138 392 378 1139 433 379 1140 437 379 1141 432 379 1142 434 380 1143 438 380 1144 433 380 1145 435 381 1146 439 381 1147 434 381 1148 437 382 1149 441 382 1150 436 382 1151 438 383 1152 442 383 1153 437 383 1154 439 384 1155 443 384 1156 438 384 1157 440 385 1158 444 385 1159 439 385 1160 442 386 1161 446 386 1162 441 386 1163 443 387 1164 447 387 1165 442 387 1166 444 388 1167 448 388 1168 443 388 1169 445 389 1170 449 389 1171 444 389 1172 447 390 1173 416 390 1174 446 390 1175 448 391 1176 421 391 1177 447 391 1178 449 392 1179 426 392 1180 448 392 1181 450 393 1182 431 393 1183 449 393 1184 454 394 1185 458 394 1186 451 394 1187 455 395 1188 459 395 1189 454 395 1190 456 396 1191 460 396 1192 455 396 1193 456 397 1194 462 397 1195 461 397 1196 459 398 1197 463 398 1198 458 398 1199 460 399 1200 464 399 1201 459 399 1202 460 400 1203 466 400 1204 465 400 1205 461 401 1206 467 401 1207 466 401 1208 464 402 1209 468 402 1210 463 402 1211 464 403 1212 470 403 1213 469 403 1214 465 404 1215 471 404 1216 470 404 1217 466 405 1218 472 405 1219 471 405 1220 468 406 1221 501 406 1222 496 406 1223 469 407 1224 506 407 1225 501 407 1226 470 408 1227 511 408 1228 506 408 1229 471 409 1230 473 409 1231 511 409 1232 474 410 1233 478 410 1234 452 410 1235 475 411 1236 479 411 1237 474 411 1238 476 412 1239 480 412 1240 475 412 1241 477 413 1242 481 413 1243 476 413 1244 479 414 1245 483 414 1246 478 414 1247 480 415 1248 484 415 1249 479 415 1250 481 416 1251 485 416 1252 480 416 1253 482 417 1254 486 417 1255 481 417 1256 484 418 1257 488 418 1258 483 418 1259 485 419 1260 489 419 1261 484 419 1262 486 420 1263 490 420 1264 485 420 1265 487 421 1266 491 421 1267 486 421 1268 489 422 1269 457 422 1270 488 422 1271 490 423 1272 462 423 1273 489 423 1274 491 424 1275 467 424 1276 490 424 1277 492 425 1278 472 425 1279 491 425 1280 493 426 1281 497 426 1282 453 426 1283 494 427 1284 498 427 1285 493 427 1286 495 428 1287 499 428 1288 494 428 1289 496 429 1290 500 429 1291 495 429 1292 498 430 1293 502 430 1294 497 430 1295 499 431 1296 503 431 1297 498 431 1298 500 432 1299 504 432 1300 499 432 1301 501 433 1302 505 433 1303 500 433 1304 503 434 1305 507 434 1306 502 434 1307 504 435 1308 508 435 1309 503 435 1310 505 436 1311 509 436 1312 504 436 1313 506 437 1314 510 437 1315 505 437 1316 508 438 1317 477 438 1318 507 438 1319 509 439 1320 482 439 1321 508 439 1322 510 440 1323 487 440 1324 509 440 1325 511 441 1326 492 441 1327 510 441 1328 515 442 1329 519 442 1330 512 442 1331 516 443 1332 520 443 1333 515 443 1334 517 444 1335 521 444 1336 516 444 1337 517 445 1338 523 445 1339 522 445 1340 520 446 1341 524 446 1342 519 446 1343 521 447 1344 525 447 1345 520 447 1346 521 448 1347 527 448 1348 526 448 1349 522 449 1350 528 449 1351 527 449 1352 525 450 1353 529 450 1354 524 450 1355 525 451 1356 531 451 1357 530 451 1358 526 452 1359 532 452 1360 531 452 1361 527 453 1362 533 453 1363 532 453 1364 529 454 1365 562 454 1366 557 454 1367 530 455 1368 567 455 1369 562 455 1370 531 456 1371 572 456 1372 567 456 1373 532 457 1374 534 457 1375 572 457 1376 535 458 1377 539 458 1378 513 458 1379 536 459 1380 540 459 1381 535 459 1382 537 460 1383 541 460 1384 536 460 1385 538 461 1386 542 461 1387 537 461 1388 540 462 1389 544 462 1390 539 462 1391 541 463 1392 545 463 1393 540 463 1394 542 464 1395 546 464 1396 541 464 1397 543 465 1398 547 465 1399 542 465 1400 545 466 1401 549 466 1402 544 466 1403 546 467 1404 550 467 1405 545 467 1406 547 468 1407 551 468 1408 546 468 1409 548 469 1410 552 469 1411 547 469 1412 550 470 1413 518 470 1414 549 470 1415 551 471 1416 523 471 1417 550 471 1418 552 472 1419 528 472 1420 551 472 1421 553 473 1422 533 473 1423 552 473 1424 554 474 1425 558 474 1426 514 474 1427 555 475 1428 559 475 1429 554 475 1430 556 476 1431 560 476 1432 555 476 1433 557 477 1434 561 477 1435 556 477 1436 559 478 1437 563 478 1438 558 478 1439 560 479 1440 564 479 1441 559 479 1442 561 480 1443 565 480 1444 560 480 1445 562 481 1446 566 481 1447 561 481 1448 564 482 1449 568 482 1450 563 482 1451 565 483 1452 569 483 1453 564 483 1454 566 484 1455 570 484 1456 565 484 1457 567 485 1458 571 485 1459 566 485 1460 569 486 1461 538 486 1462 568 486 1463 570 487 1464 543 487 1465 569 487 1466 571 488 1467 548 488 1468 570 488 1469 572 489 1470 553 489 1471 571 489 1472 576 490 1473 580 490 1474 573 490 1475 577 491 1476 581 491 1477 576 491 1478 578 492 1479 582 492 1480 577 492 1481 578 493 1482 584 493 1483 583 493 1484 581 494 1485 585 494 1486 580 494 1487 582 495 1488 586 495 1489 581 495 1490 582 496 1491 588 496 1492 587 496 1493 583 497 1494 589 497 1495 588 497 1496 586 498 1497 590 498 1498 585 498 1499 586 499 1500 592 499 1501 591 499 1502 587 500 1503 593 500 1504 592 500 1505 588 501 1506 594 501 1507 593 501 1508 590 502 1509 623 502 1510 618 502 1511 591 503 1512 628 503 1513 623 503 1514 592 504 1515 633 504 1516 628 504 1517 593 505 1518 595 505 1519 633 505 1520 596 506 1521 600 506 1522 574 506 1523 597 507 1524 601 507 1525 596 507 1526 598 508 1527 602 508 1528 597 508 1529 599 509 1530 603 509 1531 598 509 1532 601 510 1533 605 510 1534 600 510 1535 602 511 1536 606 511 1537 601 511 1538 603 512 1539 607 512 1540 602 512 1541 604 513 1542 608 513 1543 603 513 1544 606 514 1545 610 514 1546 605 514 1547 607 515 1548 611 515 1549 606 515 1550 608 516 1551 612 516 1552 607 516 1553 609 517 1554 613 517 1555 608 517 1556 611 518 1557 579 518 1558 610 518 1559 612 519 1560 584 519 1561 611 519 1562 613 520 1563 589 520 1564 612 520 1565 614 521 1566 594 521 1567 613 521 1568 615 522 1569 619 522 1570 575 522 1571 616 523 1572 620 523 1573 615 523 1574 617 524 1575 621 524 1576 616 524 1577 618 525 1578 622 525 1579 617 525 1580 620 526 1581 624 526 1582 619 526 1583 621 527 1584 625 527 1585 620 527 1586 622 528 1587 626 528 1588 621 528 1589 623 529 1590 627 529 1591 622 529 1592 625 530 1593 629 530 1594 624 530 1595 626 531 1596 630 531 1597 625 531 1598 627 532 1599 631 532 1600 626 532 1601 628 533 1602 632 533 1603 627 533 1604 630 534 1605 599 534 1606 629 534 1607 631 535 1608 604 535 1609 630 535 1610 632 536 1611 609 536 1612 631 536 1613 633 537 1614 614 537 1615 632 537 1616 637 538 1617 641 538 1618 634 538 1619 638 539 1620 642 539 1621 637 539 1622 639 540 1623 643 540 1624 638 540 1625 639 541 1626 645 541 1627 644 541 1628 642 542 1629 646 542 1630 641 542 1631 643 543 1632 647 543 1633 642 543 1634 643 544 1635 649 544 1636 648 544 1637 644 545 1638 650 545 1639 649 545 1640 647 546 1641 651 546 1642 646 546 1643 647 547 1644 653 547 1645 652 547 1646 648 548 1647 654 548 1648 653 548 1649 649 549 1650 655 549 1651 654 549 1652 651 550 1653 684 550 1654 679 550 1655 652 551 1656 689 551 1657 684 551 1658 653 552 1659 694 552 1660 689 552 1661 654 553 1662 656 553 1663 694 553 1664 657 554 1665 661 554 1666 635 554 1667 658 555 1668 662 555 1669 657 555 1670 659 556 1671 663 556 1672 658 556 1673 660 557 1674 664 557 1675 659 557 1676 662 558 1677 666 558 1678 661 558 1679 663 559 1680 667 559 1681 662 559 1682 664 560 1683 668 560 1684 663 560 1685 665 561 1686 669 561 1687 664 561 1688 667 562 1689 671 562 1690 666 562 1691 668 563 1692 672 563 1693 667 563 1694 669 564 1695 673 564 1696 668 564 1697 670 565 1698 674 565 1699 669 565 1700 672 566 1701 640 566 1702 671 566 1703 673 567 1704 645 567 1705 672 567 1706 674 568 1707 650 568 1708 673 568 1709 675 569 1710 655 569 1711 674 569 1712 676 570 1713 680 570 1714 636 570 1715 677 571 1716 681 571 1717 676 571 1718 678 572 1719 682 572 1720 677 572 1721 679 573 1722 683 573 1723 678 573 1724 681 574 1725 685 574 1726 680 574 1727 682 575 1728 686 575 1729 681 575 1730 683 576 1731 687 576 1732 682 576 1733 684 577 1734 688 577 1735 683 577 1736 686 578 1737 690 578 1738 685 578 1739 687 579 1740 691 579 1741 686 579 1742 688 580 1743 692 580 1744 687 580 1745 689 581 1746 693 581 1747 688 581 1748 691 582 1749 660 582 1750 690 582 1751 692 583 1752 665 583 1753 691 583 1754 693 584 1755 670 584 1756 692 584 1757 694 585 1758 675 585 1759 693 585 1760 698 586 1761 702 586 1762 695 586 1763 699 587 1764 703 587 1765 698 587 1766 700 588 1767 704 588 1768 699 588 1769 700 589 1770 706 589 1771 705 589 1772 703 590 1773 707 590 1774 702 590 1775 704 591 1776 708 591 1777 703 591 1778 704 592 1779 710 592 1780 709 592 1781 705 593 1782 711 593 1783 710 593 1784 708 594 1785 712 594 1786 707 594 1787 708 595 1788 714 595 1789 713 595 1790 709 596 1791 715 596 1792 714 596 1793 710 597 1794 716 597 1795 715 597 1796 712 598 1797 745 598 1798 740 598 1799 713 599 1800 750 599 1801 745 599 1802 714 600 1803 755 600 1804 750 600 1805 715 601 1806 717 601 1807 755 601 1808 718 602 1809 722 602 1810 696 602 1811 719 603 1812 723 603 1813 718 603 1814 720 604 1815 724 604 1816 719 604 1817 721 605 1818 725 605 1819 720 605 1820 723 606 1821 727 606 1822 722 606 1823 724 607 1824 728 607 1825 723 607 1826 725 608 1827 729 608 1828 724 608 1829 726 609 1830 730 609 1831 725 609 1832 728 610 1833 732 610 1834 727 610 1835 729 611 1836 733 611 1837 728 611 1838 730 612 1839 734 612 1840 729 612 1841 731 613 1842 735 613 1843 730 613 1844 733 614 1845 701 614 1846 732 614 1847 734 615 1848 706 615 1849 733 615 1850 735 616 1851 711 616 1852 734 616 1853 736 617 1854 716 617 1855 735 617 1856 737 618 1857 741 618 1858 697 618 1859 738 619 1860 742 619 1861 737 619 1862 739 620 1863 743 620 1864 738 620 1865 740 621 1866 744 621 1867 739 621 1868 742 622 1869 746 622 1870 741 622 1871 743 623 1872 747 623 1873 742 623 1874 744 624 1875 748 624 1876 743 624 1877 745 625 1878 749 625 1879 744 625 1880 747 626 1881 751 626 1882 746 626 1883 748 627 1884 752 627 1885 747 627 1886 749 628 1887 753 628 1888 748 628 1889 750 629 1890 754 629 1891 749 629 1892 752 630 1893 721 630 1894 751 630 1895 753 631 1896 726 631 1897 752 631 1898 754 632 1899 731 632 1900 753 632 1901 755 633 1902 736 633 1903 754 633 1904 759 634 1905 763 634 1906 756 634 1907 760 635 1908 764 635 1909 759 635 1910 761 636 1911 765 636 1912 760 636 1913 761 637 1914 767 637 1915 766 637 1916 764 638 1917 768 638 1918 763 638 1919 765 639 1920 769 639 1921 764 639 1922 765 640 1923 771 640 1924 770 640 1925 766 641 1926 772 641 1927 771 641 1928 769 642 1929 773 642 1930 768 642 1931 769 643 1932 775 643 1933 774 643 1934 770 644 1935 776 644 1936 775 644 1937 771 645 1938 777 645 1939 776 645 1940 773 646 1941 806 646 1942 801 646 1943 774 647 1944 811 647 1945 806 647 1946 775 648 1947 816 648 1948 811 648 1949 776 649 1950 778 649 1951 816 649 1952 779 650 1953 783 650 1954 757 650 1955 780 651 1956 784 651 1957 779 651 1958 781 652 1959 785 652 1960 780 652 1961 782 653 1962 786 653 1963 781 653 1964 784 654 1965 788 654 1966 783 654 1967 785 655 1968 789 655 1969 784 655 1970 786 656 1971 790 656 1972 785 656 1973 787 657 1974 791 657 1975 786 657 1976 789 658 1977 793 658 1978 788 658 1979 790 659 1980 794 659 1981 789 659 1982 791 660 1983 795 660 1984 790 660 1985 792 661 1986 796 661 1987 791 661 1988 794 662 1989 762 662 1990 793 662 1991 795 663 1992 767 663 1993 794 663 1994 796 664 1995 772 664 1996 795 664 1997 797 665 1998 777 665 1999 796 665 2000 798 666 2001 802 666 2002 758 666 2003 799 667 2004 803 667 2005 798 667 2006 800 668 2007 804 668 2008 799 668 2009 801 669 2010 805 669 2011 800 669 2012 803 670 2013 807 670 2014 802 670 2015 804 671 2016 808 671 2017 803 671 2018 805 672 2019 809 672 2020 804 672 2021 806 673 2022 810 673 2023 805 673 2024 808 674 2025 812 674 2026 807 674 2027 809 675 2028 813 675 2029 808 675 2030 810 676 2031 814 676 2032 809 676 2033 811 677 2034 815 677 2035 810 677 2036 813 678 2037 782 678 2038 812 678 2039 814 679 2040 787 679 2041 813 679 2042 815 680 2043 792 680 2044 814 680 2045 816 681 2046 797 681 2047 815 681 2048 820 682 2049 824 682 2050 817 682 2051 821 683 2052 825 683 2053 820 683 2054 822 684 2055 826 684 2056 821 684 2057 822 685 2058 828 685 2059 827 685 2060 825 686 2061 829 686 2062 824 686 2063 826 687 2064 830 687 2065 825 687 2066 826 688 2067 832 688 2068 831 688 2069 827 689 2070 833 689 2071 832 689 2072 830 690 2073 834 690 2074 829 690 2075 830 691 2076 836 691 2077 835 691 2078 831 692 2079 837 692 2080 836 692 2081 832 693 2082 838 693 2083 837 693 2084 834 694 2085 867 694 2086 862 694 2087 835 695 2088 872 695 2089 867 695 2090 836 696 2091 877 696 2092 872 696 2093 837 697 2094 839 697 2095 877 697 2096 840 698 2097 844 698 2098 818 698 2099 841 699 2100 845 699 2101 840 699 2102 842 700 2103 846 700 2104 841 700 2105 843 701 2106 847 701 2107 842 701 2108 845 702 2109 849 702 2110 844 702 2111 846 703 2112 850 703 2113 845 703 2114 847 704 2115 851 704 2116 846 704 2117 848 705 2118 852 705 2119 847 705 2120 850 706 2121 854 706 2122 849 706 2123 851 707 2124 855 707 2125 850 707 2126 852 708 2127 856 708 2128 851 708 2129 853 709 2130 857 709 2131 852 709 2132 855 710 2133 823 710 2134 854 710 2135 856 711 2136 828 711 2137 855 711 2138 857 712 2139 833 712 2140 856 712 2141 858 713 2142 838 713 2143 857 713 2144 859 714 2145 863 714 2146 819 714 2147 860 715 2148 864 715 2149 859 715 2150 861 716 2151 865 716 2152 860 716 2153 862 717 2154 866 717 2155 861 717 2156 864 718 2157 868 718 2158 863 718 2159 865 719 2160 869 719 2161 864 719 2162 866 720 2163 870 720 2164 865 720 2165 867 721 2166 871 721 2167 866 721 2168 869 722 2169 873 722 2170 868 722 2171 870 723 2172 874 723 2173 869 723 2174 871 724 2175 875 724 2176 870 724 2177 872 725 2178 876 725 2179 871 725 2180 874 726 2181 843 726 2182 873 726 2183 875 727 2184 848 727 2185 874 727 2186 876 728 2187 853 728 2188 875 728 2189 877 729 2190 858 729 2191 876 729 2192 881 730 2193 885 730 2194 878 730 2195 882 731 2196 886 731 2197 881 731 2198 883 732 2199 887 732 2200 882 732 2201 883 733 2202 889 733 2203 888 733 2204 886 734 2205 890 734 2206 885 734 2207 887 735 2208 891 735 2209 886 735 2210 887 736 2211 893 736 2212 892 736 2213 888 737 2214 894 737 2215 893 737 2216 891 738 2217 895 738 2218 890 738 2219 891 739 2220 897 739 2221 896 739 2222 892 740 2223 898 740 2224 897 740 2225 893 741 2226 899 741 2227 898 741 2228 895 742 2229 928 742 2230 923 742 2231 896 743 2232 933 743 2233 928 743 2234 897 744 2235 938 744 2236 933 744 2237 898 745 2238 900 745 2239 938 745 2240 901 746 2241 905 746 2242 879 746 2243 902 747 2244 906 747 2245 901 747 2246 903 748 2247 907 748 2248 902 748 2249 904 749 2250 908 749 2251 903 749 2252 906 750 2253 910 750 2254 905 750 2255 907 751 2256 911 751 2257 906 751 2258 908 752 2259 912 752 2260 907 752 2261 909 753 2262 913 753 2263 908 753 2264 911 754 2265 915 754 2266 910 754 2267 912 755 2268 916 755 2269 911 755 2270 913 756 2271 917 756 2272 912 756 2273 914 757 2274 918 757 2275 913 757 2276 916 758 2277 884 758 2278 915 758 2279 917 759 2280 889 759 2281 916 759 2282 918 760 2283 894 760 2284 917 760 2285 919 761 2286 899 761 2287 918 761 2288 920 762 2289 924 762 2290 880 762 2291 921 763 2292 925 763 2293 920 763 2294 922 764 2295 926 764 2296 921 764 2297 923 765 2298 927 765 2299 922 765 2300 925 766 2301 929 766 2302 924 766 2303 926 767 2304 930 767 2305 925 767 2306 927 768 2307 931 768 2308 926 768 2309 928 769 2310 932 769 2311 927 769 2312 930 770 2313 934 770 2314 929 770 2315 931 771 2316 935 771 2317 930 771 2318 932 772 2319 936 772 2320 931 772 2321 933 773 2322 937 773 2323 932 773 2324 935 774 2325 904 774 2326 934 774 2327 936 775 2328 909 775 2329 935 775 2330 937 776 2331 914 776 2332 936 776 2333 938 777 2334 919 777 2335 937 777 2336 942 778 2337 946 778 2338 939 778 2339 943 779 2340 947 779 2341 942 779 2342 944 780 2343 948 780 2344 943 780 2345 944 781 2346 950 781 2347 949 781 2348 947 782 2349 951 782 2350 946 782 2351 948 783 2352 952 783 2353 947 783 2354 948 784 2355 954 784 2356 953 784 2357 949 785 2358 955 785 2359 954 785 2360 952 786 2361 956 786 2362 951 786 2363 952 787 2364 958 787 2365 957 787 2366 953 788 2367 959 788 2368 958 788 2369 954 789 2370 960 789 2371 959 789 2372 956 790 2373 989 790 2374 984 790 2375 957 791 2376 994 791 2377 989 791 2378 958 792 2379 999 792 2380 994 792 2381 959 793 2382 961 793 2383 999 793 2384 962 794 2385 966 794 2386 940 794 2387 963 795 2388 967 795 2389 962 795 2390 964 796 2391 968 796 2392 963 796 2393 965 797 2394 969 797 2395 964 797 2396 967 798 2397 971 798 2398 966 798 2399 968 799 2400 972 799 2401 967 799 2402 969 800 2403 973 800 2404 968 800 2405 970 801 2406 974 801 2407 969 801 2408 972 802 2409 976 802 2410 971 802 2411 973 803 2412 977 803 2413 972 803 2414 974 804 2415 978 804 2416 973 804 2417 975 805 2418 979 805 2419 974 805 2420 977 806 2421 945 806 2422 976 806 2423 978 807 2424 950 807 2425 977 807 2426 979 808 2427 955 808 2428 978 808 2429 980 809 2430 960 809 2431 979 809 2432 981 810 2433 985 810 2434 941 810 2435 982 811 2436 986 811 2437 981 811 2438 983 812 2439 987 812 2440 982 812 2441 984 813 2442 988 813 2443 983 813 2444 986 814 2445 990 814 2446 985 814 2447 987 815 2448 991 815 2449 986 815 2450 988 816 2451 992 816 2452 987 816 2453 989 817 2454 993 817 2455 988 817 2456 991 818 2457 995 818 2458 990 818 2459 992 819 2460 996 819 2461 991 819 2462 993 820 2463 997 820 2464 992 820 2465 994 821 2466 998 821 2467 993 821 2468 996 822 2469 965 822 2470 995 822 2471 997 823 2472 970 823 2473 996 823 2474 998 824 2475 975 824 2476 997 824 2477 999 825 2478 980 825 2479 998 825 2480 1003 826 2481 1007 826 2482 1000 826 2483 1004 827 2484 1008 827 2485 1003 827 2486 1005 828 2487 1009 828 2488 1004 828 2489 1005 829 2490 1011 829 2491 1010 829 2492 1008 830 2493 1012 830 2494 1007 830 2495 1009 831 2496 1013 831 2497 1008 831 2498 1009 832 2499 1015 832 2500 1014 832 2501 1010 833 2502 1016 833 2503 1015 833 2504 1013 834 2505 1017 834 2506 1012 834 2507 1013 835 2508 1019 835 2509 1018 835 2510 1014 836 2511 1020 836 2512 1019 836 2513 1015 837 2514 1021 837 2515 1020 837 2516 1017 838 2517 1050 838 2518 1045 838 2519 1018 839 2520 1055 839 2521 1050 839 2522 1019 840 2523 1060 840 2524 1055 840 2525 1020 841 2526 1022 841 2527 1060 841 2528 1023 842 2529 1027 842 2530 1001 842 2531 1024 843 2532 1028 843 2533 1023 843 2534 1025 844 2535 1029 844 2536 1024 844 2537 1026 845 2538 1030 845 2539 1025 845 2540 1028 846 2541 1032 846 2542 1027 846 2543 1029 847 2544 1033 847 2545 1028 847 2546 1030 848 2547 1034 848 2548 1029 848 2549 1031 849 2550 1035 849 2551 1030 849 2552 1033 850 2553 1037 850 2554 1032 850 2555 1034 851 2556 1038 851 2557 1033 851 2558 1035 852 2559 1039 852 2560 1034 852 2561 1036 853 2562 1040 853 2563 1035 853 2564 1038 854 2565 1006 854 2566 1037 854 2567 1039 855 2568 1011 855 2569 1038 855 2570 1040 856 2571 1016 856 2572 1039 856 2573 1041 857 2574 1021 857 2575 1040 857 2576 1042 858 2577 1046 858 2578 1002 858 2579 1043 859 2580 1047 859 2581 1042 859 2582 1044 860 2583 1048 860 2584 1043 860 2585 1045 861 2586 1049 861 2587 1044 861 2588 1047 862 2589 1051 862 2590 1046 862 2591 1048 863 2592 1052 863 2593 1047 863 2594 1049 864 2595 1053 864 2596 1048 864 2597 1050 865 2598 1054 865 2599 1049 865 2600 1052 866 2601 1056 866 2602 1051 866 2603 1053 867 2604 1057 867 2605 1052 867 2606 1054 868 2607 1058 868 2608 1053 868 2609 1055 869 2610 1059 869 2611 1054 869 2612 1057 870 2613 1026 870 2614 1056 870 2615 1058 871 2616 1031 871 2617 1057 871 2618 1059 872 2619 1036 872 2620 1058 872 2621 1060 873 2622 1041 873 2623 1059 873 2624 1064 874 2625 1068 874 2626 1061 874 2627 1065 875 2628 1069 875 2629 1064 875 2630 1066 876 2631 1070 876 2632 1065 876 2633 1066 877 2634 1072 877 2635 1071 877 2636 1069 878 2637 1073 878 2638 1068 878 2639 1070 879 2640 1074 879 2641 1069 879 2642 1070 880 2643 1076 880 2644 1075 880 2645 1071 881 2646 1077 881 2647 1076 881 2648 1074 882 2649 1078 882 2650 1073 882 2651 1074 883 2652 1080 883 2653 1079 883 2654 1075 884 2655 1081 884 2656 1080 884 2657 1076 885 2658 1082 885 2659 1081 885 2660 1078 886 2661 1111 886 2662 1106 886 2663 1079 887 2664 1116 887 2665 1111 887 2666 1080 888 2667 1121 888 2668 1116 888 2669 1081 889 2670 1083 889 2671 1121 889 2672 1084 890 2673 1088 890 2674 1062 890 2675 1085 891 2676 1089 891 2677 1084 891 2678 1086 892 2679 1090 892 2680 1085 892 2681 1087 893 2682 1091 893 2683 1086 893 2684 1089 894 2685 1093 894 2686 1088 894 2687 1090 895 2688 1094 895 2689 1089 895 2690 1091 896 2691 1095 896 2692 1090 896 2693 1092 897 2694 1096 897 2695 1091 897 2696 1094 898 2697 1098 898 2698 1093 898 2699 1095 899 2700 1099 899 2701 1094 899 2702 1096 900 2703 1100 900 2704 1095 900 2705 1097 901 2706 1101 901 2707 1096 901 2708 1099 902 2709 1067 902 2710 1098 902 2711 1100 903 2712 1072 903 2713 1099 903 2714 1101 904 2715 1077 904 2716 1100 904 2717 1102 905 2718 1082 905 2719 1101 905 2720 1103 906 2721 1107 906 2722 1063 906 2723 1104 907 2724 1108 907 2725 1103 907 2726 1105 908 2727 1109 908 2728 1104 908 2729 1106 909 2730 1110 909 2731 1105 909 2732 1108 910 2733 1112 910 2734 1107 910 2735 1109 911 2736 1113 911 2737 1108 911 2738 1110 912 2739 1114 912 2740 1109 912 2741 1111 913 2742 1115 913 2743 1110 913 2744 1113 914 2745 1117 914 2746 1112 914 2747 1114 915 2748 1118 915 2749 1113 915 2750 1115 916 2751 1119 916 2752 1114 916 2753 1116 917 2754 1120 917 2755 1115 917 2756 1118 918 2757 1087 918 2758 1117 918 2759 1119 919 2760 1092 919 2761 1118 919 2762 1120 920 2763 1097 920 2764 1119 920 2765 1121 921 2766 1102 921 2767 1120 921 2768 1125 922 2769 1129 922 2770 1122 922 2771 1126 923 2772 1130 923 2773 1125 923 2774 1127 924 2775 1131 924 2776 1126 924 2777 1127 925 2778 1133 925 2779 1132 925 2780 1130 926 2781 1134 926 2782 1129 926 2783 1131 927 2784 1135 927 2785 1130 927 2786 1131 928 2787 1137 928 2788 1136 928 2789 1132 929 2790 1138 929 2791 1137 929 2792 1135 930 2793 1139 930 2794 1134 930 2795 1135 931 2796 1141 931 2797 1140 931 2798 1136 932 2799 1142 932 2800 1141 932 2801 1137 933 2802 1143 933 2803 1142 933 2804 1139 934 2805 1172 934 2806 1167 934 2807 1140 935 2808 1177 935 2809 1172 935 2810 1141 936 2811 1182 936 2812 1177 936 2813 1142 937 2814 1144 937 2815 1182 937 2816 1145 938 2817 1149 938 2818 1123 938 2819 1146 939 2820 1150 939 2821 1145 939 2822 1147 940 2823 1151 940 2824 1146 940 2825 1148 941 2826 1152 941 2827 1147 941 2828 1150 942 2829 1154 942 2830 1149 942 2831 1151 943 2832 1155 943 2833 1150 943 2834 1152 944 2835 1156 944 2836 1151 944 2837 1153 945 2838 1157 945 2839 1152 945 2840 1155 946 2841 1159 946 2842 1154 946 2843 1156 947 2844 1160 947 2845 1155 947 2846 1157 948 2847 1161 948 2848 1156 948 2849 1158 949 2850 1162 949 2851 1157 949 2852 1160 950 2853 1128 950 2854 1159 950 2855 1161 951 2856 1133 951 2857 1160 951 2858 1162 952 2859 1138 952 2860 1161 952 2861 1163 953 2862 1143 953 2863 1162 953 2864 1164 954 2865 1168 954 2866 1124 954 2867 1165 955 2868 1169 955 2869 1164 955 2870 1166 956 2871 1170 956 2872 1165 956 2873 1167 957 2874 1171 957 2875 1166 957 2876 1169 958 2877 1173 958 2878 1168 958 2879 1170 959 2880 1174 959 2881 1169 959 2882 1171 960 2883 1175 960 2884 1170 960 2885 1172 961 2886 1176 961 2887 1171 961 2888 1174 962 2889 1178 962 2890 1173 962 2891 1175 963 2892 1179 963 2893 1174 963 2894 1176 964 2895 1180 964 2896 1175 964 2897 1177 965 2898 1181 965 2899 1176 965 2900 1179 966 2901 1148 966 2902 1178 966 2903 1180 967 2904 1153 967 2905 1179 967 2906 1181 968 2907 1158 968 2908 1180 968 2909 1182 969 2910 1163 969 2911 1181 969 2912 1186 970 2913 1190 970 2914 1183 970 2915 1187 971 2916 1191 971 2917 1186 971 2918 1188 972 2919 1192 972 2920 1187 972 2921 1188 973 2922 1194 973 2923 1193 973 2924 1191 974 2925 1195 974 2926 1190 974 2927 1192 975 2928 1196 975 2929 1191 975 2930 1192 976 2931 1198 976 2932 1197 976 2933 1193 977 2934 1199 977 2935 1198 977 2936 1196 978 2937 1200 978 2938 1195 978 2939 1196 979 2940 1202 979 2941 1201 979 2942 1197 980 2943 1203 980 2944 1202 980 2945 1198 981 2946 1204 981 2947 1203 981 2948 1200 982 2949 1233 982 2950 1228 982 2951 1201 983 2952 1238 983 2953 1233 983 2954 1202 984 2955 1243 984 2956 1238 984 2957 1203 985 2958 1205 985 2959 1243 985 2960 1206 986 2961 1210 986 2962 1184 986 2963 1207 987 2964 1211 987 2965 1206 987 2966 1208 988 2967 1212 988 2968 1207 988 2969 1209 989 2970 1213 989 2971 1208 989 2972 1211 990 2973 1215 990 2974 1210 990 2975 1212 991 2976 1216 991 2977 1211 991 2978 1213 992 2979 1217 992 2980 1212 992 2981 1214 993 2982 1218 993 2983 1213 993 2984 1216 994 2985 1220 994 2986 1215 994 2987 1217 995 2988 1221 995 2989 1216 995 2990 1218 996 2991 1222 996 2992 1217 996 2993 1219 997 2994 1223 997 2995 1218 997 2996 1221 998 2997 1189 998 2998 1220 998 2999 1222 999 3000 1194 999 3001 1221 999 3002 1223 1000 3003 1199 1000 3004 1222 1000 3005 1224 1001 3006 1204 1001 3007 1223 1001 3008 1225 1002 3009 1229 1002 3010 1185 1002 3011 1226 1003 3012 1230 1003 3013 1225 1003 3014 1227 1004 3015 1231 1004 3016 1226 1004 3017 1228 1005 3018 1232 1005 3019 1227 1005 3020 1230 1006 3021 1234 1006 3022 1229 1006 3023 1231 1007 3024 1235 1007 3025 1230 1007 3026 1232 1008 3027 1236 1008 3028 1231 1008 3029 1233 1009 3030 1237 1009 3031 1232 1009 3032 1235 1010 3033 1239 1010 3034 1234 1010 3035 1236 1011 3036 1240 1011 3037 1235 1011 3038 1237 1012 3039 1241 1012 3040 1236 1012 3041 1238 1013 3042 1242 1013 3043 1237 1013 3044 1240 1014 3045 1209 1014 3046 1239 1014 3047 1241 1015 3048 1214 1015 3049 1240 1015 3050 1242 1016 3051 1219 1016 3052 1241 1016 3053 1243 1017 3054 1224 1017 3055 1242 1017 3056 1247 1018 3057 1251 1018 3058 1244 1018 3059 1248 1019 3060 1252 1019 3061 1247 1019 3062 1249 1020 3063 1253 1020 3064 1248 1020 3065 1249 1021 3066 1255 1021 3067 1254 1021 3068 1252 1022 3069 1256 1022 3070 1251 1022 3071 1253 1023 3072 1257 1023 3073 1252 1023 3074 1253 1024 3075 1259 1024 3076 1258 1024 3077 1254 1025 3078 1260 1025 3079 1259 1025 3080 1257 1026 3081 1261 1026 3082 1256 1026 3083 1257 1027 3084 1263 1027 3085 1262 1027 3086 1258 1028 3087 1264 1028 3088 1263 1028 3089 1259 1029 3090 1265 1029 3091 1264 1029 3092 1261 1030 3093 1294 1030 3094 1289 1030 3095 1262 1031 3096 1299 1031 3097 1294 1031 3098 1263 1032 3099 1304 1032 3100 1299 1032 3101 1264 1033 3102 1266 1033 3103 1304 1033 3104 1267 1034 3105 1271 1034 3106 1245 1034 3107 1268 1035 3108 1272 1035 3109 1267 1035 3110 1269 1036 3111 1273 1036 3112 1268 1036 3113 1270 1037 3114 1274 1037 3115 1269 1037 3116 1272 1038 3117 1276 1038 3118 1271 1038 3119 1273 1039 3120 1277 1039 3121 1272 1039 3122 1274 1040 3123 1278 1040 3124 1273 1040 3125 1275 1041 3126 1279 1041 3127 1274 1041 3128 1277 1042 3129 1281 1042 3130 1276 1042 3131 1278 1043 3132 1282 1043 3133 1277 1043 3134 1279 1044 3135 1283 1044 3136 1278 1044 3137 1280 1045 3138 1284 1045 3139 1279 1045 3140 1282 1046 3141 1250 1046 3142 1281 1046 3143 1283 1047 3144 1255 1047 3145 1282 1047 3146 1284 1048 3147 1260 1048 3148 1283 1048 3149 1285 1049 3150 1265 1049 3151 1284 1049 3152 1286 1050 3153 1290 1050 3154 1246 1050 3155 1287 1051 3156 1291 1051 3157 1286 1051 3158 1288 1052 3159 1292 1052 3160 1287 1052 3161 1289 1053 3162 1293 1053 3163 1288 1053 3164 1291 1054 3165 1295 1054 3166 1290 1054 3167 1292 1055 3168 1296 1055 3169 1291 1055 3170 1293 1056 3171 1297 1056 3172 1292 1056 3173 1294 1057 3174 1298 1057 3175 1293 1057 3176 1296 1058 3177 1300 1058 3178 1295 1058 3179 1297 1059 3180 1301 1059 3181 1296 1059 3182 1298 1060 3183 1302 1060 3184 1297 1060 3185 1299 1061 3186 1303 1061 3187 1298 1061 3188 1301 1062 3189 1270 1062 3190 1300 1062 3191 1302 1063 3192 1275 1063 3193 1301 1063 3194 1303 1064 3195 1280 1064 3196 1302 1064 3197 1304 1065 3198 1285 1065 3199 1303 1065 3200 1308 1066 3201 1312 1066 3202 1305 1066 3203 1309 1067 3204 1313 1067 3205 1308 1067 3206 1310 1068 3207 1314 1068 3208 1309 1068 3209 1310 1069 3210 1316 1069 3211 1315 1069 3212 1313 1070 3213 1317 1070 3214 1312 1070 3215 1314 1071 3216 1318 1071 3217 1313 1071 3218 1314 1072 3219 1320 1072 3220 1319 1072 3221 1315 1073 3222 1321 1073 3223 1320 1073 3224 1318 1074 3225 1322 1074 3226 1317 1074 3227 1318 1075 3228 1324 1075 3229 1323 1075 3230 1319 1076 3231 1325 1076 3232 1324 1076 3233 1320 1077 3234 1326 1077 3235 1325 1077 3236 1322 1078 3237 1355 1078 3238 1350 1078 3239 1323 1079 3240 1360 1079 3241 1355 1079 3242 1324 1080 3243 1365 1080 3244 1360 1080 3245 1325 1081 3246 1327 1081 3247 1365 1081 3248 1328 1082 3249 1332 1082 3250 1306 1082 3251 1329 1083 3252 1333 1083 3253 1328 1083 3254 1330 1084 3255 1334 1084 3256 1329 1084 3257 1331 1085 3258 1335 1085 3259 1330 1085 3260 1333 1086 3261 1337 1086 3262 1332 1086 3263 1334 1087 3264 1338 1087 3265 1333 1087 3266 1335 1088 3267 1339 1088 3268 1334 1088 3269 1336 1089 3270 1340 1089 3271 1335 1089 3272 1338 1090 3273 1342 1090 3274 1337 1090 3275 1339 1091 3276 1343 1091 3277 1338 1091 3278 1340 1092 3279 1344 1092 3280 1339 1092 3281 1341 1093 3282 1345 1093 3283 1340 1093 3284 1343 1094 3285 1311 1094 3286 1342 1094 3287 1344 1095 3288 1316 1095 3289 1343 1095 3290 1345 1096 3291 1321 1096 3292 1344 1096 3293 1346 1097 3294 1326 1097 3295 1345 1097 3296 1347 1098 3297 1351 1098 3298 1307 1098 3299 1348 1099 3300 1352 1099 3301 1347 1099 3302 1349 1100 3303 1353 1100 3304 1348 1100 3305 1350 1101 3306 1354 1101 3307 1349 1101 3308 1352 1102 3309 1356 1102 3310 1351 1102 3311 1353 1103 3312 1357 1103 3313 1352 1103 3314 1354 1104 3315 1358 1104 3316 1353 1104 3317 1355 1105 3318 1359 1105 3319 1354 1105 3320 1357 1106 3321 1361 1106 3322 1356 1106 3323 1358 1107 3324 1362 1107 3325 1357 1107 3326 1359 1108 3327 1363 1108 3328 1358 1108 3329 1360 1109 3330 1364 1109 3331 1359 1109 3332 1362 1110 3333 1331 1110 3334 1361 1110 3335 1363 1111 3336 1336 1111 3337 1362 1111 3338 1364 1112 3339 1341 1112 3340 1363 1112 3341 1365 1113 3342 1346 1113 3343 1364 1113 3344 1369 1114 3345 1373 1114 3346 1366 1114 3347 1370 1115 3348 1374 1115 3349 1369 1115 3350 1371 1116 3351 1375 1116 3352 1370 1116 3353 1371 1117 3354 1377 1117 3355 1376 1117 3356 1374 1118 3357 1378 1118 3358 1373 1118 3359 1375 1119 3360 1379 1119 3361 1374 1119 3362 1375 1120 3363 1381 1120 3364 1380 1120 3365 1376 1121 3366 1382 1121 3367 1381 1121 3368 1379 1122 3369 1383 1122 3370 1378 1122 3371 1379 1123 3372 1385 1123 3373 1384 1123 3374 1380 1124 3375 1386 1124 3376 1385 1124 3377 1381 1125 3378 1387 1125 3379 1386 1125 3380 1383 1126 3381 1416 1126 3382 1411 1126 3383 1384 1127 3384 1421 1127 3385 1416 1127 3386 1385 1128 3387 1426 1128 3388 1421 1128 3389 1386 1129 3390 1388 1129 3391 1426 1129 3392 1389 1130 3393 1393 1130 3394 1367 1130 3395 1390 1131 3396 1394 1131 3397 1389 1131 3398 1391 1132 3399 1395 1132 3400 1390 1132 3401 1392 1133 3402 1396 1133 3403 1391 1133 3404 1394 1134 3405 1398 1134 3406 1393 1134 3407 1395 1135 3408 1399 1135 3409 1394 1135 3410 1396 1136 3411 1400 1136 3412 1395 1136 3413 1397 1137 3414 1401 1137 3415 1396 1137 3416 1399 1138 3417 1403 1138 3418 1398 1138 3419 1400 1139 3420 1404 1139 3421 1399 1139 3422 1401 1140 3423 1405 1140 3424 1400 1140 3425 1402 1141 3426 1406 1141 3427 1401 1141 3428 1404 1142 3429 1372 1142 3430 1403 1142 3431 1405 1143 3432 1377 1143 3433 1404 1143 3434 1406 1144 3435 1382 1144 3436 1405 1144 3437 1407 1145 3438 1387 1145 3439 1406 1145 3440 1408 1146 3441 1412 1146 3442 1368 1146 3443 1409 1147 3444 1413 1147 3445 1408 1147 3446 1410 1148 3447 1414 1148 3448 1409 1148 3449 1411 1149 3450 1415 1149 3451 1410 1149 3452 1413 1150 3453 1417 1150 3454 1412 1150 3455 1414 1151 3456 1418 1151 3457 1413 1151 3458 1415 1152 3459 1419 1152 3460 1414 1152 3461 1416 1153 3462 1420 1153 3463 1415 1153 3464 1418 1154 3465 1422 1154 3466 1417 1154 3467 1419 1155 3468 1423 1155 3469 1418 1155 3470 1420 1156 3471 1424 1156 3472 1419 1156 3473 1421 1157 3474 1425 1157 3475 1420 1157 3476 1423 1158 3477 1392 1158 3478 1422 1158 3479 1424 1159 3480 1397 1159 3481 1423 1159 3482 1425 1160 3483 1402 1160 3484 1424 1160 3485 1426 1161 3486 1407 1161 3487 1425 1161 3488 1430 1162 3489 1434 1162 3490 1427 1162 3491 1431 1163 3492 1435 1163 3493 1430 1163 3494 1432 1164 3495 1436 1164 3496 1431 1164 3497 1432 1165 3498 1438 1165 3499 1437 1165 3500 1435 1166 3501 1439 1166 3502 1434 1166 3503 1436 1167 3504 1440 1167 3505 1435 1167 3506 1436 1168 3507 1442 1168 3508 1441 1168 3509 1437 1169 3510 1443 1169 3511 1442 1169 3512 1440 1170 3513 1444 1170 3514 1439 1170 3515 1440 1171 3516 1446 1171 3517 1445 1171 3518 1441 1172 3519 1447 1172 3520 1446 1172 3521 1442 1173 3522 1448 1173 3523 1447 1173 3524 1444 1174 3525 1477 1174 3526 1472 1174 3527 1445 1175 3528 1482 1175 3529 1477 1175 3530 1446 1176 3531 1487 1176 3532 1482 1176 3533 1447 1177 3534 1449 1177 3535 1487 1177 3536 1450 1178 3537 1454 1178 3538 1428 1178 3539 1451 1179 3540 1455 1179 3541 1450 1179 3542 1452 1180 3543 1456 1180 3544 1451 1180 3545 1453 1181 3546 1457 1181 3547 1452 1181 3548 1455 1182 3549 1459 1182 3550 1454 1182 3551 1456 1183 3552 1460 1183 3553 1455 1183 3554 1457 1184 3555 1461 1184 3556 1456 1184 3557 1458 1185 3558 1462 1185 3559 1457 1185 3560 1460 1186 3561 1464 1186 3562 1459 1186 3563 1461 1187 3564 1465 1187 3565 1460 1187 3566 1462 1188 3567 1466 1188 3568 1461 1188 3569 1463 1189 3570 1467 1189 3571 1462 1189 3572 1465 1190 3573 1433 1190 3574 1464 1190 3575 1466 1191 3576 1438 1191 3577 1465 1191 3578 1467 1192 3579 1443 1192 3580 1466 1192 3581 1468 1193 3582 1448 1193 3583 1467 1193 3584 1469 1194 3585 1473 1194 3586 1429 1194 3587 1470 1195 3588 1474 1195 3589 1469 1195 3590 1471 1196 3591 1475 1196 3592 1470 1196 3593 1472 1197 3594 1476 1197 3595 1471 1197 3596 1474 1198 3597 1478 1198 3598 1473 1198 3599 1475 1199 3600 1479 1199 3601 1474 1199 3602 1476 1200 3603 1480 1200 3604 1475 1200 3605 1477 1201 3606 1481 1201 3607 1476 1201 3608 1479 1202 3609 1483 1202 3610 1478 1202 3611 1480 1203 3612 1484 1203 3613 1479 1203 3614 1481 1204 3615 1485 1204 3616 1480 1204 3617 1482 1205 3618 1486 1205 3619 1481 1205 3620 1484 1206 3621 1453 1206 3622 1483 1206 3623 1485 1207 3624 1458 1207 3625 1484 1207 3626 1486 1208 3627 1463 1208 3628 1485 1208 3629 1487 1209 3630 1468 1209 3631 1486 1209 3632 1491 1210 3633 1495 1210 3634 1488 1210 3635 1492 1211 3636 1496 1211 3637 1491 1211 3638 1493 1212 3639 1497 1212 3640 1492 1212 3641 1493 1213 3642 1499 1213 3643 1498 1213 3644 1496 1214 3645 1500 1214 3646 1495 1214 3647 1497 1215 3648 1501 1215 3649 1496 1215 3650 1497 1216 3651 1503 1216 3652 1502 1216 3653 1498 1217 3654 1504 1217 3655 1503 1217 3656 1501 1218 3657 1505 1218 3658 1500 1218 3659 1501 1219 3660 1507 1219 3661 1506 1219 3662 1502 1220 3663 1508 1220 3664 1507 1220 3665 1503 1221 3666 1509 1221 3667 1508 1221 3668 1505 1222 3669 1538 1222 3670 1533 1222 3671 1506 1223 3672 1543 1223 3673 1538 1223 3674 1507 1224 3675 1548 1224 3676 1543 1224 3677 1508 1225 3678 1510 1225 3679 1548 1225 3680 1511 1226 3681 1515 1226 3682 1489 1226 3683 1512 1227 3684 1516 1227 3685 1511 1227 3686 1513 1228 3687 1517 1228 3688 1512 1228 3689 1514 1229 3690 1518 1229 3691 1513 1229 3692 1516 1230 3693 1520 1230 3694 1515 1230 3695 1517 1231 3696 1521 1231 3697 1516 1231 3698 1518 1232 3699 1522 1232 3700 1517 1232 3701 1519 1233 3702 1523 1233 3703 1518 1233 3704 1521 1234 3705 1525 1234 3706 1520 1234 3707 1522 1235 3708 1526 1235 3709 1521 1235 3710 1523 1236 3711 1527 1236 3712 1522 1236 3713 1524 1237 3714 1528 1237 3715 1523 1237 3716 1526 1238 3717 1494 1238 3718 1525 1238 3719 1527 1239 3720 1499 1239 3721 1526 1239 3722 1528 1240 3723 1504 1240 3724 1527 1240 3725 1529 1241 3726 1509 1241 3727 1528 1241 3728 1530 1242 3729 1534 1242 3730 1490 1242 3731 1531 1243 3732 1535 1243 3733 1530 1243 3734 1532 1244 3735 1536 1244 3736 1531 1244 3737 1533 1245 3738 1537 1245 3739 1532 1245 3740 1535 1246 3741 1539 1246 3742 1534 1246 3743 1536 1247 3744 1540 1247 3745 1535 1247 3746 1537 1248 3747 1541 1248 3748 1536 1248 3749 1538 1249 3750 1542 1249 3751 1537 1249 3752 1540 1250 3753 1544 1250 3754 1539 1250 3755 1541 1251 3756 1545 1251 3757 1540 1251 3758 1542 1252 3759 1546 1252 3760 1541 1252 3761 1543 1253 3762 1547 1253 3763 1542 1253 3764 1545 1254 3765 1514 1254 3766 1544 1254 3767 1546 1255 3768 1519 1255 3769 1545 1255 3770 1547 1256 3771 1524 1256 3772 1546 1256 3773 1548 1257 3774 1529 1257 3775 1547 1257 3776 1552 1258 3777 1556 1258 3778 1549 1258 3779 1553 1259 3780 1557 1259 3781 1552 1259 3782 1554 1260 3783 1558 1260 3784 1553 1260 3785 1554 1261 3786 1560 1261 3787 1559 1261 3788 1557 1262 3789 1561 1262 3790 1556 1262 3791 1558 1263 3792 1562 1263 3793 1557 1263 3794 1558 1264 3795 1564 1264 3796 1563 1264 3797 1559 1265 3798 1565 1265 3799 1564 1265 3800 1562 1266 3801 1566 1266 3802 1561 1266 3803 1562 1267 3804 1568 1267 3805 1567 1267 3806 1563 1268 3807 1569 1268 3808 1568 1268 3809 1564 1269 3810 1570 1269 3811 1569 1269 3812 1566 1270 3813 1599 1270 3814 1594 1270 3815 1567 1271 3816 1604 1271 3817 1599 1271 3818 1568 1272 3819 1609 1272 3820 1604 1272 3821 1569 1273 3822 1571 1273 3823 1609 1273 3824 1572 1274 3825 1576 1274 3826 1550 1274 3827 1573 1275 3828 1577 1275 3829 1572 1275 3830 1574 1276 3831 1578 1276 3832 1573 1276 3833 1575 1277 3834 1579 1277 3835 1574 1277 3836 1577 1278 3837 1581 1278 3838 1576 1278 3839 1578 1279 3840 1582 1279 3841 1577 1279 3842 1579 1280 3843 1583 1280 3844 1578 1280 3845 1580 1281 3846 1584 1281 3847 1579 1281 3848 1582 1282 3849 1586 1282 3850 1581 1282 3851 1583 1283 3852 1587 1283 3853 1582 1283 3854 1584 1284 3855 1588 1284 3856 1583 1284 3857 1585 1285 3858 1589 1285 3859 1584 1285 3860 1587 1286 3861 1555 1286 3862 1586 1286 3863 1588 1287 3864 1560 1287 3865 1587 1287 3866 1589 1288 3867 1565 1288 3868 1588 1288 3869 1590 1289 3870 1570 1289 3871 1589 1289 3872 1591 1290 3873 1595 1290 3874 1551 1290 3875 1592 1291 3876 1596 1291 3877 1591 1291 3878 1593 1292 3879 1597 1292 3880 1592 1292 3881 1594 1293 3882 1598 1293 3883 1593 1293 3884 1596 1294 3885 1600 1294 3886 1595 1294 3887 1597 1295 3888 1601 1295 3889 1596 1295 3890 1598 1296 3891 1602 1296 3892 1597 1296 3893 1599 1297 3894 1603 1297 3895 1598 1297 3896 1601 1298 3897 1605 1298 3898 1600 1298 3899 1602 1299 3900 1606 1299 3901 1601 1299 3902 1603 1300 3903 1607 1300 3904 1602 1300 3905 1604 1301 3906 1608 1301 3907 1603 1301 3908 1606 1302 3909 1575 1302 3910 1605 1302 3911 1607 1303 3912 1580 1303 3913 1606 1303 3914 1608 1304 3915 1585 1304 3916 1607 1304 3917 1609 1305 3918 1590 1305 3919 1608 1305 3920 1613 1306 3921 1617 1306 3922 1610 1306 3923 1614 1307 3924 1618 1307 3925 1613 1307 3926 1615 1308 3927 1619 1308 3928 1614 1308 3929 1615 1309 3930 1621 1309 3931 1620 1309 3932 1618 1310 3933 1622 1310 3934 1617 1310 3935 1619 1311 3936 1623 1311 3937 1618 1311 3938 1619 1312 3939 1625 1312 3940 1624 1312 3941 1620 1313 3942 1626 1313 3943 1625 1313 3944 1623 1314 3945 1627 1314 3946 1622 1314 3947 1623 1315 3948 1629 1315 3949 1628 1315 3950 1624 1316 3951 1630 1316 3952 1629 1316 3953 1625 1317 3954 1631 1317 3955 1630 1317 3956 1627 1318 3957 1660 1318 3958 1655 1318 3959 1628 1319 3960 1665 1319 3961 1660 1319 3962 1629 1320 3963 1670 1320 3964 1665 1320 3965 1630 1321 3966 1632 1321 3967 1670 1321 3968 1633 1322 3969 1637 1322 3970 1611 1322 3971 1634 1323 3972 1638 1323 3973 1633 1323 3974 1635 1324 3975 1639 1324 3976 1634 1324 3977 1636 1325 3978 1640 1325 3979 1635 1325 3980 1638 1326 3981 1642 1326 3982 1637 1326 3983 1639 1327 3984 1643 1327 3985 1638 1327 3986 1640 1328 3987 1644 1328 3988 1639 1328 3989 1641 1329 3990 1645 1329 3991 1640 1329 3992 1643 1330 3993 1647 1330 3994 1642 1330 3995 1644 1331 3996 1648 1331 3997 1643 1331 3998 1645 1332 3999 1649 1332 4000 1644 1332 4001 1646 1333 4002 1650 1333 4003 1645 1333 4004 1648 1334 4005 1616 1334 4006 1647 1334 4007 1649 1335 4008 1621 1335 4009 1648 1335 4010 1650 1336 4011 1626 1336 4012 1649 1336 4013 1651 1337 4014 1631 1337 4015 1650 1337 4016 1652 1338 4017 1656 1338 4018 1612 1338 4019 1653 1339 4020 1657 1339 4021 1652 1339 4022 1654 1340 4023 1658 1340 4024 1653 1340 4025 1655 1341 4026 1659 1341 4027 1654 1341 4028 1657 1342 4029 1661 1342 4030 1656 1342 4031 1658 1343 4032 1662 1343 4033 1657 1343 4034 1659 1344 4035 1663 1344 4036 1658 1344 4037 1660 1345 4038 1664 1345 4039 1659 1345 4040 1662 1346 4041 1666 1346 4042 1661 1346 4043 1663 1347 4044 1667 1347 4045 1662 1347 4046 1664 1348 4047 1668 1348 4048 1663 1348 4049 1665 1349 4050 1669 1349 4051 1664 1349 4052 1667 1350 4053 1636 1350 4054 1666 1350 4055 1668 1351 4056 1641 1351 4057 1667 1351 4058 1669 1352 4059 1646 1352 4060 1668 1352 4061 1670 1353 4062 1651 1353 4063 1669 1353 4064 1674 1354 4065 1678 1354 4066 1671 1354 4067 1675 1355 4068 1679 1355 4069 1674 1355 4070 1676 1356 4071 1680 1356 4072 1675 1356 4073 1676 1357 4074 1682 1357 4075 1681 1357 4076 1679 1358 4077 1683 1358 4078 1678 1358 4079 1680 1359 4080 1684 1359 4081 1679 1359 4082 1680 1360 4083 1686 1360 4084 1685 1360 4085 1681 1361 4086 1687 1361 4087 1686 1361 4088 1684 1362 4089 1688 1362 4090 1683 1362 4091 1684 1363 4092 1690 1363 4093 1689 1363 4094 1685 1364 4095 1691 1364 4096 1690 1364 4097 1686 1365 4098 1692 1365 4099 1691 1365 4100 1688 1366 4101 1721 1366 4102 1716 1366 4103 1689 1367 4104 1726 1367 4105 1721 1367 4106 1690 1368 4107 1731 1368 4108 1726 1368 4109 1691 1369 4110 1693 1369 4111 1731 1369 4112 1694 1370 4113 1698 1370 4114 1672 1370 4115 1695 1371 4116 1699 1371 4117 1694 1371 4118 1696 1372 4119 1700 1372 4120 1695 1372 4121 1697 1373 4122 1701 1373 4123 1696 1373 4124 1699 1374 4125 1703 1374 4126 1698 1374 4127 1700 1375 4128 1704 1375 4129 1699 1375 4130 1701 1376 4131 1705 1376 4132 1700 1376 4133 1702 1377 4134 1706 1377 4135 1701 1377 4136 1704 1378 4137 1708 1378 4138 1703 1378 4139 1705 1379 4140 1709 1379 4141 1704 1379 4142 1706 1380 4143 1710 1380 4144 1705 1380 4145 1707 1381 4146 1711 1381 4147 1706 1381 4148 1709 1382 4149 1677 1382 4150 1708 1382 4151 1710 1383 4152 1682 1383 4153 1709 1383 4154 1711 1384 4155 1687 1384 4156 1710 1384 4157 1712 1385 4158 1692 1385 4159 1711 1385 4160 1713 1386 4161 1717 1386 4162 1673 1386 4163 1714 1387 4164 1718 1387 4165 1713 1387 4166 1715 1388 4167 1719 1388 4168 1714 1388 4169 1716 1389 4170 1720 1389 4171 1715 1389 4172 1718 1390 4173 1722 1390 4174 1717 1390 4175 1719 1391 4176 1723 1391 4177 1718 1391 4178 1720 1392 4179 1724 1392 4180 1719 1392 4181 1721 1393 4182 1725 1393 4183 1720 1393 4184 1723 1394 4185 1727 1394 4186 1722 1394 4187 1724 1395 4188 1728 1395 4189 1723 1395 4190 1725 1396 4191 1729 1396 4192 1724 1396 4193 1726 1397 4194 1730 1397 4195 1725 1397 4196 1728 1398 4197 1697 1398 4198 1727 1398 4199 1729 1399 4200 1702 1399 4201 1728 1399 4202 1730 1400 4203 1707 1400 4204 1729 1400 4205 1731 1401 4206 1712 1401 4207 1730 1401 4208 1735 1402 4209 1739 1402 4210 1732 1402 4211 1736 1403 4212 1740 1403 4213 1735 1403 4214 1737 1404 4215 1741 1404 4216 1736 1404 4217 1737 1405 4218 1743 1405 4219 1742 1405 4220 1740 1406 4221 1744 1406 4222 1739 1406 4223 1741 1407 4224 1745 1407 4225 1740 1407 4226 1741 1408 4227 1747 1408 4228 1746 1408 4229 1742 1409 4230 1748 1409 4231 1747 1409 4232 1745 1410 4233 1749 1410 4234 1744 1410 4235 1745 1411 4236 1751 1411 4237 1750 1411 4238 1746 1412 4239 1752 1412 4240 1751 1412 4241 1747 1413 4242 1753 1413 4243 1752 1413 4244 1749 1414 4245 1782 1414 4246 1777 1414 4247 1750 1415 4248 1787 1415 4249 1782 1415 4250 1751 1416 4251 1792 1416 4252 1787 1416 4253 1752 1417 4254 1754 1417 4255 1792 1417 4256 1755 1418 4257 1759 1418 4258 1733 1418 4259 1756 1419 4260 1760 1419 4261 1755 1419 4262 1757 1420 4263 1761 1420 4264 1756 1420 4265 1758 1421 4266 1762 1421 4267 1757 1421 4268 1760 1422 4269 1764 1422 4270 1759 1422 4271 1761 1423 4272 1765 1423 4273 1760 1423 4274 1762 1424 4275 1766 1424 4276 1761 1424 4277 1763 1425 4278 1767 1425 4279 1762 1425 4280 1765 1426 4281 1769 1426 4282 1764 1426 4283 1766 1427 4284 1770 1427 4285 1765 1427 4286 1767 1428 4287 1771 1428 4288 1766 1428 4289 1768 1429 4290 1772 1429 4291 1767 1429 4292 1770 1430 4293 1738 1430 4294 1769 1430 4295 1771 1431 4296 1743 1431 4297 1770 1431 4298 1772 1432 4299 1748 1432 4300 1771 1432 4301 1773 1433 4302 1753 1433 4303 1772 1433 4304 1774 1434 4305 1778 1434 4306 1734 1434 4307 1775 1435 4308 1779 1435 4309 1774 1435 4310 1776 1436 4311 1780 1436 4312 1775 1436 4313 1777 1437 4314 1781 1437 4315 1776 1437 4316 1779 1438 4317 1783 1438 4318 1778 1438 4319 1780 1439 4320 1784 1439 4321 1779 1439 4322 1781 1440 4323 1785 1440 4324 1780 1440 4325 1782 1441 4326 1786 1441 4327 1781 1441 4328 1784 1442 4329 1788 1442 4330 1783 1442 4331 1785 1443 4332 1789 1443 4333 1784 1443 4334 1786 1444 4335 1790 1444 4336 1785 1444 4337 1787 1445 4338 1791 1445 4339 1786 1445 4340 1789 1446 4341 1758 1446 4342 1788 1446 4343 1790 1447 4344 1763 1447 4345 1789 1447 4346 1791 1448 4347 1768 1448 4348 1790 1448 4349 1792 1449 4350 1773 1449 4351 1791 1449 4352 1796 1450 4353 1800 1450 4354 1793 1450 4355 1797 1451 4356 1801 1451 4357 1796 1451 4358 1798 1452 4359 1802 1452 4360 1797 1452 4361 1798 1453 4362 1804 1453 4363 1803 1453 4364 1801 1454 4365 1805 1454 4366 1800 1454 4367 1802 1455 4368 1806 1455 4369 1801 1455 4370 1802 1456 4371 1808 1456 4372 1807 1456 4373 1803 1457 4374 1809 1457 4375 1808 1457 4376 1806 1458 4377 1810 1458 4378 1805 1458 4379 1806 1459 4380 1812 1459 4381 1811 1459 4382 1807 1460 4383 1813 1460 4384 1812 1460 4385 1808 1461 4386 1814 1461 4387 1813 1461 4388 1810 1462 4389 1843 1462 4390 1838 1462 4391 1811 1463 4392 1848 1463 4393 1843 1463 4394 1812 1464 4395 1853 1464 4396 1848 1464 4397 1813 1465 4398 1815 1465 4399 1853 1465 4400 1816 1466 4401 1820 1466 4402 1794 1466 4403 1817 1467 4404 1821 1467 4405 1816 1467 4406 1818 1468 4407 1822 1468 4408 1817 1468 4409 1819 1469 4410 1823 1469 4411 1818 1469 4412 1821 1470 4413 1825 1470 4414 1820 1470 4415 1822 1471 4416 1826 1471 4417 1821 1471 4418 1823 1472 4419 1827 1472 4420 1822 1472 4421 1824 1473 4422 1828 1473 4423 1823 1473 4424 1826 1474 4425 1830 1474 4426 1825 1474 4427 1827 1475 4428 1831 1475 4429 1826 1475 4430 1828 1476 4431 1832 1476 4432 1827 1476 4433 1829 1477 4434 1833 1477 4435 1828 1477 4436 1831 1478 4437 1799 1478 4438 1830 1478 4439 1832 1479 4440 1804 1479 4441 1831 1479 4442 1833 1480 4443 1809 1480 4444 1832 1480 4445 1834 1481 4446 1814 1481 4447 1833 1481 4448 1835 1482 4449 1839 1482 4450 1795 1482 4451 1836 1483 4452 1840 1483 4453 1835 1483 4454 1837 1484 4455 1841 1484 4456 1836 1484 4457 1838 1485 4458 1842 1485 4459 1837 1485 4460 1840 1486 4461 1844 1486 4462 1839 1486 4463 1841 1487 4464 1845 1487 4465 1840 1487 4466 1842 1488 4467 1846 1488 4468 1841 1488 4469 1843 1489 4470 1847 1489 4471 1842 1489 4472 1845 1490 4473 1849 1490 4474 1844 1490 4475 1846 1491 4476 1850 1491 4477 1845 1491 4478 1847 1492 4479 1851 1492 4480 1846 1492 4481 1848 1493 4482 1852 1493 4483 1847 1493 4484 1850 1494 4485 1819 1494 4486 1849 1494 4487 1851 1495 4488 1824 1495 4489 1850 1495 4490 1852 1496 4491 1829 1496 4492 1851 1496 4493 1853 1497 4494 1834 1497 4495 1852 1497 4496 1857 1498 4497 1861 1498 4498 1854 1498 4499 1858 1499 4500 1862 1499 4501 1857 1499 4502 1859 1500 4503 1863 1500 4504 1858 1500 4505 1859 1501 4506 1865 1501 4507 1864 1501 4508 1862 1502 4509 1866 1502 4510 1861 1502 4511 1863 1503 4512 1867 1503 4513 1862 1503 4514 1863 1504 4515 1869 1504 4516 1868 1504 4517 1864 1505 4518 1870 1505 4519 1869 1505 4520 1867 1506 4521 1871 1506 4522 1866 1506 4523 1867 1507 4524 1873 1507 4525 1872 1507 4526 1868 1508 4527 1874 1508 4528 1873 1508 4529 1869 1509 4530 1875 1509 4531 1874 1509 4532 1871 1510 4533 1904 1510 4534 1899 1510 4535 1872 1511 4536 1909 1511 4537 1904 1511 4538 1873 1512 4539 1914 1512 4540 1909 1512 4541 1874 1513 4542 1876 1513 4543 1914 1513 4544 1877 1514 4545 1881 1514 4546 1855 1514 4547 1878 1515 4548 1882 1515 4549 1877 1515 4550 1879 1516 4551 1883 1516 4552 1878 1516 4553 1880 1517 4554 1884 1517 4555 1879 1517 4556 1882 1518 4557 1886 1518 4558 1881 1518 4559 1883 1519 4560 1887 1519 4561 1882 1519 4562 1884 1520 4563 1888 1520 4564 1883 1520 4565 1885 1521 4566 1889 1521 4567 1884 1521 4568 1887 1522 4569 1891 1522 4570 1886 1522 4571 1888 1523 4572 1892 1523 4573 1887 1523 4574 1889 1524 4575 1893 1524 4576 1888 1524 4577 1890 1525 4578 1894 1525 4579 1889 1525 4580 1892 1526 4581 1860 1526 4582 1891 1526 4583 1893 1527 4584 1865 1527 4585 1892 1527 4586 1894 1528 4587 1870 1528 4588 1893 1528 4589 1895 1529 4590 1875 1529 4591 1894 1529 4592 1896 1530 4593 1900 1530 4594 1856 1530 4595 1897 1531 4596 1901 1531 4597 1896 1531 4598 1898 1532 4599 1902 1532 4600 1897 1532 4601 1899 1533 4602 1903 1533 4603 1898 1533 4604 1901 1534 4605 1905 1534 4606 1900 1534 4607 1902 1535 4608 1906 1535 4609 1901 1535 4610 1903 1536 4611 1907 1536 4612 1902 1536 4613 1904 1537 4614 1908 1537 4615 1903 1537 4616 1906 1538 4617 1910 1538 4618 1905 1538 4619 1907 1539 4620 1911 1539 4621 1906 1539 4622 1908 1540 4623 1912 1540 4624 1907 1540 4625 1909 1541 4626 1913 1541 4627 1908 1541 4628 1911 1542 4629 1880 1542 4630 1910 1542 4631 1912 1543 4632 1885 1543 4633 1911 1543 4634 1913 1544 4635 1890 1544 4636 1912 1544 4637 1914 1545 4638 1895 1545 4639 1913 1545 4640 1918 1546 4641 1922 1546 4642 1915 1546 4643 1919 1547 4644 1923 1547 4645 1918 1547 4646 1920 1548 4647 1924 1548 4648 1919 1548 4649 1920 1549 4650 1926 1549 4651 1925 1549 4652 1923 1550 4653 1927 1550 4654 1922 1550 4655 1924 1551 4656 1928 1551 4657 1923 1551 4658 1924 1552 4659 1930 1552 4660 1929 1552 4661 1925 1553 4662 1931 1553 4663 1930 1553 4664 1928 1554 4665 1932 1554 4666 1927 1554 4667 1928 1555 4668 1934 1555 4669 1933 1555 4670 1929 1556 4671 1935 1556 4672 1934 1556 4673 1930 1557 4674 1936 1557 4675 1935 1557 4676 1932 1558 4677 1965 1558 4678 1960 1558 4679 1933 1559 4680 1970 1559 4681 1965 1559 4682 1934 1560 4683 1975 1560 4684 1970 1560 4685 1935 1561 4686 1937 1561 4687 1975 1561 4688 1938 1562 4689 1942 1562 4690 1916 1562 4691 1939 1563 4692 1943 1563 4693 1938 1563 4694 1940 1564 4695 1944 1564 4696 1939 1564 4697 1941 1565 4698 1945 1565 4699 1940 1565 4700 1943 1566 4701 1947 1566 4702 1942 1566 4703 1944 1567 4704 1948 1567 4705 1943 1567 4706 1945 1568 4707 1949 1568 4708 1944 1568 4709 1946 1569 4710 1950 1569 4711 1945 1569 4712 1948 1570 4713 1952 1570 4714 1947 1570 4715 1949 1571 4716 1953 1571 4717 1948 1571 4718 1950 1572 4719 1954 1572 4720 1949 1572 4721 1951 1573 4722 1955 1573 4723 1950 1573 4724 1953 1574 4725 1921 1574 4726 1952 1574 4727 1954 1575 4728 1926 1575 4729 1953 1575 4730 1955 1576 4731 1931 1576 4732 1954 1576 4733 1956 1577 4734 1936 1577 4735 1955 1577 4736 1957 1578 4737 1961 1578 4738 1917 1578 4739 1958 1579 4740 1962 1579 4741 1957 1579 4742 1959 1580 4743 1963 1580 4744 1958 1580 4745 1960 1581 4746 1964 1581 4747 1959 1581 4748 1962 1582 4749 1966 1582 4750 1961 1582 4751 1963 1583 4752 1967 1583 4753 1962 1583 4754 1964 1584 4755 1968 1584 4756 1963 1584 4757 1965 1585 4758 1969 1585 4759 1964 1585 4760 1967 1586 4761 1971 1586 4762 1966 1586 4763 1968 1587 4764 1972 1587 4765 1967 1587 4766 1969 1588 4767 1973 1588 4768 1968 1588 4769 1970 1589 4770 1974 1589 4771 1969 1589 4772 1972 1590 4773 1941 1590 4774 1971 1590 4775 1973 1591 4776 1946 1591 4777 1972 1591 4778 1974 1592 4779 1951 1592 4780 1973 1592 4781 1975 1593 4782 1956 1593 4783 1974 1593 4784 1979 1594 4785 1983 1594 4786 1976 1594 4787 1980 1595 4788 1984 1595 4789 1979 1595 4790 1981 1596 4791 1985 1596 4792 1980 1596 4793 1981 1597 4794 1987 1597 4795 1986 1597 4796 1984 1598 4797 1988 1598 4798 1983 1598 4799 1985 1599 4800 1989 1599 4801 1984 1599 4802 1985 1600 4803 1991 1600 4804 1990 1600 4805 1986 1601 4806 1992 1601 4807 1991 1601 4808 1989 1602 4809 1993 1602 4810 1988 1602 4811 1989 1603 4812 1995 1603 4813 1994 1603 4814 1990 1604 4815 1996 1604 4816 1995 1604 4817 1991 1605 4818 1997 1605 4819 1996 1605 4820 1993 1606 4821 2026 1606 4822 2021 1606 4823 1994 1607 4824 2031 1607 4825 2026 1607 4826 1995 1608 4827 2036 1608 4828 2031 1608 4829 1996 1609 4830 1998 1609 4831 2036 1609 4832 1999 1610 4833 2003 1610 4834 1977 1610 4835 2000 1611 4836 2004 1611 4837 1999 1611 4838 2001 1612 4839 2005 1612 4840 2000 1612 4841 2002 1613 4842 2006 1613 4843 2001 1613 4844 2004 1614 4845 2008 1614 4846 2003 1614 4847 2005 1615 4848 2009 1615 4849 2004 1615 4850 2006 1616 4851 2010 1616 4852 2005 1616 4853 2007 1617 4854 2011 1617 4855 2006 1617 4856 2009 1618 4857 2013 1618 4858 2008 1618 4859 2010 1619 4860 2014 1619 4861 2009 1619 4862 2011 1620 4863 2015 1620 4864 2010 1620 4865 2012 1621 4866 2016 1621 4867 2011 1621 4868 2014 1622 4869 1982 1622 4870 2013 1622 4871 2015 1623 4872 1987 1623 4873 2014 1623 4874 2016 1624 4875 1992 1624 4876 2015 1624 4877 2017 1625 4878 1997 1625 4879 2016 1625 4880 2018 1626 4881 2022 1626 4882 1978 1626 4883 2019 1627 4884 2023 1627 4885 2018 1627 4886 2020 1628 4887 2024 1628 4888 2019 1628 4889 2021 1629 4890 2025 1629 4891 2020 1629 4892 2023 1630 4893 2027 1630 4894 2022 1630 4895 2024 1631 4896 2028 1631 4897 2023 1631 4898 2025 1632 4899 2029 1632 4900 2024 1632 4901 2026 1633 4902 2030 1633 4903 2025 1633 4904 2028 1634 4905 2032 1634 4906 2027 1634 4907 2029 1635 4908 2033 1635 4909 2028 1635 4910 2030 1636 4911 2034 1636 4912 2029 1636 4913 2031 1637 4914 2035 1637 4915 2030 1637 4916 2033 1638 4917 2002 1638 4918 2032 1638 4919 2034 1639 4920 2007 1639 4921 2033 1639 4922 2035 1640 4923 2012 1640 4924 2034 1640 4925 2036 1641 4926 2017 1641 4927 2035 1641 4928 2040 1642 4929 2044 1642 4930 2037 1642 4931 2041 1643 4932 2045 1643 4933 2040 1643 4934 2042 1644 4935 2046 1644 4936 2041 1644 4937 2042 1645 4938 2048 1645 4939 2047 1645 4940 2045 1646 4941 2049 1646 4942 2044 1646 4943 2046 1647 4944 2050 1647 4945 2045 1647 4946 2046 1648 4947 2052 1648 4948 2051 1648 4949 2047 1649 4950 2053 1649 4951 2052 1649 4952 2050 1650 4953 2054 1650 4954 2049 1650 4955 2050 1651 4956 2056 1651 4957 2055 1651 4958 2051 1652 4959 2057 1652 4960 2056 1652 4961 2052 1653 4962 2058 1653 4963 2057 1653 4964 2054 1654 4965 2087 1654 4966 2082 1654 4967 2055 1655 4968 2092 1655 4969 2087 1655 4970 2056 1656 4971 2097 1656 4972 2092 1656 4973 2057 1657 4974 2059 1657 4975 2097 1657 4976 2060 1658 4977 2064 1658 4978 2038 1658 4979 2061 1659 4980 2065 1659 4981 2060 1659 4982 2062 1660 4983 2066 1660 4984 2061 1660 4985 2063 1661 4986 2067 1661 4987 2062 1661 4988 2065 1662 4989 2069 1662 4990 2064 1662 4991 2066 1663 4992 2070 1663 4993 2065 1663 4994 2067 1664 4995 2071 1664 4996 2066 1664 4997 2068 1665 4998 2072 1665 4999 2067 1665 5000 2070 1666 5001 2074 1666 5002 2069 1666 5003 2071 1667 5004 2075 1667 5005 2070 1667 5006 2072 1668 5007 2076 1668 5008 2071 1668 5009 2073 1669 5010 2077 1669 5011 2072 1669 5012 2075 1670 5013 2043 1670 5014 2074 1670 5015 2076 1671 5016 2048 1671 5017 2075 1671 5018 2077 1672 5019 2053 1672 5020 2076 1672 5021 2078 1673 5022 2058 1673 5023 2077 1673 5024 2079 1674 5025 2083 1674 5026 2039 1674 5027 2080 1675 5028 2084 1675 5029 2079 1675 5030 2081 1676 5031 2085 1676 5032 2080 1676 5033 2082 1677 5034 2086 1677 5035 2081 1677 5036 2084 1678 5037 2088 1678 5038 2083 1678 5039 2085 1679 5040 2089 1679 5041 2084 1679 5042 2086 1680 5043 2090 1680 5044 2085 1680 5045 2087 1681 5046 2091 1681 5047 2086 1681 5048 2089 1682 5049 2093 1682 5050 2088 1682 5051 2090 1683 5052 2094 1683 5053 2089 1683 5054 2091 1684 5055 2095 1684 5056 2090 1684 5057 2092 1685 5058 2096 1685 5059 2091 1685 5060 2094 1686 5061 2063 1686 5062 2093 1686 5063 2095 1687 5064 2068 1687 5065 2094 1687 5066 2096 1688 5067 2073 1688 5068 2095 1688 5069 2097 1689 5070 2078 1689 5071 2096 1689 5072 2101 1690 5073 2105 1690 5074 2098 1690 5075 2102 1691 5076 2106 1691 5077 2101 1691 5078 2103 1692 5079 2107 1692 5080 2102 1692 5081 2103 1693 5082 2109 1693 5083 2108 1693 5084 2106 1694 5085 2110 1694 5086 2105 1694 5087 2107 1695 5088 2111 1695 5089 2106 1695 5090 2107 1696 5091 2113 1696 5092 2112 1696 5093 2108 1697 5094 2114 1697 5095 2113 1697 5096 2111 1698 5097 2115 1698 5098 2110 1698 5099 2111 1699 5100 2117 1699 5101 2116 1699 5102 2112 1700 5103 2118 1700 5104 2117 1700 5105 2113 1701 5106 2119 1701 5107 2118 1701 5108 2115 1702 5109 2148 1702 5110 2143 1702 5111 2116 1703 5112 2153 1703 5113 2148 1703 5114 2117 1704 5115 2158 1704 5116 2153 1704 5117 2118 1705 5118 2120 1705 5119 2158 1705 5120 2121 1706 5121 2125 1706 5122 2099 1706 5123 2122 1707 5124 2126 1707 5125 2121 1707 5126 2123 1708 5127 2127 1708 5128 2122 1708 5129 2124 1709 5130 2128 1709 5131 2123 1709 5132 2126 1710 5133 2130 1710 5134 2125 1710 5135 2127 1711 5136 2131 1711 5137 2126 1711 5138 2128 1712 5139 2132 1712 5140 2127 1712 5141 2129 1713 5142 2133 1713 5143 2128 1713 5144 2131 1714 5145 2135 1714 5146 2130 1714 5147 2132 1715 5148 2136 1715 5149 2131 1715 5150 2133 1716 5151 2137 1716 5152 2132 1716 5153 2134 1717 5154 2138 1717 5155 2133 1717 5156 2136 1718 5157 2104 1718 5158 2135 1718 5159 2137 1719 5160 2109 1719 5161 2136 1719 5162 2138 1720 5163 2114 1720 5164 2137 1720 5165 2139 1721 5166 2119 1721 5167 2138 1721 5168 2140 1722 5169 2144 1722 5170 2100 1722 5171 2141 1723 5172 2145 1723 5173 2140 1723 5174 2142 1724 5175 2146 1724 5176 2141 1724 5177 2143 1725 5178 2147 1725 5179 2142 1725 5180 2145 1726 5181 2149 1726 5182 2144 1726 5183 2146 1727 5184 2150 1727 5185 2145 1727 5186 2147 1728 5187 2151 1728 5188 2146 1728 5189 2148 1729 5190 2152 1729 5191 2147 1729 5192 2150 1730 5193 2154 1730 5194 2149 1730 5195 2151 1731 5196 2155 1731 5197 2150 1731 5198 2152 1732 5199 2156 1732 5200 2151 1732 5201 2153 1733 5202 2157 1733 5203 2152 1733 5204 2155 1734 5205 2124 1734 5206 2154 1734 5207 2156 1735 5208 2129 1735 5209 2155 1735 5210 2157 1736 5211 2134 1736 5212 2156 1736 5213 2158 1737 5214 2139 1737 5215 2157 1737 5216 2162 1738 5217 2166 1738 5218 2159 1738 5219 2163 1739 5220 2167 1739 5221 2162 1739 5222 2164 1740 5223 2168 1740 5224 2163 1740 5225 2164 1741 5226 2170 1741 5227 2169 1741 5228 2167 1742 5229 2171 1742 5230 2166 1742 5231 2168 1743 5232 2172 1743 5233 2167 1743 5234 2168 1744 5235 2174 1744 5236 2173 1744 5237 2169 1745 5238 2175 1745 5239 2174 1745 5240 2172 1746 5241 2176 1746 5242 2171 1746 5243 2172 1747 5244 2178 1747 5245 2177 1747 5246 2173 1748 5247 2179 1748 5248 2178 1748 5249 2174 1749 5250 2180 1749 5251 2179 1749 5252 2176 1750 5253 2209 1750 5254 2204 1750 5255 2177 1751 5256 2214 1751 5257 2209 1751 5258 2178 1752 5259 2219 1752 5260 2214 1752 5261 2179 1753 5262 2181 1753 5263 2219 1753 5264 2182 1754 5265 2186 1754 5266 2160 1754 5267 2183 1755 5268 2187 1755 5269 2182 1755 5270 2184 1756 5271 2188 1756 5272 2183 1756 5273 2185 1757 5274 2189 1757 5275 2184 1757 5276 2187 1758 5277 2191 1758 5278 2186 1758 5279 2188 1759 5280 2192 1759 5281 2187 1759 5282 2189 1760 5283 2193 1760 5284 2188 1760 5285 2190 1761 5286 2194 1761 5287 2189 1761 5288 2192 1762 5289 2196 1762 5290 2191 1762 5291 2193 1763 5292 2197 1763 5293 2192 1763 5294 2194 1764 5295 2198 1764 5296 2193 1764 5297 2195 1765 5298 2199 1765 5299 2194 1765 5300 2197 1766 5301 2165 1766 5302 2196 1766 5303 2198 1767 5304 2170 1767 5305 2197 1767 5306 2199 1768 5307 2175 1768 5308 2198 1768 5309 2200 1769 5310 2180 1769 5311 2199 1769 5312 2201 1770 5313 2205 1770 5314 2161 1770 5315 2202 1771 5316 2206 1771 5317 2201 1771 5318 2203 1772 5319 2207 1772 5320 2202 1772 5321 2204 1773 5322 2208 1773 5323 2203 1773 5324 2206 1774 5325 2210 1774 5326 2205 1774 5327 2207 1775 5328 2211 1775 5329 2206 1775 5330 2208 1776 5331 2212 1776 5332 2207 1776 5333 2209 1777 5334 2213 1777 5335 2208 1777 5336 2211 1778 5337 2215 1778 5338 2210 1778 5339 2212 1779 5340 2216 1779 5341 2211 1779 5342 2213 1780 5343 2217 1780 5344 2212 1780 5345 2214 1781 5346 2218 1781 5347 2213 1781 5348 2216 1782 5349 2185 1782 5350 2215 1782 5351 2217 1783 5352 2190 1783 5353 2216 1783 5354 2218 1784 5355 2195 1784 5356 2217 1784 5357 2219 1785 5358 2200 1785 5359 2218 1785 5360 2223 1786 5361 2227 1786 5362 2220 1786 5363 2224 1787 5364 2228 1787 5365 2223 1787 5366 2225 1788 5367 2229 1788 5368 2224 1788 5369 2225 1789 5370 2231 1789 5371 2230 1789 5372 2228 1790 5373 2232 1790 5374 2227 1790 5375 2229 1791 5376 2233 1791 5377 2228 1791 5378 2229 1792 5379 2235 1792 5380 2234 1792 5381 2230 1793 5382 2236 1793 5383 2235 1793 5384 2233 1794 5385 2237 1794 5386 2232 1794 5387 2233 1795 5388 2239 1795 5389 2238 1795 5390 2234 1796 5391 2240 1796 5392 2239 1796 5393 2235 1797 5394 2241 1797 5395 2240 1797 5396 2237 1798 5397 2270 1798 5398 2265 1798 5399 2238 1799 5400 2275 1799 5401 2270 1799 5402 2239 1800 5403 2280 1800 5404 2275 1800 5405 2240 1801 5406 2242 1801 5407 2280 1801 5408 2243 1802 5409 2247 1802 5410 2221 1802 5411 2244 1803 5412 2248 1803 5413 2243 1803 5414 2245 1804 5415 2249 1804 5416 2244 1804 5417 2246 1805 5418 2250 1805 5419 2245 1805 5420 2248 1806 5421 2252 1806 5422 2247 1806 5423 2249 1807 5424 2253 1807 5425 2248 1807 5426 2250 1808 5427 2254 1808 5428 2249 1808 5429 2251 1809 5430 2255 1809 5431 2250 1809 5432 2253 1810 5433 2257 1810 5434 2252 1810 5435 2254 1811 5436 2258 1811 5437 2253 1811 5438 2255 1812 5439 2259 1812 5440 2254 1812 5441 2256 1813 5442 2260 1813 5443 2255 1813 5444 2258 1814 5445 2226 1814 5446 2257 1814 5447 2259 1815 5448 2231 1815 5449 2258 1815 5450 2260 1816 5451 2236 1816 5452 2259 1816 5453 2261 1817 5454 2241 1817 5455 2260 1817 5456 2262 1818 5457 2266 1818 5458 2222 1818 5459 2263 1819 5460 2267 1819 5461 2262 1819 5462 2264 1820 5463 2268 1820 5464 2263 1820 5465 2265 1821 5466 2269 1821 5467 2264 1821 5468 2267 1822 5469 2271 1822 5470 2266 1822 5471 2268 1823 5472 2272 1823 5473 2267 1823 5474 2269 1824 5475 2273 1824 5476 2268 1824 5477 2270 1825 5478 2274 1825 5479 2269 1825 5480 2272 1826 5481 2276 1826 5482 2271 1826 5483 2273 1827 5484 2277 1827 5485 2272 1827 5486 2274 1828 5487 2278 1828 5488 2273 1828 5489 2275 1829 5490 2279 1829 5491 2274 1829 5492 2277 1830 5493 2246 1830 5494 2276 1830 5495 2278 1831 5496 2251 1831 5497 2277 1831 5498 2279 1832 5499 2256 1832 5500 2278 1832 5501 2280 1833 5502 2261 1833 5503 2279 1833 5504 2284 1834 5505 2288 1834 5506 2281 1834 5507 2285 1835 5508 2289 1835 5509 2284 1835 5510 2286 1836 5511 2290 1836 5512 2285 1836 5513 2286 1837 5514 2292 1837 5515 2291 1837 5516 2289 1838 5517 2293 1838 5518 2288 1838 5519 2290 1839 5520 2294 1839 5521 2289 1839 5522 2290 1840 5523 2296 1840 5524 2295 1840 5525 2291 1841 5526 2297 1841 5527 2296 1841 5528 2294 1842 5529 2298 1842 5530 2293 1842 5531 2294 1843 5532 2300 1843 5533 2299 1843 5534 2295 1844 5535 2301 1844 5536 2300 1844 5537 2296 1845 5538 2302 1845 5539 2301 1845 5540 2298 1846 5541 2331 1846 5542 2326 1846 5543 2299 1847 5544 2336 1847 5545 2331 1847 5546 2300 1848 5547 2341 1848 5548 2336 1848 5549 2301 1849 5550 2303 1849 5551 2341 1849 5552 2304 1850 5553 2308 1850 5554 2282 1850 5555 2305 1851 5556 2309 1851 5557 2304 1851 5558 2306 1852 5559 2310 1852 5560 2305 1852 5561 2307 1853 5562 2311 1853 5563 2306 1853 5564 2309 1854 5565 2313 1854 5566 2308 1854 5567 2310 1855 5568 2314 1855 5569 2309 1855 5570 2311 1856 5571 2315 1856 5572 2310 1856 5573 2312 1857 5574 2316 1857 5575 2311 1857 5576 2314 1858 5577 2318 1858 5578 2313 1858 5579 2315 1859 5580 2319 1859 5581 2314 1859 5582 2316 1860 5583 2320 1860 5584 2315 1860 5585 2317 1861 5586 2321 1861 5587 2316 1861 5588 2319 1862 5589 2287 1862 5590 2318 1862 5591 2320 1863 5592 2292 1863 5593 2319 1863 5594 2321 1864 5595 2297 1864 5596 2320 1864 5597 2322 1865 5598 2302 1865 5599 2321 1865 5600 2323 1866 5601 2327 1866 5602 2283 1866 5603 2324 1867 5604 2328 1867 5605 2323 1867 5606 2325 1868 5607 2329 1868 5608 2324 1868 5609 2326 1869 5610 2330 1869 5611 2325 1869 5612 2328 1870 5613 2332 1870 5614 2327 1870 5615 2329 1871 5616 2333 1871 5617 2328 1871 5618 2330 1872 5619 2334 1872 5620 2329 1872 5621 2331 1873 5622 2335 1873 5623 2330 1873 5624 2333 1874 5625 2337 1874 5626 2332 1874 5627 2334 1875 5628 2338 1875 5629 2333 1875 5630 2335 1876 5631 2339 1876 5632 2334 1876 5633 2336 1877 5634 2340 1877 5635 2335 1877 5636 2338 1878 5637 2307 1878 5638 2337 1878 5639 2339 1879 5640 2312 1879 5641 2338 1879 5642 2340 1880 5643 2317 1880 5644 2339 1880 5645 2341 1881 5646 2322 1881 5647 2340 1881 5648 2345 1882 5649 2349 1882 5650 2342 1882 5651 2346 1883 5652 2350 1883 5653 2345 1883 5654 2347 1884 5655 2351 1884 5656 2346 1884 5657 2347 1885 5658 2353 1885 5659 2352 1885 5660 2350 1886 5661 2354 1886 5662 2349 1886 5663 2351 1887 5664 2355 1887 5665 2350 1887 5666 2351 1888 5667 2357 1888 5668 2356 1888 5669 2352 1889 5670 2358 1889 5671 2357 1889 5672 2355 1890 5673 2359 1890 5674 2354 1890 5675 2355 1891 5676 2361 1891 5677 2360 1891 5678 2356 1892 5679 2362 1892 5680 2361 1892 5681 2357 1893 5682 2363 1893 5683 2362 1893 5684 2359 1894 5685 2392 1894 5686 2387 1894 5687 2360 1895 5688 2397 1895 5689 2392 1895 5690 2361 1896 5691 2402 1896 5692 2397 1896 5693 2362 1897 5694 2364 1897 5695 2402 1897 5696 2365 1898 5697 2369 1898 5698 2343 1898 5699 2366 1899 5700 2370 1899 5701 2365 1899 5702 2367 1900 5703 2371 1900 5704 2366 1900 5705 2368 1901 5706 2372 1901 5707 2367 1901 5708 2370 1902 5709 2374 1902 5710 2369 1902 5711 2371 1903 5712 2375 1903 5713 2370 1903 5714 2372 1904 5715 2376 1904 5716 2371 1904 5717 2373 1905 5718 2377 1905 5719 2372 1905 5720 2375 1906 5721 2379 1906 5722 2374 1906 5723 2376 1907 5724 2380 1907 5725 2375 1907 5726 2377 1908 5727 2381 1908 5728 2376 1908 5729 2378 1909 5730 2382 1909 5731 2377 1909 5732 2380 1910 5733 2348 1910 5734 2379 1910 5735 2381 1911 5736 2353 1911 5737 2380 1911 5738 2382 1912 5739 2358 1912 5740 2381 1912 5741 2383 1913 5742 2363 1913 5743 2382 1913 5744 2384 1914 5745 2388 1914 5746 2344 1914 5747 2385 1915 5748 2389 1915 5749 2384 1915 5750 2386 1916 5751 2390 1916 5752 2385 1916 5753 2387 1917 5754 2391 1917 5755 2386 1917 5756 2389 1918 5757 2393 1918 5758 2388 1918 5759 2390 1919 5760 2394 1919 5761 2389 1919 5762 2391 1920 5763 2395 1920 5764 2390 1920 5765 2392 1921 5766 2396 1921 5767 2391 1921 5768 2394 1922 5769 2398 1922 5770 2393 1922 5771 2395 1923 5772 2399 1923 5773 2394 1923 5774 2396 1924 5775 2400 1924 5776 2395 1924 5777 2397 1925 5778 2401 1925 5779 2396 1925 5780 2399 1926 5781 2368 1926 5782 2398 1926 5783 2400 1927 5784 2373 1927 5785 2399 1927 5786 2401 1928 5787 2378 1928 5788 2400 1928 5789 2402 1929 5790 2383 1929 5791 2401 1929 5792 2406 1930 5793 2410 1930 5794 2403 1930 5795 2407 1931 5796 2411 1931 5797 2406 1931 5798 2408 1932 5799 2412 1932 5800 2407 1932 5801 2408 1933 5802 2414 1933 5803 2413 1933 5804 2411 1934 5805 2415 1934 5806 2410 1934 5807 2412 1935 5808 2416 1935 5809 2411 1935 5810 2412 1936 5811 2418 1936 5812 2417 1936 5813 2413 1937 5814 2419 1937 5815 2418 1937 5816 2416 1938 5817 2420 1938 5818 2415 1938 5819 2416 1939 5820 2422 1939 5821 2421 1939 5822 2417 1940 5823 2423 1940 5824 2422 1940 5825 2418 1941 5826 2424 1941 5827 2423 1941 5828 2420 1942 5829 2453 1942 5830 2448 1942 5831 2421 1943 5832 2458 1943 5833 2453 1943 5834 2422 1944 5835 2463 1944 5836 2458 1944 5837 2423 1945 5838 2425 1945 5839 2463 1945 5840 2426 1946 5841 2430 1946 5842 2404 1946 5843 2427 1947 5844 2431 1947 5845 2426 1947 5846 2428 1948 5847 2432 1948 5848 2427 1948 5849 2429 1949 5850 2433 1949 5851 2428 1949 5852 2431 1950 5853 2435 1950 5854 2430 1950 5855 2432 1951 5856 2436 1951 5857 2431 1951 5858 2433 1952 5859 2437 1952 5860 2432 1952 5861 2434 1953 5862 2438 1953 5863 2433 1953 5864 2436 1954 5865 2440 1954 5866 2435 1954 5867 2437 1955 5868 2441 1955 5869 2436 1955 5870 2438 1956 5871 2442 1956 5872 2437 1956 5873 2439 1957 5874 2443 1957 5875 2438 1957 5876 2441 1958 5877 2409 1958 5878 2440 1958 5879 2442 1959 5880 2414 1959 5881 2441 1959 5882 2443 1960 5883 2419 1960 5884 2442 1960 5885 2444 1961 5886 2424 1961 5887 2443 1961 5888 2445 1962 5889 2449 1962 5890 2405 1962 5891 2446 1963 5892 2450 1963 5893 2445 1963 5894 2447 1964 5895 2451 1964 5896 2446 1964 5897 2448 1965 5898 2452 1965 5899 2447 1965 5900 2450 1966 5901 2454 1966 5902 2449 1966 5903 2451 1967 5904 2455 1967 5905 2450 1967 5906 2452 1968 5907 2456 1968 5908 2451 1968 5909 2453 1969 5910 2457 1969 5911 2452 1969 5912 2455 1970 5913 2459 1970 5914 2454 1970 5915 2456 1971 5916 2460 1971 5917 2455 1971 5918 2457 1972 5919 2461 1972 5920 2456 1972 5921 2458 1973 5922 2462 1973 5923 2457 1973 5924 2460 1974 5925 2429 1974 5926 2459 1974 5927 2461 1975 5928 2434 1975 5929 2460 1975 5930 2462 1976 5931 2439 1976 5932 2461 1976 5933 2463 1977 5934 2444 1977 5935 2462 1977 5936 2467 1978 5937 2471 1978 5938 2464 1978 5939 2468 1979 5940 2472 1979 5941 2467 1979 5942 2469 1980 5943 2473 1980 5944 2468 1980 5945 2469 1981 5946 2475 1981 5947 2474 1981 5948 2472 1982 5949 2476 1982 5950 2471 1982 5951 2473 1983 5952 2477 1983 5953 2472 1983 5954 2473 1984 5955 2479 1984 5956 2478 1984 5957 2474 1985 5958 2480 1985 5959 2479 1985 5960 2477 1986 5961 2481 1986 5962 2476 1986 5963 2477 1987 5964 2483 1987 5965 2482 1987 5966 2478 1988 5967 2484 1988 5968 2483 1988 5969 2479 1989 5970 2485 1989 5971 2484 1989 5972 2481 1990 5973 2514 1990 5974 2509 1990 5975 2482 1991 5976 2519 1991 5977 2514 1991 5978 2483 1992 5979 2524 1992 5980 2519 1992 5981 2484 1993 5982 2486 1993 5983 2524 1993 5984 2487 1994 5985 2491 1994 5986 2465 1994 5987 2488 1995 5988 2492 1995 5989 2487 1995 5990 2489 1996 5991 2493 1996 5992 2488 1996 5993 2490 1997 5994 2494 1997 5995 2489 1997 5996 2492 1998 5997 2496 1998 5998 2491 1998 5999 2493 1999 6000 2497 1999 6001 2492 1999 6002 2494 2000 6003 2498 2000 6004 2493 2000 6005 2495 2001 6006 2499 2001 6007 2494 2001 6008 2497 2002 6009 2501 2002 6010 2496 2002 6011 2498 2003 6012 2502 2003 6013 2497 2003 6014 2499 2004 6015 2503 2004 6016 2498 2004 6017 2500 2005 6018 2504 2005 6019 2499 2005 6020 2502 2006 6021 2470 2006 6022 2501 2006 6023 2503 2007 6024 2475 2007 6025 2502 2007 6026 2504 2008 6027 2480 2008 6028 2503 2008 6029 2505 2009 6030 2485 2009 6031 2504 2009 6032 2506 2010 6033 2510 2010 6034 2466 2010 6035 2507 2011 6036 2511 2011 6037 2506 2011 6038 2508 2012 6039 2512 2012 6040 2507 2012 6041 2509 2013 6042 2513 2013 6043 2508 2013 6044 2511 2014 6045 2515 2014 6046 2510 2014 6047 2512 2015 6048 2516 2015 6049 2511 2015 6050 2513 2016 6051 2517 2016 6052 2512 2016 6053 2514 2017 6054 2518 2017 6055 2513 2017 6056 2516 2018 6057 2520 2018 6058 2515 2018 6059 2517 2019 6060 2521 2019 6061 2516 2019 6062 2518 2020 6063 2522 2020 6064 2517 2020 6065 2519 2021 6066 2523 2021 6067 2518 2021 6068 2521 2022 6069 2490 2022 6070 2520 2022 6071 2522 2023 6072 2495 2023 6073 2521 2023 6074 2523 2024 6075 2500 2024 6076 2522 2024 6077 2524 2025 6078 2505 2025 6079 2523 2025 6080 2528 2026 6081 2532 2026 6082 2525 2026 6083 2529 2027 6084 2533 2027 6085 2528 2027 6086 2530 2028 6087 2534 2028 6088 2529 2028 6089 2530 2029 6090 2536 2029 6091 2535 2029 6092 2533 2030 6093 2537 2030 6094 2532 2030 6095 2534 2031 6096 2538 2031 6097 2533 2031 6098 2534 2032 6099 2540 2032 6100 2539 2032 6101 2535 2033 6102 2541 2033 6103 2540 2033 6104 2538 2034 6105 2542 2034 6106 2537 2034 6107 2538 2035 6108 2544 2035 6109 2543 2035 6110 2539 2036 6111 2545 2036 6112 2544 2036 6113 2540 2037 6114 2546 2037 6115 2545 2037 6116 2542 2038 6117 2575 2038 6118 2570 2038 6119 2543 2039 6120 2580 2039 6121 2575 2039 6122 2544 2040 6123 2585 2040 6124 2580 2040 6125 2545 2041 6126 2547 2041 6127 2585 2041 6128 2548 2042 6129 2552 2042 6130 2526 2042 6131 2549 2043 6132 2553 2043 6133 2548 2043 6134 2550 2044 6135 2554 2044 6136 2549 2044 6137 2551 2045 6138 2555 2045 6139 2550 2045 6140 2553 2046 6141 2557 2046 6142 2552 2046 6143 2554 2047 6144 2558 2047 6145 2553 2047 6146 2555 2048 6147 2559 2048 6148 2554 2048 6149 2556 2049 6150 2560 2049 6151 2555 2049 6152 2558 2050 6153 2562 2050 6154 2557 2050 6155 2559 2051 6156 2563 2051 6157 2558 2051 6158 2560 2052 6159 2564 2052 6160 2559 2052 6161 2561 2053 6162 2565 2053 6163 2560 2053 6164 2563 2054 6165 2531 2054 6166 2562 2054 6167 2564 2055 6168 2536 2055 6169 2563 2055 6170 2565 2056 6171 2541 2056 6172 2564 2056 6173 2566 2057 6174 2546 2057 6175 2565 2057 6176 2567 2058 6177 2571 2058 6178 2527 2058 6179 2568 2059 6180 2572 2059 6181 2567 2059 6182 2569 2060 6183 2573 2060 6184 2568 2060 6185 2570 2061 6186 2574 2061 6187 2569 2061 6188 2572 2062 6189 2576 2062 6190 2571 2062 6191 2573 2063 6192 2577 2063 6193 2572 2063 6194 2574 2064 6195 2578 2064 6196 2573 2064 6197 2575 2065 6198 2579 2065 6199 2574 2065 6200 2577 2066 6201 2581 2066 6202 2576 2066 6203 2578 2067 6204 2582 2067 6205 2577 2067 6206 2579 2068 6207 2583 2068 6208 2578 2068 6209 2580 2069 6210 2584 2069 6211 2579 2069 6212 2582 2070 6213 2551 2070 6214 2581 2070 6215 2583 2071 6216 2556 2071 6217 2582 2071 6218 2584 2072 6219 2561 2072 6220 2583 2072 6221 2585 2073 6222 2566 2073 6223 2584 2073 6224 2589 2074 6225 2593 2074 6226 2586 2074 6227 2590 2075 6228 2594 2075 6229 2589 2075 6230 2591 2076 6231 2595 2076 6232 2590 2076 6233 2591 2077 6234 2597 2077 6235 2596 2077 6236 2594 2078 6237 2598 2078 6238 2593 2078 6239 2595 2079 6240 2599 2079 6241 2594 2079 6242 2595 2080 6243 2601 2080 6244 2600 2080 6245 2596 2081 6246 2602 2081 6247 2601 2081 6248 2599 2082 6249 2603 2082 6250 2598 2082 6251 2599 2083 6252 2605 2083 6253 2604 2083 6254 2600 2084 6255 2606 2084 6256 2605 2084 6257 2601 2085 6258 2607 2085 6259 2606 2085 6260 2603 2086 6261 2636 2086 6262 2631 2086 6263 2604 2087 6264 2641 2087 6265 2636 2087 6266 2605 2088 6267 2646 2088 6268 2641 2088 6269 2606 2089 6270 2608 2089 6271 2646 2089 6272 2609 2090 6273 2613 2090 6274 2587 2090 6275 2610 2091 6276 2614 2091 6277 2609 2091 6278 2611 2092 6279 2615 2092 6280 2610 2092 6281 2612 2093 6282 2616 2093 6283 2611 2093 6284 2614 2094 6285 2618 2094 6286 2613 2094 6287 2615 2095 6288 2619 2095 6289 2614 2095 6290 2616 2096 6291 2620 2096 6292 2615 2096 6293 2617 2097 6294 2621 2097 6295 2616 2097 6296 2619 2098 6297 2623 2098 6298 2618 2098 6299 2620 2099 6300 2624 2099 6301 2619 2099 6302 2621 2100 6303 2625 2100 6304 2620 2100 6305 2622 2101 6306 2626 2101 6307 2621 2101 6308 2624 2102 6309 2592 2102 6310 2623 2102 6311 2625 2103 6312 2597 2103 6313 2624 2103 6314 2626 2104 6315 2602 2104 6316 2625 2104 6317 2627 2105 6318 2607 2105 6319 2626 2105 6320 2628 2106 6321 2632 2106 6322 2588 2106 6323 2629 2107 6324 2633 2107 6325 2628 2107 6326 2630 2108 6327 2634 2108 6328 2629 2108 6329 2631 2109 6330 2635 2109 6331 2630 2109 6332 2633 2110 6333 2637 2110 6334 2632 2110 6335 2634 2111 6336 2638 2111 6337 2633 2111 6338 2635 2112 6339 2639 2112 6340 2634 2112 6341 2636 2113 6342 2640 2113 6343 2635 2113 6344 2638 2114 6345 2642 2114 6346 2637 2114 6347 2639 2115 6348 2643 2115 6349 2638 2115 6350 2640 2116 6351 2644 2116 6352 2639 2116 6353 2641 2117 6354 2645 2117 6355 2640 2117 6356 2643 2118 6357 2612 2118 6358 2642 2118 6359 2644 2119 6360 2617 2119 6361 2643 2119 6362 2645 2120 6363 2622 2120 6364 2644 2120 6365 2646 2121 6366 2627 2121 6367 2645 2121 6368 2650 2122 6369 2654 2122 6370 2647 2122 6371 2651 2123 6372 2655 2123 6373 2650 2123 6374 2652 2124 6375 2656 2124 6376 2651 2124 6377 2652 2125 6378 2658 2125 6379 2657 2125 6380 2655 2126 6381 2659 2126 6382 2654 2126 6383 2656 2127 6384 2660 2127 6385 2655 2127 6386 2656 2128 6387 2662 2128 6388 2661 2128 6389 2657 2129 6390 2663 2129 6391 2662 2129 6392 2660 2130 6393 2664 2130 6394 2659 2130 6395 2660 2131 6396 2666 2131 6397 2665 2131 6398 2661 2132 6399 2667 2132 6400 2666 2132 6401 2662 2133 6402 2668 2133 6403 2667 2133 6404 2664 2134 6405 2697 2134 6406 2692 2134 6407 2665 2135 6408 2702 2135 6409 2697 2135 6410 2666 2136 6411 2707 2136 6412 2702 2136 6413 2667 2137 6414 2669 2137 6415 2707 2137 6416 2670 2138 6417 2674 2138 6418 2648 2138 6419 2671 2139 6420 2675 2139 6421 2670 2139 6422 2672 2140 6423 2676 2140 6424 2671 2140 6425 2673 2141 6426 2677 2141 6427 2672 2141 6428 2675 2142 6429 2679 2142 6430 2674 2142 6431 2676 2143 6432 2680 2143 6433 2675 2143 6434 2677 2144 6435 2681 2144 6436 2676 2144 6437 2678 2145 6438 2682 2145 6439 2677 2145 6440 2680 2146 6441 2684 2146 6442 2679 2146 6443 2681 2147 6444 2685 2147 6445 2680 2147 6446 2682 2148 6447 2686 2148 6448 2681 2148 6449 2683 2149 6450 2687 2149 6451 2682 2149 6452 2685 2150 6453 2653 2150 6454 2684 2150 6455 2686 2151 6456 2658 2151 6457 2685 2151 6458 2687 2152 6459 2663 2152 6460 2686 2152 6461 2688 2153 6462 2668 2153 6463 2687 2153 6464 2689 2154 6465 2693 2154 6466 2649 2154 6467 2690 2155 6468 2694 2155 6469 2689 2155 6470 2691 2156 6471 2695 2156 6472 2690 2156 6473 2692 2157 6474 2696 2157 6475 2691 2157 6476 2694 2158 6477 2698 2158 6478 2693 2158 6479 2695 2159 6480 2699 2159 6481 2694 2159 6482 2696 2160 6483 2700 2160 6484 2695 2160 6485 2697 2161 6486 2701 2161 6487 2696 2161 6488 2699 2162 6489 2703 2162 6490 2698 2162 6491 2700 2163 6492 2704 2163 6493 2699 2163 6494 2701 2164 6495 2705 2164 6496 2700 2164 6497 2702 2165 6498 2706 2165 6499 2701 2165 6500 2704 2166 6501 2673 2166 6502 2703 2166 6503 2705 2167 6504 2678 2167 6505 2704 2167 6506 2706 2168 6507 2683 2168 6508 2705 2168 6509 2707 2169 6510 2688 2169 6511 2706 2169 6512 2711 2170 6513 2715 2170 6514 2708 2170 6515 2712 2171 6516 2716 2171 6517 2711 2171 6518 2713 2172 6519 2717 2172 6520 2712 2172 6521 2713 2173 6522 2719 2173 6523 2718 2173 6524 2716 2174 6525 2720 2174 6526 2715 2174 6527 2717 2175 6528 2721 2175 6529 2716 2175 6530 2717 2176 6531 2723 2176 6532 2722 2176 6533 2718 2177 6534 2724 2177 6535 2723 2177 6536 2721 2178 6537 2725 2178 6538 2720 2178 6539 2721 2179 6540 2727 2179 6541 2726 2179 6542 2722 2180 6543 2728 2180 6544 2727 2180 6545 2723 2181 6546 2729 2181 6547 2728 2181 6548 2725 2182 6549 2758 2182 6550 2753 2182 6551 2726 2183 6552 2763 2183 6553 2758 2183 6554 2727 2184 6555 2768 2184 6556 2763 2184 6557 2728 2185 6558 2730 2185 6559 2768 2185 6560 2731 2186 6561 2735 2186 6562 2709 2186 6563 2732 2187 6564 2736 2187 6565 2731 2187 6566 2733 2188 6567 2737 2188 6568 2732 2188 6569 2734 2189 6570 2738 2189 6571 2733 2189 6572 2736 2190 6573 2740 2190 6574 2735 2190 6575 2737 2191 6576 2741 2191 6577 2736 2191 6578 2738 2192 6579 2742 2192 6580 2737 2192 6581 2739 2193 6582 2743 2193 6583 2738 2193 6584 2741 2194 6585 2745 2194 6586 2740 2194 6587 2742 2195 6588 2746 2195 6589 2741 2195 6590 2743 2196 6591 2747 2196 6592 2742 2196 6593 2744 2197 6594 2748 2197 6595 2743 2197 6596 2746 2198 6597 2714 2198 6598 2745 2198 6599 2747 2199 6600 2719 2199 6601 2746 2199 6602 2748 2200 6603 2724 2200 6604 2747 2200 6605 2749 2201 6606 2729 2201 6607 2748 2201 6608 2750 2202 6609 2754 2202 6610 2710 2202 6611 2751 2203 6612 2755 2203 6613 2750 2203 6614 2752 2204 6615 2756 2204 6616 2751 2204 6617 2753 2205 6618 2757 2205 6619 2752 2205 6620 2755 2206 6621 2759 2206 6622 2754 2206 6623 2756 2207 6624 2760 2207 6625 2755 2207 6626 2757 2208 6627 2761 2208 6628 2756 2208 6629 2758 2209 6630 2762 2209 6631 2757 2209 6632 2760 2210 6633 2764 2210 6634 2759 2210 6635 2761 2211 6636 2765 2211 6637 2760 2211 6638 2762 2212 6639 2766 2212 6640 2761 2212 6641 2763 2213 6642 2767 2213 6643 2762 2213 6644 2765 2214 6645 2734 2214 6646 2764 2214 6647 2766 2215 6648 2739 2215 6649 2765 2215 6650 2767 2216 6651 2744 2216 6652 2766 2216 6653 2768 2217 6654 2749 2217 6655 2767 2217 6656 2772 2218 6657 2776 2218 6658 2769 2218 6659 2773 2219 6660 2777 2219 6661 2772 2219 6662 2774 2220 6663 2778 2220 6664 2773 2220 6665 2774 2221 6666 2780 2221 6667 2779 2221 6668 2777 2222 6669 2781 2222 6670 2776 2222 6671 2778 2223 6672 2782 2223 6673 2777 2223 6674 2778 2224 6675 2784 2224 6676 2783 2224 6677 2779 2225 6678 2785 2225 6679 2784 2225 6680 2782 2226 6681 2786 2226 6682 2781 2226 6683 2782 2227 6684 2788 2227 6685 2787 2227 6686 2783 2228 6687 2789 2228 6688 2788 2228 6689 2784 2229 6690 2790 2229 6691 2789 2229 6692 2786 2230 6693 2819 2230 6694 2814 2230 6695 2787 2231 6696 2824 2231 6697 2819 2231 6698 2788 2232 6699 2829 2232 6700 2824 2232 6701 2789 2233 6702 2791 2233 6703 2829 2233 6704 2792 2234 6705 2796 2234 6706 2770 2234 6707 2793 2235 6708 2797 2235 6709 2792 2235 6710 2794 2236 6711 2798 2236 6712 2793 2236 6713 2795 2237 6714 2799 2237 6715 2794 2237 6716 2797 2238 6717 2801 2238 6718 2796 2238 6719 2798 2239 6720 2802 2239 6721 2797 2239 6722 2799 2240 6723 2803 2240 6724 2798 2240 6725 2800 2241 6726 2804 2241 6727 2799 2241 6728 2802 2242 6729 2806 2242 6730 2801 2242 6731 2803 2243 6732 2807 2243 6733 2802 2243 6734 2804 2244 6735 2808 2244 6736 2803 2244 6737 2805 2245 6738 2809 2245 6739 2804 2245 6740 2807 2246 6741 2775 2246 6742 2806 2246 6743 2808 2247 6744 2780 2247 6745 2807 2247 6746 2809 2248 6747 2785 2248 6748 2808 2248 6749 2810 2249 6750 2790 2249 6751 2809 2249 6752 2811 2250 6753 2815 2250 6754 2771 2250 6755 2812 2251 6756 2816 2251 6757 2811 2251 6758 2813 2252 6759 2817 2252 6760 2812 2252 6761 2814 2253 6762 2818 2253 6763 2813 2253 6764 2816 2254 6765 2820 2254 6766 2815 2254 6767 2817 2255 6768 2821 2255 6769 2816 2255 6770 2818 2256 6771 2822 2256 6772 2817 2256 6773 2819 2257 6774 2823 2257 6775 2818 2257 6776 2821 2258 6777 2825 2258 6778 2820 2258 6779 2822 2259 6780 2826 2259 6781 2821 2259 6782 2823 2260 6783 2827 2260 6784 2822 2260 6785 2824 2261 6786 2828 2261 6787 2823 2261 6788 2826 2262 6789 2795 2262 6790 2825 2262 6791 2827 2263 6792 2800 2263 6793 2826 2263 6794 2828 2264 6795 2805 2264 6796 2827 2264 6797 2829 2265 6798 2810 2265 6799 2828 2265 6800 2833 2266 6801 2837 2266 6802 2830 2266 6803 2834 2267 6804 2838 2267 6805 2833 2267 6806 2835 2268 6807 2839 2268 6808 2834 2268 6809 2835 2269 6810 2841 2269 6811 2840 2269 6812 2838 2270 6813 2842 2270 6814 2837 2270 6815 2839 2271 6816 2843 2271 6817 2838 2271 6818 2839 2272 6819 2845 2272 6820 2844 2272 6821 2840 2273 6822 2846 2273 6823 2845 2273 6824 2843 2274 6825 2847 2274 6826 2842 2274 6827 2843 2275 6828 2849 2275 6829 2848 2275 6830 2844 2276 6831 2850 2276 6832 2849 2276 6833 2845 2277 6834 2851 2277 6835 2850 2277 6836 2847 2278 6837 2880 2278 6838 2875 2278 6839 2848 2279 6840 2885 2279 6841 2880 2279 6842 2849 2280 6843 2890 2280 6844 2885 2280 6845 2850 2281 6846 2852 2281 6847 2890 2281 6848 2853 2282 6849 2857 2282 6850 2831 2282 6851 2854 2283 6852 2858 2283 6853 2853 2283 6854 2855 2284 6855 2859 2284 6856 2854 2284 6857 2856 2285 6858 2860 2285 6859 2855 2285 6860 2858 2286 6861 2862 2286 6862 2857 2286 6863 2859 2287 6864 2863 2287 6865 2858 2287 6866 2860 2288 6867 2864 2288 6868 2859 2288 6869 2861 2289 6870 2865 2289 6871 2860 2289 6872 2863 2290 6873 2867 2290 6874 2862 2290 6875 2864 2291 6876 2868 2291 6877 2863 2291 6878 2865 2292 6879 2869 2292 6880 2864 2292 6881 2866 2293 6882 2870 2293 6883 2865 2293 6884 2868 2294 6885 2836 2294 6886 2867 2294 6887 2869 2295 6888 2841 2295 6889 2868 2295 6890 2870 2296 6891 2846 2296 6892 2869 2296 6893 2871 2297 6894 2851 2297 6895 2870 2297 6896 2872 2298 6897 2876 2298 6898 2832 2298 6899 2873 2299 6900 2877 2299 6901 2872 2299 6902 2874 2300 6903 2878 2300 6904 2873 2300 6905 2875 2301 6906 2879 2301 6907 2874 2301 6908 2877 2302 6909 2881 2302 6910 2876 2302 6911 2878 2303 6912 2882 2303 6913 2877 2303 6914 2879 2304 6915 2883 2304 6916 2878 2304 6917 2880 2305 6918 2884 2305 6919 2879 2305 6920 2882 2306 6921 2886 2306 6922 2881 2306 6923 2883 2307 6924 2887 2307 6925 2882 2307 6926 2884 2308 6927 2888 2308 6928 2883 2308 6929 2885 2309 6930 2889 2309 6931 2884 2309 6932 2887 2310 6933 2856 2310 6934 2886 2310 6935 2888 2311 6936 2861 2311 6937 2887 2311 6938 2889 2312 6939 2866 2312 6940 2888 2312 6941 2890 2313 6942 2871 2313 6943 2889 2313 6944 2894 2314 6945 2898 2314 6946 2891 2314 6947 2895 2315 6948 2899 2315 6949 2894 2315 6950 2896 2316 6951 2900 2316 6952 2895 2316 6953 2896 2317 6954 2902 2317 6955 2901 2317 6956 2899 2318 6957 2903 2318 6958 2898 2318 6959 2900 2319 6960 2904 2319 6961 2899 2319 6962 2900 2320 6963 2906 2320 6964 2905 2320 6965 2901 2321 6966 2907 2321 6967 2906 2321 6968 2904 2322 6969 2908 2322 6970 2903 2322 6971 2904 2323 6972 2910 2323 6973 2909 2323 6974 2905 2324 6975 2911 2324 6976 2910 2324 6977 2906 2325 6978 2912 2325 6979 2911 2325 6980 2908 2326 6981 2941 2326 6982 2936 2326 6983 2909 2327 6984 2946 2327 6985 2941 2327 6986 2910 2328 6987 2951 2328 6988 2946 2328 6989 2911 2329 6990 2913 2329 6991 2951 2329 6992 2914 2330 6993 2918 2330 6994 2892 2330 6995 2915 2331 6996 2919 2331 6997 2914 2331 6998 2916 2332 6999 2920 2332 7000 2915 2332 7001 2917 2333 7002 2921 2333 7003 2916 2333 7004 2919 2334 7005 2923 2334 7006 2918 2334 7007 2920 2335 7008 2924 2335 7009 2919 2335 7010 2921 2336 7011 2925 2336 7012 2920 2336 7013 2922 2337 7014 2926 2337 7015 2921 2337 7016 2924 2338 7017 2928 2338 7018 2923 2338 7019 2925 2339 7020 2929 2339 7021 2924 2339 7022 2926 2340 7023 2930 2340 7024 2925 2340 7025 2927 2341 7026 2931 2341 7027 2926 2341 7028 2929 2342 7029 2897 2342 7030 2928 2342 7031 2930 2343 7032 2902 2343 7033 2929 2343 7034 2931 2344 7035 2907 2344 7036 2930 2344 7037 2932 2345 7038 2912 2345 7039 2931 2345 7040 2933 2346 7041 2937 2346 7042 2893 2346 7043 2934 2347 7044 2938 2347 7045 2933 2347 7046 2935 2348 7047 2939 2348 7048 2934 2348 7049 2936 2349 7050 2940 2349 7051 2935 2349 7052 2938 2350 7053 2942 2350 7054 2937 2350 7055 2939 2351 7056 2943 2351 7057 2938 2351 7058 2940 2352 7059 2944 2352 7060 2939 2352 7061 2941 2353 7062 2945 2353 7063 2940 2353 7064 2943 2354 7065 2947 2354 7066 2942 2354 7067 2944 2355 7068 2948 2355 7069 2943 2355 7070 2945 2356 7071 2949 2356 7072 2944 2356 7073 2946 2357 7074 2950 2357 7075 2945 2357 7076 2948 2358 7077 2917 2358 7078 2947 2358 7079 2949 2359 7080 2922 2359 7081 2948 2359 7082 2950 2360 7083 2927 2360 7084 2949 2360 7085 2951 2361 7086 2932 2361 7087 2950 2361 7088 2955 2362 7089 2959 2362 7090 2952 2362 7091 2956 2363 7092 2960 2363 7093 2955 2363 7094 2957 2364 7095 2961 2364 7096 2956 2364 7097 2957 2365 7098 2963 2365 7099 2962 2365 7100 2960 2366 7101 2964 2366 7102 2959 2366 7103 2961 2367 7104 2965 2367 7105 2960 2367 7106 2961 2368 7107 2967 2368 7108 2966 2368 7109 2962 2369 7110 2968 2369 7111 2967 2369 7112 2965 2370 7113 2969 2370 7114 2964 2370 7115 2965 2371 7116 2971 2371 7117 2970 2371 7118 2966 2372 7119 2972 2372 7120 2971 2372 7121 2967 2373 7122 2973 2373 7123 2972 2373 7124 2969 2374 7125 3002 2374 7126 2997 2374 7127 2970 2375 7128 3007 2375 7129 3002 2375 7130 2971 2376 7131 3012 2376 7132 3007 2376 7133 2972 2377 7134 2974 2377 7135 3012 2377 7136 2975 2378 7137 2979 2378 7138 2953 2378 7139 2976 2379 7140 2980 2379 7141 2975 2379 7142 2977 2380 7143 2981 2380 7144 2976 2380 7145 2978 2381 7146 2982 2381 7147 2977 2381 7148 2980 2382 7149 2984 2382 7150 2979 2382 7151 2981 2383 7152 2985 2383 7153 2980 2383 7154 2982 2384 7155 2986 2384 7156 2981 2384 7157 2983 2385 7158 2987 2385 7159 2982 2385 7160 2985 2386 7161 2989 2386 7162 2984 2386 7163 2986 2387 7164 2990 2387 7165 2985 2387 7166 2987 2388 7167 2991 2388 7168 2986 2388 7169 2988 2389 7170 2992 2389 7171 2987 2389 7172 2990 2390 7173 2958 2390 7174 2989 2390 7175 2991 2391 7176 2963 2391 7177 2990 2391 7178 2992 2392 7179 2968 2392 7180 2991 2392 7181 2993 2393 7182 2973 2393 7183 2992 2393 7184 2994 2394 7185 2998 2394 7186 2954 2394 7187 2995 2395 7188 2999 2395 7189 2994 2395 7190 2996 2396 7191 3000 2396 7192 2995 2396 7193 2997 2397 7194 3001 2397 7195 2996 2397 7196 2999 2398 7197 3003 2398 7198 2998 2398 7199 3000 2399 7200 3004 2399 7201 2999 2399 7202 3001 2400 7203 3005 2400 7204 3000 2400 7205 3002 2401 7206 3006 2401 7207 3001 2401 7208 3004 2402 7209 3008 2402 7210 3003 2402 7211 3005 2403 7212 3009 2403 7213 3004 2403 7214 3006 2404 7215 3010 2404 7216 3005 2404 7217 3007 2405 7218 3011 2405 7219 3006 2405 7220 3009 2406 7221 2978 2406 7222 3008 2406 7223 3010 2407 7224 2983 2407 7225 3009 2407 7226 3011 2408 7227 2988 2408 7228 3010 2408 7229 3012 2409 7230 2993 2409 7231 3011 2409 7232 3016 2410 7233 3020 2410 7234 3013 2410 7235 3017 2411 7236 3021 2411 7237 3016 2411 7238 3018 2412 7239 3022 2412 7240 3017 2412 7241 3018 2413 7242 3024 2413 7243 3023 2413 7244 3021 2414 7245 3025 2414 7246 3020 2414 7247 3022 2415 7248 3026 2415 7249 3021 2415 7250 3022 2416 7251 3028 2416 7252 3027 2416 7253 3023 2417 7254 3029 2417 7255 3028 2417 7256 3026 2418 7257 3030 2418 7258 3025 2418 7259 3026 2419 7260 3032 2419 7261 3031 2419 7262 3027 2420 7263 3033 2420 7264 3032 2420 7265 3028 2421 7266 3034 2421 7267 3033 2421 7268 3030 2422 7269 3063 2422 7270 3058 2422 7271 3031 2423 7272 3068 2423 7273 3063 2423 7274 3032 2424 7275 3073 2424 7276 3068 2424 7277 3033 2425 7278 3035 2425 7279 3073 2425 7280 3036 2426 7281 3040 2426 7282 3014 2426 7283 3037 2427 7284 3041 2427 7285 3036 2427 7286 3038 2428 7287 3042 2428 7288 3037 2428 7289 3039 2429 7290 3043 2429 7291 3038 2429 7292 3041 2430 7293 3045 2430 7294 3040 2430 7295 3042 2431 7296 3046 2431 7297 3041 2431 7298 3043 2432 7299 3047 2432 7300 3042 2432 7301 3044 2433 7302 3048 2433 7303 3043 2433 7304 3046 2434 7305 3050 2434 7306 3045 2434 7307 3047 2435 7308 3051 2435 7309 3046 2435 7310 3048 2436 7311 3052 2436 7312 3047 2436 7313 3049 2437 7314 3053 2437 7315 3048 2437 7316 3051 2438 7317 3019 2438 7318 3050 2438 7319 3052 2439 7320 3024 2439 7321 3051 2439 7322 3053 2440 7323 3029 2440 7324 3052 2440 7325 3054 2441 7326 3034 2441 7327 3053 2441 7328 3055 2442 7329 3059 2442 7330 3015 2442 7331 3056 2443 7332 3060 2443 7333 3055 2443 7334 3057 2444 7335 3061 2444 7336 3056 2444 7337 3058 2445 7338 3062 2445 7339 3057 2445 7340 3060 2446 7341 3064 2446 7342 3059 2446 7343 3061 2447 7344 3065 2447 7345 3060 2447 7346 3062 2448 7347 3066 2448 7348 3061 2448 7349 3063 2449 7350 3067 2449 7351 3062 2449 7352 3065 2450 7353 3069 2450 7354 3064 2450 7355 3066 2451 7356 3070 2451 7357 3065 2451 7358 3067 2452 7359 3071 2452 7360 3066 2452 7361 3068 2453 7362 3072 2453 7363 3067 2453 7364 3070 2454 7365 3039 2454 7366 3069 2454 7367 3071 2455 7368 3044 2455 7369 3070 2455 7370 3072 2456 7371 3049 2456 7372 3071 2456 7373 3073 2457 7374 3054 2457 7375 3072 2457 7376 3077 2458 7377 3081 2458 7378 3074 2458 7379 3078 2459 7380 3082 2459 7381 3077 2459 7382 3079 2460 7383 3083 2460 7384 3078 2460 7385 3079 2461 7386 3085 2461 7387 3084 2461 7388 3082 2462 7389 3086 2462 7390 3081 2462 7391 3083 2463 7392 3087 2463 7393 3082 2463 7394 3083 2464 7395 3089 2464 7396 3088 2464 7397 3084 2465 7398 3090 2465 7399 3089 2465 7400 3087 2466 7401 3091 2466 7402 3086 2466 7403 3087 2467 7404 3093 2467 7405 3092 2467 7406 3088 2468 7407 3094 2468 7408 3093 2468 7409 3089 2469 7410 3095 2469 7411 3094 2469 7412 3091 2470 7413 3124 2470 7414 3119 2470 7415 3092 2471 7416 3129 2471 7417 3124 2471 7418 3093 2472 7419 3134 2472 7420 3129 2472 7421 3094 2473 7422 3096 2473 7423 3134 2473 7424 3097 2474 7425 3101 2474 7426 3075 2474 7427 3098 2475 7428 3102 2475 7429 3097 2475 7430 3099 2476 7431 3103 2476 7432 3098 2476 7433 3100 2477 7434 3104 2477 7435 3099 2477 7436 3102 2478 7437 3106 2478 7438 3101 2478 7439 3103 2479 7440 3107 2479 7441 3102 2479 7442 3104 2480 7443 3108 2480 7444 3103 2480 7445 3105 2481 7446 3109 2481 7447 3104 2481 7448 3107 2482 7449 3111 2482 7450 3106 2482 7451 3108 2483 7452 3112 2483 7453 3107 2483 7454 3109 2484 7455 3113 2484 7456 3108 2484 7457 3110 2485 7458 3114 2485 7459 3109 2485 7460 3112 2486 7461 3080 2486 7462 3111 2486 7463 3113 2487 7464 3085 2487 7465 3112 2487 7466 3114 2488 7467 3090 2488 7468 3113 2488 7469 3115 2489 7470 3095 2489 7471 3114 2489 7472 3116 2490 7473 3120 2490 7474 3076 2490 7475 3117 2491 7476 3121 2491 7477 3116 2491 7478 3118 2492 7479 3122 2492 7480 3117 2492 7481 3119 2493 7482 3123 2493 7483 3118 2493 7484 3121 2494 7485 3125 2494 7486 3120 2494 7487 3122 2495 7488 3126 2495 7489 3121 2495 7490 3123 2496 7491 3127 2496 7492 3122 2496 7493 3124 2497 7494 3128 2497 7495 3123 2497 7496 3126 2498 7497 3130 2498 7498 3125 2498 7499 3127 2499 7500 3131 2499 7501 3126 2499 7502 3128 2500 7503 3132 2500 7504 3127 2500 7505 3129 2501 7506 3133 2501 7507 3128 2501 7508 3131 2502 7509 3100 2502 7510 3130 2502 7511 3132 2503 7512 3105 2503 7513 3131 2503 7514 3133 2504 7515 3110 2504 7516 3132 2504 7517 3134 2505 7518 3115 2505 7519 3133 2505 7520 3138 2506 7521 3142 2506 7522 3135 2506 7523 3139 2507 7524 3143 2507 7525 3138 2507 7526 3140 2508 7527 3144 2508 7528 3139 2508 7529 3140 2509 7530 3146 2509 7531 3145 2509 7532 3143 2510 7533 3147 2510 7534 3142 2510 7535 3144 2511 7536 3148 2511 7537 3143 2511 7538 3144 2512 7539 3150 2512 7540 3149 2512 7541 3145 2513 7542 3151 2513 7543 3150 2513 7544 3148 2514 7545 3152 2514 7546 3147 2514 7547 3148 2515 7548 3154 2515 7549 3153 2515 7550 3149 2516 7551 3155 2516 7552 3154 2516 7553 3150 2517 7554 3156 2517 7555 3155 2517 7556 3152 2518 7557 3185 2518 7558 3180 2518 7559 3153 2519 7560 3190 2519 7561 3185 2519 7562 3154 2520 7563 3195 2520 7564 3190 2520 7565 3155 2521 7566 3157 2521 7567 3195 2521 7568 3158 2522 7569 3162 2522 7570 3136 2522 7571 3159 2523 7572 3163 2523 7573 3158 2523 7574 3160 2524 7575 3164 2524 7576 3159 2524 7577 3161 2525 7578 3165 2525 7579 3160 2525 7580 3163 2526 7581 3167 2526 7582 3162 2526 7583 3164 2527 7584 3168 2527 7585 3163 2527 7586 3165 2528 7587 3169 2528 7588 3164 2528 7589 3166 2529 7590 3170 2529 7591 3165 2529 7592 3168 2530 7593 3172 2530 7594 3167 2530 7595 3169 2531 7596 3173 2531 7597 3168 2531 7598 3170 2532 7599 3174 2532 7600 3169 2532 7601 3171 2533 7602 3175 2533 7603 3170 2533 7604 3173 2534 7605 3141 2534 7606 3172 2534 7607 3174 2535 7608 3146 2535 7609 3173 2535 7610 3175 2536 7611 3151 2536 7612 3174 2536 7613 3176 2537 7614 3156 2537 7615 3175 2537 7616 3177 2538 7617 3181 2538 7618 3137 2538 7619 3178 2539 7620 3182 2539 7621 3177 2539 7622 3179 2540 7623 3183 2540 7624 3178 2540 7625 3180 2541 7626 3184 2541 7627 3179 2541 7628 3182 2542 7629 3186 2542 7630 3181 2542 7631 3183 2543 7632 3187 2543 7633 3182 2543 7634 3184 2544 7635 3188 2544 7636 3183 2544 7637 3185 2545 7638 3189 2545 7639 3184 2545 7640 3187 2546 7641 3191 2546 7642 3186 2546 7643 3188 2547 7644 3192 2547 7645 3187 2547 7646 3189 2548 7647 3193 2548 7648 3188 2548 7649 3190 2549 7650 3194 2549 7651 3189 2549 7652 3192 2550 7653 3161 2550 7654 3191 2550 7655 3193 2551 7656 3166 2551 7657 3192 2551 7658 3194 2552 7659 3171 2552 7660 3193 2552 7661 3195 2553 7662 3176 2553 7663 3194 2553 7664 3199 2554 7665 3203 2554 7666 3196 2554 7667 3200 2555 7668 3204 2555 7669 3199 2555 7670 3201 2556 7671 3205 2556 7672 3200 2556 7673 3201 2557 7674 3207 2557 7675 3206 2557 7676 3204 2558 7677 3208 2558 7678 3203 2558 7679 3205 2559 7680 3209 2559 7681 3204 2559 7682 3205 2560 7683 3211 2560 7684 3210 2560 7685 3206 2561 7686 3212 2561 7687 3211 2561 7688 3209 2562 7689 3213 2562 7690 3208 2562 7691 3209 2563 7692 3215 2563 7693 3214 2563 7694 3210 2564 7695 3216 2564 7696 3215 2564 7697 3211 2565 7698 3217 2565 7699 3216 2565 7700 3213 2566 7701 3246 2566 7702 3241 2566 7703 3214 2567 7704 3251 2567 7705 3246 2567 7706 3215 2568 7707 3256 2568 7708 3251 2568 7709 3216 2569 7710 3218 2569 7711 3256 2569 7712 3219 2570 7713 3223 2570 7714 3197 2570 7715 3220 2571 7716 3224 2571 7717 3219 2571 7718 3221 2572 7719 3225 2572 7720 3220 2572 7721 3222 2573 7722 3226 2573 7723 3221 2573 7724 3224 2574 7725 3228 2574 7726 3223 2574 7727 3225 2575 7728 3229 2575 7729 3224 2575 7730 3226 2576 7731 3230 2576 7732 3225 2576 7733 3227 2577 7734 3231 2577 7735 3226 2577 7736 3229 2578 7737 3233 2578 7738 3228 2578 7739 3230 2579 7740 3234 2579 7741 3229 2579 7742 3231 2580 7743 3235 2580 7744 3230 2580 7745 3232 2581 7746 3236 2581 7747 3231 2581 7748 3234 2582 7749 3202 2582 7750 3233 2582 7751 3235 2583 7752 3207 2583 7753 3234 2583 7754 3236 2584 7755 3212 2584 7756 3235 2584 7757 3237 2585 7758 3217 2585 7759 3236 2585 7760 3238 2586 7761 3242 2586 7762 3198 2586 7763 3239 2587 7764 3243 2587 7765 3238 2587 7766 3240 2588 7767 3244 2588 7768 3239 2588 7769 3241 2589 7770 3245 2589 7771 3240 2589 7772 3243 2590 7773 3247 2590 7774 3242 2590 7775 3244 2591 7776 3248 2591 7777 3243 2591 7778 3245 2592 7779 3249 2592 7780 3244 2592 7781 3246 2593 7782 3250 2593 7783 3245 2593 7784 3248 2594 7785 3252 2594 7786 3247 2594 7787 3249 2595 7788 3253 2595 7789 3248 2595 7790 3250 2596 7791 3254 2596 7792 3249 2596 7793 3251 2597 7794 3255 2597 7795 3250 2597 7796 3253 2598 7797 3222 2598 7798 3252 2598 7799 3254 2599 7800 3227 2599 7801 3253 2599 7802 3255 2600 7803 3232 2600 7804 3254 2600 7805 3256 2601 7806 3237 2601 7807 3255 2601 7808 3260 2602 7809 3264 2602 7810 3257 2602 7811 3261 2603 7812 3265 2603 7813 3260 2603 7814 3262 2604 7815 3266 2604 7816 3261 2604 7817 3262 2605 7818 3268 2605 7819 3267 2605 7820 3265 2606 7821 3269 2606 7822 3264 2606 7823 3266 2607 7824 3270 2607 7825 3265 2607 7826 3266 2608 7827 3272 2608 7828 3271 2608 7829 3267 2609 7830 3273 2609 7831 3272 2609 7832 3270 2610 7833 3274 2610 7834 3269 2610 7835 3270 2611 7836 3276 2611 7837 3275 2611 7838 3271 2612 7839 3277 2612 7840 3276 2612 7841 3272 2613 7842 3278 2613 7843 3277 2613 7844 3274 2614 7845 3307 2614 7846 3302 2614 7847 3275 2615 7848 3312 2615 7849 3307 2615 7850 3276 2616 7851 3317 2616 7852 3312 2616 7853 3277 2617 7854 3279 2617 7855 3317 2617 7856 3280 2618 7857 3284 2618 7858 3258 2618 7859 3281 2619 7860 3285 2619 7861 3280 2619 7862 3282 2620 7863 3286 2620 7864 3281 2620 7865 3283 2621 7866 3287 2621 7867 3282 2621 7868 3285 2622 7869 3289 2622 7870 3284 2622 7871 3286 2623 7872 3290 2623 7873 3285 2623 7874 3287 2624 7875 3291 2624 7876 3286 2624 7877 3288 2625 7878 3292 2625 7879 3287 2625 7880 3290 2626 7881 3294 2626 7882 3289 2626 7883 3291 2627 7884 3295 2627 7885 3290 2627 7886 3292 2628 7887 3296 2628 7888 3291 2628 7889 3293 2629 7890 3297 2629 7891 3292 2629 7892 3295 2630 7893 3263 2630 7894 3294 2630 7895 3296 2631 7896 3268 2631 7897 3295 2631 7898 3297 2632 7899 3273 2632 7900 3296 2632 7901 3298 2633 7902 3278 2633 7903 3297 2633 7904 3299 2634 7905 3303 2634 7906 3259 2634 7907 3300 2635 7908 3304 2635 7909 3299 2635 7910 3301 2636 7911 3305 2636 7912 3300 2636 7913 3302 2637 7914 3306 2637 7915 3301 2637 7916 3304 2638 7917 3308 2638 7918 3303 2638 7919 3305 2639 7920 3309 2639 7921 3304 2639 7922 3306 2640 7923 3310 2640 7924 3305 2640 7925 3307 2641 7926 3311 2641 7927 3306 2641 7928 3309 2642 7929 3313 2642 7930 3308 2642 7931 3310 2643 7932 3314 2643 7933 3309 2643 7934 3311 2644 7935 3315 2644 7936 3310 2644 7937 3312 2645 7938 3316 2645 7939 3311 2645 7940 3314 2646 7941 3283 2646 7942 3313 2646 7943 3315 2647 7944 3288 2647 7945 3314 2647 7946 3316 2648 7947 3293 2648 7948 3315 2648 7949 3317 2649 7950 3298 2649 7951 3316 2649 7952 3321 2650 7953 3325 2650 7954 3318 2650 7955 3322 2651 7956 3326 2651 7957 3321 2651 7958 3323 2652 7959 3327 2652 7960 3322 2652 7961 3323 2653 7962 3329 2653 7963 3328 2653 7964 3326 2654 7965 3330 2654 7966 3325 2654 7967 3327 2655 7968 3331 2655 7969 3326 2655 7970 3327 2656 7971 3333 2656 7972 3332 2656 7973 3328 2657 7974 3334 2657 7975 3333 2657 7976 3331 2658 7977 3335 2658 7978 3330 2658 7979 3331 2659 7980 3337 2659 7981 3336 2659 7982 3332 2660 7983 3338 2660 7984 3337 2660 7985 3333 2661 7986 3339 2661 7987 3338 2661 7988 3335 2662 7989 3368 2662 7990 3363 2662 7991 3336 2663 7992 3373 2663 7993 3368 2663 7994 3337 2664 7995 3378 2664 7996 3373 2664 7997 3338 2665 7998 3340 2665 7999 3378 2665 8000 3341 2666 8001 3345 2666 8002 3319 2666 8003 3342 2667 8004 3346 2667 8005 3341 2667 8006 3343 2668 8007 3347 2668 8008 3342 2668 8009 3344 2669 8010 3348 2669 8011 3343 2669 8012 3346 2670 8013 3350 2670 8014 3345 2670 8015 3347 2671 8016 3351 2671 8017 3346 2671 8018 3348 2672 8019 3352 2672 8020 3347 2672 8021 3349 2673 8022 3353 2673 8023 3348 2673 8024 3351 2674 8025 3355 2674 8026 3350 2674 8027 3352 2675 8028 3356 2675 8029 3351 2675 8030 3353 2676 8031 3357 2676 8032 3352 2676 8033 3354 2677 8034 3358 2677 8035 3353 2677 8036 3356 2678 8037 3324 2678 8038 3355 2678 8039 3357 2679 8040 3329 2679 8041 3356 2679 8042 3358 2680 8043 3334 2680 8044 3357 2680 8045 3359 2681 8046 3339 2681 8047 3358 2681 8048 3360 2682 8049 3364 2682 8050 3320 2682 8051 3361 2683 8052 3365 2683 8053 3360 2683 8054 3362 2684 8055 3366 2684 8056 3361 2684 8057 3363 2685 8058 3367 2685 8059 3362 2685 8060 3365 2686 8061 3369 2686 8062 3364 2686 8063 3366 2687 8064 3370 2687 8065 3365 2687 8066 3367 2688 8067 3371 2688 8068 3366 2688 8069 3368 2689 8070 3372 2689 8071 3367 2689 8072 3370 2690 8073 3374 2690 8074 3369 2690 8075 3371 2691 8076 3375 2691 8077 3370 2691 8078 3372 2692 8079 3376 2692 8080 3371 2692 8081 3373 2693 8082 3377 2693 8083 3372 2693 8084 3375 2694 8085 3344 2694 8086 3374 2694 8087 3376 2695 8088 3349 2695 8089 3375 2695 8090 3377 2696 8091 3354 2696 8092 3376 2696 8093 3378 2697 8094 3359 2697 8095 3377 2697 8096 3382 2698 8097 3386 2698 8098 3379 2698 8099 3383 2699 8100 3387 2699 8101 3382 2699 8102 3384 2700 8103 3388 2700 8104 3383 2700 8105 3384 2701 8106 3390 2701 8107 3389 2701 8108 3387 2702 8109 3391 2702 8110 3386 2702 8111 3388 2703 8112 3392 2703 8113 3387 2703 8114 3388 2704 8115 3394 2704 8116 3393 2704 8117 3389 2705 8118 3395 2705 8119 3394 2705 8120 3392 2706 8121 3396 2706 8122 3391 2706 8123 3392 2707 8124 3398 2707 8125 3397 2707 8126 3393 2708 8127 3399 2708 8128 3398 2708 8129 3394 2709 8130 3400 2709 8131 3399 2709 8132 3396 2710 8133 3429 2710 8134 3424 2710 8135 3397 2711 8136 3434 2711 8137 3429 2711 8138 3398 2712 8139 3439 2712 8140 3434 2712 8141 3399 2713 8142 3401 2713 8143 3439 2713 8144 3402 2714 8145 3406 2714 8146 3380 2714 8147 3403 2715 8148 3407 2715 8149 3402 2715 8150 3404 2716 8151 3408 2716 8152 3403 2716 8153 3405 2717 8154 3409 2717 8155 3404 2717 8156 3407 2718 8157 3411 2718 8158 3406 2718 8159 3408 2719 8160 3412 2719 8161 3407 2719 8162 3409 2720 8163 3413 2720 8164 3408 2720 8165 3410 2721 8166 3414 2721 8167 3409 2721 8168 3412 2722 8169 3416 2722 8170 3411 2722 8171 3413 2723 8172 3417 2723 8173 3412 2723 8174 3414 2724 8175 3418 2724 8176 3413 2724 8177 3415 2725 8178 3419 2725 8179 3414 2725 8180 3417 2726 8181 3385 2726 8182 3416 2726 8183 3418 2727 8184 3390 2727 8185 3417 2727 8186 3419 2728 8187 3395 2728 8188 3418 2728 8189 3420 2729 8190 3400 2729 8191 3419 2729 8192 3421 2730 8193 3425 2730 8194 3381 2730 8195 3422 2731 8196 3426 2731 8197 3421 2731 8198 3423 2732 8199 3427 2732 8200 3422 2732 8201 3424 2733 8202 3428 2733 8203 3423 2733 8204 3426 2734 8205 3430 2734 8206 3425 2734 8207 3427 2735 8208 3431 2735 8209 3426 2735 8210 3428 2736 8211 3432 2736 8212 3427 2736 8213 3429 2737 8214 3433 2737 8215 3428 2737 8216 3431 2738 8217 3435 2738 8218 3430 2738 8219 3432 2739 8220 3436 2739 8221 3431 2739 8222 3433 2740 8223 3437 2740 8224 3432 2740 8225 3434 2741 8226 3438 2741 8227 3433 2741 8228 3436 2742 8229 3405 2742 8230 3435 2742 8231 3437 2743 8232 3410 2743 8233 3436 2743 8234 3438 2744 8235 3415 2744 8236 3437 2744 8237 3439 2745 8238 3420 2745 8239 3438 2745 8240 3443 2746 8241 3447 2746 8242 3440 2746 8243 3444 2747 8244 3448 2747 8245 3443 2747 8246 3445 2748 8247 3449 2748 8248 3444 2748 8249 3445 2749 8250 3451 2749 8251 3450 2749 8252 3448 2750 8253 3452 2750 8254 3447 2750 8255 3449 2751 8256 3453 2751 8257 3448 2751 8258 3449 2752 8259 3455 2752 8260 3454 2752 8261 3450 2753 8262 3456 2753 8263 3455 2753 8264 3453 2754 8265 3457 2754 8266 3452 2754 8267 3453 2755 8268 3459 2755 8269 3458 2755 8270 3454 2756 8271 3460 2756 8272 3459 2756 8273 3455 2757 8274 3461 2757 8275 3460 2757 8276 3457 2758 8277 3490 2758 8278 3485 2758 8279 3458 2759 8280 3495 2759 8281 3490 2759 8282 3459 2760 8283 3500 2760 8284 3495 2760 8285 3460 2761 8286 3462 2761 8287 3500 2761 8288 3463 2762 8289 3467 2762 8290 3441 2762 8291 3464 2763 8292 3468 2763 8293 3463 2763 8294 3465 2764 8295 3469 2764 8296 3464 2764 8297 3466 2765 8298 3470 2765 8299 3465 2765 8300 3468 2766 8301 3472 2766 8302 3467 2766 8303 3469 2767 8304 3473 2767 8305 3468 2767 8306 3470 2768 8307 3474 2768 8308 3469 2768 8309 3471 2769 8310 3475 2769 8311 3470 2769 8312 3473 2770 8313 3477 2770 8314 3472 2770 8315 3474 2771 8316 3478 2771 8317 3473 2771 8318 3475 2772 8319 3479 2772 8320 3474 2772 8321 3476 2773 8322 3480 2773 8323 3475 2773 8324 3478 2774 8325 3446 2774 8326 3477 2774 8327 3479 2775 8328 3451 2775 8329 3478 2775 8330 3480 2776 8331 3456 2776 8332 3479 2776 8333 3481 2777 8334 3461 2777 8335 3480 2777 8336 3482 2778 8337 3486 2778 8338 3442 2778 8339 3483 2779 8340 3487 2779 8341 3482 2779 8342 3484 2780 8343 3488 2780 8344 3483 2780 8345 3485 2781 8346 3489 2781 8347 3484 2781 8348 3487 2782 8349 3491 2782 8350 3486 2782 8351 3488 2783 8352 3492 2783 8353 3487 2783 8354 3489 2784 8355 3493 2784 8356 3488 2784 8357 3490 2785 8358 3494 2785 8359 3489 2785 8360 3492 2786 8361 3496 2786 8362 3491 2786 8363 3493 2787 8364 3497 2787 8365 3492 2787 8366 3494 2788 8367 3498 2788 8368 3493 2788 8369 3495 2789 8370 3499 2789 8371 3494 2789 8372 3497 2790 8373 3466 2790 8374 3496 2790 8375 3498 2791 8376 3471 2791 8377 3497 2791 8378 3499 2792 8379 3476 2792 8380 3498 2792 8381 3500 2793 8382 3481 2793 8383 3499 2793 8384 3504 2794 8385 3508 2794 8386 3501 2794 8387 3505 2795 8388 3509 2795 8389 3504 2795 8390 3506 2796 8391 3510 2796 8392 3505 2796 8393 3506 2797 8394 3512 2797 8395 3511 2797 8396 3509 2798 8397 3513 2798 8398 3508 2798 8399 3510 2799 8400 3514 2799 8401 3509 2799 8402 3510 2800 8403 3516 2800 8404 3515 2800 8405 3511 2801 8406 3517 2801 8407 3516 2801 8408 3514 2802 8409 3518 2802 8410 3513 2802 8411 3514 2803 8412 3520 2803 8413 3519 2803 8414 3515 2804 8415 3521 2804 8416 3520 2804 8417 3516 2805 8418 3522 2805 8419 3521 2805 8420 3518 2806 8421 3551 2806 8422 3546 2806 8423 3519 2807 8424 3556 2807 8425 3551 2807 8426 3520 2808 8427 3561 2808 8428 3556 2808 8429 3521 2809 8430 3523 2809 8431 3561 2809 8432 3524 2810 8433 3528 2810 8434 3502 2810 8435 3525 2811 8436 3529 2811 8437 3524 2811 8438 3526 2812 8439 3530 2812 8440 3525 2812 8441 3527 2813 8442 3531 2813 8443 3526 2813 8444 3529 2814 8445 3533 2814 8446 3528 2814 8447 3530 2815 8448 3534 2815 8449 3529 2815 8450 3531 2816 8451 3535 2816 8452 3530 2816 8453 3532 2817 8454 3536 2817 8455 3531 2817 8456 3534 2818 8457 3538 2818 8458 3533 2818 8459 3535 2819 8460 3539 2819 8461 3534 2819 8462 3536 2820 8463 3540 2820 8464 3535 2820 8465 3537 2821 8466 3541 2821 8467 3536 2821 8468 3539 2822 8469 3507 2822 8470 3538 2822 8471 3540 2823 8472 3512 2823 8473 3539 2823 8474 3541 2824 8475 3517 2824 8476 3540 2824 8477 3542 2825 8478 3522 2825 8479 3541 2825 8480 3543 2826 8481 3547 2826 8482 3503 2826 8483 3544 2827 8484 3548 2827 8485 3543 2827 8486 3545 2828 8487 3549 2828 8488 3544 2828 8489 3546 2829 8490 3550 2829 8491 3545 2829 8492 3548 2830 8493 3552 2830 8494 3547 2830 8495 3549 2831 8496 3553 2831 8497 3548 2831 8498 3550 2832 8499 3554 2832 8500 3549 2832 8501 3551 2833 8502 3555 2833 8503 3550 2833 8504 3553 2834 8505 3557 2834 8506 3552 2834 8507 3554 2835 8508 3558 2835 8509 3553 2835 8510 3555 2836 8511 3559 2836 8512 3554 2836 8513 3556 2837 8514 3560 2837 8515 3555 2837 8516 3558 2838 8517 3527 2838 8518 3557 2838 8519 3559 2839 8520 3532 2839 8521 3558 2839 8522 3560 2840 8523 3537 2840 8524 3559 2840 8525 3561 2841 8526 3542 2841 8527 3560 2841 8528 3565 2842 8529 3569 2842 8530 3562 2842 8531 3566 2843 8532 3570 2843 8533 3565 2843 8534 3567 2844 8535 3571 2844 8536 3566 2844 8537 3567 2845 8538 3573 2845 8539 3572 2845 8540 3570 2846 8541 3574 2846 8542 3569 2846 8543 3571 2847 8544 3575 2847 8545 3570 2847 8546 3571 2848 8547 3577 2848 8548 3576 2848 8549 3572 2849 8550 3578 2849 8551 3577 2849 8552 3575 2850 8553 3579 2850 8554 3574 2850 8555 3575 2851 8556 3581 2851 8557 3580 2851 8558 3576 2852 8559 3582 2852 8560 3581 2852 8561 3577 2853 8562 3583 2853 8563 3582 2853 8564 3579 2854 8565 3612 2854 8566 3607 2854 8567 3580 2855 8568 3617 2855 8569 3612 2855 8570 3581 2856 8571 3622 2856 8572 3617 2856 8573 3582 2857 8574 3584 2857 8575 3622 2857 8576 3585 2858 8577 3589 2858 8578 3563 2858 8579 3586 2859 8580 3590 2859 8581 3585 2859 8582 3587 2860 8583 3591 2860 8584 3586 2860 8585 3588 2861 8586 3592 2861 8587 3587 2861 8588 3590 2862 8589 3594 2862 8590 3589 2862 8591 3591 2863 8592 3595 2863 8593 3590 2863 8594 3592 2864 8595 3596 2864 8596 3591 2864 8597 3593 2865 8598 3597 2865 8599 3592 2865 8600 3595 2866 8601 3599 2866 8602 3594 2866 8603 3596 2867 8604 3600 2867 8605 3595 2867 8606 3597 2868 8607 3601 2868 8608 3596 2868 8609 3598 2869 8610 3602 2869 8611 3597 2869 8612 3600 2870 8613 3568 2870 8614 3599 2870 8615 3601 2871 8616 3573 2871 8617 3600 2871 8618 3602 2872 8619 3578 2872 8620 3601 2872 8621 3603 2873 8622 3583 2873 8623 3602 2873 8624 3604 2874 8625 3608 2874 8626 3564 2874 8627 3605 2875 8628 3609 2875 8629 3604 2875 8630 3606 2876 8631 3610 2876 8632 3605 2876 8633 3607 2877 8634 3611 2877 8635 3606 2877 8636 3609 2878 8637 3613 2878 8638 3608 2878 8639 3610 2879 8640 3614 2879 8641 3609 2879 8642 3611 2880 8643 3615 2880 8644 3610 2880 8645 3612 2881 8646 3616 2881 8647 3611 2881 8648 3614 2882 8649 3618 2882 8650 3613 2882 8651 3615 2883 8652 3619 2883 8653 3614 2883 8654 3616 2884 8655 3620 2884 8656 3615 2884 8657 3617 2885 8658 3621 2885 8659 3616 2885 8660 3619 2886 8661 3588 2886 8662 3618 2886 8663 3620 2887 8664 3593 2887 8665 3619 2887 8666 3621 2888 8667 3598 2888 8668 3620 2888 8669 3622 2889 8670 3603 2889 8671 3621 2889 8672 3626 2890 8673 3630 2890 8674 3623 2890 8675 3627 2891 8676 3631 2891 8677 3626 2891 8678 3628 2892 8679 3632 2892 8680 3627 2892 8681 3628 2893 8682 3634 2893 8683 3633 2893 8684 3631 2894 8685 3635 2894 8686 3630 2894 8687 3632 2895 8688 3636 2895 8689 3631 2895 8690 3632 2896 8691 3638 2896 8692 3637 2896 8693 3633 2897 8694 3639 2897 8695 3638 2897 8696 3636 2898 8697 3640 2898 8698 3635 2898 8699 3636 2899 8700 3642 2899 8701 3641 2899 8702 3637 2900 8703 3643 2900 8704 3642 2900 8705 3638 2901 8706 3644 2901 8707 3643 2901 8708 3640 2902 8709 3673 2902 8710 3668 2902 8711 3641 2903 8712 3678 2903 8713 3673 2903 8714 3642 2904 8715 3683 2904 8716 3678 2904 8717 3643 2905 8718 3645 2905 8719 3683 2905 8720 3646 2906 8721 3650 2906 8722 3624 2906 8723 3647 2907 8724 3651 2907 8725 3646 2907 8726 3648 2908 8727 3652 2908 8728 3647 2908 8729 3649 2909 8730 3653 2909 8731 3648 2909 8732 3651 2910 8733 3655 2910 8734 3650 2910 8735 3652 2911 8736 3656 2911 8737 3651 2911 8738 3653 2912 8739 3657 2912 8740 3652 2912 8741 3654 2913 8742 3658 2913 8743 3653 2913 8744 3656 2914 8745 3660 2914 8746 3655 2914 8747 3657 2915 8748 3661 2915 8749 3656 2915 8750 3658 2916 8751 3662 2916 8752 3657 2916 8753 3659 2917 8754 3663 2917 8755 3658 2917 8756 3661 2918 8757 3629 2918 8758 3660 2918 8759 3662 2919 8760 3634 2919 8761 3661 2919 8762 3663 2920 8763 3639 2920 8764 3662 2920 8765 3664 2921 8766 3644 2921 8767 3663 2921 8768 3665 2922 8769 3669 2922 8770 3625 2922 8771 3666 2923 8772 3670 2923 8773 3665 2923 8774 3667 2924 8775 3671 2924 8776 3666 2924 8777 3668 2925 8778 3672 2925 8779 3667 2925 8780 3670 2926 8781 3674 2926 8782 3669 2926 8783 3671 2927 8784 3675 2927 8785 3670 2927 8786 3672 2928 8787 3676 2928 8788 3671 2928 8789 3673 2929 8790 3677 2929 8791 3672 2929 8792 3675 2930 8793 3679 2930 8794 3674 2930 8795 3676 2931 8796 3680 2931 8797 3675 2931 8798 3677 2932 8799 3681 2932 8800 3676 2932 8801 3678 2933 8802 3682 2933 8803 3677 2933 8804 3680 2934 8805 3649 2934 8806 3679 2934 8807 3681 2935 8808 3654 2935 8809 3680 2935 8810 3682 2936 8811 3659 2936 8812 3681 2936 8813 3683 2937 8814 3664 2937 8815 3682 2937 8816 3687 2938 8817 3691 2938 8818 3684 2938 8819 3688 2939 8820 3692 2939 8821 3687 2939 8822 3689 2940 8823 3693 2940 8824 3688 2940 8825 3689 2941 8826 3695 2941 8827 3694 2941 8828 3692 2942 8829 3696 2942 8830 3691 2942 8831 3693 2943 8832 3697 2943 8833 3692 2943 8834 3693 2944 8835 3699 2944 8836 3698 2944 8837 3694 2945 8838 3700 2945 8839 3699 2945 8840 3697 2946 8841 3701 2946 8842 3696 2946 8843 3697 2947 8844 3703 2947 8845 3702 2947 8846 3698 2948 8847 3704 2948 8848 3703 2948 8849 3699 2949 8850 3705 2949 8851 3704 2949 8852 3701 2950 8853 3734 2950 8854 3729 2950 8855 3702 2951 8856 3739 2951 8857 3734 2951 8858 3703 2952 8859 3744 2952 8860 3739 2952 8861 3704 2953 8862 3706 2953 8863 3744 2953 8864 3707 2954 8865 3711 2954 8866 3685 2954 8867 3708 2955 8868 3712 2955 8869 3707 2955 8870 3709 2956 8871 3713 2956 8872 3708 2956 8873 3710 2957 8874 3714 2957 8875 3709 2957 8876 3712 2958 8877 3716 2958 8878 3711 2958 8879 3713 2959 8880 3717 2959 8881 3712 2959 8882 3714 2960 8883 3718 2960 8884 3713 2960 8885 3715 2961 8886 3719 2961 8887 3714 2961 8888 3717 2962 8889 3721 2962 8890 3716 2962 8891 3718 2963 8892 3722 2963 8893 3717 2963 8894 3719 2964 8895 3723 2964 8896 3718 2964 8897 3720 2965 8898 3724 2965 8899 3719 2965 8900 3722 2966 8901 3690 2966 8902 3721 2966 8903 3723 2967 8904 3695 2967 8905 3722 2967 8906 3724 2968 8907 3700 2968 8908 3723 2968 8909 3725 2969 8910 3705 2969 8911 3724 2969 8912 3726 2970 8913 3730 2970 8914 3686 2970 8915 3727 2971 8916 3731 2971 8917 3726 2971 8918 3728 2972 8919 3732 2972 8920 3727 2972 8921 3729 2973 8922 3733 2973 8923 3728 2973 8924 3731 2974 8925 3735 2974 8926 3730 2974 8927 3732 2975 8928 3736 2975 8929 3731 2975 8930 3733 2976 8931 3737 2976 8932 3732 2976 8933 3734 2977 8934 3738 2977 8935 3733 2977 8936 3736 2978 8937 3740 2978 8938 3735 2978 8939 3737 2979 8940 3741 2979 8941 3736 2979 8942 3738 2980 8943 3742 2980 8944 3737 2980 8945 3739 2981 8946 3743 2981 8947 3738 2981 8948 3741 2982 8949 3710 2982 8950 3740 2982 8951 3742 2983 8952 3715 2983 8953 3741 2983 8954 3743 2984 8955 3720 2984 8956 3742 2984 8957 3744 2985 8958 3725 2985 8959 3743 2985 8960 3748 2986 8961 3752 2986 8962 3745 2986 8963 3749 2987 8964 3753 2987 8965 3748 2987 8966 3750 2988 8967 3754 2988 8968 3749 2988 8969 3750 2989 8970 3756 2989 8971 3755 2989 8972 3753 2990 8973 3757 2990 8974 3752 2990 8975 3754 2991 8976 3758 2991 8977 3753 2991 8978 3754 2992 8979 3760 2992 8980 3759 2992 8981 3755 2993 8982 3761 2993 8983 3760 2993 8984 3758 2994 8985 3762 2994 8986 3757 2994 8987 3758 2995 8988 3764 2995 8989 3763 2995 8990 3759 2996 8991 3765 2996 8992 3764 2996 8993 3760 2997 8994 3766 2997 8995 3765 2997 8996 3762 2998 8997 3795 2998 8998 3790 2998 8999 3763 2999 9000 3800 2999 9001 3795 2999 9002 3764 3000 9003 3805 3000 9004 3800 3000 9005 3765 3001 9006 3767 3001 9007 3805 3001 9008 3768 3002 9009 3772 3002 9010 3746 3002 9011 3769 3003 9012 3773 3003 9013 3768 3003 9014 3770 3004 9015 3774 3004 9016 3769 3004 9017 3771 3005 9018 3775 3005 9019 3770 3005 9020 3773 3006 9021 3777 3006 9022 3772 3006 9023 3774 3007 9024 3778 3007 9025 3773 3007 9026 3775 3008 9027 3779 3008 9028 3774 3008 9029 3776 3009 9030 3780 3009 9031 3775 3009 9032 3778 3010 9033 3782 3010 9034 3777 3010 9035 3779 3011 9036 3783 3011 9037 3778 3011 9038 3780 3012 9039 3784 3012 9040 3779 3012 9041 3781 3013 9042 3785 3013 9043 3780 3013 9044 3783 3014 9045 3751 3014 9046 3782 3014 9047 3784 3015 9048 3756 3015 9049 3783 3015 9050 3785 3016 9051 3761 3016 9052 3784 3016 9053 3786 3017 9054 3766 3017 9055 3785 3017 9056 3787 3018 9057 3791 3018 9058 3747 3018 9059 3788 3019 9060 3792 3019 9061 3787 3019 9062 3789 3020 9063 3793 3020 9064 3788 3020 9065 3790 3021 9066 3794 3021 9067 3789 3021 9068 3792 3022 9069 3796 3022 9070 3791 3022 9071 3793 3023 9072 3797 3023 9073 3792 3023 9074 3794 3024 9075 3798 3024 9076 3793 3024 9077 3795 3025 9078 3799 3025 9079 3794 3025 9080 3797 3026 9081 3801 3026 9082 3796 3026 9083 3798 3027 9084 3802 3027 9085 3797 3027 9086 3799 3028 9087 3803 3028 9088 3798 3028 9089 3800 3029 9090 3804 3029 9091 3799 3029 9092 3802 3030 9093 3771 3030 9094 3801 3030 9095 3803 3031 9096 3776 3031 9097 3802 3031 9098 3804 3032 9099 3781 3032 9100 3803 3032 9101 3805 3033 9102 3786 3033 9103 3804 3033 9104 3809 3034 9105 3813 3034 9106 3806 3034 9107 3810 3035 9108 3814 3035 9109 3809 3035 9110 3811 3036 9111 3815 3036 9112 3810 3036 9113 3811 3037 9114 3817 3037 9115 3816 3037 9116 3814 3038 9117 3818 3038 9118 3813 3038 9119 3815 3039 9120 3819 3039 9121 3814 3039 9122 3815 3040 9123 3821 3040 9124 3820 3040 9125 3816 3041 9126 3822 3041 9127 3821 3041 9128 3819 3042 9129 3823 3042 9130 3818 3042 9131 3819 3043 9132 3825 3043 9133 3824 3043 9134 3820 3044 9135 3826 3044 9136 3825 3044 9137 3821 3045 9138 3827 3045 9139 3826 3045 9140 3823 3046 9141 3856 3046 9142 3851 3046 9143 3824 3047 9144 3861 3047 9145 3856 3047 9146 3825 3048 9147 3866 3048 9148 3861 3048 9149 3826 3049 9150 3828 3049 9151 3866 3049 9152 3829 3050 9153 3833 3050 9154 3807 3050 9155 3830 3051 9156 3834 3051 9157 3829 3051 9158 3831 3052 9159 3835 3052 9160 3830 3052 9161 3832 3053 9162 3836 3053 9163 3831 3053 9164 3834 3054 9165 3838 3054 9166 3833 3054 9167 3835 3055 9168 3839 3055 9169 3834 3055 9170 3836 3056 9171 3840 3056 9172 3835 3056 9173 3837 3057 9174 3841 3057 9175 3836 3057 9176 3839 3058 9177 3843 3058 9178 3838 3058 9179 3840 3059 9180 3844 3059 9181 3839 3059 9182 3841 3060 9183 3845 3060 9184 3840 3060 9185 3842 3061 9186 3846 3061 9187 3841 3061 9188 3844 3062 9189 3812 3062 9190 3843 3062 9191 3845 3063 9192 3817 3063 9193 3844 3063 9194 3846 3064 9195 3822 3064 9196 3845 3064 9197 3847 3065 9198 3827 3065 9199 3846 3065 9200 3848 3066 9201 3852 3066 9202 3808 3066 9203 3849 3067 9204 3853 3067 9205 3848 3067 9206 3850 3068 9207 3854 3068 9208 3849 3068 9209 3851 3069 9210 3855 3069 9211 3850 3069 9212 3853 3070 9213 3857 3070 9214 3852 3070 9215 3854 3071 9216 3858 3071 9217 3853 3071 9218 3855 3072 9219 3859 3072 9220 3854 3072 9221 3856 3073 9222 3860 3073 9223 3855 3073 9224 3858 3074 9225 3862 3074 9226 3857 3074 9227 3859 3075 9228 3863 3075 9229 3858 3075 9230 3860 3076 9231 3864 3076 9232 3859 3076 9233 3861 3077 9234 3865 3077 9235 3860 3077 9236 3863 3078 9237 3832 3078 9238 3862 3078 9239 3864 3079 9240 3837 3079 9241 3863 3079 9242 3865 3080 9243 3842 3080 9244 3864 3080 9245 3866 3081 9246 3847 3081 9247 3865 3081 9248 3870 3082 9249 3874 3082 9250 3867 3082 9251 3871 3083 9252 3875 3083 9253 3870 3083 9254 3872 3084 9255 3876 3084 9256 3871 3084 9257 3872 3085 9258 3878 3085 9259 3877 3085 9260 3875 3086 9261 3879 3086 9262 3874 3086 9263 3876 3087 9264 3880 3087 9265 3875 3087 9266 3876 3088 9267 3882 3088 9268 3881 3088 9269 3877 3089 9270 3883 3089 9271 3882 3089 9272 3880 3090 9273 3884 3090 9274 3879 3090 9275 3880 3091 9276 3886 3091 9277 3885 3091 9278 3881 3092 9279 3887 3092 9280 3886 3092 9281 3882 3093 9282 3888 3093 9283 3887 3093 9284 3884 3094 9285 3917 3094 9286 3912 3094 9287 3885 3095 9288 3922 3095 9289 3917 3095 9290 3886 3096 9291 3927 3096 9292 3922 3096 9293 3887 3097 9294 3889 3097 9295 3927 3097 9296 3890 3098 9297 3894 3098 9298 3868 3098 9299 3891 3099 9300 3895 3099 9301 3890 3099 9302 3892 3100 9303 3896 3100 9304 3891 3100 9305 3893 3101 9306 3897 3101 9307 3892 3101 9308 3895 3102 9309 3899 3102 9310 3894 3102 9311 3896 3103 9312 3900 3103 9313 3895 3103 9314 3897 3104 9315 3901 3104 9316 3896 3104 9317 3898 3105 9318 3902 3105 9319 3897 3105 9320 3900 3106 9321 3904 3106 9322 3899 3106 9323 3901 3107 9324 3905 3107 9325 3900 3107 9326 3902 3108 9327 3906 3108 9328 3901 3108 9329 3903 3109 9330 3907 3109 9331 3902 3109 9332 3905 3110 9333 3873 3110 9334 3904 3110 9335 3906 3111 9336 3878 3111 9337 3905 3111 9338 3907 3112 9339 3883 3112 9340 3906 3112 9341 3908 3113 9342 3888 3113 9343 3907 3113 9344 3909 3114 9345 3913 3114 9346 3869 3114 9347 3910 3115 9348 3914 3115 9349 3909 3115 9350 3911 3116 9351 3915 3116 9352 3910 3116 9353 3912 3117 9354 3916 3117 9355 3911 3117 9356 3914 3118 9357 3918 3118 9358 3913 3118 9359 3915 3119 9360 3919 3119 9361 3914 3119 9362 3916 3120 9363 3920 3120 9364 3915 3120 9365 3917 3121 9366 3921 3121 9367 3916 3121 9368 3919 3122 9369 3923 3122 9370 3918 3122 9371 3920 3123 9372 3924 3123 9373 3919 3123 9374 3921 3124 9375 3925 3124 9376 3920 3124 9377 3922 3125 9378 3926 3125 9379 3921 3125 9380 3924 3126 9381 3893 3126 9382 3923 3126 9383 3925 3127 9384 3898 3127 9385 3924 3127 9386 3926 3128 9387 3903 3128 9388 3925 3128 9389 3927 3129 9390 3908 3129 9391 3926 3129 9392 147 3130 9393 66 3130 9394 26 3130 9395 66 3131 9396 178 3131 9397 67 3131 9398 67 3132 9399 183 3132 9400 68 3132 9401 68 3133 9402 152 3133 9403 69 3133 9404 69 3134 9405 151 3134 9406 41 3134 9407 41 3135 9408 150 3135 9409 36 3135 9410 36 3136 9411 149 3136 9412 31 3136 9413 149 3137 9414 24 3137 9415 31 3137 9416 209 3138 9417 112 3138 9418 249 3138 9419 112 3139 9420 250 3139 9421 249 3139 9422 117 3140 9423 251 3140 9424 250 3140 9425 122 3141 9426 252 3141 9427 251 3141 9428 91 3142 9429 224 3142 9430 252 3142 9431 90 3143 9432 219 3143 9433 224 3143 9434 89 3144 9435 214 3144 9436 219 3144 9437 214 3145 9438 85 3145 9439 207 3145 9440 87 3146 9441 47 3146 9442 25 3146 9443 131 3147 9444 48 3147 9445 47 3147 9446 136 3148 9447 49 3148 9448 48 3148 9449 141 3149 9450 50 3149 9451 49 3149 9452 111 3150 9453 80 3150 9454 50 3150 9455 110 3151 9456 75 3151 9457 80 3151 9458 109 3152 9459 70 3152 9460 75 3152 9461 108 3153 9462 26 3153 9463 70 3153 9464 148 3154 9465 230 3154 9466 208 3154 9467 192 3155 9468 231 3155 9469 230 3155 9470 197 3156 9471 232 3156 9472 231 3156 9473 202 3157 9474 233 3157 9475 232 3157 9476 172 3158 9477 263 3158 9478 233 3158 9479 171 3159 9480 258 3159 9481 263 3159 9482 170 3160 9483 253 3160 9484 258 3160 9485 169 3161 9486 209 3161 9487 253 3161 9488 148 3162 9489 295 3162 9490 188 3162 9491 295 3163 9492 189 3163 9493 188 3163 9494 300 3164 9495 190 3164 9496 189 3164 9497 305 3165 9498 191 3165 9499 190 3165 9500 274 3166 9501 163 3166 9502 191 3166 9503 273 3167 9504 158 3167 9505 163 3167 9506 272 3168 9507 153 3168 9508 158 3168 9509 153 3169 9510 268 3169 9511 146 3169 9512 208 3170 9513 371 3170 9514 331 3170 9515 371 3171 9516 239 3171 9517 372 3171 9518 372 3172 9519 244 3172 9520 373 3172 9521 373 3173 9522 213 3173 9523 374 3173 9524 374 3174 9525 212 3174 9526 346 3174 9527 346 3175 9528 211 3175 9529 341 3175 9530 341 3176 9531 210 3176 9532 336 3176 9533 210 3177 9534 329 3177 9535 336 3177 9536 330 3178 9537 314 3178 9538 352 3178 9539 314 3179 9540 353 3179 9541 352 3179 9542 319 3180 9543 354 3180 9544 353 3180 9545 324 3181 9546 355 3181 9547 354 3181 9548 294 3182 9549 385 3182 9550 355 3182 9551 293 3183 9552 380 3183 9553 385 3183 9554 292 3184 9555 375 3184 9556 380 3184 9557 291 3185 9558 331 3185 9559 375 3185 9560 391 3186 9561 310 3186 9562 270 3186 9563 417 3187 9564 311 3187 9565 310 3187 9566 311 3188 9567 427 3188 9568 312 3188 9569 312 3189 9570 396 3189 9571 313 3189 9572 313 3190 9573 395 3190 9574 285 3190 9575 285 3191 9576 394 3191 9577 280 3191 9578 394 3192 9579 275 3192 9580 280 3192 9581 393 3193 9582 268 3193 9583 275 3193 9584 330 3194 9585 493 3194 9586 453 3194 9587 493 3195 9588 361 3195 9589 494 3195 9590 361 3196 9591 495 3196 9592 494 3196 9593 366 3197 9594 496 3197 9595 495 3197 9596 496 3198 9597 334 3198 9598 468 3198 9599 468 3199 9600 333 3199 9601 463 3199 9602 463 3200 9603 332 3200 9604 458 3200 9605 458 3201 9606 329 3201 9607 451 3201 9608 392 3202 9609 474 3202 9610 452 3202 9611 436 3203 9612 475 3203 9613 474 3203 9614 441 3204 9615 476 3204 9616 475 3204 9617 446 3205 9618 477 3205 9619 476 3205 9620 416 3206 9621 507 3206 9622 477 3206 9623 415 3207 9624 502 3207 9625 507 3207 9626 414 3208 9627 497 3208 9628 502 3208 9629 413 3209 9630 453 3209 9631 497 3209 9632 513 3210 9633 432 3210 9634 392 3210 9635 432 3211 9636 544 3211 9637 433 3211 9638 544 3212 9639 434 3212 9640 433 3212 9641 549 3213 9642 435 3213 9643 434 3213 9644 518 3214 9645 407 3214 9646 435 3214 9647 517 3215 9648 402 3215 9649 407 3215 9650 402 3216 9651 515 3216 9652 397 3216 9653 515 3217 9654 390 3217 9655 397 3217 9656 452 3218 9657 615 3218 9658 575 3218 9659 478 3219 9660 616 3219 9661 615 3219 9662 616 3220 9663 488 3220 9664 617 3220 9665 617 3221 9666 457 3221 9667 618 3221 9668 618 3222 9669 456 3222 9670 590 3222 9671 590 3223 9672 455 3223 9673 585 3223 9674 455 3224 9675 580 3224 9676 585 3224 9677 454 3225 9678 573 3225 9679 580 3225 9680 514 3226 9681 596 3226 9682 574 3226 9683 558 3227 9684 597 3227 9685 596 3227 9686 563 3228 9687 598 3228 9688 597 3228 9689 568 3229 9690 599 3229 9691 598 3229 9692 538 3230 9693 629 3230 9694 599 3230 9695 537 3231 9696 624 3231 9697 629 3231 9698 536 3232 9699 619 3232 9700 624 3232 9701 535 3233 9702 575 3233 9703 619 3233 9704 635 3234 9705 554 3234 9706 514 3234 9707 661 3235 9708 555 3235 9709 554 3235 9710 555 3236 9711 671 3236 9712 556 3236 9713 556 3237 9714 640 3237 9715 557 3237 9716 557 3238 9717 639 3238 9718 529 3238 9719 529 3239 9720 638 3239 9721 524 3239 9722 638 3240 9723 519 3240 9724 524 3240 9725 637 3241 9726 512 3241 9727 519 3241 9728 574 3242 9729 737 3242 9730 697 3242 9731 737 3243 9732 605 3243 9733 738 3243 9734 605 3244 9735 739 3244 9736 738 3244 9737 610 3245 9738 740 3245 9739 739 3245 9740 579 3246 9741 712 3246 9742 740 3246 9743 578 3247 9744 707 3247 9745 712 3247 9746 707 3248 9747 576 3248 9748 702 3248 9749 576 3249 9750 695 3249 9751 702 3249 9752 636 3250 9753 718 3250 9754 696 3250 9755 680 3251 9756 719 3251 9757 718 3251 9758 685 3252 9759 720 3252 9760 719 3252 9761 690 3253 9762 721 3253 9763 720 3253 9764 660 3254 9765 751 3254 9766 721 3254 9767 659 3255 9768 746 3255 9769 751 3255 9770 658 3256 9771 741 3256 9772 746 3256 9773 657 3257 9774 697 3257 9775 741 3257 9776 757 3258 9777 676 3258 9778 636 3258 9779 676 3259 9780 788 3259 9781 677 3259 9782 788 3260 9783 678 3260 9784 677 3260 9785 793 3261 9786 679 3261 9787 678 3261 9788 679 3262 9789 761 3262 9790 651 3262 9791 651 3263 9792 760 3263 9793 646 3263 9794 646 3264 9795 759 3264 9796 641 3264 9797 641 3265 9798 756 3265 9799 634 3265 9800 696 3266 9801 859 3266 9802 819 3266 9803 722 3267 9804 860 3267 9805 859 3267 9806 860 3268 9807 732 3268 9808 861 3268 9809 861 3269 9810 701 3269 9811 862 3269 9812 862 3270 9813 700 3270 9814 834 3270 9815 834 3271 9816 699 3271 9817 829 3271 9818 699 3272 9819 824 3272 9820 829 3272 9821 698 3273 9822 817 3273 9823 824 3273 9824 758 3274 9825 840 3274 9826 818 3274 9827 802 3275 9828 841 3275 9829 840 3275 9830 807 3276 9831 842 3276 9832 841 3276 9833 812 3277 9834 843 3277 9835 842 3277 9836 782 3278 9837 873 3278 9838 843 3278 9839 781 3279 9840 868 3279 9841 873 3279 9842 780 3280 9843 863 3280 9844 868 3280 9845 779 3281 9846 819 3281 9847 863 3281 9848 879 3282 9849 798 3282 9850 758 3282 9851 798 3283 9852 910 3283 9853 799 3283 9854 799 3284 9855 915 3284 9856 800 3284 9857 800 3285 9858 884 3285 9859 801 3285 9860 801 3286 9861 883 3286 9862 773 3286 9863 773 3287 9864 882 3287 9865 768 3287 9866 768 3288 9867 881 3288 9868 763 3288 9869 881 3289 9870 756 3289 9871 763 3289 9872 941 3290 9873 844 3290 9874 981 3290 9875 844 3291 9876 982 3291 9877 981 3291 9878 849 3292 9879 983 3292 9880 982 3292 9881 854 3293 9882 984 3293 9883 983 3293 9884 823 3294 9885 956 3294 9886 984 3294 9887 822 3295 9888 951 3295 9889 956 3295 9890 821 3296 9891 946 3296 9892 951 3296 9893 946 3297 9894 817 3297 9895 939 3297 9896 880 3298 9897 962 3298 9898 940 3298 9899 924 3299 9900 963 3299 9901 962 3299 9902 929 3300 9903 964 3300 9904 963 3300 9905 934 3301 9906 965 3301 9907 964 3301 9908 904 3302 9909 995 3302 9910 965 3302 9911 903 3303 9912 990 3303 9913 995 3303 9914 902 3304 9915 985 3304 9916 990 3304 9917 901 3305 9918 941 3305 9919 985 3305 9920 880 3306 9921 1027 3306 9922 920 3306 9923 1027 3307 9924 921 3307 9925 920 3307 9926 1032 3308 9927 922 3308 9928 921 3308 9929 1037 3309 9930 923 3309 9931 922 3309 9932 1006 3310 9933 895 3310 9934 923 3310 9935 1005 3311 9936 890 3311 9937 895 3311 9938 1004 3312 9939 885 3312 9940 890 3312 9941 885 3313 9942 1000 3313 9943 878 3313 9944 940 3314 9945 1103 3314 9946 1063 3314 9947 1103 3315 9948 971 3315 9949 1104 3315 9950 1104 3316 9951 976 3316 9952 1105 3316 9953 1105 3317 9954 945 3317 9955 1106 3317 9956 1106 3318 9957 944 3318 9958 1078 3318 9959 1078 3319 9960 943 3319 9961 1073 3319 9962 1073 3320 9963 942 3320 9964 1068 3320 9965 942 3321 9966 1061 3321 9967 1068 3321 9968 1002 3322 9969 1084 3322 9970 1062 3322 9971 1046 3323 9972 1085 3323 9973 1084 3323 9974 1051 3324 9975 1086 3324 9976 1085 3324 9977 1056 3325 9978 1087 3325 9979 1086 3325 9980 1026 3326 9981 1117 3326 9982 1087 3326 9983 1025 3327 9984 1112 3327 9985 1117 3327 9986 1024 3328 9987 1107 3328 9988 1112 3328 9989 1023 3329 9990 1063 3329 9991 1107 3329 9992 1123 3330 9993 1042 3330 9994 1002 3330 9995 1042 3331 9996 1154 3331 9997 1043 3331 9998 1043 3332 9999 1159 3332 10000 1044 3332 10001 1044 3333 10002 1128 3333 10003 1045 3333 10004 1045 3334 10005 1127 3334 10006 1017 3334 10007 1017 3335 10008 1126 3335 10009 1012 3335 10010 1012 3336 10011 1125 3336 10012 1007 3336 10013 1125 3337 10014 1000 3337 10015 1007 3337 10016 1185 3338 10017 1088 3338 10018 1225 3338 10019 1088 3339 10020 1226 3339 10021 1225 3339 10022 1093 3340 10023 1227 3340 10024 1226 3340 10025 1098 3341 10026 1228 3341 10027 1227 3341 10028 1067 3342 10029 1200 3342 10030 1228 3342 10031 1066 3343 10032 1195 3343 10033 1200 3343 10034 1065 3344 10035 1190 3344 10036 1195 3344 10037 1190 3345 10038 1061 3345 10039 1183 3345 10040 1124 3346 10041 1206 3346 10042 1184 3346 10043 1168 3347 10044 1207 3347 10045 1206 3347 10046 1173 3348 10047 1208 3348 10048 1207 3348 10049 1178 3349 10050 1209 3349 10051 1208 3349 10052 1148 3350 10053 1239 3350 10054 1209 3350 10055 1147 3351 10056 1234 3351 10057 1239 3351 10058 1146 3352 10059 1229 3352 10060 1234 3352 10061 1145 3353 10062 1185 3353 10063 1229 3353 10064 1124 3354 10065 1271 3354 10066 1164 3354 10067 1271 3355 10068 1165 3355 10069 1164 3355 10070 1276 3356 10071 1166 3356 10072 1165 3356 10073 1281 3357 10074 1167 3357 10075 1166 3357 10076 1250 3358 10077 1139 3358 10078 1167 3358 10079 1249 3359 10080 1134 3359 10081 1139 3359 10082 1248 3360 10083 1129 3360 10084 1134 3360 10085 1129 3361 10086 1244 3361 10087 1122 3361 10088 1184 3362 10089 1347 3362 10090 1307 3362 10091 1347 3363 10092 1215 3363 10093 1348 3363 10094 1348 3364 10095 1220 3364 10096 1349 3364 10097 1349 3365 10098 1189 3365 10099 1350 3365 10100 1350 3366 10101 1188 3366 10102 1322 3366 10103 1322 3367 10104 1187 3367 10105 1317 3367 10106 1317 3368 10107 1186 3368 10108 1312 3368 10109 1186 3369 10110 1305 3369 10111 1312 3369 10112 1306 3370 10113 1290 3370 10114 1328 3370 10115 1290 3371 10116 1329 3371 10117 1328 3371 10118 1295 3372 10119 1330 3372 10120 1329 3372 10121 1300 3373 10122 1331 3373 10123 1330 3373 10124 1270 3374 10125 1361 3374 10126 1331 3374 10127 1269 3375 10128 1356 3375 10129 1361 3375 10130 1268 3376 10131 1351 3376 10132 1356 3376 10133 1267 3377 10134 1307 3377 10135 1351 3377 10136 1367 3378 10137 1286 3378 10138 1246 3378 10139 1393 3379 10140 1287 3379 10141 1286 3379 10142 1287 3380 10143 1403 3380 10144 1288 3380 10145 1288 3381 10146 1372 3381 10147 1289 3381 10148 1289 3382 10149 1371 3382 10150 1261 3382 10151 1261 3383 10152 1370 3383 10153 1256 3383 10154 1370 3384 10155 1251 3384 10156 1256 3384 10157 1369 3385 10158 1244 3385 10159 1251 3385 10160 1306 3386 10161 1469 3386 10162 1429 3386 10163 1469 3387 10164 1337 3387 10165 1470 3387 10166 1337 3388 10167 1471 3388 10168 1470 3388 10169 1342 3389 10170 1472 3389 10171 1471 3389 10172 1472 3390 10173 1310 3390 10174 1444 3390 10175 1444 3391 10176 1309 3391 10177 1439 3391 10178 1439 3392 10179 1308 3392 10180 1434 3392 10181 1434 3393 10182 1305 3393 10183 1427 3393 10184 1368 3394 10185 1450 3394 10186 1428 3394 10187 1412 3395 10188 1451 3395 10189 1450 3395 10190 1417 3396 10191 1452 3396 10192 1451 3396 10193 1422 3397 10194 1453 3397 10195 1452 3397 10196 1392 3398 10197 1483 3398 10198 1453 3398 10199 1391 3399 10200 1478 3399 10201 1483 3399 10202 1390 3400 10203 1473 3400 10204 1478 3400 10205 1389 3401 10206 1429 3401 10207 1473 3401 10208 1489 3402 10209 1408 3402 10210 1368 3402 10211 1408 3403 10212 1520 3403 10213 1409 3403 10214 1520 3404 10215 1410 3404 10216 1409 3404 10217 1525 3405 10218 1411 3405 10219 1410 3405 10220 1494 3406 10221 1383 3406 10222 1411 3406 10223 1493 3407 10224 1378 3407 10225 1383 3407 10226 1378 3408 10227 1491 3408 10228 1373 3408 10229 1491 3409 10230 1366 3409 10231 1373 3409 10232 1428 3410 10233 1591 3410 10234 1551 3410 10235 1454 3411 10236 1592 3411 10237 1591 3411 10238 1592 3412 10239 1464 3412 10240 1593 3412 10241 1593 3413 10242 1433 3413 10243 1594 3413 10244 1594 3414 10245 1432 3414 10246 1566 3414 10247 1566 3415 10248 1431 3415 10249 1561 3415 10250 1431 3416 10251 1556 3416 10252 1561 3416 10253 1430 3417 10254 1549 3417 10255 1556 3417 10256 1490 3418 10257 1572 3418 10258 1550 3418 10259 1534 3419 10260 1573 3419 10261 1572 3419 10262 1539 3420 10263 1574 3420 10264 1573 3420 10265 1544 3421 10266 1575 3421 10267 1574 3421 10268 1514 3422 10269 1605 3422 10270 1575 3422 10271 1513 3423 10272 1600 3423 10273 1605 3423 10274 1512 3424 10275 1595 3424 10276 1600 3424 10277 1511 3425 10278 1551 3425 10279 1595 3425 10280 1611 3426 10281 1530 3426 10282 1490 3426 10283 1637 3427 10284 1531 3427 10285 1530 3427 10286 1531 3428 10287 1647 3428 10288 1532 3428 10289 1532 3429 10290 1616 3429 10291 1533 3429 10292 1533 3430 10293 1615 3430 10294 1505 3430 10295 1505 3431 10296 1614 3431 10297 1500 3431 10298 1614 3432 10299 1495 3432 10300 1500 3432 10301 1613 3433 10302 1488 3433 10303 1495 3433 10304 1550 3434 10305 1713 3434 10306 1673 3434 10307 1713 3435 10308 1581 3435 10309 1714 3435 10310 1581 3436 10311 1715 3436 10312 1714 3436 10313 1586 3437 10314 1716 3437 10315 1715 3437 10316 1555 3438 10317 1688 3438 10318 1716 3438 10319 1554 3439 10320 1683 3439 10321 1688 3439 10322 1683 3440 10323 1552 3440 10324 1678 3440 10325 1552 3441 10326 1671 3441 10327 1678 3441 10328 1612 3442 10329 1694 3442 10330 1672 3442 10331 1656 3443 10332 1695 3443 10333 1694 3443 10334 1661 3444 10335 1696 3444 10336 1695 3444 10337 1666 3445 10338 1697 3445 10339 1696 3445 10340 1636 3446 10341 1727 3446 10342 1697 3446 10343 1635 3447 10344 1722 3447 10345 1727 3447 10346 1634 3448 10347 1717 3448 10348 1722 3448 10349 1633 3449 10350 1673 3449 10351 1717 3449 10352 1733 3450 10353 1652 3450 10354 1612 3450 10355 1652 3451 10356 1764 3451 10357 1653 3451 10358 1764 3452 10359 1654 3452 10360 1653 3452 10361 1769 3453 10362 1655 3453 10363 1654 3453 10364 1655 3454 10365 1737 3454 10366 1627 3454 10367 1627 3455 10368 1736 3455 10369 1622 3455 10370 1622 3456 10371 1735 3456 10372 1617 3456 10373 1617 3457 10374 1732 3457 10375 1610 3457 10376 1672 3458 10377 1835 3458 10378 1795 3458 10379 1698 3459 10380 1836 3459 10381 1835 3459 10382 1836 3460 10383 1708 3460 10384 1837 3460 10385 1837 3461 10386 1677 3461 10387 1838 3461 10388 1838 3462 10389 1676 3462 10390 1810 3462 10391 1810 3463 10392 1675 3463 10393 1805 3463 10394 1675 3464 10395 1800 3464 10396 1805 3464 10397 1674 3465 10398 1793 3465 10399 1800 3465 10400 1734 3466 10401 1816 3466 10402 1794 3466 10403 1778 3467 10404 1817 3467 10405 1816 3467 10406 1783 3468 10407 1818 3468 10408 1817 3468 10409 1788 3469 10410 1819 3469 10411 1818 3469 10412 1758 3470 10413 1849 3470 10414 1819 3470 10415 1757 3471 10416 1844 3471 10417 1849 3471 10418 1756 3472 10419 1839 3472 10420 1844 3472 10421 1755 3473 10422 1795 3473 10423 1839 3473 10424 1855 3474 10425 1774 3474 10426 1734 3474 10427 1774 3475 10428 1886 3475 10429 1775 3475 10430 1775 3476 10431 1891 3476 10432 1776 3476 10433 1776 3477 10434 1860 3477 10435 1777 3477 10436 1777 3478 10437 1859 3478 10438 1749 3478 10439 1749 3479 10440 1858 3479 10441 1744 3479 10442 1744 3480 10443 1857 3480 10444 1739 3480 10445 1857 3481 10446 1732 3481 10447 1739 3481 10448 1917 3482 10449 1820 3482 10450 1957 3482 10451 1820 3483 10452 1958 3483 10453 1957 3483 10454 1825 3484 10455 1959 3484 10456 1958 3484 10457 1830 3485 10458 1960 3485 10459 1959 3485 10460 1799 3486 10461 1932 3486 10462 1960 3486 10463 1798 3487 10464 1927 3487 10465 1932 3487 10466 1797 3488 10467 1922 3488 10468 1927 3488 10469 1922 3489 10470 1793 3489 10471 1915 3489 10472 1856 3490 10473 1938 3490 10474 1916 3490 10475 1900 3491 10476 1939 3491 10477 1938 3491 10478 1905 3492 10479 1940 3492 10480 1939 3492 10481 1910 3493 10482 1941 3493 10483 1940 3493 10484 1880 3494 10485 1971 3494 10486 1941 3494 10487 1879 3495 10488 1966 3495 10489 1971 3495 10490 1878 3496 10491 1961 3496 10492 1966 3496 10493 1877 3497 10494 1917 3497 10495 1961 3497 10496 1856 3498 10497 2003 3498 10498 1896 3498 10499 2003 3499 10500 1897 3499 10501 1896 3499 10502 2008 3500 10503 1898 3500 10504 1897 3500 10505 2013 3501 10506 1899 3501 10507 1898 3501 10508 1982 3502 10509 1871 3502 10510 1899 3502 10511 1981 3503 10512 1866 3503 10513 1871 3503 10514 1980 3504 10515 1861 3504 10516 1866 3504 10517 1861 3505 10518 1976 3505 10519 1854 3505 10520 1916 3506 10521 2079 3506 10522 2039 3506 10523 2079 3507 10524 1947 3507 10525 2080 3507 10526 2080 3508 10527 1952 3508 10528 2081 3508 10529 2081 3509 10530 1921 3509 10531 2082 3509 10532 2082 3510 10533 1920 3510 10534 2054 3510 10535 2054 3511 10536 1919 3511 10537 2049 3511 10538 2049 3512 10539 1918 3512 10540 2044 3512 10541 1918 3513 10542 2037 3513 10543 2044 3513 10544 1978 3514 10545 2060 3514 10546 2038 3514 10547 2022 3515 10548 2061 3515 10549 2060 3515 10550 2027 3516 10551 2062 3516 10552 2061 3516 10553 2032 3517 10554 2063 3517 10555 2062 3517 10556 2002 3518 10557 2093 3518 10558 2063 3518 10559 2001 3519 10560 2088 3519 10561 2093 3519 10562 2000 3520 10563 2083 3520 10564 2088 3520 10565 1999 3521 10566 2039 3521 10567 2083 3521 10568 2099 3522 10569 2018 3522 10570 1978 3522 10571 2018 3523 10572 2130 3523 10573 2019 3523 10574 2019 3524 10575 2135 3524 10576 2020 3524 10577 2020 3525 10578 2104 3525 10579 2021 3525 10580 2021 3526 10581 2103 3526 10582 1993 3526 10583 1993 3527 10584 2102 3527 10585 1988 3527 10586 1988 3528 10587 2101 3528 10588 1983 3528 10589 2101 3529 10590 1976 3529 10591 1983 3529 10592 2161 3530 10593 2064 3530 10594 2201 3530 10595 2064 3531 10596 2202 3531 10597 2201 3531 10598 2069 3532 10599 2203 3532 10600 2202 3532 10601 2074 3533 10602 2204 3533 10603 2203 3533 10604 2043 3534 10605 2176 3534 10606 2204 3534 10607 2042 3535 10608 2171 3535 10609 2176 3535 10610 2041 3536 10611 2166 3536 10612 2171 3536 10613 2166 3537 10614 2037 3537 10615 2159 3537 10616 2100 3538 10617 2182 3538 10618 2160 3538 10619 2144 3539 10620 2183 3539 10621 2182 3539 10622 2149 3540 10623 2184 3540 10624 2183 3540 10625 2154 3541 10626 2185 3541 10627 2184 3541 10628 2124 3542 10629 2215 3542 10630 2185 3542 10631 2123 3543 10632 2210 3543 10633 2215 3543 10634 2122 3544 10635 2205 3544 10636 2210 3544 10637 2121 3545 10638 2161 3545 10639 2205 3545 10640 2100 3546 10641 2247 3546 10642 2140 3546 10643 2247 3547 10644 2141 3547 10645 2140 3547 10646 2252 3548 10647 2142 3548 10648 2141 3548 10649 2257 3549 10650 2143 3549 10651 2142 3549 10652 2226 3550 10653 2115 3550 10654 2143 3550 10655 2225 3551 10656 2110 3551 10657 2115 3551 10658 2224 3552 10659 2105 3552 10660 2110 3552 10661 2105 3553 10662 2220 3553 10663 2098 3553 10664 2160 3554 10665 2323 3554 10666 2283 3554 10667 2323 3555 10668 2191 3555 10669 2324 3555 10670 2324 3556 10671 2196 3556 10672 2325 3556 10673 2325 3557 10674 2165 3557 10675 2326 3557 10676 2326 3558 10677 2164 3558 10678 2298 3558 10679 2298 3559 10680 2163 3559 10681 2293 3559 10682 2293 3560 10683 2162 3560 10684 2288 3560 10685 2162 3561 10686 2281 3561 10687 2288 3561 10688 2282 3562 10689 2266 3562 10690 2304 3562 10691 2266 3563 10692 2305 3563 10693 2304 3563 10694 2271 3564 10695 2306 3564 10696 2305 3564 10697 2276 3565 10698 2307 3565 10699 2306 3565 10700 2246 3566 10701 2337 3566 10702 2307 3566 10703 2245 3567 10704 2332 3567 10705 2337 3567 10706 2244 3568 10707 2327 3568 10708 2332 3568 10709 2243 3569 10710 2283 3569 10711 2327 3569 10712 2343 3570 10713 2262 3570 10714 2222 3570 10715 2369 3571 10716 2263 3571 10717 2262 3571 10718 2263 3572 10719 2379 3572 10720 2264 3572 10721 2264 3573 10722 2348 3573 10723 2265 3573 10724 2265 3574 10725 2347 3574 10726 2237 3574 10727 2237 3575 10728 2346 3575 10729 2232 3575 10730 2346 3576 10731 2227 3576 10732 2232 3576 10733 2345 3577 10734 2220 3577 10735 2227 3577 10736 2282 3578 10737 2445 3578 10738 2405 3578 10739 2445 3579 10740 2313 3579 10741 2446 3579 10742 2313 3580 10743 2447 3580 10744 2446 3580 10745 2318 3581 10746 2448 3581 10747 2447 3581 10748 2448 3582 10749 2286 3582 10750 2420 3582 10751 2420 3583 10752 2285 3583 10753 2415 3583 10754 2415 3584 10755 2284 3584 10756 2410 3584 10757 2410 3585 10758 2281 3585 10759 2403 3585 10760 2344 3586 10761 2426 3586 10762 2404 3586 10763 2388 3587 10764 2427 3587 10765 2426 3587 10766 2393 3588 10767 2428 3588 10768 2427 3588 10769 2398 3589 10770 2429 3589 10771 2428 3589 10772 2368 3590 10773 2459 3590 10774 2429 3590 10775 2367 3591 10776 2454 3591 10777 2459 3591 10778 2366 3592 10779 2449 3592 10780 2454 3592 10781 2365 3593 10782 2405 3593 10783 2449 3593 10784 2465 3594 10785 2384 3594 10786 2344 3594 10787 2384 3595 10788 2496 3595 10789 2385 3595 10790 2496 3596 10791 2386 3596 10792 2385 3596 10793 2501 3597 10794 2387 3597 10795 2386 3597 10796 2470 3598 10797 2359 3598 10798 2387 3598 10799 2469 3599 10800 2354 3599 10801 2359 3599 10802 2354 3600 10803 2467 3600 10804 2349 3600 10805 2467 3601 10806 2342 3601 10807 2349 3601 10808 2404 3602 10809 2567 3602 10810 2527 3602 10811 2430 3603 10812 2568 3603 10813 2567 3603 10814 2568 3604 10815 2440 3604 10816 2569 3604 10817 2569 3605 10818 2409 3605 10819 2570 3605 10820 2570 3606 10821 2408 3606 10822 2542 3606 10823 2542 3607 10824 2407 3607 10825 2537 3607 10826 2407 3608 10827 2532 3608 10828 2537 3608 10829 2406 3609 10830 2525 3609 10831 2532 3609 10832 2466 3610 10833 2548 3610 10834 2526 3610 10835 2510 3611 10836 2549 3611 10837 2548 3611 10838 2515 3612 10839 2550 3612 10840 2549 3612 10841 2520 3613 10842 2551 3613 10843 2550 3613 10844 2490 3614 10845 2581 3614 10846 2551 3614 10847 2489 3615 10848 2576 3615 10849 2581 3615 10850 2488 3616 10851 2571 3616 10852 2576 3616 10853 2487 3617 10854 2527 3617 10855 2571 3617 10856 2587 3618 10857 2506 3618 10858 2466 3618 10859 2613 3619 10860 2507 3619 10861 2506 3619 10862 2507 3620 10863 2623 3620 10864 2508 3620 10865 2508 3621 10866 2592 3621 10867 2509 3621 10868 2509 3622 10869 2591 3622 10870 2481 3622 10871 2481 3623 10872 2590 3623 10873 2476 3623 10874 2590 3624 10875 2471 3624 10876 2476 3624 10877 2589 3625 10878 2464 3625 10879 2471 3625 10880 2526 3626 10881 2689 3626 10882 2649 3626 10883 2689 3627 10884 2557 3627 10885 2690 3627 10886 2557 3628 10887 2691 3628 10888 2690 3628 10889 2562 3629 10890 2692 3629 10891 2691 3629 10892 2531 3630 10893 2664 3630 10894 2692 3630 10895 2530 3631 10896 2659 3631 10897 2664 3631 10898 2659 3632 10899 2528 3632 10900 2654 3632 10901 2528 3633 10902 2647 3633 10903 2654 3633 10904 2588 3634 10905 2670 3634 10906 2648 3634 10907 2632 3635 10908 2671 3635 10909 2670 3635 10910 2637 3636 10911 2672 3636 10912 2671 3636 10913 2642 3637 10914 2673 3637 10915 2672 3637 10916 2612 3638 10917 2703 3638 10918 2673 3638 10919 2611 3639 10920 2698 3639 10921 2703 3639 10922 2610 3640 10923 2693 3640 10924 2698 3640 10925 2609 3641 10926 2649 3641 10927 2693 3641 10928 2709 3642 10929 2628 3642 10930 2588 3642 10931 2628 3643 10932 2740 3643 10933 2629 3643 10934 2740 3644 10935 2630 3644 10936 2629 3644 10937 2745 3645 10938 2631 3645 10939 2630 3645 10940 2631 3646 10941 2713 3646 10942 2603 3646 10943 2603 3647 10944 2712 3647 10945 2598 3647 10946 2598 3648 10947 2711 3648 10948 2593 3648 10949 2593 3649 10950 2708 3649 10951 2586 3649 10952 2648 3650 10953 2811 3650 10954 2771 3650 10955 2674 3651 10956 2812 3651 10957 2811 3651 10958 2812 3652 10959 2684 3652 10960 2813 3652 10961 2813 3653 10962 2653 3653 10963 2814 3653 10964 2814 3654 10965 2652 3654 10966 2786 3654 10967 2786 3655 10968 2651 3655 10969 2781 3655 10970 2651 3656 10971 2776 3656 10972 2781 3656 10973 2650 3657 10974 2769 3657 10975 2776 3657 10976 2710 3658 10977 2792 3658 10978 2770 3658 10979 2754 3659 10980 2793 3659 10981 2792 3659 10982 2759 3660 10983 2794 3660 10984 2793 3660 10985 2764 3661 10986 2795 3661 10987 2794 3661 10988 2734 3662 10989 2825 3662 10990 2795 3662 10991 2733 3663 10992 2820 3663 10993 2825 3663 10994 2732 3664 10995 2815 3664 10996 2820 3664 10997 2731 3665 10998 2771 3665 10999 2815 3665 11000 2831 3666 11001 2750 3666 11002 2710 3666 11003 2750 3667 11004 2862 3667 11005 2751 3667 11006 2751 3668 11007 2867 3668 11008 2752 3668 11009 2752 3669 11010 2836 3669 11011 2753 3669 11012 2753 3670 11013 2835 3670 11014 2725 3670 11015 2725 3671 11016 2834 3671 11017 2720 3671 11018 2720 3672 11019 2833 3672 11020 2715 3672 11021 2833 3673 11022 2708 3673 11023 2715 3673 11024 2893 3674 11025 2796 3674 11026 2933 3674 11027 2796 3675 11028 2934 3675 11029 2933 3675 11030 2801 3676 11031 2935 3676 11032 2934 3676 11033 2806 3677 11034 2936 3677 11035 2935 3677 11036 2775 3678 11037 2908 3678 11038 2936 3678 11039 2774 3679 11040 2903 3679 11041 2908 3679 11042 2773 3680 11043 2898 3680 11044 2903 3680 11045 2898 3681 11046 2769 3681 11047 2891 3681 11048 2832 3682 11049 2914 3682 11050 2892 3682 11051 2876 3683 11052 2915 3683 11053 2914 3683 11054 2881 3684 11055 2916 3684 11056 2915 3684 11057 2886 3685 11058 2917 3685 11059 2916 3685 11060 2856 3686 11061 2947 3686 11062 2917 3686 11063 2855 3687 11064 2942 3687 11065 2947 3687 11066 2854 3688 11067 2937 3688 11068 2942 3688 11069 2853 3689 11070 2893 3689 11071 2937 3689 11072 2832 3690 11073 2979 3690 11074 2872 3690 11075 2979 3691 11076 2873 3691 11077 2872 3691 11078 2984 3692 11079 2874 3692 11080 2873 3692 11081 2989 3693 11082 2875 3693 11083 2874 3693 11084 2958 3694 11085 2847 3694 11086 2875 3694 11087 2957 3695 11088 2842 3695 11089 2847 3695 11090 2956 3696 11091 2837 3696 11092 2842 3696 11093 2837 3697 11094 2952 3697 11095 2830 3697 11096 2892 3698 11097 3055 3698 11098 3015 3698 11099 3055 3699 11100 2923 3699 11101 3056 3699 11102 3056 3700 11103 2928 3700 11104 3057 3700 11105 3057 3701 11106 2897 3701 11107 3058 3701 11108 3058 3702 11109 2896 3702 11110 3030 3702 11111 3030 3703 11112 2895 3703 11113 3025 3703 11114 3025 3704 11115 2894 3704 11116 3020 3704 11117 2894 3705 11118 3013 3705 11119 3020 3705 11120 2954 3706 11121 3036 3706 11122 3014 3706 11123 2998 3707 11124 3037 3707 11125 3036 3707 11126 3003 3708 11127 3038 3708 11128 3037 3708 11129 3008 3709 11130 3039 3709 11131 3038 3709 11132 2978 3710 11133 3069 3710 11134 3039 3710 11135 2977 3711 11136 3064 3711 11137 3069 3711 11138 2976 3712 11139 3059 3712 11140 3064 3712 11141 2975 3713 11142 3015 3713 11143 3059 3713 11144 3075 3714 11145 2994 3714 11146 2954 3714 11147 2994 3715 11148 3106 3715 11149 2995 3715 11150 2995 3716 11151 3111 3716 11152 2996 3716 11153 2996 3717 11154 3080 3717 11155 2997 3717 11156 2997 3718 11157 3079 3718 11158 2969 3718 11159 2969 3719 11160 3078 3719 11161 2964 3719 11162 2964 3720 11163 3077 3720 11164 2959 3720 11165 3077 3721 11166 2952 3721 11167 2959 3721 11168 3137 3722 11169 3040 3722 11170 3177 3722 11171 3040 3723 11172 3178 3723 11173 3177 3723 11174 3045 3724 11175 3179 3724 11176 3178 3724 11177 3050 3725 11178 3180 3725 11179 3179 3725 11180 3019 3726 11181 3152 3726 11182 3180 3726 11183 3018 3727 11184 3147 3727 11185 3152 3727 11186 3017 3728 11187 3142 3728 11188 3147 3728 11189 3142 3729 11190 3013 3729 11191 3135 3729 11192 3076 3730 11193 3158 3730 11194 3136 3730 11195 3120 3731 11196 3159 3731 11197 3158 3731 11198 3125 3732 11199 3160 3732 11200 3159 3732 11201 3130 3733 11202 3161 3733 11203 3160 3733 11204 3100 3734 11205 3191 3734 11206 3161 3734 11207 3099 3735 11208 3186 3735 11209 3191 3735 11210 3098 3736 11211 3181 3736 11212 3186 3736 11213 3097 3737 11214 3137 3737 11215 3181 3737 11216 3076 3738 11217 3223 3738 11218 3116 3738 11219 3223 3739 11220 3117 3739 11221 3116 3739 11222 3228 3740 11223 3118 3740 11224 3117 3740 11225 3233 3741 11226 3119 3741 11227 3118 3741 11228 3202 3742 11229 3091 3742 11230 3119 3742 11231 3201 3743 11232 3086 3743 11233 3091 3743 11234 3200 3744 11235 3081 3744 11236 3086 3744 11237 3081 3745 11238 3196 3745 11239 3074 3745 11240 3136 3746 11241 3299 3746 11242 3259 3746 11243 3299 3747 11244 3167 3747 11245 3300 3747 11246 3300 3748 11247 3172 3748 11248 3301 3748 11249 3301 3749 11250 3141 3749 11251 3302 3749 11252 3302 3750 11253 3140 3750 11254 3274 3750 11255 3274 3751 11256 3139 3751 11257 3269 3751 11258 3269 3752 11259 3138 3752 11260 3264 3752 11261 3138 3753 11262 3257 3753 11263 3264 3753 11264 3258 3754 11265 3242 3754 11266 3280 3754 11267 3242 3755 11268 3281 3755 11269 3280 3755 11270 3247 3756 11271 3282 3756 11272 3281 3756 11273 3252 3757 11274 3283 3757 11275 3282 3757 11276 3222 3758 11277 3313 3758 11278 3283 3758 11279 3221 3759 11280 3308 3759 11281 3313 3759 11282 3220 3760 11283 3303 3760 11284 3308 3760 11285 3219 3761 11286 3259 3761 11287 3303 3761 11288 3319 3762 11289 3238 3762 11290 3198 3762 11291 3345 3763 11292 3239 3763 11293 3238 3763 11294 3239 3764 11295 3355 3764 11296 3240 3764 11297 3240 3765 11298 3324 3765 11299 3241 3765 11300 3241 3766 11301 3323 3766 11302 3213 3766 11303 3213 3767 11304 3322 3767 11305 3208 3767 11306 3322 3768 11307 3203 3768 11308 3208 3768 11309 3321 3769 11310 3196 3769 11311 3203 3769 11312 3258 3770 11313 3421 3770 11314 3381 3770 11315 3421 3771 11316 3289 3771 11317 3422 3771 11318 3289 3772 11319 3423 3772 11320 3422 3772 11321 3294 3773 11322 3424 3773 11323 3423 3773 11324 3424 3774 11325 3262 3774 11326 3396 3774 11327 3396 3775 11328 3261 3775 11329 3391 3775 11330 3391 3776 11331 3260 3776 11332 3386 3776 11333 3386 3777 11334 3257 3777 11335 3379 3777 11336 3320 3778 11337 3402 3778 11338 3380 3778 11339 3364 3779 11340 3403 3779 11341 3402 3779 11342 3369 3780 11343 3404 3780 11344 3403 3780 11345 3374 3781 11346 3405 3781 11347 3404 3781 11348 3344 3782 11349 3435 3782 11350 3405 3782 11351 3343 3783 11352 3430 3783 11353 3435 3783 11354 3342 3784 11355 3425 3784 11356 3430 3784 11357 3341 3785 11358 3381 3785 11359 3425 3785 11360 3441 3786 11361 3360 3786 11362 3320 3786 11363 3360 3787 11364 3472 3787 11365 3361 3787 11366 3472 3788 11367 3362 3788 11368 3361 3788 11369 3477 3789 11370 3363 3789 11371 3362 3789 11372 3446 3790 11373 3335 3790 11374 3363 3790 11375 3445 3791 11376 3330 3791 11377 3335 3791 11378 3330 3792 11379 3443 3792 11380 3325 3792 11381 3443 3793 11382 3318 3793 11383 3325 3793 11384 3380 3794 11385 3543 3794 11386 3503 3794 11387 3406 3795 11388 3544 3795 11389 3543 3795 11390 3544 3796 11391 3416 3796 11392 3545 3796 11393 3545 3797 11394 3385 3797 11395 3546 3797 11396 3546 3798 11397 3384 3798 11398 3518 3798 11399 3518 3799 11400 3383 3799 11401 3513 3799 11402 3383 3800 11403 3508 3800 11404 3513 3800 11405 3382 3801 11406 3501 3801 11407 3508 3801 11408 3442 3802 11409 3524 3802 11410 3502 3802 11411 3486 3803 11412 3525 3803 11413 3524 3803 11414 3491 3804 11415 3526 3804 11416 3525 3804 11417 3496 3805 11418 3527 3805 11419 3526 3805 11420 3466 3806 11421 3557 3806 11422 3527 3806 11423 3465 3807 11424 3552 3807 11425 3557 3807 11426 3464 3808 11427 3547 3808 11428 3552 3808 11429 3463 3809 11430 3503 3809 11431 3547 3809 11432 3563 3810 11433 3482 3810 11434 3442 3810 11435 3589 3811 11436 3483 3811 11437 3482 3811 11438 3483 3812 11439 3599 3812 11440 3484 3812 11441 3484 3813 11442 3568 3813 11443 3485 3813 11444 3485 3814 11445 3567 3814 11446 3457 3814 11447 3457 3815 11448 3566 3815 11449 3452 3815 11450 3566 3816 11451 3447 3816 11452 3452 3816 11453 3565 3817 11454 3440 3817 11455 3447 3817 11456 3502 3818 11457 3665 3818 11458 3625 3818 11459 3665 3819 11460 3533 3819 11461 3666 3819 11462 3533 3820 11463 3667 3820 11464 3666 3820 11465 3538 3821 11466 3668 3821 11467 3667 3821 11468 3507 3822 11469 3640 3822 11470 3668 3822 11471 3506 3823 11472 3635 3823 11473 3640 3823 11474 3635 3824 11475 3504 3824 11476 3630 3824 11477 3504 3825 11478 3623 3825 11479 3630 3825 11480 3564 3826 11481 3646 3826 11482 3624 3826 11483 3608 3827 11484 3647 3827 11485 3646 3827 11486 3613 3828 11487 3648 3828 11488 3647 3828 11489 3618 3829 11490 3649 3829 11491 3648 3829 11492 3588 3830 11493 3679 3830 11494 3649 3830 11495 3587 3831 11496 3674 3831 11497 3679 3831 11498 3586 3832 11499 3669 3832 11500 3674 3832 11501 3585 3833 11502 3625 3833 11503 3669 3833 11504 3685 3834 11505 3604 3834 11506 3564 3834 11507 3604 3835 11508 3716 3835 11509 3605 3835 11510 3716 3836 11511 3606 3836 11512 3605 3836 11513 3721 3837 11514 3607 3837 11515 3606 3837 11516 3607 3838 11517 3689 3838 11518 3579 3838 11519 3579 3839 11520 3688 3839 11521 3574 3839 11522 3574 3840 11523 3687 3840 11524 3569 3840 11525 3569 3841 11526 3684 3841 11527 3562 3841 11528 3624 3842 11529 3787 3842 11530 3747 3842 11531 3650 3843 11532 3788 3843 11533 3787 3843 11534 3788 3844 11535 3660 3844 11536 3789 3844 11537 3789 3845 11538 3629 3845 11539 3790 3845 11540 3790 3846 11541 3628 3846 11542 3762 3846 11543 3762 3847 11544 3627 3847 11545 3757 3847 11546 3627 3848 11547 3752 3848 11548 3757 3848 11549 3626 3849 11550 3745 3849 11551 3752 3849 11552 3686 3850 11553 3768 3850 11554 3746 3850 11555 3730 3851 11556 3769 3851 11557 3768 3851 11558 3735 3852 11559 3770 3852 11560 3769 3852 11561 3740 3853 11562 3771 3853 11563 3770 3853 11564 3710 3854 11565 3801 3854 11566 3771 3854 11567 3709 3855 11568 3796 3855 11569 3801 3855 11570 3708 3856 11571 3791 3856 11572 3796 3856 11573 3707 3857 11574 3747 3857 11575 3791 3857 11576 3807 3858 11577 3726 3858 11578 3686 3858 11579 3726 3859 11580 3838 3859 11581 3727 3859 11582 3727 3860 11583 3843 3860 11584 3728 3860 11585 3728 3861 11586 3812 3861 11587 3729 3861 11588 3729 3862 11589 3811 3862 11590 3701 3862 11591 3701 3863 11592 3810 3863 11593 3696 3863 11594 3696 3864 11595 3809 3864 11596 3691 3864 11597 3809 3865 11598 3684 3865 11599 3691 3865 11600 3869 3866 11601 3772 3866 11602 3909 3866 11603 3772 3867 11604 3910 3867 11605 3909 3867 11606 3777 3868 11607 3911 3868 11608 3910 3868 11609 3782 3869 11610 3912 3869 11611 3911 3869 11612 3751 3870 11613 3884 3870 11614 3912 3870 11615 3750 3871 11616 3879 3871 11617 3884 3871 11618 3749 3872 11619 3874 3872 11620 3879 3872 11621 3874 3873 11622 3745 3873 11623 3867 3873 11624 3808 3874 11625 3890 3874 11626 3868 3874 11627 3852 3875 11628 3891 3875 11629 3890 3875 11630 3857 3876 11631 3892 3876 11632 3891 3876 11633 3862 3877 11634 3893 3877 11635 3892 3877 11636 3832 3878 11637 3923 3878 11638 3893 3878 11639 3831 3879 11640 3918 3879 11641 3923 3879 11642 3830 3880 11643 3913 3880 11644 3918 3880 11645 3829 3881 11646 3869 3881 11647 3913 3881 11648 3808 3882 11649 51 3882 11650 3848 3882 11651 51 3883 11652 3849 3883 11653 3848 3883 11654 56 3884 11655 3850 3884 11656 3849 3884 11657 61 3885 11658 3851 3885 11659 3850 3885 11660 30 3886 11661 3823 3886 11662 3851 3886 11663 29 3887 11664 3818 3887 11665 3823 3887 11666 28 3888 11667 3813 3888 11668 3818 3888 11669 3813 3889 11670 24 3889 11671 3806 3889 11672 3868 3890 11673 127 3890 11674 87 3890 11675 127 3891 11676 3899 3891 11677 128 3891 11678 128 3892 11679 3904 3892 11680 129 3892 11681 129 3893 11682 3873 3893 11683 130 3893 11684 130 3894 11685 3872 3894 11686 102 3894 11687 102 3895 11688 3871 3895 11689 97 3895 11690 97 3896 11691 3870 3896 11692 92 3896 11693 3870 3897 11694 85 3897 11695 92 3897 11696 1854 3898 11697 2830 3898 11698 3806 3898 11699 3868 3899 11700 87 3899 11701 25 3899 11702 330 3900 11703 453 3900 11704 391 3900 11705 452 3901 11706 575 3901 11707 513 3901 11708 574 3902 11709 697 3902 11710 635 3902 11711 696 3903 11712 819 3903 11713 757 3903 11714 818 3904 11715 941 3904 11716 879 3904 11717 940 3905 11718 1063 3905 11719 1001 3905 11720 1062 3906 11721 1185 3906 11722 1123 3906 11723 1184 3907 11724 1307 3907 11725 1245 3907 11726 1306 3908 11727 1429 3908 11728 1367 3908 11729 1428 3909 11730 1551 3909 11731 1489 3909 11732 1550 3910 11733 1673 3910 11734 1611 3910 11735 1672 3911 11736 1795 3911 11737 1733 3911 11738 1794 3912 11739 1917 3912 11740 1855 3912 11741 1916 3913 11742 2039 3913 11743 1977 3913 11744 2038 3914 11745 2161 3914 11746 2099 3914 11747 2160 3915 11748 2283 3915 11749 2221 3915 11750 2282 3916 11751 2405 3916 11752 2343 3916 11753 2404 44 11754 2527 44 11755 2465 44 11756 2526 3917 11757 2649 3917 11758 2587 3917 11759 2648 3918 11760 2771 3918 11761 2709 3918 11762 2770 3919 11763 2893 3919 11764 2831 3919 11765 2892 3920 11766 3015 3920 11767 2953 3920 11768 3014 3921 11769 3137 3921 11770 3075 3921 11771 3136 3922 11772 3259 3922 11773 3197 3922 11774 3258 3923 11775 3381 3923 11776 3319 3923 11777 3380 3924 11778 3503 3924 11779 3441 3924 11780 3502 53 11781 3625 53 11782 3563 53 11783 3624 3925 11784 3747 3925 11785 3685 3925 11786 3746 3926 11787 3869 3926 11788 3807 3926 11789 208 3927 11790 331 3927 11791 269 3927 11792 329 2 11793 207 2 11794 3745 2 11795 207 3928 11796 85 3928 11797 3745 3928 11798 85 3929 11799 3867 3929 11800 3745 3929 11801 3745 3930 11802 3623 3930 11803 3501 3930 11804 3501 3931 11805 3379 3931 11806 3745 3931 11807 3379 2 11808 3257 2 11809 3745 2 11810 3257 2 11811 3135 2 11812 2769 2 11813 3135 2 11814 3013 2 11815 2769 2 11816 3013 3932 11817 2891 3932 11818 2769 3932 11819 2769 2 11820 2647 2 11821 2281 2 11822 2647 2 11823 2525 2 11824 2281 2 11825 2525 3933 11826 2403 3933 11827 2281 3933 11828 2281 2 11829 2159 2 11830 1793 2 11831 2159 3934 11832 2037 3934 11833 1793 3934 11834 2037 3935 11835 1915 3935 11836 1793 3935 11837 1793 2 11838 1671 2 11839 1549 2 11840 1549 3936 11841 1427 3936 11842 1793 3936 11843 1427 2 11844 1305 2 11845 1793 2 11846 1305 2 11847 1183 2 11848 817 2 11849 1183 2 11850 1061 2 11851 817 2 11852 1061 3937 11853 939 3937 11854 817 3937 11855 817 3937 11856 695 3937 11857 573 3937 11858 573 2 11859 451 2 11860 817 2 11861 451 2 11862 329 2 11863 817 2 11864 329 2 11865 3745 2 11866 3257 2 11867 3257 3938 11868 2769 3938 11869 329 3938 11870 2769 2 11871 2281 2 11872 329 2 11873 2281 2 11874 1793 2 11875 1305 2 11876 1305 3939 11877 817 3939 11878 2281 3939 11879 86 3940 11880 209 3940 11881 147 3940 11882 27 3941 11883 32 3941 11884 31 3941 11885 28 3942 11886 33 3942 11887 32 3942 11888 29 3943 11889 34 3943 11890 33 3943 11891 29 3944 11892 30 3944 11893 35 3944 11894 32 3945 11895 37 3945 11896 36 3945 11897 33 3946 11898 38 3946 11899 37 3946 11900 33 3947 11901 34 3947 11902 39 3947 11903 34 3948 11904 35 3948 11905 40 3948 11906 37 3949 11907 42 3949 11908 41 3949 11909 37 3950 11910 38 3950 11911 43 3950 11912 38 3951 11913 39 3951 11914 44 3951 11915 39 3952 11916 40 3952 11917 45 3952 11918 41 3953 11919 42 3953 11920 74 3953 11921 42 3954 11922 43 3954 11923 79 3954 11924 43 3955 11925 44 3955 11926 84 3955 11927 44 3956 11928 45 3956 11929 46 3956 11930 47 3957 11931 52 3957 11932 51 3957 11933 48 3958 11934 53 3958 11935 52 3958 11936 49 3959 11937 54 3959 11938 53 3959 11939 50 3960 11940 55 3960 11941 54 3960 11942 52 3961 11943 57 3961 11944 56 3961 11945 53 3962 11946 58 3962 11947 57 3962 11948 54 3963 11949 59 3963 11950 58 3963 11951 55 3964 11952 60 3964 11953 59 3964 11954 57 3965 11955 62 3965 11956 61 3965 11957 58 3966 11958 63 3966 11959 62 3966 11960 59 3967 11961 64 3967 11962 63 3967 11963 60 3968 11964 65 3968 11965 64 3968 11966 62 3969 11967 35 3969 11968 30 3969 11969 63 3970 11970 40 3970 11971 35 3970 11972 64 3971 11973 45 3971 11974 40 3971 11975 65 3972 11976 46 3972 11977 45 3972 11978 66 3973 11979 71 3973 11980 70 3973 11981 67 3974 11982 72 3974 11983 71 3974 11984 68 3975 11985 73 3975 11986 72 3975 11987 69 3976 11988 74 3976 11989 73 3976 11990 71 3977 11991 76 3977 11992 75 3977 11993 72 3978 11994 77 3978 11995 76 3978 11996 73 3979 11997 78 3979 11998 77 3979 11999 74 3980 12000 79 3980 12001 78 3980 12002 76 3981 12003 81 3981 12004 80 3981 12005 77 3982 12006 82 3982 12007 81 3982 12008 78 3983 12009 83 3983 12010 82 3983 12011 79 3984 12012 84 3984 12013 83 3984 12014 81 3985 12015 55 3985 12016 50 3985 12017 82 3986 12018 60 3986 12019 55 3986 12020 83 3987 12021 65 3987 12022 60 3987 12023 84 3988 12024 46 3988 12025 65 3988 12026 88 3989 12027 93 3989 12028 92 3989 12029 89 3990 12030 94 3990 12031 93 3990 12032 90 3991 12033 95 3991 12034 94 3991 12035 90 3992 12036 91 3992 12037 96 3992 12038 93 3993 12039 98 3993 12040 97 3993 12041 94 3994 12042 99 3994 12043 98 3994 12044 94 3995 12045 95 3995 12046 100 3995 12047 95 3996 12048 96 3996 12049 101 3996 12050 98 3997 12051 103 3997 12052 102 3997 12053 98 3998 12054 99 3998 12055 104 3998 12056 99 3999 12057 100 3999 12058 105 3999 12059 100 4000 12060 101 4000 12061 106 4000 12062 102 4001 12063 103 4001 12064 135 4001 12065 103 4002 12066 104 4002 12067 140 4002 12068 104 4003 12069 105 4003 12070 145 4003 12071 105 4004 12072 106 4004 12073 107 4004 12074 108 4005 12075 113 4005 12076 112 4005 12077 109 4006 12078 114 4006 12079 113 4006 12080 110 4007 12081 115 4007 12082 114 4007 12083 111 4008 12084 116 4008 12085 115 4008 12086 113 4009 12087 118 4009 12088 117 4009 12089 114 4010 12090 119 4010 12091 118 4010 12092 115 4011 12093 120 4011 12094 119 4011 12095 116 4012 12096 121 4012 12097 120 4012 12098 118 4013 12099 123 4013 12100 122 4013 12101 119 4014 12102 124 4014 12103 123 4014 12104 120 4015 12105 125 4015 12106 124 4015 12107 121 4016 12108 126 4016 12109 125 4016 12110 123 4017 12111 96 4017 12112 91 4017 12113 124 4018 12114 101 4018 12115 96 4018 12116 125 4019 12117 106 4019 12118 101 4019 12119 126 4020 12120 107 4020 12121 106 4020 12122 127 4021 12123 132 4021 12124 131 4021 12125 128 4022 12126 133 4022 12127 132 4022 12128 129 4023 12129 134 4023 12130 133 4023 12131 130 4024 12132 135 4024 12133 134 4024 12134 132 4025 12135 137 4025 12136 136 4025 12137 133 4026 12138 138 4026 12139 137 4026 12140 134 4027 12141 139 4027 12142 138 4027 12143 135 4028 12144 140 4028 12145 139 4028 12146 137 4029 12147 142 4029 12148 141 4029 12149 138 4030 12150 143 4030 12151 142 4030 12152 139 4031 12153 144 4031 12154 143 4031 12155 140 4032 12156 145 4032 12157 144 4032 12158 142 4033 12159 116 4033 12160 111 4033 12161 143 4034 12162 121 4034 12163 116 4034 12164 144 4035 12165 126 4035 12166 121 4035 12167 145 4036 12168 107 4036 12169 126 4036 12170 149 4037 12171 154 4037 12172 153 4037 12173 150 4038 12174 155 4038 12175 154 4038 12176 151 4039 12177 156 4039 12178 155 4039 12179 151 4040 12180 152 4040 12181 157 4040 12182 154 4041 12183 159 4041 12184 158 4041 12185 155 4042 12186 160 4042 12187 159 4042 12188 155 4043 12189 156 4043 12190 161 4043 12191 156 4044 12192 157 4044 12193 162 4044 12194 159 4045 12195 164 4045 12196 163 4045 12197 159 4046 12198 160 4046 12199 165 4046 12200 160 4047 12201 161 4047 12202 166 4047 12203 161 4048 12204 162 4048 12205 167 4048 12206 163 4049 12207 164 4049 12208 196 4049 12209 164 4050 12210 165 4050 12211 201 4050 12212 165 4051 12213 166 4051 12214 206 4051 12215 166 4052 12216 167 4052 12217 168 4052 12218 169 4053 12219 174 4053 12220 173 4053 12221 170 4054 12222 175 4054 12223 174 4054 12224 171 4055 12225 176 4055 12226 175 4055 12227 172 4056 12228 177 4056 12229 176 4056 12230 174 4057 12231 179 4057 12232 178 4057 12233 175 4058 12234 180 4058 12235 179 4058 12236 176 4059 12237 181 4059 12238 180 4059 12239 177 4060 12240 182 4060 12241 181 4060 12242 179 4061 12243 184 4061 12244 183 4061 12245 180 4062 12246 185 4062 12247 184 4062 12248 181 4063 12249 186 4063 12250 185 4063 12251 182 4064 12252 187 4064 12253 186 4064 12254 184 4065 12255 157 4065 12256 152 4065 12257 185 4066 12258 162 4066 12259 157 4066 12260 186 4067 12261 167 4067 12262 162 4067 12263 187 4068 12264 168 4068 12265 167 4068 12266 188 4069 12267 193 4069 12268 192 4069 12269 189 4070 12270 194 4070 12271 193 4070 12272 190 4071 12273 195 4071 12274 194 4071 12275 191 4072 12276 196 4072 12277 195 4072 12278 193 4073 12279 198 4073 12280 197 4073 12281 194 4074 12282 199 4074 12283 198 4074 12284 195 4075 12285 200 4075 12286 199 4075 12287 196 4076 12288 201 4076 12289 200 4076 12290 198 4077 12291 203 4077 12292 202 4077 12293 199 4078 12294 204 4078 12295 203 4078 12296 200 4079 12297 205 4079 12298 204 4079 12299 201 4080 12300 206 4080 12301 205 4080 12302 203 4081 12303 177 4081 12304 172 4081 12305 204 4082 12306 182 4082 12307 177 4082 12308 205 4083 12309 187 4083 12310 182 4083 12311 206 4084 12312 168 4084 12313 187 4084 12314 210 4085 12315 215 4085 12316 214 4085 12317 211 4086 12318 216 4086 12319 215 4086 12320 212 4087 12321 217 4087 12322 216 4087 12323 212 4088 12324 213 4088 12325 218 4088 12326 215 4089 12327 220 4089 12328 219 4089 12329 216 4090 12330 221 4090 12331 220 4090 12332 216 4091 12333 217 4091 12334 222 4091 12335 217 4092 12336 218 4092 12337 223 4092 12338 220 4093 12339 225 4093 12340 224 4093 12341 220 4094 12342 221 4094 12343 226 4094 12344 221 4095 12345 222 4095 12346 227 4095 12347 222 4096 12348 223 4096 12349 228 4096 12350 224 4097 12351 225 4097 12352 257 4097 12353 225 4098 12354 226 4098 12355 262 4098 12356 226 4099 12357 227 4099 12358 267 4099 12359 227 4100 12360 228 4100 12361 229 4100 12362 230 4101 12363 235 4101 12364 234 4101 12365 231 4102 12366 236 4102 12367 235 4102 12368 232 4103 12369 237 4103 12370 236 4103 12371 233 4104 12372 238 4104 12373 237 4104 12374 235 4105 12375 240 4105 12376 239 4105 12377 236 4106 12378 241 4106 12379 240 4106 12380 237 4107 12381 242 4107 12382 241 4107 12383 238 4108 12384 243 4108 12385 242 4108 12386 240 4109 12387 245 4109 12388 244 4109 12389 241 4110 12390 246 4110 12391 245 4110 12392 242 4111 12393 247 4111 12394 246 4111 12395 243 4112 12396 248 4112 12397 247 4112 12398 245 4113 12399 218 4113 12400 213 4113 12401 246 4114 12402 223 4114 12403 218 4114 12404 247 4115 12405 228 4115 12406 223 4115 12407 248 4116 12408 229 4116 12409 228 4116 12410 249 4117 12411 254 4117 12412 253 4117 12413 250 4118 12414 255 4118 12415 254 4118 12416 251 4119 12417 256 4119 12418 255 4119 12419 252 4120 12420 257 4120 12421 256 4120 12422 254 4121 12423 259 4121 12424 258 4121 12425 255 4122 12426 260 4122 12427 259 4122 12428 256 4123 12429 261 4123 12430 260 4123 12431 257 4124 12432 262 4124 12433 261 4124 12434 259 4125 12435 264 4125 12436 263 4125 12437 260 4126 12438 265 4126 12439 264 4126 12440 261 4127 12441 266 4127 12442 265 4127 12443 262 4128 12444 267 4128 12445 266 4128 12446 264 4129 12447 238 4129 12448 233 4129 12449 265 4130 12450 243 4130 12451 238 4130 12452 266 4131 12453 248 4131 12454 243 4131 12455 267 4132 12456 229 4132 12457 248 4132 12458 271 4133 12459 276 4133 12460 275 4133 12461 272 4134 12462 277 4134 12463 276 4134 12464 273 4135 12465 278 4135 12466 277 4135 12467 273 4136 12468 274 4136 12469 279 4136 12470 276 4137 12471 281 4137 12472 280 4137 12473 277 4138 12474 282 4138 12475 281 4138 12476 277 4139 12477 278 4139 12478 283 4139 12479 278 4140 12480 279 4140 12481 284 4140 12482 281 4141 12483 286 4141 12484 285 4141 12485 281 4142 12486 282 4142 12487 287 4142 12488 282 4143 12489 283 4143 12490 288 4143 12491 283 4144 12492 284 4144 12493 289 4144 12494 285 4145 12495 286 4145 12496 318 4145 12497 286 4146 12498 287 4146 12499 323 4146 12500 287 4147 12501 288 4147 12502 328 4147 12503 288 4148 12504 289 4148 12505 290 4148 12506 291 4149 12507 296 4149 12508 295 4149 12509 292 4150 12510 297 4150 12511 296 4150 12512 293 4151 12513 298 4151 12514 297 4151 12515 294 4152 12516 299 4152 12517 298 4152 12518 296 4153 12519 301 4153 12520 300 4153 12521 297 4154 12522 302 4154 12523 301 4154 12524 298 4155 12525 303 4155 12526 302 4155 12527 299 4156 12528 304 4156 12529 303 4156 12530 301 4157 12531 306 4157 12532 305 4157 12533 302 4158 12534 307 4158 12535 306 4158 12536 303 4159 12537 308 4159 12538 307 4159 12539 304 4160 12540 309 4160 12541 308 4160 12542 306 4161 12543 279 4161 12544 274 4161 12545 307 4162 12546 284 4162 12547 279 4162 12548 308 4163 12549 289 4163 12550 284 4163 12551 309 4164 12552 290 4164 12553 289 4164 12554 310 4165 12555 315 4165 12556 314 4165 12557 311 4166 12558 316 4166 12559 315 4166 12560 312 4167 12561 317 4167 12562 316 4167 12563 313 4168 12564 318 4168 12565 317 4168 12566 315 4169 12567 320 4169 12568 319 4169 12569 316 4170 12570 321 4170 12571 320 4170 12572 317 4171 12573 322 4171 12574 321 4171 12575 318 4172 12576 323 4172 12577 322 4172 12578 320 4173 12579 325 4173 12580 324 4173 12581 321 4174 12582 326 4174 12583 325 4174 12584 322 4175 12585 327 4175 12586 326 4175 12587 323 4176 12588 328 4176 12589 327 4176 12590 325 4177 12591 299 4177 12592 294 4177 12593 326 4178 12594 304 4178 12595 299 4178 12596 327 4179 12597 309 4179 12598 304 4179 12599 328 4180 12600 290 4180 12601 309 4180 12602 332 4181 12603 337 4181 12604 336 4181 12605 333 4182 12606 338 4182 12607 337 4182 12608 334 4183 12609 339 4183 12610 338 4183 12611 334 4184 12612 335 4184 12613 340 4184 12614 337 4185 12615 342 4185 12616 341 4185 12617 338 4186 12618 343 4186 12619 342 4186 12620 338 4187 12621 339 4187 12622 344 4187 12623 339 4188 12624 340 4188 12625 345 4188 12626 342 4189 12627 347 4189 12628 346 4189 12629 342 4190 12630 343 4190 12631 348 4190 12632 343 4191 12633 344 4191 12634 349 4191 12635 344 4192 12636 345 4192 12637 350 4192 12638 346 4193 12639 347 4193 12640 379 4193 12641 347 4194 12642 348 4194 12643 384 4194 12644 348 4195 12645 349 4195 12646 389 4195 12647 349 4196 12648 350 4196 12649 351 4196 12650 352 4197 12651 357 4197 12652 356 4197 12653 353 4198 12654 358 4198 12655 357 4198 12656 354 4199 12657 359 4199 12658 358 4199 12659 355 4200 12660 360 4200 12661 359 4200 12662 357 4201 12663 362 4201 12664 361 4201 12665 358 4202 12666 363 4202 12667 362 4202 12668 359 4203 12669 364 4203 12670 363 4203 12671 360 4204 12672 365 4204 12673 364 4204 12674 362 4205 12675 367 4205 12676 366 4205 12677 363 4206 12678 368 4206 12679 367 4206 12680 364 4207 12681 369 4207 12682 368 4207 12683 365 4208 12684 370 4208 12685 369 4208 12686 367 4209 12687 340 4209 12688 335 4209 12689 368 4210 12690 345 4210 12691 340 4210 12692 369 4211 12693 350 4211 12694 345 4211 12695 370 4212 12696 351 4212 12697 350 4212 12698 371 4213 12699 376 4213 12700 375 4213 12701 372 4214 12702 377 4214 12703 376 4214 12704 373 4215 12705 378 4215 12706 377 4215 12707 374 4216 12708 379 4216 12709 378 4216 12710 376 4217 12711 381 4217 12712 380 4217 12713 377 4218 12714 382 4218 12715 381 4218 12716 378 4219 12717 383 4219 12718 382 4219 12719 379 4220 12720 384 4220 12721 383 4220 12722 381 4221 12723 386 4221 12724 385 4221 12725 382 4222 12726 387 4222 12727 386 4222 12728 383 4223 12729 388 4223 12730 387 4223 12731 384 4224 12732 389 4224 12733 388 4224 12734 386 4225 12735 360 4225 12736 355 4225 12737 387 4226 12738 365 4226 12739 360 4226 12740 388 4227 12741 370 4227 12742 365 4227 12743 389 4228 12744 351 4228 12745 370 4228 12746 393 4229 12747 398 4229 12748 397 4229 12749 394 4230 12750 399 4230 12751 398 4230 12752 395 4231 12753 400 4231 12754 399 4231 12755 395 4232 12756 396 4232 12757 401 4232 12758 398 4233 12759 403 4233 12760 402 4233 12761 399 4234 12762 404 4234 12763 403 4234 12764 399 4235 12765 400 4235 12766 405 4235 12767 400 4236 12768 401 4236 12769 406 4236 12770 403 4237 12771 408 4237 12772 407 4237 12773 403 4238 12774 404 4238 12775 409 4238 12776 404 4239 12777 405 4239 12778 410 4239 12779 405 4240 12780 406 4240 12781 411 4240 12782 407 4241 12783 408 4241 12784 440 4241 12785 408 4242 12786 409 4242 12787 445 4242 12788 409 4243 12789 410 4243 12790 450 4243 12791 410 4244 12792 411 4244 12793 412 4244 12794 413 4245 12795 418 4245 12796 417 4245 12797 414 4246 12798 419 4246 12799 418 4246 12800 415 4247 12801 420 4247 12802 419 4247 12803 416 4248 12804 421 4248 12805 420 4248 12806 418 4249 12807 423 4249 12808 422 4249 12809 419 4250 12810 424 4250 12811 423 4250 12812 420 4251 12813 425 4251 12814 424 4251 12815 421 4252 12816 426 4252 12817 425 4252 12818 423 4253 12819 428 4253 12820 427 4253 12821 424 4254 12822 429 4254 12823 428 4254 12824 425 4255 12825 430 4255 12826 429 4255 12827 426 4256 12828 431 4256 12829 430 4256 12830 428 4257 12831 401 4257 12832 396 4257 12833 429 4258 12834 406 4258 12835 401 4258 12836 430 4259 12837 411 4259 12838 406 4259 12839 431 4260 12840 412 4260 12841 411 4260 12842 432 4261 12843 437 4261 12844 436 4261 12845 433 4262 12846 438 4262 12847 437 4262 12848 434 4263 12849 439 4263 12850 438 4263 12851 435 4264 12852 440 4264 12853 439 4264 12854 437 4265 12855 442 4265 12856 441 4265 12857 438 4266 12858 443 4266 12859 442 4266 12860 439 4267 12861 444 4267 12862 443 4267 12863 440 4268 12864 445 4268 12865 444 4268 12866 442 4269 12867 447 4269 12868 446 4269 12869 443 4270 12870 448 4270 12871 447 4270 12872 444 4271 12873 449 4271 12874 448 4271 12875 445 4272 12876 450 4272 12877 449 4272 12878 447 4273 12879 421 4273 12880 416 4273 12881 448 4274 12882 426 4274 12883 421 4274 12884 449 4275 12885 431 4275 12886 426 4275 12887 450 4276 12888 412 4276 12889 431 4276 12890 454 4277 12891 459 4277 12892 458 4277 12893 455 4278 12894 460 4278 12895 459 4278 12896 456 4279 12897 461 4279 12898 460 4279 12899 456 4280 12900 457 4280 12901 462 4280 12902 459 4281 12903 464 4281 12904 463 4281 12905 460 4282 12906 465 4282 12907 464 4282 12908 460 4283 12909 461 4283 12910 466 4283 12911 461 4284 12912 462 4284 12913 467 4284 12914 464 4285 12915 469 4285 12916 468 4285 12917 464 4286 12918 465 4286 12919 470 4286 12920 465 4287 12921 466 4287 12922 471 4287 12923 466 4288 12924 467 4288 12925 472 4288 12926 468 4289 12927 469 4289 12928 501 4289 12929 469 4290 12930 470 4290 12931 506 4290 12932 470 4291 12933 471 4291 12934 511 4291 12935 471 4292 12936 472 4292 12937 473 4292 12938 474 4293 12939 479 4293 12940 478 4293 12941 475 4294 12942 480 4294 12943 479 4294 12944 476 4295 12945 481 4295 12946 480 4295 12947 477 4296 12948 482 4296 12949 481 4296 12950 479 4297 12951 484 4297 12952 483 4297 12953 480 4298 12954 485 4298 12955 484 4298 12956 481 4299 12957 486 4299 12958 485 4299 12959 482 4300 12960 487 4300 12961 486 4300 12962 484 4301 12963 489 4301 12964 488 4301 12965 485 4302 12966 490 4302 12967 489 4302 12968 486 4303 12969 491 4303 12970 490 4303 12971 487 4304 12972 492 4304 12973 491 4304 12974 489 4305 12975 462 4305 12976 457 4305 12977 490 4306 12978 467 4306 12979 462 4306 12980 491 4307 12981 472 4307 12982 467 4307 12983 492 4308 12984 473 4308 12985 472 4308 12986 493 4309 12987 498 4309 12988 497 4309 12989 494 4310 12990 499 4310 12991 498 4310 12992 495 4311 12993 500 4311 12994 499 4311 12995 496 4312 12996 501 4312 12997 500 4312 12998 498 4313 12999 503 4313 13000 502 4313 13001 499 4314 13002 504 4314 13003 503 4314 13004 500 4315 13005 505 4315 13006 504 4315 13007 501 4316 13008 506 4316 13009 505 4316 13010 503 4317 13011 508 4317 13012 507 4317 13013 504 4318 13014 509 4318 13015 508 4318 13016 505 4319 13017 510 4319 13018 509 4319 13019 506 4320 13020 511 4320 13021 510 4320 13022 508 4321 13023 482 4321 13024 477 4321 13025 509 4322 13026 487 4322 13027 482 4322 13028 510 4323 13029 492 4323 13030 487 4323 13031 511 4324 13032 473 4324 13033 492 4324 13034 515 4325 13035 520 4325 13036 519 4325 13037 516 4326 13038 521 4326 13039 520 4326 13040 517 4327 13041 522 4327 13042 521 4327 13043 517 4328 13044 518 4328 13045 523 4328 13046 520 4329 13047 525 4329 13048 524 4329 13049 521 4330 13050 526 4330 13051 525 4330 13052 521 4331 13053 522 4331 13054 527 4331 13055 522 4332 13056 523 4332 13057 528 4332 13058 525 4333 13059 530 4333 13060 529 4333 13061 525 4334 13062 526 4334 13063 531 4334 13064 526 4335 13065 527 4335 13066 532 4335 13067 527 4336 13068 528 4336 13069 533 4336 13070 529 4337 13071 530 4337 13072 562 4337 13073 530 4338 13074 531 4338 13075 567 4338 13076 531 4339 13077 532 4339 13078 572 4339 13079 532 4340 13080 533 4340 13081 534 4340 13082 535 4341 13083 540 4341 13084 539 4341 13085 536 4342 13086 541 4342 13087 540 4342 13088 537 4343 13089 542 4343 13090 541 4343 13091 538 4344 13092 543 4344 13093 542 4344 13094 540 4345 13095 545 4345 13096 544 4345 13097 541 4346 13098 546 4346 13099 545 4346 13100 542 4347 13101 547 4347 13102 546 4347 13103 543 4348 13104 548 4348 13105 547 4348 13106 545 4349 13107 550 4349 13108 549 4349 13109 546 4350 13110 551 4350 13111 550 4350 13112 547 4351 13113 552 4351 13114 551 4351 13115 548 4352 13116 553 4352 13117 552 4352 13118 550 4353 13119 523 4353 13120 518 4353 13121 551 4354 13122 528 4354 13123 523 4354 13124 552 4355 13125 533 4355 13126 528 4355 13127 553 4356 13128 534 4356 13129 533 4356 13130 554 4357 13131 559 4357 13132 558 4357 13133 555 4358 13134 560 4358 13135 559 4358 13136 556 4359 13137 561 4359 13138 560 4359 13139 557 4360 13140 562 4360 13141 561 4360 13142 559 4361 13143 564 4361 13144 563 4361 13145 560 4362 13146 565 4362 13147 564 4362 13148 561 4363 13149 566 4363 13150 565 4363 13151 562 4364 13152 567 4364 13153 566 4364 13154 564 4365 13155 569 4365 13156 568 4365 13157 565 4366 13158 570 4366 13159 569 4366 13160 566 4367 13161 571 4367 13162 570 4367 13163 567 4368 13164 572 4368 13165 571 4368 13166 569 4369 13167 543 4369 13168 538 4369 13169 570 4370 13170 548 4370 13171 543 4370 13172 571 4371 13173 553 4371 13174 548 4371 13175 572 4372 13176 534 4372 13177 553 4372 13178 576 4373 13179 581 4373 13180 580 4373 13181 577 4374 13182 582 4374 13183 581 4374 13184 578 4375 13185 583 4375 13186 582 4375 13187 578 4376 13188 579 4376 13189 584 4376 13190 581 4377 13191 586 4377 13192 585 4377 13193 582 4378 13194 587 4378 13195 586 4378 13196 582 4379 13197 583 4379 13198 588 4379 13199 583 4380 13200 584 4380 13201 589 4380 13202 586 4381 13203 591 4381 13204 590 4381 13205 586 4382 13206 587 4382 13207 592 4382 13208 587 4383 13209 588 4383 13210 593 4383 13211 588 4384 13212 589 4384 13213 594 4384 13214 590 4385 13215 591 4385 13216 623 4385 13217 591 4386 13218 592 4386 13219 628 4386 13220 592 4387 13221 593 4387 13222 633 4387 13223 593 4388 13224 594 4388 13225 595 4388 13226 596 4389 13227 601 4389 13228 600 4389 13229 597 4390 13230 602 4390 13231 601 4390 13232 598 4391 13233 603 4391 13234 602 4391 13235 599 4392 13236 604 4392 13237 603 4392 13238 601 4393 13239 606 4393 13240 605 4393 13241 602 4394 13242 607 4394 13243 606 4394 13244 603 4395 13245 608 4395 13246 607 4395 13247 604 4396 13248 609 4396 13249 608 4396 13250 606 4397 13251 611 4397 13252 610 4397 13253 607 4398 13254 612 4398 13255 611 4398 13256 608 4399 13257 613 4399 13258 612 4399 13259 609 4400 13260 614 4400 13261 613 4400 13262 611 4401 13263 584 4401 13264 579 4401 13265 612 4402 13266 589 4402 13267 584 4402 13268 613 4403 13269 594 4403 13270 589 4403 13271 614 4404 13272 595 4404 13273 594 4404 13274 615 4405 13275 620 4405 13276 619 4405 13277 616 4406 13278 621 4406 13279 620 4406 13280 617 4407 13281 622 4407 13282 621 4407 13283 618 4408 13284 623 4408 13285 622 4408 13286 620 4409 13287 625 4409 13288 624 4409 13289 621 4410 13290 626 4410 13291 625 4410 13292 622 4411 13293 627 4411 13294 626 4411 13295 623 4412 13296 628 4412 13297 627 4412 13298 625 4413 13299 630 4413 13300 629 4413 13301 626 4414 13302 631 4414 13303 630 4414 13304 627 4415 13305 632 4415 13306 631 4415 13307 628 4416 13308 633 4416 13309 632 4416 13310 630 4417 13311 604 4417 13312 599 4417 13313 631 4418 13314 609 4418 13315 604 4418 13316 632 4419 13317 614 4419 13318 609 4419 13319 633 4420 13320 595 4420 13321 614 4420 13322 637 4421 13323 642 4421 13324 641 4421 13325 638 4422 13326 643 4422 13327 642 4422 13328 639 4423 13329 644 4423 13330 643 4423 13331 639 4424 13332 640 4424 13333 645 4424 13334 642 4425 13335 647 4425 13336 646 4425 13337 643 4426 13338 648 4426 13339 647 4426 13340 643 4427 13341 644 4427 13342 649 4427 13343 644 4428 13344 645 4428 13345 650 4428 13346 647 4429 13347 652 4429 13348 651 4429 13349 647 4430 13350 648 4430 13351 653 4430 13352 648 4431 13353 649 4431 13354 654 4431 13355 649 4432 13356 650 4432 13357 655 4432 13358 651 4433 13359 652 4433 13360 684 4433 13361 652 4434 13362 653 4434 13363 689 4434 13364 653 4435 13365 654 4435 13366 694 4435 13367 654 4436 13368 655 4436 13369 656 4436 13370 657 4437 13371 662 4437 13372 661 4437 13373 658 4438 13374 663 4438 13375 662 4438 13376 659 4439 13377 664 4439 13378 663 4439 13379 660 4440 13380 665 4440 13381 664 4440 13382 662 4441 13383 667 4441 13384 666 4441 13385 663 4442 13386 668 4442 13387 667 4442 13388 664 4443 13389 669 4443 13390 668 4443 13391 665 4444 13392 670 4444 13393 669 4444 13394 667 4445 13395 672 4445 13396 671 4445 13397 668 4446 13398 673 4446 13399 672 4446 13400 669 4447 13401 674 4447 13402 673 4447 13403 670 4448 13404 675 4448 13405 674 4448 13406 672 4449 13407 645 4449 13408 640 4449 13409 673 4450 13410 650 4450 13411 645 4450 13412 674 4451 13413 655 4451 13414 650 4451 13415 675 4452 13416 656 4452 13417 655 4452 13418 676 4453 13419 681 4453 13420 680 4453 13421 677 4454 13422 682 4454 13423 681 4454 13424 678 4455 13425 683 4455 13426 682 4455 13427 679 4456 13428 684 4456 13429 683 4456 13430 681 4457 13431 686 4457 13432 685 4457 13433 682 4458 13434 687 4458 13435 686 4458 13436 683 4459 13437 688 4459 13438 687 4459 13439 684 4460 13440 689 4460 13441 688 4460 13442 686 4461 13443 691 4461 13444 690 4461 13445 687 4462 13446 692 4462 13447 691 4462 13448 688 4463 13449 693 4463 13450 692 4463 13451 689 4464 13452 694 4464 13453 693 4464 13454 691 4465 13455 665 4465 13456 660 4465 13457 692 4466 13458 670 4466 13459 665 4466 13460 693 4467 13461 675 4467 13462 670 4467 13463 694 4468 13464 656 4468 13465 675 4468 13466 698 4469 13467 703 4469 13468 702 4469 13469 699 4470 13470 704 4470 13471 703 4470 13472 700 4471 13473 705 4471 13474 704 4471 13475 700 4472 13476 701 4472 13477 706 4472 13478 703 4473 13479 708 4473 13480 707 4473 13481 704 4474 13482 709 4474 13483 708 4474 13484 704 4475 13485 705 4475 13486 710 4475 13487 705 4476 13488 706 4476 13489 711 4476 13490 708 4477 13491 713 4477 13492 712 4477 13493 708 4478 13494 709 4478 13495 714 4478 13496 709 4479 13497 710 4479 13498 715 4479 13499 710 4480 13500 711 4480 13501 716 4480 13502 712 4481 13503 713 4481 13504 745 4481 13505 713 4482 13506 714 4482 13507 750 4482 13508 714 4483 13509 715 4483 13510 755 4483 13511 715 4484 13512 716 4484 13513 717 4484 13514 718 4485 13515 723 4485 13516 722 4485 13517 719 4486 13518 724 4486 13519 723 4486 13520 720 4487 13521 725 4487 13522 724 4487 13523 721 4488 13524 726 4488 13525 725 4488 13526 723 4489 13527 728 4489 13528 727 4489 13529 724 4490 13530 729 4490 13531 728 4490 13532 725 4491 13533 730 4491 13534 729 4491 13535 726 4492 13536 731 4492 13537 730 4492 13538 728 4493 13539 733 4493 13540 732 4493 13541 729 4494 13542 734 4494 13543 733 4494 13544 730 4495 13545 735 4495 13546 734 4495 13547 731 4496 13548 736 4496 13549 735 4496 13550 733 4497 13551 706 4497 13552 701 4497 13553 734 4498 13554 711 4498 13555 706 4498 13556 735 4499 13557 716 4499 13558 711 4499 13559 736 4500 13560 717 4500 13561 716 4500 13562 737 4501 13563 742 4501 13564 741 4501 13565 738 4502 13566 743 4502 13567 742 4502 13568 739 4503 13569 744 4503 13570 743 4503 13571 740 4504 13572 745 4504 13573 744 4504 13574 742 4505 13575 747 4505 13576 746 4505 13577 743 4506 13578 748 4506 13579 747 4506 13580 744 4507 13581 749 4507 13582 748 4507 13583 745 4508 13584 750 4508 13585 749 4508 13586 747 4509 13587 752 4509 13588 751 4509 13589 748 4510 13590 753 4510 13591 752 4510 13592 749 4511 13593 754 4511 13594 753 4511 13595 750 4512 13596 755 4512 13597 754 4512 13598 752 4513 13599 726 4513 13600 721 4513 13601 753 4514 13602 731 4514 13603 726 4514 13604 754 4515 13605 736 4515 13606 731 4515 13607 755 4516 13608 717 4516 13609 736 4516 13610 759 4517 13611 764 4517 13612 763 4517 13613 760 4518 13614 765 4518 13615 764 4518 13616 761 4519 13617 766 4519 13618 765 4519 13619 761 4520 13620 762 4520 13621 767 4520 13622 764 4521 13623 769 4521 13624 768 4521 13625 765 4522 13626 770 4522 13627 769 4522 13628 765 4523 13629 766 4523 13630 771 4523 13631 766 4524 13632 767 4524 13633 772 4524 13634 769 4525 13635 774 4525 13636 773 4525 13637 769 4526 13638 770 4526 13639 775 4526 13640 770 4527 13641 771 4527 13642 776 4527 13643 771 4528 13644 772 4528 13645 777 4528 13646 773 4529 13647 774 4529 13648 806 4529 13649 774 4530 13650 775 4530 13651 811 4530 13652 775 4531 13653 776 4531 13654 816 4531 13655 776 4532 13656 777 4532 13657 778 4532 13658 779 4533 13659 784 4533 13660 783 4533 13661 780 4534 13662 785 4534 13663 784 4534 13664 781 4535 13665 786 4535 13666 785 4535 13667 782 4536 13668 787 4536 13669 786 4536 13670 784 4537 13671 789 4537 13672 788 4537 13673 785 4538 13674 790 4538 13675 789 4538 13676 786 4539 13677 791 4539 13678 790 4539 13679 787 4540 13680 792 4540 13681 791 4540 13682 789 4541 13683 794 4541 13684 793 4541 13685 790 4542 13686 795 4542 13687 794 4542 13688 791 4543 13689 796 4543 13690 795 4543 13691 792 4544 13692 797 4544 13693 796 4544 13694 794 4545 13695 767 4545 13696 762 4545 13697 795 4546 13698 772 4546 13699 767 4546 13700 796 4547 13701 777 4547 13702 772 4547 13703 797 4548 13704 778 4548 13705 777 4548 13706 798 4549 13707 803 4549 13708 802 4549 13709 799 4550 13710 804 4550 13711 803 4550 13712 800 4551 13713 805 4551 13714 804 4551 13715 801 4552 13716 806 4552 13717 805 4552 13718 803 4553 13719 808 4553 13720 807 4553 13721 804 4554 13722 809 4554 13723 808 4554 13724 805 4555 13725 810 4555 13726 809 4555 13727 806 4556 13728 811 4556 13729 810 4556 13730 808 4557 13731 813 4557 13732 812 4557 13733 809 4558 13734 814 4558 13735 813 4558 13736 810 4559 13737 815 4559 13738 814 4559 13739 811 4560 13740 816 4560 13741 815 4560 13742 813 4561 13743 787 4561 13744 782 4561 13745 814 4562 13746 792 4562 13747 787 4562 13748 815 4563 13749 797 4563 13750 792 4563 13751 816 4564 13752 778 4564 13753 797 4564 13754 820 4565 13755 825 4565 13756 824 4565 13757 821 4566 13758 826 4566 13759 825 4566 13760 822 4567 13761 827 4567 13762 826 4567 13763 822 4568 13764 823 4568 13765 828 4568 13766 825 4569 13767 830 4569 13768 829 4569 13769 826 4570 13770 831 4570 13771 830 4570 13772 826 4571 13773 827 4571 13774 832 4571 13775 827 4572 13776 828 4572 13777 833 4572 13778 830 4573 13779 835 4573 13780 834 4573 13781 830 4574 13782 831 4574 13783 836 4574 13784 831 4575 13785 832 4575 13786 837 4575 13787 832 4576 13788 833 4576 13789 838 4576 13790 834 4577 13791 835 4577 13792 867 4577 13793 835 4578 13794 836 4578 13795 872 4578 13796 836 4579 13797 837 4579 13798 877 4579 13799 837 4580 13800 838 4580 13801 839 4580 13802 840 4581 13803 845 4581 13804 844 4581 13805 841 4582 13806 846 4582 13807 845 4582 13808 842 4583 13809 847 4583 13810 846 4583 13811 843 4584 13812 848 4584 13813 847 4584 13814 845 4585 13815 850 4585 13816 849 4585 13817 846 4586 13818 851 4586 13819 850 4586 13820 847 4587 13821 852 4587 13822 851 4587 13823 848 4588 13824 853 4588 13825 852 4588 13826 850 4589 13827 855 4589 13828 854 4589 13829 851 4590 13830 856 4590 13831 855 4590 13832 852 4591 13833 857 4591 13834 856 4591 13835 853 4592 13836 858 4592 13837 857 4592 13838 855 4593 13839 828 4593 13840 823 4593 13841 856 4594 13842 833 4594 13843 828 4594 13844 857 4595 13845 838 4595 13846 833 4595 13847 858 4596 13848 839 4596 13849 838 4596 13850 859 4597 13851 864 4597 13852 863 4597 13853 860 4598 13854 865 4598 13855 864 4598 13856 861 4599 13857 866 4599 13858 865 4599 13859 862 4600 13860 867 4600 13861 866 4600 13862 864 4601 13863 869 4601 13864 868 4601 13865 865 4602 13866 870 4602 13867 869 4602 13868 866 4603 13869 871 4603 13870 870 4603 13871 867 4604 13872 872 4604 13873 871 4604 13874 869 4605 13875 874 4605 13876 873 4605 13877 870 4606 13878 875 4606 13879 874 4606 13880 871 4607 13881 876 4607 13882 875 4607 13883 872 4608 13884 877 4608 13885 876 4608 13886 874 4609 13887 848 4609 13888 843 4609 13889 875 4610 13890 853 4610 13891 848 4610 13892 876 4611 13893 858 4611 13894 853 4611 13895 877 4612 13896 839 4612 13897 858 4612 13898 881 4613 13899 886 4613 13900 885 4613 13901 882 4614 13902 887 4614 13903 886 4614 13904 883 4615 13905 888 4615 13906 887 4615 13907 883 4616 13908 884 4616 13909 889 4616 13910 886 4617 13911 891 4617 13912 890 4617 13913 887 4618 13914 892 4618 13915 891 4618 13916 887 4619 13917 888 4619 13918 893 4619 13919 888 4620 13920 889 4620 13921 894 4620 13922 891 4621 13923 896 4621 13924 895 4621 13925 891 4622 13926 892 4622 13927 897 4622 13928 892 4623 13929 893 4623 13930 898 4623 13931 893 4624 13932 894 4624 13933 899 4624 13934 895 4625 13935 896 4625 13936 928 4625 13937 896 4626 13938 897 4626 13939 933 4626 13940 897 4627 13941 898 4627 13942 938 4627 13943 898 4628 13944 899 4628 13945 900 4628 13946 901 4629 13947 906 4629 13948 905 4629 13949 902 4630 13950 907 4630 13951 906 4630 13952 903 4631 13953 908 4631 13954 907 4631 13955 904 4632 13956 909 4632 13957 908 4632 13958 906 4633 13959 911 4633 13960 910 4633 13961 907 4634 13962 912 4634 13963 911 4634 13964 908 4635 13965 913 4635 13966 912 4635 13967 909 4636 13968 914 4636 13969 913 4636 13970 911 4637 13971 916 4637 13972 915 4637 13973 912 4638 13974 917 4638 13975 916 4638 13976 913 4639 13977 918 4639 13978 917 4639 13979 914 4640 13980 919 4640 13981 918 4640 13982 916 4641 13983 889 4641 13984 884 4641 13985 917 4642 13986 894 4642 13987 889 4642 13988 918 4643 13989 899 4643 13990 894 4643 13991 919 4644 13992 900 4644 13993 899 4644 13994 920 4645 13995 925 4645 13996 924 4645 13997 921 4646 13998 926 4646 13999 925 4646 14000 922 4647 14001 927 4647 14002 926 4647 14003 923 4648 14004 928 4648 14005 927 4648 14006 925 4649 14007 930 4649 14008 929 4649 14009 926 4650 14010 931 4650 14011 930 4650 14012 927 4651 14013 932 4651 14014 931 4651 14015 928 4652 14016 933 4652 14017 932 4652 14018 930 4653 14019 935 4653 14020 934 4653 14021 931 4654 14022 936 4654 14023 935 4654 14024 932 4655 14025 937 4655 14026 936 4655 14027 933 4656 14028 938 4656 14029 937 4656 14030 935 4657 14031 909 4657 14032 904 4657 14033 936 4658 14034 914 4658 14035 909 4658 14036 937 4659 14037 919 4659 14038 914 4659 14039 938 4660 14040 900 4660 14041 919 4660 14042 942 4661 14043 947 4661 14044 946 4661 14045 943 4662 14046 948 4662 14047 947 4662 14048 944 4663 14049 949 4663 14050 948 4663 14051 944 4664 14052 945 4664 14053 950 4664 14054 947 4665 14055 952 4665 14056 951 4665 14057 948 4666 14058 953 4666 14059 952 4666 14060 948 4667 14061 949 4667 14062 954 4667 14063 949 4668 14064 950 4668 14065 955 4668 14066 952 4669 14067 957 4669 14068 956 4669 14069 952 4670 14070 953 4670 14071 958 4670 14072 953 4671 14073 954 4671 14074 959 4671 14075 954 4672 14076 955 4672 14077 960 4672 14078 956 4673 14079 957 4673 14080 989 4673 14081 957 4674 14082 958 4674 14083 994 4674 14084 958 4675 14085 959 4675 14086 999 4675 14087 959 4676 14088 960 4676 14089 961 4676 14090 962 4677 14091 967 4677 14092 966 4677 14093 963 4678 14094 968 4678 14095 967 4678 14096 964 4679 14097 969 4679 14098 968 4679 14099 965 4680 14100 970 4680 14101 969 4680 14102 967 4681 14103 972 4681 14104 971 4681 14105 968 4682 14106 973 4682 14107 972 4682 14108 969 4683 14109 974 4683 14110 973 4683 14111 970 4684 14112 975 4684 14113 974 4684 14114 972 4685 14115 977 4685 14116 976 4685 14117 973 4686 14118 978 4686 14119 977 4686 14120 974 4687 14121 979 4687 14122 978 4687 14123 975 4688 14124 980 4688 14125 979 4688 14126 977 4689 14127 950 4689 14128 945 4689 14129 978 4690 14130 955 4690 14131 950 4690 14132 979 4691 14133 960 4691 14134 955 4691 14135 980 4692 14136 961 4692 14137 960 4692 14138 981 4693 14139 986 4693 14140 985 4693 14141 982 4694 14142 987 4694 14143 986 4694 14144 983 4695 14145 988 4695 14146 987 4695 14147 984 4696 14148 989 4696 14149 988 4696 14150 986 4697 14151 991 4697 14152 990 4697 14153 987 4698 14154 992 4698 14155 991 4698 14156 988 4699 14157 993 4699 14158 992 4699 14159 989 4700 14160 994 4700 14161 993 4700 14162 991 4701 14163 996 4701 14164 995 4701 14165 992 4702 14166 997 4702 14167 996 4702 14168 993 4703 14169 998 4703 14170 997 4703 14171 994 4704 14172 999 4704 14173 998 4704 14174 996 4705 14175 970 4705 14176 965 4705 14177 997 4706 14178 975 4706 14179 970 4706 14180 998 4707 14181 980 4707 14182 975 4707 14183 999 4708 14184 961 4708 14185 980 4708 14186 1003 4709 14187 1008 4709 14188 1007 4709 14189 1004 4710 14190 1009 4710 14191 1008 4710 14192 1005 4711 14193 1010 4711 14194 1009 4711 14195 1005 4712 14196 1006 4712 14197 1011 4712 14198 1008 4713 14199 1013 4713 14200 1012 4713 14201 1009 4714 14202 1014 4714 14203 1013 4714 14204 1009 4715 14205 1010 4715 14206 1015 4715 14207 1010 4716 14208 1011 4716 14209 1016 4716 14210 1013 4717 14211 1018 4717 14212 1017 4717 14213 1013 4718 14214 1014 4718 14215 1019 4718 14216 1014 4719 14217 1015 4719 14218 1020 4719 14219 1015 4720 14220 1016 4720 14221 1021 4720 14222 1017 4721 14223 1018 4721 14224 1050 4721 14225 1018 4722 14226 1019 4722 14227 1055 4722 14228 1019 4723 14229 1020 4723 14230 1060 4723 14231 1020 4724 14232 1021 4724 14233 1022 4724 14234 1023 4725 14235 1028 4725 14236 1027 4725 14237 1024 4726 14238 1029 4726 14239 1028 4726 14240 1025 4727 14241 1030 4727 14242 1029 4727 14243 1026 4728 14244 1031 4728 14245 1030 4728 14246 1028 4729 14247 1033 4729 14248 1032 4729 14249 1029 4730 14250 1034 4730 14251 1033 4730 14252 1030 4731 14253 1035 4731 14254 1034 4731 14255 1031 4732 14256 1036 4732 14257 1035 4732 14258 1033 4733 14259 1038 4733 14260 1037 4733 14261 1034 4734 14262 1039 4734 14263 1038 4734 14264 1035 4735 14265 1040 4735 14266 1039 4735 14267 1036 4736 14268 1041 4736 14269 1040 4736 14270 1038 4737 14271 1011 4737 14272 1006 4737 14273 1039 4738 14274 1016 4738 14275 1011 4738 14276 1040 4739 14277 1021 4739 14278 1016 4739 14279 1041 4740 14280 1022 4740 14281 1021 4740 14282 1042 4741 14283 1047 4741 14284 1046 4741 14285 1043 4742 14286 1048 4742 14287 1047 4742 14288 1044 4743 14289 1049 4743 14290 1048 4743 14291 1045 4744 14292 1050 4744 14293 1049 4744 14294 1047 4745 14295 1052 4745 14296 1051 4745 14297 1048 4746 14298 1053 4746 14299 1052 4746 14300 1049 4747 14301 1054 4747 14302 1053 4747 14303 1050 4748 14304 1055 4748 14305 1054 4748 14306 1052 4749 14307 1057 4749 14308 1056 4749 14309 1053 4750 14310 1058 4750 14311 1057 4750 14312 1054 4751 14313 1059 4751 14314 1058 4751 14315 1055 4752 14316 1060 4752 14317 1059 4752 14318 1057 4753 14319 1031 4753 14320 1026 4753 14321 1058 4754 14322 1036 4754 14323 1031 4754 14324 1059 4755 14325 1041 4755 14326 1036 4755 14327 1060 4756 14328 1022 4756 14329 1041 4756 14330 1064 4757 14331 1069 4757 14332 1068 4757 14333 1065 4758 14334 1070 4758 14335 1069 4758 14336 1066 4759 14337 1071 4759 14338 1070 4759 14339 1066 4760 14340 1067 4760 14341 1072 4760 14342 1069 4761 14343 1074 4761 14344 1073 4761 14345 1070 4762 14346 1075 4762 14347 1074 4762 14348 1070 4763 14349 1071 4763 14350 1076 4763 14351 1071 4764 14352 1072 4764 14353 1077 4764 14354 1074 4765 14355 1079 4765 14356 1078 4765 14357 1074 4766 14358 1075 4766 14359 1080 4766 14360 1075 4767 14361 1076 4767 14362 1081 4767 14363 1076 4768 14364 1077 4768 14365 1082 4768 14366 1078 4769 14367 1079 4769 14368 1111 4769 14369 1079 4770 14370 1080 4770 14371 1116 4770 14372 1080 4771 14373 1081 4771 14374 1121 4771 14375 1081 4772 14376 1082 4772 14377 1083 4772 14378 1084 4773 14379 1089 4773 14380 1088 4773 14381 1085 4774 14382 1090 4774 14383 1089 4774 14384 1086 4775 14385 1091 4775 14386 1090 4775 14387 1087 4776 14388 1092 4776 14389 1091 4776 14390 1089 4777 14391 1094 4777 14392 1093 4777 14393 1090 4778 14394 1095 4778 14395 1094 4778 14396 1091 4779 14397 1096 4779 14398 1095 4779 14399 1092 4780 14400 1097 4780 14401 1096 4780 14402 1094 4781 14403 1099 4781 14404 1098 4781 14405 1095 4782 14406 1100 4782 14407 1099 4782 14408 1096 4783 14409 1101 4783 14410 1100 4783 14411 1097 4784 14412 1102 4784 14413 1101 4784 14414 1099 4785 14415 1072 4785 14416 1067 4785 14417 1100 4786 14418 1077 4786 14419 1072 4786 14420 1101 4787 14421 1082 4787 14422 1077 4787 14423 1102 4788 14424 1083 4788 14425 1082 4788 14426 1103 4789 14427 1108 4789 14428 1107 4789 14429 1104 4790 14430 1109 4790 14431 1108 4790 14432 1105 4791 14433 1110 4791 14434 1109 4791 14435 1106 4792 14436 1111 4792 14437 1110 4792 14438 1108 4793 14439 1113 4793 14440 1112 4793 14441 1109 4794 14442 1114 4794 14443 1113 4794 14444 1110 4795 14445 1115 4795 14446 1114 4795 14447 1111 4796 14448 1116 4796 14449 1115 4796 14450 1113 4797 14451 1118 4797 14452 1117 4797 14453 1114 4798 14454 1119 4798 14455 1118 4798 14456 1115 4799 14457 1120 4799 14458 1119 4799 14459 1116 4800 14460 1121 4800 14461 1120 4800 14462 1118 4801 14463 1092 4801 14464 1087 4801 14465 1119 4802 14466 1097 4802 14467 1092 4802 14468 1120 4803 14469 1102 4803 14470 1097 4803 14471 1121 4804 14472 1083 4804 14473 1102 4804 14474 1125 4805 14475 1130 4805 14476 1129 4805 14477 1126 4806 14478 1131 4806 14479 1130 4806 14480 1127 4807 14481 1132 4807 14482 1131 4807 14483 1127 4808 14484 1128 4808 14485 1133 4808 14486 1130 4809 14487 1135 4809 14488 1134 4809 14489 1131 4810 14490 1136 4810 14491 1135 4810 14492 1131 4811 14493 1132 4811 14494 1137 4811 14495 1132 4812 14496 1133 4812 14497 1138 4812 14498 1135 4813 14499 1140 4813 14500 1139 4813 14501 1135 4814 14502 1136 4814 14503 1141 4814 14504 1136 4815 14505 1137 4815 14506 1142 4815 14507 1137 4816 14508 1138 4816 14509 1143 4816 14510 1139 4817 14511 1140 4817 14512 1172 4817 14513 1140 4818 14514 1141 4818 14515 1177 4818 14516 1141 4819 14517 1142 4819 14518 1182 4819 14519 1142 4820 14520 1143 4820 14521 1144 4820 14522 1145 4821 14523 1150 4821 14524 1149 4821 14525 1146 4822 14526 1151 4822 14527 1150 4822 14528 1147 4823 14529 1152 4823 14530 1151 4823 14531 1148 4824 14532 1153 4824 14533 1152 4824 14534 1150 4825 14535 1155 4825 14536 1154 4825 14537 1151 4826 14538 1156 4826 14539 1155 4826 14540 1152 4827 14541 1157 4827 14542 1156 4827 14543 1153 4828 14544 1158 4828 14545 1157 4828 14546 1155 4829 14547 1160 4829 14548 1159 4829 14549 1156 4830 14550 1161 4830 14551 1160 4830 14552 1157 4831 14553 1162 4831 14554 1161 4831 14555 1158 4832 14556 1163 4832 14557 1162 4832 14558 1160 4833 14559 1133 4833 14560 1128 4833 14561 1161 4834 14562 1138 4834 14563 1133 4834 14564 1162 4835 14565 1143 4835 14566 1138 4835 14567 1163 4836 14568 1144 4836 14569 1143 4836 14570 1164 4837 14571 1169 4837 14572 1168 4837 14573 1165 4838 14574 1170 4838 14575 1169 4838 14576 1166 4839 14577 1171 4839 14578 1170 4839 14579 1167 4840 14580 1172 4840 14581 1171 4840 14582 1169 4841 14583 1174 4841 14584 1173 4841 14585 1170 4842 14586 1175 4842 14587 1174 4842 14588 1171 4843 14589 1176 4843 14590 1175 4843 14591 1172 4844 14592 1177 4844 14593 1176 4844 14594 1174 4845 14595 1179 4845 14596 1178 4845 14597 1175 4846 14598 1180 4846 14599 1179 4846 14600 1176 4847 14601 1181 4847 14602 1180 4847 14603 1177 4848 14604 1182 4848 14605 1181 4848 14606 1179 4849 14607 1153 4849 14608 1148 4849 14609 1180 4850 14610 1158 4850 14611 1153 4850 14612 1181 4851 14613 1163 4851 14614 1158 4851 14615 1182 4852 14616 1144 4852 14617 1163 4852 14618 1186 4853 14619 1191 4853 14620 1190 4853 14621 1187 4854 14622 1192 4854 14623 1191 4854 14624 1188 4855 14625 1193 4855 14626 1192 4855 14627 1188 4856 14628 1189 4856 14629 1194 4856 14630 1191 4857 14631 1196 4857 14632 1195 4857 14633 1192 4858 14634 1197 4858 14635 1196 4858 14636 1192 4859 14637 1193 4859 14638 1198 4859 14639 1193 4860 14640 1194 4860 14641 1199 4860 14642 1196 4861 14643 1201 4861 14644 1200 4861 14645 1196 4862 14646 1197 4862 14647 1202 4862 14648 1197 4863 14649 1198 4863 14650 1203 4863 14651 1198 4864 14652 1199 4864 14653 1204 4864 14654 1200 4865 14655 1201 4865 14656 1233 4865 14657 1201 4866 14658 1202 4866 14659 1238 4866 14660 1202 4867 14661 1203 4867 14662 1243 4867 14663 1203 4868 14664 1204 4868 14665 1205 4868 14666 1206 4869 14667 1211 4869 14668 1210 4869 14669 1207 4870 14670 1212 4870 14671 1211 4870 14672 1208 4871 14673 1213 4871 14674 1212 4871 14675 1209 4872 14676 1214 4872 14677 1213 4872 14678 1211 4873 14679 1216 4873 14680 1215 4873 14681 1212 4874 14682 1217 4874 14683 1216 4874 14684 1213 4875 14685 1218 4875 14686 1217 4875 14687 1214 4876 14688 1219 4876 14689 1218 4876 14690 1216 4877 14691 1221 4877 14692 1220 4877 14693 1217 4878 14694 1222 4878 14695 1221 4878 14696 1218 4879 14697 1223 4879 14698 1222 4879 14699 1219 4880 14700 1224 4880 14701 1223 4880 14702 1221 4881 14703 1194 4881 14704 1189 4881 14705 1222 4882 14706 1199 4882 14707 1194 4882 14708 1223 4883 14709 1204 4883 14710 1199 4883 14711 1224 4884 14712 1205 4884 14713 1204 4884 14714 1225 4885 14715 1230 4885 14716 1229 4885 14717 1226 4886 14718 1231 4886 14719 1230 4886 14720 1227 4887 14721 1232 4887 14722 1231 4887 14723 1228 4888 14724 1233 4888 14725 1232 4888 14726 1230 4889 14727 1235 4889 14728 1234 4889 14729 1231 4890 14730 1236 4890 14731 1235 4890 14732 1232 4891 14733 1237 4891 14734 1236 4891 14735 1233 4892 14736 1238 4892 14737 1237 4892 14738 1235 4893 14739 1240 4893 14740 1239 4893 14741 1236 4894 14742 1241 4894 14743 1240 4894 14744 1237 4895 14745 1242 4895 14746 1241 4895 14747 1238 4896 14748 1243 4896 14749 1242 4896 14750 1240 4897 14751 1214 4897 14752 1209 4897 14753 1241 4898 14754 1219 4898 14755 1214 4898 14756 1242 4899 14757 1224 4899 14758 1219 4899 14759 1243 4900 14760 1205 4900 14761 1224 4900 14762 1247 4901 14763 1252 4901 14764 1251 4901 14765 1248 4902 14766 1253 4902 14767 1252 4902 14768 1249 4903 14769 1254 4903 14770 1253 4903 14771 1249 4904 14772 1250 4904 14773 1255 4904 14774 1252 4905 14775 1257 4905 14776 1256 4905 14777 1253 4906 14778 1258 4906 14779 1257 4906 14780 1253 4907 14781 1254 4907 14782 1259 4907 14783 1254 4908 14784 1255 4908 14785 1260 4908 14786 1257 4909 14787 1262 4909 14788 1261 4909 14789 1257 4910 14790 1258 4910 14791 1263 4910 14792 1258 4911 14793 1259 4911 14794 1264 4911 14795 1259 4912 14796 1260 4912 14797 1265 4912 14798 1261 4913 14799 1262 4913 14800 1294 4913 14801 1262 4914 14802 1263 4914 14803 1299 4914 14804 1263 4915 14805 1264 4915 14806 1304 4915 14807 1264 4916 14808 1265 4916 14809 1266 4916 14810 1267 4917 14811 1272 4917 14812 1271 4917 14813 1268 4918 14814 1273 4918 14815 1272 4918 14816 1269 4919 14817 1274 4919 14818 1273 4919 14819 1270 4920 14820 1275 4920 14821 1274 4920 14822 1272 4921 14823 1277 4921 14824 1276 4921 14825 1273 4922 14826 1278 4922 14827 1277 4922 14828 1274 4923 14829 1279 4923 14830 1278 4923 14831 1275 4924 14832 1280 4924 14833 1279 4924 14834 1277 4925 14835 1282 4925 14836 1281 4925 14837 1278 4926 14838 1283 4926 14839 1282 4926 14840 1279 4927 14841 1284 4927 14842 1283 4927 14843 1280 4928 14844 1285 4928 14845 1284 4928 14846 1282 4929 14847 1255 4929 14848 1250 4929 14849 1283 4930 14850 1260 4930 14851 1255 4930 14852 1284 4931 14853 1265 4931 14854 1260 4931 14855 1285 4932 14856 1266 4932 14857 1265 4932 14858 1286 4933 14859 1291 4933 14860 1290 4933 14861 1287 4934 14862 1292 4934 14863 1291 4934 14864 1288 4935 14865 1293 4935 14866 1292 4935 14867 1289 4936 14868 1294 4936 14869 1293 4936 14870 1291 4937 14871 1296 4937 14872 1295 4937 14873 1292 4938 14874 1297 4938 14875 1296 4938 14876 1293 4939 14877 1298 4939 14878 1297 4939 14879 1294 4940 14880 1299 4940 14881 1298 4940 14882 1296 4941 14883 1301 4941 14884 1300 4941 14885 1297 4942 14886 1302 4942 14887 1301 4942 14888 1298 4943 14889 1303 4943 14890 1302 4943 14891 1299 4944 14892 1304 4944 14893 1303 4944 14894 1301 4945 14895 1275 4945 14896 1270 4945 14897 1302 4946 14898 1280 4946 14899 1275 4946 14900 1303 4947 14901 1285 4947 14902 1280 4947 14903 1304 4948 14904 1266 4948 14905 1285 4948 14906 1308 4949 14907 1313 4949 14908 1312 4949 14909 1309 4950 14910 1314 4950 14911 1313 4950 14912 1310 4951 14913 1315 4951 14914 1314 4951 14915 1310 4952 14916 1311 4952 14917 1316 4952 14918 1313 4953 14919 1318 4953 14920 1317 4953 14921 1314 4954 14922 1319 4954 14923 1318 4954 14924 1314 4955 14925 1315 4955 14926 1320 4955 14927 1315 4956 14928 1316 4956 14929 1321 4956 14930 1318 4957 14931 1323 4957 14932 1322 4957 14933 1318 4958 14934 1319 4958 14935 1324 4958 14936 1319 4959 14937 1320 4959 14938 1325 4959 14939 1320 4960 14940 1321 4960 14941 1326 4960 14942 1322 4961 14943 1323 4961 14944 1355 4961 14945 1323 4962 14946 1324 4962 14947 1360 4962 14948 1324 4963 14949 1325 4963 14950 1365 4963 14951 1325 4964 14952 1326 4964 14953 1327 4964 14954 1328 4965 14955 1333 4965 14956 1332 4965 14957 1329 4966 14958 1334 4966 14959 1333 4966 14960 1330 4967 14961 1335 4967 14962 1334 4967 14963 1331 4968 14964 1336 4968 14965 1335 4968 14966 1333 4969 14967 1338 4969 14968 1337 4969 14969 1334 4970 14970 1339 4970 14971 1338 4970 14972 1335 4971 14973 1340 4971 14974 1339 4971 14975 1336 4972 14976 1341 4972 14977 1340 4972 14978 1338 4973 14979 1343 4973 14980 1342 4973 14981 1339 4974 14982 1344 4974 14983 1343 4974 14984 1340 4975 14985 1345 4975 14986 1344 4975 14987 1341 4976 14988 1346 4976 14989 1345 4976 14990 1343 4977 14991 1316 4977 14992 1311 4977 14993 1344 4978 14994 1321 4978 14995 1316 4978 14996 1345 4979 14997 1326 4979 14998 1321 4979 14999 1346 4980 15000 1327 4980 15001 1326 4980 15002 1347 4981 15003 1352 4981 15004 1351 4981 15005 1348 4982 15006 1353 4982 15007 1352 4982 15008 1349 4983 15009 1354 4983 15010 1353 4983 15011 1350 4984 15012 1355 4984 15013 1354 4984 15014 1352 4985 15015 1357 4985 15016 1356 4985 15017 1353 4986 15018 1358 4986 15019 1357 4986 15020 1354 4987 15021 1359 4987 15022 1358 4987 15023 1355 4988 15024 1360 4988 15025 1359 4988 15026 1357 4989 15027 1362 4989 15028 1361 4989 15029 1358 4990 15030 1363 4990 15031 1362 4990 15032 1359 4991 15033 1364 4991 15034 1363 4991 15035 1360 4992 15036 1365 4992 15037 1364 4992 15038 1362 4993 15039 1336 4993 15040 1331 4993 15041 1363 4994 15042 1341 4994 15043 1336 4994 15044 1364 4995 15045 1346 4995 15046 1341 4995 15047 1365 4996 15048 1327 4996 15049 1346 4996 15050 1369 4997 15051 1374 4997 15052 1373 4997 15053 1370 4998 15054 1375 4998 15055 1374 4998 15056 1371 4999 15057 1376 4999 15058 1375 4999 15059 1371 5000 15060 1372 5000 15061 1377 5000 15062 1374 5001 15063 1379 5001 15064 1378 5001 15065 1375 5002 15066 1380 5002 15067 1379 5002 15068 1375 5003 15069 1376 5003 15070 1381 5003 15071 1376 5004 15072 1377 5004 15073 1382 5004 15074 1379 5005 15075 1384 5005 15076 1383 5005 15077 1379 5006 15078 1380 5006 15079 1385 5006 15080 1380 5007 15081 1381 5007 15082 1386 5007 15083 1381 5008 15084 1382 5008 15085 1387 5008 15086 1383 5009 15087 1384 5009 15088 1416 5009 15089 1384 5010 15090 1385 5010 15091 1421 5010 15092 1385 5011 15093 1386 5011 15094 1426 5011 15095 1386 5012 15096 1387 5012 15097 1388 5012 15098 1389 5013 15099 1394 5013 15100 1393 5013 15101 1390 5014 15102 1395 5014 15103 1394 5014 15104 1391 5015 15105 1396 5015 15106 1395 5015 15107 1392 5016 15108 1397 5016 15109 1396 5016 15110 1394 5017 15111 1399 5017 15112 1398 5017 15113 1395 5018 15114 1400 5018 15115 1399 5018 15116 1396 5019 15117 1401 5019 15118 1400 5019 15119 1397 5020 15120 1402 5020 15121 1401 5020 15122 1399 5021 15123 1404 5021 15124 1403 5021 15125 1400 5022 15126 1405 5022 15127 1404 5022 15128 1401 5023 15129 1406 5023 15130 1405 5023 15131 1402 5024 15132 1407 5024 15133 1406 5024 15134 1404 5025 15135 1377 5025 15136 1372 5025 15137 1405 5026 15138 1382 5026 15139 1377 5026 15140 1406 5027 15141 1387 5027 15142 1382 5027 15143 1407 5028 15144 1388 5028 15145 1387 5028 15146 1408 5029 15147 1413 5029 15148 1412 5029 15149 1409 5030 15150 1414 5030 15151 1413 5030 15152 1410 5031 15153 1415 5031 15154 1414 5031 15155 1411 5032 15156 1416 5032 15157 1415 5032 15158 1413 5033 15159 1418 5033 15160 1417 5033 15161 1414 5034 15162 1419 5034 15163 1418 5034 15164 1415 5035 15165 1420 5035 15166 1419 5035 15167 1416 5036 15168 1421 5036 15169 1420 5036 15170 1418 5037 15171 1423 5037 15172 1422 5037 15173 1419 5038 15174 1424 5038 15175 1423 5038 15176 1420 5039 15177 1425 5039 15178 1424 5039 15179 1421 5040 15180 1426 5040 15181 1425 5040 15182 1423 5041 15183 1397 5041 15184 1392 5041 15185 1424 5042 15186 1402 5042 15187 1397 5042 15188 1425 5043 15189 1407 5043 15190 1402 5043 15191 1426 5044 15192 1388 5044 15193 1407 5044 15194 1430 5045 15195 1435 5045 15196 1434 5045 15197 1431 5046 15198 1436 5046 15199 1435 5046 15200 1432 5047 15201 1437 5047 15202 1436 5047 15203 1432 5048 15204 1433 5048 15205 1438 5048 15206 1435 5049 15207 1440 5049 15208 1439 5049 15209 1436 5050 15210 1441 5050 15211 1440 5050 15212 1436 5051 15213 1437 5051 15214 1442 5051 15215 1437 5052 15216 1438 5052 15217 1443 5052 15218 1440 5053 15219 1445 5053 15220 1444 5053 15221 1440 5054 15222 1441 5054 15223 1446 5054 15224 1441 5055 15225 1442 5055 15226 1447 5055 15227 1442 5056 15228 1443 5056 15229 1448 5056 15230 1444 5057 15231 1445 5057 15232 1477 5057 15233 1445 5058 15234 1446 5058 15235 1482 5058 15236 1446 5059 15237 1447 5059 15238 1487 5059 15239 1447 5060 15240 1448 5060 15241 1449 5060 15242 1450 5061 15243 1455 5061 15244 1454 5061 15245 1451 5062 15246 1456 5062 15247 1455 5062 15248 1452 5063 15249 1457 5063 15250 1456 5063 15251 1453 5064 15252 1458 5064 15253 1457 5064 15254 1455 5065 15255 1460 5065 15256 1459 5065 15257 1456 5066 15258 1461 5066 15259 1460 5066 15260 1457 5067 15261 1462 5067 15262 1461 5067 15263 1458 5068 15264 1463 5068 15265 1462 5068 15266 1460 5069 15267 1465 5069 15268 1464 5069 15269 1461 5070 15270 1466 5070 15271 1465 5070 15272 1462 5071 15273 1467 5071 15274 1466 5071 15275 1463 5072 15276 1468 5072 15277 1467 5072 15278 1465 5073 15279 1438 5073 15280 1433 5073 15281 1466 5074 15282 1443 5074 15283 1438 5074 15284 1467 5075 15285 1448 5075 15286 1443 5075 15287 1468 5076 15288 1449 5076 15289 1448 5076 15290 1469 5077 15291 1474 5077 15292 1473 5077 15293 1470 5078 15294 1475 5078 15295 1474 5078 15296 1471 5079 15297 1476 5079 15298 1475 5079 15299 1472 5080 15300 1477 5080 15301 1476 5080 15302 1474 5081 15303 1479 5081 15304 1478 5081 15305 1475 5082 15306 1480 5082 15307 1479 5082 15308 1476 5083 15309 1481 5083 15310 1480 5083 15311 1477 5084 15312 1482 5084 15313 1481 5084 15314 1479 5085 15315 1484 5085 15316 1483 5085 15317 1480 5086 15318 1485 5086 15319 1484 5086 15320 1481 5087 15321 1486 5087 15322 1485 5087 15323 1482 5088 15324 1487 5088 15325 1486 5088 15326 1484 5089 15327 1458 5089 15328 1453 5089 15329 1485 5090 15330 1463 5090 15331 1458 5090 15332 1486 5091 15333 1468 5091 15334 1463 5091 15335 1487 5092 15336 1449 5092 15337 1468 5092 15338 1491 5093 15339 1496 5093 15340 1495 5093 15341 1492 5094 15342 1497 5094 15343 1496 5094 15344 1493 5095 15345 1498 5095 15346 1497 5095 15347 1493 5096 15348 1494 5096 15349 1499 5096 15350 1496 5097 15351 1501 5097 15352 1500 5097 15353 1497 5098 15354 1502 5098 15355 1501 5098 15356 1497 5099 15357 1498 5099 15358 1503 5099 15359 1498 5100 15360 1499 5100 15361 1504 5100 15362 1501 5101 15363 1506 5101 15364 1505 5101 15365 1501 5102 15366 1502 5102 15367 1507 5102 15368 1502 5103 15369 1503 5103 15370 1508 5103 15371 1503 5104 15372 1504 5104 15373 1509 5104 15374 1505 5105 15375 1506 5105 15376 1538 5105 15377 1506 5106 15378 1507 5106 15379 1543 5106 15380 1507 5107 15381 1508 5107 15382 1548 5107 15383 1508 5108 15384 1509 5108 15385 1510 5108 15386 1511 5109 15387 1516 5109 15388 1515 5109 15389 1512 5110 15390 1517 5110 15391 1516 5110 15392 1513 5111 15393 1518 5111 15394 1517 5111 15395 1514 5112 15396 1519 5112 15397 1518 5112 15398 1516 5113 15399 1521 5113 15400 1520 5113 15401 1517 5114 15402 1522 5114 15403 1521 5114 15404 1518 5115 15405 1523 5115 15406 1522 5115 15407 1519 5116 15408 1524 5116 15409 1523 5116 15410 1521 5117 15411 1526 5117 15412 1525 5117 15413 1522 5118 15414 1527 5118 15415 1526 5118 15416 1523 5119 15417 1528 5119 15418 1527 5119 15419 1524 5120 15420 1529 5120 15421 1528 5120 15422 1526 5121 15423 1499 5121 15424 1494 5121 15425 1527 5122 15426 1504 5122 15427 1499 5122 15428 1528 5123 15429 1509 5123 15430 1504 5123 15431 1529 5124 15432 1510 5124 15433 1509 5124 15434 1530 5125 15435 1535 5125 15436 1534 5125 15437 1531 5126 15438 1536 5126 15439 1535 5126 15440 1532 5127 15441 1537 5127 15442 1536 5127 15443 1533 5128 15444 1538 5128 15445 1537 5128 15446 1535 5129 15447 1540 5129 15448 1539 5129 15449 1536 5130 15450 1541 5130 15451 1540 5130 15452 1537 5131 15453 1542 5131 15454 1541 5131 15455 1538 5132 15456 1543 5132 15457 1542 5132 15458 1540 5133 15459 1545 5133 15460 1544 5133 15461 1541 5134 15462 1546 5134 15463 1545 5134 15464 1542 5135 15465 1547 5135 15466 1546 5135 15467 1543 5136 15468 1548 5136 15469 1547 5136 15470 1545 5137 15471 1519 5137 15472 1514 5137 15473 1546 5138 15474 1524 5138 15475 1519 5138 15476 1547 5139 15477 1529 5139 15478 1524 5139 15479 1548 5140 15480 1510 5140 15481 1529 5140 15482 1552 5141 15483 1557 5141 15484 1556 5141 15485 1553 5142 15486 1558 5142 15487 1557 5142 15488 1554 5143 15489 1559 5143 15490 1558 5143 15491 1554 5144 15492 1555 5144 15493 1560 5144 15494 1557 5145 15495 1562 5145 15496 1561 5145 15497 1558 5146 15498 1563 5146 15499 1562 5146 15500 1558 5147 15501 1559 5147 15502 1564 5147 15503 1559 5148 15504 1560 5148 15505 1565 5148 15506 1562 5149 15507 1567 5149 15508 1566 5149 15509 1562 5150 15510 1563 5150 15511 1568 5150 15512 1563 5151 15513 1564 5151 15514 1569 5151 15515 1564 5152 15516 1565 5152 15517 1570 5152 15518 1566 5153 15519 1567 5153 15520 1599 5153 15521 1567 5154 15522 1568 5154 15523 1604 5154 15524 1568 5155 15525 1569 5155 15526 1609 5155 15527 1569 5156 15528 1570 5156 15529 1571 5156 15530 1572 5157 15531 1577 5157 15532 1576 5157 15533 1573 5158 15534 1578 5158 15535 1577 5158 15536 1574 5159 15537 1579 5159 15538 1578 5159 15539 1575 5160 15540 1580 5160 15541 1579 5160 15542 1577 5161 15543 1582 5161 15544 1581 5161 15545 1578 5162 15546 1583 5162 15547 1582 5162 15548 1579 5163 15549 1584 5163 15550 1583 5163 15551 1580 5164 15552 1585 5164 15553 1584 5164 15554 1582 5165 15555 1587 5165 15556 1586 5165 15557 1583 5166 15558 1588 5166 15559 1587 5166 15560 1584 5167 15561 1589 5167 15562 1588 5167 15563 1585 5168 15564 1590 5168 15565 1589 5168 15566 1587 5169 15567 1560 5169 15568 1555 5169 15569 1588 5170 15570 1565 5170 15571 1560 5170 15572 1589 5171 15573 1570 5171 15574 1565 5171 15575 1590 5172 15576 1571 5172 15577 1570 5172 15578 1591 5173 15579 1596 5173 15580 1595 5173 15581 1592 5174 15582 1597 5174 15583 1596 5174 15584 1593 5175 15585 1598 5175 15586 1597 5175 15587 1594 5176 15588 1599 5176 15589 1598 5176 15590 1596 5177 15591 1601 5177 15592 1600 5177 15593 1597 5178 15594 1602 5178 15595 1601 5178 15596 1598 5179 15597 1603 5179 15598 1602 5179 15599 1599 5180 15600 1604 5180 15601 1603 5180 15602 1601 5181 15603 1606 5181 15604 1605 5181 15605 1602 5182 15606 1607 5182 15607 1606 5182 15608 1603 5183 15609 1608 5183 15610 1607 5183 15611 1604 5184 15612 1609 5184 15613 1608 5184 15614 1606 5185 15615 1580 5185 15616 1575 5185 15617 1607 5186 15618 1585 5186 15619 1580 5186 15620 1608 5187 15621 1590 5187 15622 1585 5187 15623 1609 5188 15624 1571 5188 15625 1590 5188 15626 1613 5189 15627 1618 5189 15628 1617 5189 15629 1614 5190 15630 1619 5190 15631 1618 5190 15632 1615 5191 15633 1620 5191 15634 1619 5191 15635 1615 5192 15636 1616 5192 15637 1621 5192 15638 1618 5193 15639 1623 5193 15640 1622 5193 15641 1619 5194 15642 1624 5194 15643 1623 5194 15644 1619 5195 15645 1620 5195 15646 1625 5195 15647 1620 5196 15648 1621 5196 15649 1626 5196 15650 1623 5197 15651 1628 5197 15652 1627 5197 15653 1623 5198 15654 1624 5198 15655 1629 5198 15656 1624 5199 15657 1625 5199 15658 1630 5199 15659 1625 5200 15660 1626 5200 15661 1631 5200 15662 1627 5201 15663 1628 5201 15664 1660 5201 15665 1628 5202 15666 1629 5202 15667 1665 5202 15668 1629 5203 15669 1630 5203 15670 1670 5203 15671 1630 5204 15672 1631 5204 15673 1632 5204 15674 1633 5205 15675 1638 5205 15676 1637 5205 15677 1634 5206 15678 1639 5206 15679 1638 5206 15680 1635 5207 15681 1640 5207 15682 1639 5207 15683 1636 5208 15684 1641 5208 15685 1640 5208 15686 1638 5209 15687 1643 5209 15688 1642 5209 15689 1639 5210 15690 1644 5210 15691 1643 5210 15692 1640 5211 15693 1645 5211 15694 1644 5211 15695 1641 5212 15696 1646 5212 15697 1645 5212 15698 1643 5213 15699 1648 5213 15700 1647 5213 15701 1644 5214 15702 1649 5214 15703 1648 5214 15704 1645 5215 15705 1650 5215 15706 1649 5215 15707 1646 5216 15708 1651 5216 15709 1650 5216 15710 1648 5217 15711 1621 5217 15712 1616 5217 15713 1649 5218 15714 1626 5218 15715 1621 5218 15716 1650 5219 15717 1631 5219 15718 1626 5219 15719 1651 5220 15720 1632 5220 15721 1631 5220 15722 1652 5221 15723 1657 5221 15724 1656 5221 15725 1653 5222 15726 1658 5222 15727 1657 5222 15728 1654 5223 15729 1659 5223 15730 1658 5223 15731 1655 5224 15732 1660 5224 15733 1659 5224 15734 1657 5225 15735 1662 5225 15736 1661 5225 15737 1658 5226 15738 1663 5226 15739 1662 5226 15740 1659 5227 15741 1664 5227 15742 1663 5227 15743 1660 5228 15744 1665 5228 15745 1664 5228 15746 1662 5229 15747 1667 5229 15748 1666 5229 15749 1663 5230 15750 1668 5230 15751 1667 5230 15752 1664 5231 15753 1669 5231 15754 1668 5231 15755 1665 5232 15756 1670 5232 15757 1669 5232 15758 1667 5233 15759 1641 5233 15760 1636 5233 15761 1668 5234 15762 1646 5234 15763 1641 5234 15764 1669 5235 15765 1651 5235 15766 1646 5235 15767 1670 5236 15768 1632 5236 15769 1651 5236 15770 1674 5237 15771 1679 5237 15772 1678 5237 15773 1675 5238 15774 1680 5238 15775 1679 5238 15776 1676 5239 15777 1681 5239 15778 1680 5239 15779 1676 5240 15780 1677 5240 15781 1682 5240 15782 1679 5241 15783 1684 5241 15784 1683 5241 15785 1680 5242 15786 1685 5242 15787 1684 5242 15788 1680 5243 15789 1681 5243 15790 1686 5243 15791 1681 5244 15792 1682 5244 15793 1687 5244 15794 1684 5245 15795 1689 5245 15796 1688 5245 15797 1684 5246 15798 1685 5246 15799 1690 5246 15800 1685 5247 15801 1686 5247 15802 1691 5247 15803 1686 5248 15804 1687 5248 15805 1692 5248 15806 1688 5249 15807 1689 5249 15808 1721 5249 15809 1689 5250 15810 1690 5250 15811 1726 5250 15812 1690 5251 15813 1691 5251 15814 1731 5251 15815 1691 5252 15816 1692 5252 15817 1693 5252 15818 1694 5253 15819 1699 5253 15820 1698 5253 15821 1695 5254 15822 1700 5254 15823 1699 5254 15824 1696 5255 15825 1701 5255 15826 1700 5255 15827 1697 5256 15828 1702 5256 15829 1701 5256 15830 1699 5257 15831 1704 5257 15832 1703 5257 15833 1700 5258 15834 1705 5258 15835 1704 5258 15836 1701 5259 15837 1706 5259 15838 1705 5259 15839 1702 5260 15840 1707 5260 15841 1706 5260 15842 1704 5261 15843 1709 5261 15844 1708 5261 15845 1705 5262 15846 1710 5262 15847 1709 5262 15848 1706 5263 15849 1711 5263 15850 1710 5263 15851 1707 5264 15852 1712 5264 15853 1711 5264 15854 1709 5265 15855 1682 5265 15856 1677 5265 15857 1710 5266 15858 1687 5266 15859 1682 5266 15860 1711 5267 15861 1692 5267 15862 1687 5267 15863 1712 5268 15864 1693 5268 15865 1692 5268 15866 1713 5269 15867 1718 5269 15868 1717 5269 15869 1714 5270 15870 1719 5270 15871 1718 5270 15872 1715 5271 15873 1720 5271 15874 1719 5271 15875 1716 5272 15876 1721 5272 15877 1720 5272 15878 1718 5273 15879 1723 5273 15880 1722 5273 15881 1719 5274 15882 1724 5274 15883 1723 5274 15884 1720 5275 15885 1725 5275 15886 1724 5275 15887 1721 5276 15888 1726 5276 15889 1725 5276 15890 1723 5277 15891 1728 5277 15892 1727 5277 15893 1724 5278 15894 1729 5278 15895 1728 5278 15896 1725 5279 15897 1730 5279 15898 1729 5279 15899 1726 5280 15900 1731 5280 15901 1730 5280 15902 1728 5281 15903 1702 5281 15904 1697 5281 15905 1729 5282 15906 1707 5282 15907 1702 5282 15908 1730 5283 15909 1712 5283 15910 1707 5283 15911 1731 5284 15912 1693 5284 15913 1712 5284 15914 1735 5285 15915 1740 5285 15916 1739 5285 15917 1736 5286 15918 1741 5286 15919 1740 5286 15920 1737 5287 15921 1742 5287 15922 1741 5287 15923 1737 5288 15924 1738 5288 15925 1743 5288 15926 1740 5289 15927 1745 5289 15928 1744 5289 15929 1741 5290 15930 1746 5290 15931 1745 5290 15932 1741 5291 15933 1742 5291 15934 1747 5291 15935 1742 5292 15936 1743 5292 15937 1748 5292 15938 1745 5293 15939 1750 5293 15940 1749 5293 15941 1745 5294 15942 1746 5294 15943 1751 5294 15944 1746 5295 15945 1747 5295 15946 1752 5295 15947 1747 5296 15948 1748 5296 15949 1753 5296 15950 1749 5297 15951 1750 5297 15952 1782 5297 15953 1750 5298 15954 1751 5298 15955 1787 5298 15956 1751 5299 15957 1752 5299 15958 1792 5299 15959 1752 5300 15960 1753 5300 15961 1754 5300 15962 1755 5301 15963 1760 5301 15964 1759 5301 15965 1756 5302 15966 1761 5302 15967 1760 5302 15968 1757 5303 15969 1762 5303 15970 1761 5303 15971 1758 5304 15972 1763 5304 15973 1762 5304 15974 1760 5305 15975 1765 5305 15976 1764 5305 15977 1761 5306 15978 1766 5306 15979 1765 5306 15980 1762 5307 15981 1767 5307 15982 1766 5307 15983 1763 5308 15984 1768 5308 15985 1767 5308 15986 1765 5309 15987 1770 5309 15988 1769 5309 15989 1766 5310 15990 1771 5310 15991 1770 5310 15992 1767 5311 15993 1772 5311 15994 1771 5311 15995 1768 5312 15996 1773 5312 15997 1772 5312 15998 1770 5313 15999 1743 5313 16000 1738 5313 16001 1771 5314 16002 1748 5314 16003 1743 5314 16004 1772 5315 16005 1753 5315 16006 1748 5315 16007 1773 5316 16008 1754 5316 16009 1753 5316 16010 1774 5317 16011 1779 5317 16012 1778 5317 16013 1775 5318 16014 1780 5318 16015 1779 5318 16016 1776 5319 16017 1781 5319 16018 1780 5319 16019 1777 5320 16020 1782 5320 16021 1781 5320 16022 1779 5321 16023 1784 5321 16024 1783 5321 16025 1780 5322 16026 1785 5322 16027 1784 5322 16028 1781 5323 16029 1786 5323 16030 1785 5323 16031 1782 5324 16032 1787 5324 16033 1786 5324 16034 1784 5325 16035 1789 5325 16036 1788 5325 16037 1785 5326 16038 1790 5326 16039 1789 5326 16040 1786 5327 16041 1791 5327 16042 1790 5327 16043 1787 5328 16044 1792 5328 16045 1791 5328 16046 1789 5329 16047 1763 5329 16048 1758 5329 16049 1790 5330 16050 1768 5330 16051 1763 5330 16052 1791 5331 16053 1773 5331 16054 1768 5331 16055 1792 5332 16056 1754 5332 16057 1773 5332 16058 1796 5333 16059 1801 5333 16060 1800 5333 16061 1797 5334 16062 1802 5334 16063 1801 5334 16064 1798 5335 16065 1803 5335 16066 1802 5335 16067 1798 5336 16068 1799 5336 16069 1804 5336 16070 1801 5337 16071 1806 5337 16072 1805 5337 16073 1802 5338 16074 1807 5338 16075 1806 5338 16076 1802 5339 16077 1803 5339 16078 1808 5339 16079 1803 5340 16080 1804 5340 16081 1809 5340 16082 1806 5341 16083 1811 5341 16084 1810 5341 16085 1806 5342 16086 1807 5342 16087 1812 5342 16088 1807 5343 16089 1808 5343 16090 1813 5343 16091 1808 5344 16092 1809 5344 16093 1814 5344 16094 1810 5345 16095 1811 5345 16096 1843 5345 16097 1811 5346 16098 1812 5346 16099 1848 5346 16100 1812 5347 16101 1813 5347 16102 1853 5347 16103 1813 5348 16104 1814 5348 16105 1815 5348 16106 1816 5349 16107 1821 5349 16108 1820 5349 16109 1817 5350 16110 1822 5350 16111 1821 5350 16112 1818 5351 16113 1823 5351 16114 1822 5351 16115 1819 5352 16116 1824 5352 16117 1823 5352 16118 1821 5353 16119 1826 5353 16120 1825 5353 16121 1822 5354 16122 1827 5354 16123 1826 5354 16124 1823 5355 16125 1828 5355 16126 1827 5355 16127 1824 5356 16128 1829 5356 16129 1828 5356 16130 1826 5357 16131 1831 5357 16132 1830 5357 16133 1827 5358 16134 1832 5358 16135 1831 5358 16136 1828 5359 16137 1833 5359 16138 1832 5359 16139 1829 5360 16140 1834 5360 16141 1833 5360 16142 1831 5361 16143 1804 5361 16144 1799 5361 16145 1832 5362 16146 1809 5362 16147 1804 5362 16148 1833 5363 16149 1814 5363 16150 1809 5363 16151 1834 5364 16152 1815 5364 16153 1814 5364 16154 1835 5365 16155 1840 5365 16156 1839 5365 16157 1836 5366 16158 1841 5366 16159 1840 5366 16160 1837 5367 16161 1842 5367 16162 1841 5367 16163 1838 5368 16164 1843 5368 16165 1842 5368 16166 1840 5369 16167 1845 5369 16168 1844 5369 16169 1841 5370 16170 1846 5370 16171 1845 5370 16172 1842 5371 16173 1847 5371 16174 1846 5371 16175 1843 5372 16176 1848 5372 16177 1847 5372 16178 1845 5373 16179 1850 5373 16180 1849 5373 16181 1846 5374 16182 1851 5374 16183 1850 5374 16184 1847 5375 16185 1852 5375 16186 1851 5375 16187 1848 5376 16188 1853 5376 16189 1852 5376 16190 1850 5377 16191 1824 5377 16192 1819 5377 16193 1851 5378 16194 1829 5378 16195 1824 5378 16196 1852 5379 16197 1834 5379 16198 1829 5379 16199 1853 5380 16200 1815 5380 16201 1834 5380 16202 1857 5381 16203 1862 5381 16204 1861 5381 16205 1858 5382 16206 1863 5382 16207 1862 5382 16208 1859 5383 16209 1864 5383 16210 1863 5383 16211 1859 5384 16212 1860 5384 16213 1865 5384 16214 1862 5385 16215 1867 5385 16216 1866 5385 16217 1863 5386 16218 1868 5386 16219 1867 5386 16220 1863 5387 16221 1864 5387 16222 1869 5387 16223 1864 5388 16224 1865 5388 16225 1870 5388 16226 1867 5389 16227 1872 5389 16228 1871 5389 16229 1867 5390 16230 1868 5390 16231 1873 5390 16232 1868 5391 16233 1869 5391 16234 1874 5391 16235 1869 5392 16236 1870 5392 16237 1875 5392 16238 1871 5393 16239 1872 5393 16240 1904 5393 16241 1872 5394 16242 1873 5394 16243 1909 5394 16244 1873 5395 16245 1874 5395 16246 1914 5395 16247 1874 5396 16248 1875 5396 16249 1876 5396 16250 1877 5397 16251 1882 5397 16252 1881 5397 16253 1878 5398 16254 1883 5398 16255 1882 5398 16256 1879 5399 16257 1884 5399 16258 1883 5399 16259 1880 5400 16260 1885 5400 16261 1884 5400 16262 1882 5401 16263 1887 5401 16264 1886 5401 16265 1883 5402 16266 1888 5402 16267 1887 5402 16268 1884 5403 16269 1889 5403 16270 1888 5403 16271 1885 5404 16272 1890 5404 16273 1889 5404 16274 1887 5405 16275 1892 5405 16276 1891 5405 16277 1888 5406 16278 1893 5406 16279 1892 5406 16280 1889 5407 16281 1894 5407 16282 1893 5407 16283 1890 5408 16284 1895 5408 16285 1894 5408 16286 1892 5409 16287 1865 5409 16288 1860 5409 16289 1893 5410 16290 1870 5410 16291 1865 5410 16292 1894 5411 16293 1875 5411 16294 1870 5411 16295 1895 5412 16296 1876 5412 16297 1875 5412 16298 1896 5413 16299 1901 5413 16300 1900 5413 16301 1897 5414 16302 1902 5414 16303 1901 5414 16304 1898 5415 16305 1903 5415 16306 1902 5415 16307 1899 5416 16308 1904 5416 16309 1903 5416 16310 1901 5417 16311 1906 5417 16312 1905 5417 16313 1902 5418 16314 1907 5418 16315 1906 5418 16316 1903 5419 16317 1908 5419 16318 1907 5419 16319 1904 5420 16320 1909 5420 16321 1908 5420 16322 1906 5421 16323 1911 5421 16324 1910 5421 16325 1907 5422 16326 1912 5422 16327 1911 5422 16328 1908 5423 16329 1913 5423 16330 1912 5423 16331 1909 5424 16332 1914 5424 16333 1913 5424 16334 1911 5425 16335 1885 5425 16336 1880 5425 16337 1912 5426 16338 1890 5426 16339 1885 5426 16340 1913 5427 16341 1895 5427 16342 1890 5427 16343 1914 5428 16344 1876 5428 16345 1895 5428 16346 1918 5429 16347 1923 5429 16348 1922 5429 16349 1919 5430 16350 1924 5430 16351 1923 5430 16352 1920 5431 16353 1925 5431 16354 1924 5431 16355 1920 5432 16356 1921 5432 16357 1926 5432 16358 1923 5433 16359 1928 5433 16360 1927 5433 16361 1924 5434 16362 1929 5434 16363 1928 5434 16364 1924 5435 16365 1925 5435 16366 1930 5435 16367 1925 5436 16368 1926 5436 16369 1931 5436 16370 1928 5437 16371 1933 5437 16372 1932 5437 16373 1928 5438 16374 1929 5438 16375 1934 5438 16376 1929 5439 16377 1930 5439 16378 1935 5439 16379 1930 5440 16380 1931 5440 16381 1936 5440 16382 1932 5441 16383 1933 5441 16384 1965 5441 16385 1933 5442 16386 1934 5442 16387 1970 5442 16388 1934 5443 16389 1935 5443 16390 1975 5443 16391 1935 5444 16392 1936 5444 16393 1937 5444 16394 1938 5445 16395 1943 5445 16396 1942 5445 16397 1939 5446 16398 1944 5446 16399 1943 5446 16400 1940 5447 16401 1945 5447 16402 1944 5447 16403 1941 5448 16404 1946 5448 16405 1945 5448 16406 1943 5449 16407 1948 5449 16408 1947 5449 16409 1944 5450 16410 1949 5450 16411 1948 5450 16412 1945 5451 16413 1950 5451 16414 1949 5451 16415 1946 5452 16416 1951 5452 16417 1950 5452 16418 1948 5453 16419 1953 5453 16420 1952 5453 16421 1949 5454 16422 1954 5454 16423 1953 5454 16424 1950 5455 16425 1955 5455 16426 1954 5455 16427 1951 5456 16428 1956 5456 16429 1955 5456 16430 1953 5457 16431 1926 5457 16432 1921 5457 16433 1954 5458 16434 1931 5458 16435 1926 5458 16436 1955 5459 16437 1936 5459 16438 1931 5459 16439 1956 5460 16440 1937 5460 16441 1936 5460 16442 1957 5461 16443 1962 5461 16444 1961 5461 16445 1958 5462 16446 1963 5462 16447 1962 5462 16448 1959 5463 16449 1964 5463 16450 1963 5463 16451 1960 5464 16452 1965 5464 16453 1964 5464 16454 1962 5465 16455 1967 5465 16456 1966 5465 16457 1963 5466 16458 1968 5466 16459 1967 5466 16460 1964 5467 16461 1969 5467 16462 1968 5467 16463 1965 5468 16464 1970 5468 16465 1969 5468 16466 1967 5469 16467 1972 5469 16468 1971 5469 16469 1968 5470 16470 1973 5470 16471 1972 5470 16472 1969 5471 16473 1974 5471 16474 1973 5471 16475 1970 5472 16476 1975 5472 16477 1974 5472 16478 1972 5473 16479 1946 5473 16480 1941 5473 16481 1973 5474 16482 1951 5474 16483 1946 5474 16484 1974 5475 16485 1956 5475 16486 1951 5475 16487 1975 5476 16488 1937 5476 16489 1956 5476 16490 1979 5477 16491 1984 5477 16492 1983 5477 16493 1980 5478 16494 1985 5478 16495 1984 5478 16496 1981 5479 16497 1986 5479 16498 1985 5479 16499 1981 5480 16500 1982 5480 16501 1987 5480 16502 1984 5481 16503 1989 5481 16504 1988 5481 16505 1985 5482 16506 1990 5482 16507 1989 5482 16508 1985 5483 16509 1986 5483 16510 1991 5483 16511 1986 5484 16512 1987 5484 16513 1992 5484 16514 1989 5485 16515 1994 5485 16516 1993 5485 16517 1989 5486 16518 1990 5486 16519 1995 5486 16520 1990 5487 16521 1991 5487 16522 1996 5487 16523 1991 5488 16524 1992 5488 16525 1997 5488 16526 1993 5489 16527 1994 5489 16528 2026 5489 16529 1994 5490 16530 1995 5490 16531 2031 5490 16532 1995 5491 16533 1996 5491 16534 2036 5491 16535 1996 5492 16536 1997 5492 16537 1998 5492 16538 1999 5493 16539 2004 5493 16540 2003 5493 16541 2000 5494 16542 2005 5494 16543 2004 5494 16544 2001 5495 16545 2006 5495 16546 2005 5495 16547 2002 5496 16548 2007 5496 16549 2006 5496 16550 2004 5497 16551 2009 5497 16552 2008 5497 16553 2005 5498 16554 2010 5498 16555 2009 5498 16556 2006 5499 16557 2011 5499 16558 2010 5499 16559 2007 5500 16560 2012 5500 16561 2011 5500 16562 2009 5501 16563 2014 5501 16564 2013 5501 16565 2010 5502 16566 2015 5502 16567 2014 5502 16568 2011 5503 16569 2016 5503 16570 2015 5503 16571 2012 5504 16572 2017 5504 16573 2016 5504 16574 2014 5505 16575 1987 5505 16576 1982 5505 16577 2015 5506 16578 1992 5506 16579 1987 5506 16580 2016 5507 16581 1997 5507 16582 1992 5507 16583 2017 5508 16584 1998 5508 16585 1997 5508 16586 2018 5509 16587 2023 5509 16588 2022 5509 16589 2019 5510 16590 2024 5510 16591 2023 5510 16592 2020 5511 16593 2025 5511 16594 2024 5511 16595 2021 5512 16596 2026 5512 16597 2025 5512 16598 2023 5513 16599 2028 5513 16600 2027 5513 16601 2024 5514 16602 2029 5514 16603 2028 5514 16604 2025 5515 16605 2030 5515 16606 2029 5515 16607 2026 5516 16608 2031 5516 16609 2030 5516 16610 2028 5517 16611 2033 5517 16612 2032 5517 16613 2029 5518 16614 2034 5518 16615 2033 5518 16616 2030 5519 16617 2035 5519 16618 2034 5519 16619 2031 5520 16620 2036 5520 16621 2035 5520 16622 2033 5521 16623 2007 5521 16624 2002 5521 16625 2034 5522 16626 2012 5522 16627 2007 5522 16628 2035 5523 16629 2017 5523 16630 2012 5523 16631 2036 5524 16632 1998 5524 16633 2017 5524 16634 2040 5525 16635 2045 5525 16636 2044 5525 16637 2041 5526 16638 2046 5526 16639 2045 5526 16640 2042 5527 16641 2047 5527 16642 2046 5527 16643 2042 5528 16644 2043 5528 16645 2048 5528 16646 2045 5529 16647 2050 5529 16648 2049 5529 16649 2046 5530 16650 2051 5530 16651 2050 5530 16652 2046 5531 16653 2047 5531 16654 2052 5531 16655 2047 5532 16656 2048 5532 16657 2053 5532 16658 2050 5533 16659 2055 5533 16660 2054 5533 16661 2050 5534 16662 2051 5534 16663 2056 5534 16664 2051 5535 16665 2052 5535 16666 2057 5535 16667 2052 5536 16668 2053 5536 16669 2058 5536 16670 2054 5537 16671 2055 5537 16672 2087 5537 16673 2055 5538 16674 2056 5538 16675 2092 5538 16676 2056 5539 16677 2057 5539 16678 2097 5539 16679 2057 5540 16680 2058 5540 16681 2059 5540 16682 2060 5541 16683 2065 5541 16684 2064 5541 16685 2061 5542 16686 2066 5542 16687 2065 5542 16688 2062 5543 16689 2067 5543 16690 2066 5543 16691 2063 5544 16692 2068 5544 16693 2067 5544 16694 2065 5545 16695 2070 5545 16696 2069 5545 16697 2066 5546 16698 2071 5546 16699 2070 5546 16700 2067 5547 16701 2072 5547 16702 2071 5547 16703 2068 5548 16704 2073 5548 16705 2072 5548 16706 2070 5549 16707 2075 5549 16708 2074 5549 16709 2071 5550 16710 2076 5550 16711 2075 5550 16712 2072 5551 16713 2077 5551 16714 2076 5551 16715 2073 5552 16716 2078 5552 16717 2077 5552 16718 2075 5553 16719 2048 5553 16720 2043 5553 16721 2076 5554 16722 2053 5554 16723 2048 5554 16724 2077 5555 16725 2058 5555 16726 2053 5555 16727 2078 5556 16728 2059 5556 16729 2058 5556 16730 2079 5557 16731 2084 5557 16732 2083 5557 16733 2080 5558 16734 2085 5558 16735 2084 5558 16736 2081 5559 16737 2086 5559 16738 2085 5559 16739 2082 5560 16740 2087 5560 16741 2086 5560 16742 2084 5561 16743 2089 5561 16744 2088 5561 16745 2085 5562 16746 2090 5562 16747 2089 5562 16748 2086 5563 16749 2091 5563 16750 2090 5563 16751 2087 5564 16752 2092 5564 16753 2091 5564 16754 2089 5565 16755 2094 5565 16756 2093 5565 16757 2090 5566 16758 2095 5566 16759 2094 5566 16760 2091 5567 16761 2096 5567 16762 2095 5567 16763 2092 5568 16764 2097 5568 16765 2096 5568 16766 2094 5569 16767 2068 5569 16768 2063 5569 16769 2095 5570 16770 2073 5570 16771 2068 5570 16772 2096 5571 16773 2078 5571 16774 2073 5571 16775 2097 5572 16776 2059 5572 16777 2078 5572 16778 2101 5573 16779 2106 5573 16780 2105 5573 16781 2102 5574 16782 2107 5574 16783 2106 5574 16784 2103 5575 16785 2108 5575 16786 2107 5575 16787 2103 5576 16788 2104 5576 16789 2109 5576 16790 2106 5577 16791 2111 5577 16792 2110 5577 16793 2107 5578 16794 2112 5578 16795 2111 5578 16796 2107 5579 16797 2108 5579 16798 2113 5579 16799 2108 5580 16800 2109 5580 16801 2114 5580 16802 2111 5581 16803 2116 5581 16804 2115 5581 16805 2111 5582 16806 2112 5582 16807 2117 5582 16808 2112 5583 16809 2113 5583 16810 2118 5583 16811 2113 5584 16812 2114 5584 16813 2119 5584 16814 2115 5585 16815 2116 5585 16816 2148 5585 16817 2116 5586 16818 2117 5586 16819 2153 5586 16820 2117 5587 16821 2118 5587 16822 2158 5587 16823 2118 5588 16824 2119 5588 16825 2120 5588 16826 2121 5589 16827 2126 5589 16828 2125 5589 16829 2122 5590 16830 2127 5590 16831 2126 5590 16832 2123 5591 16833 2128 5591 16834 2127 5591 16835 2124 5592 16836 2129 5592 16837 2128 5592 16838 2126 5593 16839 2131 5593 16840 2130 5593 16841 2127 5594 16842 2132 5594 16843 2131 5594 16844 2128 5595 16845 2133 5595 16846 2132 5595 16847 2129 5596 16848 2134 5596 16849 2133 5596 16850 2131 5597 16851 2136 5597 16852 2135 5597 16853 2132 5598 16854 2137 5598 16855 2136 5598 16856 2133 5599 16857 2138 5599 16858 2137 5599 16859 2134 5600 16860 2139 5600 16861 2138 5600 16862 2136 5601 16863 2109 5601 16864 2104 5601 16865 2137 5602 16866 2114 5602 16867 2109 5602 16868 2138 5603 16869 2119 5603 16870 2114 5603 16871 2139 5604 16872 2120 5604 16873 2119 5604 16874 2140 5605 16875 2145 5605 16876 2144 5605 16877 2141 5606 16878 2146 5606 16879 2145 5606 16880 2142 5607 16881 2147 5607 16882 2146 5607 16883 2143 5608 16884 2148 5608 16885 2147 5608 16886 2145 5609 16887 2150 5609 16888 2149 5609 16889 2146 5610 16890 2151 5610 16891 2150 5610 16892 2147 5611 16893 2152 5611 16894 2151 5611 16895 2148 5612 16896 2153 5612 16897 2152 5612 16898 2150 5613 16899 2155 5613 16900 2154 5613 16901 2151 5614 16902 2156 5614 16903 2155 5614 16904 2152 5615 16905 2157 5615 16906 2156 5615 16907 2153 5616 16908 2158 5616 16909 2157 5616 16910 2155 5617 16911 2129 5617 16912 2124 5617 16913 2156 5618 16914 2134 5618 16915 2129 5618 16916 2157 5619 16917 2139 5619 16918 2134 5619 16919 2158 5620 16920 2120 5620 16921 2139 5620 16922 2162 5621 16923 2167 5621 16924 2166 5621 16925 2163 5622 16926 2168 5622 16927 2167 5622 16928 2164 5623 16929 2169 5623 16930 2168 5623 16931 2164 5624 16932 2165 5624 16933 2170 5624 16934 2167 5625 16935 2172 5625 16936 2171 5625 16937 2168 5626 16938 2173 5626 16939 2172 5626 16940 2168 5627 16941 2169 5627 16942 2174 5627 16943 2169 5628 16944 2170 5628 16945 2175 5628 16946 2172 5629 16947 2177 5629 16948 2176 5629 16949 2172 5630 16950 2173 5630 16951 2178 5630 16952 2173 5631 16953 2174 5631 16954 2179 5631 16955 2174 5632 16956 2175 5632 16957 2180 5632 16958 2176 5633 16959 2177 5633 16960 2209 5633 16961 2177 5634 16962 2178 5634 16963 2214 5634 16964 2178 5635 16965 2179 5635 16966 2219 5635 16967 2179 5636 16968 2180 5636 16969 2181 5636 16970 2182 5637 16971 2187 5637 16972 2186 5637 16973 2183 5638 16974 2188 5638 16975 2187 5638 16976 2184 5639 16977 2189 5639 16978 2188 5639 16979 2185 5640 16980 2190 5640 16981 2189 5640 16982 2187 5641 16983 2192 5641 16984 2191 5641 16985 2188 5642 16986 2193 5642 16987 2192 5642 16988 2189 5643 16989 2194 5643 16990 2193 5643 16991 2190 5644 16992 2195 5644 16993 2194 5644 16994 2192 5645 16995 2197 5645 16996 2196 5645 16997 2193 5646 16998 2198 5646 16999 2197 5646 17000 2194 5647 17001 2199 5647 17002 2198 5647 17003 2195 5648 17004 2200 5648 17005 2199 5648 17006 2197 5649 17007 2170 5649 17008 2165 5649 17009 2198 5650 17010 2175 5650 17011 2170 5650 17012 2199 5651 17013 2180 5651 17014 2175 5651 17015 2200 5652 17016 2181 5652 17017 2180 5652 17018 2201 5653 17019 2206 5653 17020 2205 5653 17021 2202 5654 17022 2207 5654 17023 2206 5654 17024 2203 5655 17025 2208 5655 17026 2207 5655 17027 2204 5656 17028 2209 5656 17029 2208 5656 17030 2206 5657 17031 2211 5657 17032 2210 5657 17033 2207 5658 17034 2212 5658 17035 2211 5658 17036 2208 5659 17037 2213 5659 17038 2212 5659 17039 2209 5660 17040 2214 5660 17041 2213 5660 17042 2211 5661 17043 2216 5661 17044 2215 5661 17045 2212 5662 17046 2217 5662 17047 2216 5662 17048 2213 5663 17049 2218 5663 17050 2217 5663 17051 2214 5664 17052 2219 5664 17053 2218 5664 17054 2216 5665 17055 2190 5665 17056 2185 5665 17057 2217 5666 17058 2195 5666 17059 2190 5666 17060 2218 5667 17061 2200 5667 17062 2195 5667 17063 2219 5668 17064 2181 5668 17065 2200 5668 17066 2223 5669 17067 2228 5669 17068 2227 5669 17069 2224 5670 17070 2229 5670 17071 2228 5670 17072 2225 5671 17073 2230 5671 17074 2229 5671 17075 2225 5672 17076 2226 5672 17077 2231 5672 17078 2228 5673 17079 2233 5673 17080 2232 5673 17081 2229 5674 17082 2234 5674 17083 2233 5674 17084 2229 5675 17085 2230 5675 17086 2235 5675 17087 2230 5676 17088 2231 5676 17089 2236 5676 17090 2233 5677 17091 2238 5677 17092 2237 5677 17093 2233 5678 17094 2234 5678 17095 2239 5678 17096 2234 5679 17097 2235 5679 17098 2240 5679 17099 2235 5680 17100 2236 5680 17101 2241 5680 17102 2237 5681 17103 2238 5681 17104 2270 5681 17105 2238 5682 17106 2239 5682 17107 2275 5682 17108 2239 5683 17109 2240 5683 17110 2280 5683 17111 2240 5684 17112 2241 5684 17113 2242 5684 17114 2243 5685 17115 2248 5685 17116 2247 5685 17117 2244 5686 17118 2249 5686 17119 2248 5686 17120 2245 5687 17121 2250 5687 17122 2249 5687 17123 2246 5688 17124 2251 5688 17125 2250 5688 17126 2248 5689 17127 2253 5689 17128 2252 5689 17129 2249 5690 17130 2254 5690 17131 2253 5690 17132 2250 5691 17133 2255 5691 17134 2254 5691 17135 2251 5692 17136 2256 5692 17137 2255 5692 17138 2253 5693 17139 2258 5693 17140 2257 5693 17141 2254 5694 17142 2259 5694 17143 2258 5694 17144 2255 5695 17145 2260 5695 17146 2259 5695 17147 2256 5696 17148 2261 5696 17149 2260 5696 17150 2258 5697 17151 2231 5697 17152 2226 5697 17153 2259 5698 17154 2236 5698 17155 2231 5698 17156 2260 5699 17157 2241 5699 17158 2236 5699 17159 2261 5700 17160 2242 5700 17161 2241 5700 17162 2262 5701 17163 2267 5701 17164 2266 5701 17165 2263 5702 17166 2268 5702 17167 2267 5702 17168 2264 5703 17169 2269 5703 17170 2268 5703 17171 2265 5704 17172 2270 5704 17173 2269 5704 17174 2267 5705 17175 2272 5705 17176 2271 5705 17177 2268 5706 17178 2273 5706 17179 2272 5706 17180 2269 5707 17181 2274 5707 17182 2273 5707 17183 2270 5708 17184 2275 5708 17185 2274 5708 17186 2272 5709 17187 2277 5709 17188 2276 5709 17189 2273 5710 17190 2278 5710 17191 2277 5710 17192 2274 5711 17193 2279 5711 17194 2278 5711 17195 2275 5712 17196 2280 5712 17197 2279 5712 17198 2277 5713 17199 2251 5713 17200 2246 5713 17201 2278 5714 17202 2256 5714 17203 2251 5714 17204 2279 5715 17205 2261 5715 17206 2256 5715 17207 2280 5716 17208 2242 5716 17209 2261 5716 17210 2284 5717 17211 2289 5717 17212 2288 5717 17213 2285 5718 17214 2290 5718 17215 2289 5718 17216 2286 5719 17217 2291 5719 17218 2290 5719 17219 2286 5720 17220 2287 5720 17221 2292 5720 17222 2289 5721 17223 2294 5721 17224 2293 5721 17225 2290 5722 17226 2295 5722 17227 2294 5722 17228 2290 5723 17229 2291 5723 17230 2296 5723 17231 2291 5724 17232 2292 5724 17233 2297 5724 17234 2294 5725 17235 2299 5725 17236 2298 5725 17237 2294 5726 17238 2295 5726 17239 2300 5726 17240 2295 5727 17241 2296 5727 17242 2301 5727 17243 2296 5728 17244 2297 5728 17245 2302 5728 17246 2298 5729 17247 2299 5729 17248 2331 5729 17249 2299 5730 17250 2300 5730 17251 2336 5730 17252 2300 5731 17253 2301 5731 17254 2341 5731 17255 2301 5732 17256 2302 5732 17257 2303 5732 17258 2304 5733 17259 2309 5733 17260 2308 5733 17261 2305 5734 17262 2310 5734 17263 2309 5734 17264 2306 5735 17265 2311 5735 17266 2310 5735 17267 2307 5736 17268 2312 5736 17269 2311 5736 17270 2309 5737 17271 2314 5737 17272 2313 5737 17273 2310 5738 17274 2315 5738 17275 2314 5738 17276 2311 5739 17277 2316 5739 17278 2315 5739 17279 2312 5740 17280 2317 5740 17281 2316 5740 17282 2314 5741 17283 2319 5741 17284 2318 5741 17285 2315 5742 17286 2320 5742 17287 2319 5742 17288 2316 5743 17289 2321 5743 17290 2320 5743 17291 2317 5744 17292 2322 5744 17293 2321 5744 17294 2319 5745 17295 2292 5745 17296 2287 5745 17297 2320 5746 17298 2297 5746 17299 2292 5746 17300 2321 5747 17301 2302 5747 17302 2297 5747 17303 2322 5748 17304 2303 5748 17305 2302 5748 17306 2323 5749 17307 2328 5749 17308 2327 5749 17309 2324 5750 17310 2329 5750 17311 2328 5750 17312 2325 5751 17313 2330 5751 17314 2329 5751 17315 2326 5752 17316 2331 5752 17317 2330 5752 17318 2328 5753 17319 2333 5753 17320 2332 5753 17321 2329 5754 17322 2334 5754 17323 2333 5754 17324 2330 5755 17325 2335 5755 17326 2334 5755 17327 2331 5756 17328 2336 5756 17329 2335 5756 17330 2333 5757 17331 2338 5757 17332 2337 5757 17333 2334 5758 17334 2339 5758 17335 2338 5758 17336 2335 5759 17337 2340 5759 17338 2339 5759 17339 2336 5760 17340 2341 5760 17341 2340 5760 17342 2338 5761 17343 2312 5761 17344 2307 5761 17345 2339 5762 17346 2317 5762 17347 2312 5762 17348 2340 5763 17349 2322 5763 17350 2317 5763 17351 2341 5764 17352 2303 5764 17353 2322 5764 17354 2345 5765 17355 2350 5765 17356 2349 5765 17357 2346 5766 17358 2351 5766 17359 2350 5766 17360 2347 5767 17361 2352 5767 17362 2351 5767 17363 2347 5768 17364 2348 5768 17365 2353 5768 17366 2350 5769 17367 2355 5769 17368 2354 5769 17369 2351 5770 17370 2356 5770 17371 2355 5770 17372 2351 5771 17373 2352 5771 17374 2357 5771 17375 2352 5772 17376 2353 5772 17377 2358 5772 17378 2355 5773 17379 2360 5773 17380 2359 5773 17381 2355 5774 17382 2356 5774 17383 2361 5774 17384 2356 5775 17385 2357 5775 17386 2362 5775 17387 2357 5776 17388 2358 5776 17389 2363 5776 17390 2359 5777 17391 2360 5777 17392 2392 5777 17393 2360 5778 17394 2361 5778 17395 2397 5778 17396 2361 5779 17397 2362 5779 17398 2402 5779 17399 2362 5780 17400 2363 5780 17401 2364 5780 17402 2365 5781 17403 2370 5781 17404 2369 5781 17405 2366 5782 17406 2371 5782 17407 2370 5782 17408 2367 5783 17409 2372 5783 17410 2371 5783 17411 2368 5784 17412 2373 5784 17413 2372 5784 17414 2370 5785 17415 2375 5785 17416 2374 5785 17417 2371 5786 17418 2376 5786 17419 2375 5786 17420 2372 5787 17421 2377 5787 17422 2376 5787 17423 2373 5788 17424 2378 5788 17425 2377 5788 17426 2375 5789 17427 2380 5789 17428 2379 5789 17429 2376 5790 17430 2381 5790 17431 2380 5790 17432 2377 5791 17433 2382 5791 17434 2381 5791 17435 2378 5792 17436 2383 5792 17437 2382 5792 17438 2380 5793 17439 2353 5793 17440 2348 5793 17441 2381 5794 17442 2358 5794 17443 2353 5794 17444 2382 5795 17445 2363 5795 17446 2358 5795 17447 2383 5796 17448 2364 5796 17449 2363 5796 17450 2384 5797 17451 2389 5797 17452 2388 5797 17453 2385 5798 17454 2390 5798 17455 2389 5798 17456 2386 5799 17457 2391 5799 17458 2390 5799 17459 2387 5800 17460 2392 5800 17461 2391 5800 17462 2389 5801 17463 2394 5801 17464 2393 5801 17465 2390 5802 17466 2395 5802 17467 2394 5802 17468 2391 5803 17469 2396 5803 17470 2395 5803 17471 2392 5804 17472 2397 5804 17473 2396 5804 17474 2394 5805 17475 2399 5805 17476 2398 5805 17477 2395 5806 17478 2400 5806 17479 2399 5806 17480 2396 5807 17481 2401 5807 17482 2400 5807 17483 2397 5808 17484 2402 5808 17485 2401 5808 17486 2399 5809 17487 2373 5809 17488 2368 5809 17489 2400 5810 17490 2378 5810 17491 2373 5810 17492 2401 5811 17493 2383 5811 17494 2378 5811 17495 2402 5812 17496 2364 5812 17497 2383 5812 17498 2406 5813 17499 2411 5813 17500 2410 5813 17501 2407 5814 17502 2412 5814 17503 2411 5814 17504 2408 5815 17505 2413 5815 17506 2412 5815 17507 2408 5816 17508 2409 5816 17509 2414 5816 17510 2411 5817 17511 2416 5817 17512 2415 5817 17513 2412 5818 17514 2417 5818 17515 2416 5818 17516 2412 5819 17517 2413 5819 17518 2418 5819 17519 2413 5820 17520 2414 5820 17521 2419 5820 17522 2416 5821 17523 2421 5821 17524 2420 5821 17525 2416 5822 17526 2417 5822 17527 2422 5822 17528 2417 5823 17529 2418 5823 17530 2423 5823 17531 2418 5824 17532 2419 5824 17533 2424 5824 17534 2420 5825 17535 2421 5825 17536 2453 5825 17537 2421 5826 17538 2422 5826 17539 2458 5826 17540 2422 5827 17541 2423 5827 17542 2463 5827 17543 2423 5828 17544 2424 5828 17545 2425 5828 17546 2426 5829 17547 2431 5829 17548 2430 5829 17549 2427 5830 17550 2432 5830 17551 2431 5830 17552 2428 5831 17553 2433 5831 17554 2432 5831 17555 2429 5832 17556 2434 5832 17557 2433 5832 17558 2431 5833 17559 2436 5833 17560 2435 5833 17561 2432 5834 17562 2437 5834 17563 2436 5834 17564 2433 5835 17565 2438 5835 17566 2437 5835 17567 2434 5836 17568 2439 5836 17569 2438 5836 17570 2436 5837 17571 2441 5837 17572 2440 5837 17573 2437 5838 17574 2442 5838 17575 2441 5838 17576 2438 5839 17577 2443 5839 17578 2442 5839 17579 2439 5840 17580 2444 5840 17581 2443 5840 17582 2441 5841 17583 2414 5841 17584 2409 5841 17585 2442 5842 17586 2419 5842 17587 2414 5842 17588 2443 5843 17589 2424 5843 17590 2419 5843 17591 2444 5844 17592 2425 5844 17593 2424 5844 17594 2445 5845 17595 2450 5845 17596 2449 5845 17597 2446 5846 17598 2451 5846 17599 2450 5846 17600 2447 5847 17601 2452 5847 17602 2451 5847 17603 2448 5848 17604 2453 5848 17605 2452 5848 17606 2450 5849 17607 2455 5849 17608 2454 5849 17609 2451 5850 17610 2456 5850 17611 2455 5850 17612 2452 5851 17613 2457 5851 17614 2456 5851 17615 2453 5852 17616 2458 5852 17617 2457 5852 17618 2455 5853 17619 2460 5853 17620 2459 5853 17621 2456 5854 17622 2461 5854 17623 2460 5854 17624 2457 5855 17625 2462 5855 17626 2461 5855 17627 2458 5856 17628 2463 5856 17629 2462 5856 17630 2460 5857 17631 2434 5857 17632 2429 5857 17633 2461 5858 17634 2439 5858 17635 2434 5858 17636 2462 5859 17637 2444 5859 17638 2439 5859 17639 2463 5860 17640 2425 5860 17641 2444 5860 17642 2467 5861 17643 2472 5861 17644 2471 5861 17645 2468 5862 17646 2473 5862 17647 2472 5862 17648 2469 5863 17649 2474 5863 17650 2473 5863 17651 2469 5864 17652 2470 5864 17653 2475 5864 17654 2472 5865 17655 2477 5865 17656 2476 5865 17657 2473 5866 17658 2478 5866 17659 2477 5866 17660 2473 5867 17661 2474 5867 17662 2479 5867 17663 2474 5868 17664 2475 5868 17665 2480 5868 17666 2477 5869 17667 2482 5869 17668 2481 5869 17669 2477 5870 17670 2478 5870 17671 2483 5870 17672 2478 5871 17673 2479 5871 17674 2484 5871 17675 2479 5872 17676 2480 5872 17677 2485 5872 17678 2481 5873 17679 2482 5873 17680 2514 5873 17681 2482 5874 17682 2483 5874 17683 2519 5874 17684 2483 5875 17685 2484 5875 17686 2524 5875 17687 2484 5876 17688 2485 5876 17689 2486 5876 17690 2487 5877 17691 2492 5877 17692 2491 5877 17693 2488 5878 17694 2493 5878 17695 2492 5878 17696 2489 5879 17697 2494 5879 17698 2493 5879 17699 2490 5880 17700 2495 5880 17701 2494 5880 17702 2492 5881 17703 2497 5881 17704 2496 5881 17705 2493 5882 17706 2498 5882 17707 2497 5882 17708 2494 5883 17709 2499 5883 17710 2498 5883 17711 2495 5884 17712 2500 5884 17713 2499 5884 17714 2497 5885 17715 2502 5885 17716 2501 5885 17717 2498 5886 17718 2503 5886 17719 2502 5886 17720 2499 5887 17721 2504 5887 17722 2503 5887 17723 2500 5888 17724 2505 5888 17725 2504 5888 17726 2502 5889 17727 2475 5889 17728 2470 5889 17729 2503 5890 17730 2480 5890 17731 2475 5890 17732 2504 5891 17733 2485 5891 17734 2480 5891 17735 2505 5892 17736 2486 5892 17737 2485 5892 17738 2506 5893 17739 2511 5893 17740 2510 5893 17741 2507 5894 17742 2512 5894 17743 2511 5894 17744 2508 5895 17745 2513 5895 17746 2512 5895 17747 2509 5896 17748 2514 5896 17749 2513 5896 17750 2511 5897 17751 2516 5897 17752 2515 5897 17753 2512 5898 17754 2517 5898 17755 2516 5898 17756 2513 5899 17757 2518 5899 17758 2517 5899 17759 2514 5900 17760 2519 5900 17761 2518 5900 17762 2516 5901 17763 2521 5901 17764 2520 5901 17765 2517 5902 17766 2522 5902 17767 2521 5902 17768 2518 5903 17769 2523 5903 17770 2522 5903 17771 2519 5904 17772 2524 5904 17773 2523 5904 17774 2521 5905 17775 2495 5905 17776 2490 5905 17777 2522 5906 17778 2500 5906 17779 2495 5906 17780 2523 5907 17781 2505 5907 17782 2500 5907 17783 2524 5908 17784 2486 5908 17785 2505 5908 17786 2528 5909 17787 2533 5909 17788 2532 5909 17789 2529 5910 17790 2534 5910 17791 2533 5910 17792 2530 5911 17793 2535 5911 17794 2534 5911 17795 2530 5912 17796 2531 5912 17797 2536 5912 17798 2533 5913 17799 2538 5913 17800 2537 5913 17801 2534 5914 17802 2539 5914 17803 2538 5914 17804 2534 5915 17805 2535 5915 17806 2540 5915 17807 2535 5916 17808 2536 5916 17809 2541 5916 17810 2538 5917 17811 2543 5917 17812 2542 5917 17813 2538 5918 17814 2539 5918 17815 2544 5918 17816 2539 5919 17817 2540 5919 17818 2545 5919 17819 2540 5920 17820 2541 5920 17821 2546 5920 17822 2542 5921 17823 2543 5921 17824 2575 5921 17825 2543 5922 17826 2544 5922 17827 2580 5922 17828 2544 5923 17829 2545 5923 17830 2585 5923 17831 2545 5924 17832 2546 5924 17833 2547 5924 17834 2548 5925 17835 2553 5925 17836 2552 5925 17837 2549 5926 17838 2554 5926 17839 2553 5926 17840 2550 5927 17841 2555 5927 17842 2554 5927 17843 2551 5928 17844 2556 5928 17845 2555 5928 17846 2553 5929 17847 2558 5929 17848 2557 5929 17849 2554 5930 17850 2559 5930 17851 2558 5930 17852 2555 5931 17853 2560 5931 17854 2559 5931 17855 2556 5932 17856 2561 5932 17857 2560 5932 17858 2558 5933 17859 2563 5933 17860 2562 5933 17861 2559 5934 17862 2564 5934 17863 2563 5934 17864 2560 5935 17865 2565 5935 17866 2564 5935 17867 2561 5936 17868 2566 5936 17869 2565 5936 17870 2563 5937 17871 2536 5937 17872 2531 5937 17873 2564 5938 17874 2541 5938 17875 2536 5938 17876 2565 5939 17877 2546 5939 17878 2541 5939 17879 2566 5940 17880 2547 5940 17881 2546 5940 17882 2567 5941 17883 2572 5941 17884 2571 5941 17885 2568 5942 17886 2573 5942 17887 2572 5942 17888 2569 5943 17889 2574 5943 17890 2573 5943 17891 2570 5944 17892 2575 5944 17893 2574 5944 17894 2572 5945 17895 2577 5945 17896 2576 5945 17897 2573 5946 17898 2578 5946 17899 2577 5946 17900 2574 5947 17901 2579 5947 17902 2578 5947 17903 2575 5948 17904 2580 5948 17905 2579 5948 17906 2577 5949 17907 2582 5949 17908 2581 5949 17909 2578 5950 17910 2583 5950 17911 2582 5950 17912 2579 5951 17913 2584 5951 17914 2583 5951 17915 2580 5952 17916 2585 5952 17917 2584 5952 17918 2582 5953 17919 2556 5953 17920 2551 5953 17921 2583 5954 17922 2561 5954 17923 2556 5954 17924 2584 5955 17925 2566 5955 17926 2561 5955 17927 2585 5956 17928 2547 5956 17929 2566 5956 17930 2589 5957 17931 2594 5957 17932 2593 5957 17933 2590 5958 17934 2595 5958 17935 2594 5958 17936 2591 5959 17937 2596 5959 17938 2595 5959 17939 2591 5960 17940 2592 5960 17941 2597 5960 17942 2594 5961 17943 2599 5961 17944 2598 5961 17945 2595 5962 17946 2600 5962 17947 2599 5962 17948 2595 5963 17949 2596 5963 17950 2601 5963 17951 2596 5964 17952 2597 5964 17953 2602 5964 17954 2599 5965 17955 2604 5965 17956 2603 5965 17957 2599 5966 17958 2600 5966 17959 2605 5966 17960 2600 5967 17961 2601 5967 17962 2606 5967 17963 2601 5968 17964 2602 5968 17965 2607 5968 17966 2603 5969 17967 2604 5969 17968 2636 5969 17969 2604 5970 17970 2605 5970 17971 2641 5970 17972 2605 5971 17973 2606 5971 17974 2646 5971 17975 2606 5972 17976 2607 5972 17977 2608 5972 17978 2609 5973 17979 2614 5973 17980 2613 5973 17981 2610 5974 17982 2615 5974 17983 2614 5974 17984 2611 5975 17985 2616 5975 17986 2615 5975 17987 2612 5976 17988 2617 5976 17989 2616 5976 17990 2614 5977 17991 2619 5977 17992 2618 5977 17993 2615 5978 17994 2620 5978 17995 2619 5978 17996 2616 5979 17997 2621 5979 17998 2620 5979 17999 2617 5980 18000 2622 5980 18001 2621 5980 18002 2619 5981 18003 2624 5981 18004 2623 5981 18005 2620 5982 18006 2625 5982 18007 2624 5982 18008 2621 5983 18009 2626 5983 18010 2625 5983 18011 2622 5984 18012 2627 5984 18013 2626 5984 18014 2624 5985 18015 2597 5985 18016 2592 5985 18017 2625 5986 18018 2602 5986 18019 2597 5986 18020 2626 5987 18021 2607 5987 18022 2602 5987 18023 2627 5988 18024 2608 5988 18025 2607 5988 18026 2628 5989 18027 2633 5989 18028 2632 5989 18029 2629 5990 18030 2634 5990 18031 2633 5990 18032 2630 5991 18033 2635 5991 18034 2634 5991 18035 2631 5992 18036 2636 5992 18037 2635 5992 18038 2633 5993 18039 2638 5993 18040 2637 5993 18041 2634 5994 18042 2639 5994 18043 2638 5994 18044 2635 5995 18045 2640 5995 18046 2639 5995 18047 2636 5996 18048 2641 5996 18049 2640 5996 18050 2638 5997 18051 2643 5997 18052 2642 5997 18053 2639 5998 18054 2644 5998 18055 2643 5998 18056 2640 5999 18057 2645 5999 18058 2644 5999 18059 2641 6000 18060 2646 6000 18061 2645 6000 18062 2643 6001 18063 2617 6001 18064 2612 6001 18065 2644 6002 18066 2622 6002 18067 2617 6002 18068 2645 6003 18069 2627 6003 18070 2622 6003 18071 2646 6004 18072 2608 6004 18073 2627 6004 18074 2650 6005 18075 2655 6005 18076 2654 6005 18077 2651 6006 18078 2656 6006 18079 2655 6006 18080 2652 6007 18081 2657 6007 18082 2656 6007 18083 2652 6008 18084 2653 6008 18085 2658 6008 18086 2655 6009 18087 2660 6009 18088 2659 6009 18089 2656 6010 18090 2661 6010 18091 2660 6010 18092 2656 6011 18093 2657 6011 18094 2662 6011 18095 2657 6012 18096 2658 6012 18097 2663 6012 18098 2660 6013 18099 2665 6013 18100 2664 6013 18101 2660 6014 18102 2661 6014 18103 2666 6014 18104 2661 6015 18105 2662 6015 18106 2667 6015 18107 2662 6016 18108 2663 6016 18109 2668 6016 18110 2664 6017 18111 2665 6017 18112 2697 6017 18113 2665 6018 18114 2666 6018 18115 2702 6018 18116 2666 6019 18117 2667 6019 18118 2707 6019 18119 2667 6020 18120 2668 6020 18121 2669 6020 18122 2670 6021 18123 2675 6021 18124 2674 6021 18125 2671 6022 18126 2676 6022 18127 2675 6022 18128 2672 6023 18129 2677 6023 18130 2676 6023 18131 2673 6024 18132 2678 6024 18133 2677 6024 18134 2675 6025 18135 2680 6025 18136 2679 6025 18137 2676 6026 18138 2681 6026 18139 2680 6026 18140 2677 6027 18141 2682 6027 18142 2681 6027 18143 2678 6028 18144 2683 6028 18145 2682 6028 18146 2680 6029 18147 2685 6029 18148 2684 6029 18149 2681 6030 18150 2686 6030 18151 2685 6030 18152 2682 6031 18153 2687 6031 18154 2686 6031 18155 2683 6032 18156 2688 6032 18157 2687 6032 18158 2685 6033 18159 2658 6033 18160 2653 6033 18161 2686 6034 18162 2663 6034 18163 2658 6034 18164 2687 6035 18165 2668 6035 18166 2663 6035 18167 2688 6036 18168 2669 6036 18169 2668 6036 18170 2689 6037 18171 2694 6037 18172 2693 6037 18173 2690 6038 18174 2695 6038 18175 2694 6038 18176 2691 6039 18177 2696 6039 18178 2695 6039 18179 2692 6040 18180 2697 6040 18181 2696 6040 18182 2694 6041 18183 2699 6041 18184 2698 6041 18185 2695 6042 18186 2700 6042 18187 2699 6042 18188 2696 6043 18189 2701 6043 18190 2700 6043 18191 2697 6044 18192 2702 6044 18193 2701 6044 18194 2699 6045 18195 2704 6045 18196 2703 6045 18197 2700 6046 18198 2705 6046 18199 2704 6046 18200 2701 6047 18201 2706 6047 18202 2705 6047 18203 2702 6048 18204 2707 6048 18205 2706 6048 18206 2704 6049 18207 2678 6049 18208 2673 6049 18209 2705 6050 18210 2683 6050 18211 2678 6050 18212 2706 6051 18213 2688 6051 18214 2683 6051 18215 2707 6052 18216 2669 6052 18217 2688 6052 18218 2711 6053 18219 2716 6053 18220 2715 6053 18221 2712 6054 18222 2717 6054 18223 2716 6054 18224 2713 6055 18225 2718 6055 18226 2717 6055 18227 2713 6056 18228 2714 6056 18229 2719 6056 18230 2716 6057 18231 2721 6057 18232 2720 6057 18233 2717 6058 18234 2722 6058 18235 2721 6058 18236 2717 6059 18237 2718 6059 18238 2723 6059 18239 2718 6060 18240 2719 6060 18241 2724 6060 18242 2721 6061 18243 2726 6061 18244 2725 6061 18245 2721 6062 18246 2722 6062 18247 2727 6062 18248 2722 6063 18249 2723 6063 18250 2728 6063 18251 2723 6064 18252 2724 6064 18253 2729 6064 18254 2725 6065 18255 2726 6065 18256 2758 6065 18257 2726 6066 18258 2727 6066 18259 2763 6066 18260 2727 6067 18261 2728 6067 18262 2768 6067 18263 2728 6068 18264 2729 6068 18265 2730 6068 18266 2731 6069 18267 2736 6069 18268 2735 6069 18269 2732 6070 18270 2737 6070 18271 2736 6070 18272 2733 6071 18273 2738 6071 18274 2737 6071 18275 2734 6072 18276 2739 6072 18277 2738 6072 18278 2736 6073 18279 2741 6073 18280 2740 6073 18281 2737 6074 18282 2742 6074 18283 2741 6074 18284 2738 6075 18285 2743 6075 18286 2742 6075 18287 2739 6076 18288 2744 6076 18289 2743 6076 18290 2741 6077 18291 2746 6077 18292 2745 6077 18293 2742 6078 18294 2747 6078 18295 2746 6078 18296 2743 6079 18297 2748 6079 18298 2747 6079 18299 2744 6080 18300 2749 6080 18301 2748 6080 18302 2746 6081 18303 2719 6081 18304 2714 6081 18305 2747 6082 18306 2724 6082 18307 2719 6082 18308 2748 6083 18309 2729 6083 18310 2724 6083 18311 2749 6084 18312 2730 6084 18313 2729 6084 18314 2750 6085 18315 2755 6085 18316 2754 6085 18317 2751 6086 18318 2756 6086 18319 2755 6086 18320 2752 6087 18321 2757 6087 18322 2756 6087 18323 2753 6088 18324 2758 6088 18325 2757 6088 18326 2755 6089 18327 2760 6089 18328 2759 6089 18329 2756 6090 18330 2761 6090 18331 2760 6090 18332 2757 6091 18333 2762 6091 18334 2761 6091 18335 2758 6092 18336 2763 6092 18337 2762 6092 18338 2760 6093 18339 2765 6093 18340 2764 6093 18341 2761 6094 18342 2766 6094 18343 2765 6094 18344 2762 6095 18345 2767 6095 18346 2766 6095 18347 2763 6096 18348 2768 6096 18349 2767 6096 18350 2765 6097 18351 2739 6097 18352 2734 6097 18353 2766 6098 18354 2744 6098 18355 2739 6098 18356 2767 6099 18357 2749 6099 18358 2744 6099 18359 2768 6100 18360 2730 6100 18361 2749 6100 18362 2772 6101 18363 2777 6101 18364 2776 6101 18365 2773 6102 18366 2778 6102 18367 2777 6102 18368 2774 6103 18369 2779 6103 18370 2778 6103 18371 2774 6104 18372 2775 6104 18373 2780 6104 18374 2777 6105 18375 2782 6105 18376 2781 6105 18377 2778 6106 18378 2783 6106 18379 2782 6106 18380 2778 6107 18381 2779 6107 18382 2784 6107 18383 2779 6108 18384 2780 6108 18385 2785 6108 18386 2782 6109 18387 2787 6109 18388 2786 6109 18389 2782 6110 18390 2783 6110 18391 2788 6110 18392 2783 6111 18393 2784 6111 18394 2789 6111 18395 2784 6112 18396 2785 6112 18397 2790 6112 18398 2786 6113 18399 2787 6113 18400 2819 6113 18401 2787 6114 18402 2788 6114 18403 2824 6114 18404 2788 6115 18405 2789 6115 18406 2829 6115 18407 2789 6116 18408 2790 6116 18409 2791 6116 18410 2792 6117 18411 2797 6117 18412 2796 6117 18413 2793 6118 18414 2798 6118 18415 2797 6118 18416 2794 6119 18417 2799 6119 18418 2798 6119 18419 2795 6120 18420 2800 6120 18421 2799 6120 18422 2797 6121 18423 2802 6121 18424 2801 6121 18425 2798 6122 18426 2803 6122 18427 2802 6122 18428 2799 6123 18429 2804 6123 18430 2803 6123 18431 2800 6124 18432 2805 6124 18433 2804 6124 18434 2802 6125 18435 2807 6125 18436 2806 6125 18437 2803 6126 18438 2808 6126 18439 2807 6126 18440 2804 6127 18441 2809 6127 18442 2808 6127 18443 2805 6128 18444 2810 6128 18445 2809 6128 18446 2807 6129 18447 2780 6129 18448 2775 6129 18449 2808 6130 18450 2785 6130 18451 2780 6130 18452 2809 6131 18453 2790 6131 18454 2785 6131 18455 2810 6132 18456 2791 6132 18457 2790 6132 18458 2811 6133 18459 2816 6133 18460 2815 6133 18461 2812 6134 18462 2817 6134 18463 2816 6134 18464 2813 6135 18465 2818 6135 18466 2817 6135 18467 2814 6136 18468 2819 6136 18469 2818 6136 18470 2816 6137 18471 2821 6137 18472 2820 6137 18473 2817 6138 18474 2822 6138 18475 2821 6138 18476 2818 6139 18477 2823 6139 18478 2822 6139 18479 2819 6140 18480 2824 6140 18481 2823 6140 18482 2821 6141 18483 2826 6141 18484 2825 6141 18485 2822 6142 18486 2827 6142 18487 2826 6142 18488 2823 6143 18489 2828 6143 18490 2827 6143 18491 2824 6144 18492 2829 6144 18493 2828 6144 18494 2826 6145 18495 2800 6145 18496 2795 6145 18497 2827 6146 18498 2805 6146 18499 2800 6146 18500 2828 6147 18501 2810 6147 18502 2805 6147 18503 2829 6148 18504 2791 6148 18505 2810 6148 18506 2833 6149 18507 2838 6149 18508 2837 6149 18509 2834 6150 18510 2839 6150 18511 2838 6150 18512 2835 6151 18513 2840 6151 18514 2839 6151 18515 2835 6152 18516 2836 6152 18517 2841 6152 18518 2838 6153 18519 2843 6153 18520 2842 6153 18521 2839 6154 18522 2844 6154 18523 2843 6154 18524 2839 6155 18525 2840 6155 18526 2845 6155 18527 2840 6156 18528 2841 6156 18529 2846 6156 18530 2843 6157 18531 2848 6157 18532 2847 6157 18533 2843 6158 18534 2844 6158 18535 2849 6158 18536 2844 6159 18537 2845 6159 18538 2850 6159 18539 2845 6160 18540 2846 6160 18541 2851 6160 18542 2847 6161 18543 2848 6161 18544 2880 6161 18545 2848 6162 18546 2849 6162 18547 2885 6162 18548 2849 6163 18549 2850 6163 18550 2890 6163 18551 2850 6164 18552 2851 6164 18553 2852 6164 18554 2853 6165 18555 2858 6165 18556 2857 6165 18557 2854 6166 18558 2859 6166 18559 2858 6166 18560 2855 6167 18561 2860 6167 18562 2859 6167 18563 2856 6168 18564 2861 6168 18565 2860 6168 18566 2858 6169 18567 2863 6169 18568 2862 6169 18569 2859 6170 18570 2864 6170 18571 2863 6170 18572 2860 6171 18573 2865 6171 18574 2864 6171 18575 2861 6172 18576 2866 6172 18577 2865 6172 18578 2863 6173 18579 2868 6173 18580 2867 6173 18581 2864 6174 18582 2869 6174 18583 2868 6174 18584 2865 6175 18585 2870 6175 18586 2869 6175 18587 2866 6176 18588 2871 6176 18589 2870 6176 18590 2868 6177 18591 2841 6177 18592 2836 6177 18593 2869 6178 18594 2846 6178 18595 2841 6178 18596 2870 6179 18597 2851 6179 18598 2846 6179 18599 2871 6180 18600 2852 6180 18601 2851 6180 18602 2872 6181 18603 2877 6181 18604 2876 6181 18605 2873 6182 18606 2878 6182 18607 2877 6182 18608 2874 6183 18609 2879 6183 18610 2878 6183 18611 2875 6184 18612 2880 6184 18613 2879 6184 18614 2877 6185 18615 2882 6185 18616 2881 6185 18617 2878 6186 18618 2883 6186 18619 2882 6186 18620 2879 6187 18621 2884 6187 18622 2883 6187 18623 2880 6188 18624 2885 6188 18625 2884 6188 18626 2882 6189 18627 2887 6189 18628 2886 6189 18629 2883 6190 18630 2888 6190 18631 2887 6190 18632 2884 6191 18633 2889 6191 18634 2888 6191 18635 2885 6192 18636 2890 6192 18637 2889 6192 18638 2887 6193 18639 2861 6193 18640 2856 6193 18641 2888 6194 18642 2866 6194 18643 2861 6194 18644 2889 6195 18645 2871 6195 18646 2866 6195 18647 2890 6196 18648 2852 6196 18649 2871 6196 18650 2894 6197 18651 2899 6197 18652 2898 6197 18653 2895 6198 18654 2900 6198 18655 2899 6198 18656 2896 6199 18657 2901 6199 18658 2900 6199 18659 2896 6200 18660 2897 6200 18661 2902 6200 18662 2899 6201 18663 2904 6201 18664 2903 6201 18665 2900 6202 18666 2905 6202 18667 2904 6202 18668 2900 6203 18669 2901 6203 18670 2906 6203 18671 2901 6204 18672 2902 6204 18673 2907 6204 18674 2904 6205 18675 2909 6205 18676 2908 6205 18677 2904 6206 18678 2905 6206 18679 2910 6206 18680 2905 6207 18681 2906 6207 18682 2911 6207 18683 2906 6208 18684 2907 6208 18685 2912 6208 18686 2908 6209 18687 2909 6209 18688 2941 6209 18689 2909 6210 18690 2910 6210 18691 2946 6210 18692 2910 6211 18693 2911 6211 18694 2951 6211 18695 2911 6212 18696 2912 6212 18697 2913 6212 18698 2914 6213 18699 2919 6213 18700 2918 6213 18701 2915 6214 18702 2920 6214 18703 2919 6214 18704 2916 6215 18705 2921 6215 18706 2920 6215 18707 2917 6216 18708 2922 6216 18709 2921 6216 18710 2919 6217 18711 2924 6217 18712 2923 6217 18713 2920 6218 18714 2925 6218 18715 2924 6218 18716 2921 6219 18717 2926 6219 18718 2925 6219 18719 2922 6220 18720 2927 6220 18721 2926 6220 18722 2924 6221 18723 2929 6221 18724 2928 6221 18725 2925 6222 18726 2930 6222 18727 2929 6222 18728 2926 6223 18729 2931 6223 18730 2930 6223 18731 2927 6224 18732 2932 6224 18733 2931 6224 18734 2929 6225 18735 2902 6225 18736 2897 6225 18737 2930 6226 18738 2907 6226 18739 2902 6226 18740 2931 6227 18741 2912 6227 18742 2907 6227 18743 2932 6228 18744 2913 6228 18745 2912 6228 18746 2933 6229 18747 2938 6229 18748 2937 6229 18749 2934 6230 18750 2939 6230 18751 2938 6230 18752 2935 6231 18753 2940 6231 18754 2939 6231 18755 2936 6232 18756 2941 6232 18757 2940 6232 18758 2938 6233 18759 2943 6233 18760 2942 6233 18761 2939 6234 18762 2944 6234 18763 2943 6234 18764 2940 6235 18765 2945 6235 18766 2944 6235 18767 2941 6236 18768 2946 6236 18769 2945 6236 18770 2943 6237 18771 2948 6237 18772 2947 6237 18773 2944 6238 18774 2949 6238 18775 2948 6238 18776 2945 6239 18777 2950 6239 18778 2949 6239 18779 2946 6240 18780 2951 6240 18781 2950 6240 18782 2948 6241 18783 2922 6241 18784 2917 6241 18785 2949 6242 18786 2927 6242 18787 2922 6242 18788 2950 6243 18789 2932 6243 18790 2927 6243 18791 2951 6244 18792 2913 6244 18793 2932 6244 18794 2955 6245 18795 2960 6245 18796 2959 6245 18797 2956 6246 18798 2961 6246 18799 2960 6246 18800 2957 6247 18801 2962 6247 18802 2961 6247 18803 2957 6248 18804 2958 6248 18805 2963 6248 18806 2960 6249 18807 2965 6249 18808 2964 6249 18809 2961 6250 18810 2966 6250 18811 2965 6250 18812 2961 6251 18813 2962 6251 18814 2967 6251 18815 2962 6252 18816 2963 6252 18817 2968 6252 18818 2965 6253 18819 2970 6253 18820 2969 6253 18821 2965 6254 18822 2966 6254 18823 2971 6254 18824 2966 6255 18825 2967 6255 18826 2972 6255 18827 2967 6256 18828 2968 6256 18829 2973 6256 18830 2969 6257 18831 2970 6257 18832 3002 6257 18833 2970 6258 18834 2971 6258 18835 3007 6258 18836 2971 6259 18837 2972 6259 18838 3012 6259 18839 2972 6260 18840 2973 6260 18841 2974 6260 18842 2975 6261 18843 2980 6261 18844 2979 6261 18845 2976 6262 18846 2981 6262 18847 2980 6262 18848 2977 6263 18849 2982 6263 18850 2981 6263 18851 2978 6264 18852 2983 6264 18853 2982 6264 18854 2980 6265 18855 2985 6265 18856 2984 6265 18857 2981 6266 18858 2986 6266 18859 2985 6266 18860 2982 6267 18861 2987 6267 18862 2986 6267 18863 2983 6268 18864 2988 6268 18865 2987 6268 18866 2985 6269 18867 2990 6269 18868 2989 6269 18869 2986 6270 18870 2991 6270 18871 2990 6270 18872 2987 6271 18873 2992 6271 18874 2991 6271 18875 2988 6272 18876 2993 6272 18877 2992 6272 18878 2990 6273 18879 2963 6273 18880 2958 6273 18881 2991 6274 18882 2968 6274 18883 2963 6274 18884 2992 6275 18885 2973 6275 18886 2968 6275 18887 2993 6276 18888 2974 6276 18889 2973 6276 18890 2994 6277 18891 2999 6277 18892 2998 6277 18893 2995 6278 18894 3000 6278 18895 2999 6278 18896 2996 6279 18897 3001 6279 18898 3000 6279 18899 2997 6280 18900 3002 6280 18901 3001 6280 18902 2999 6281 18903 3004 6281 18904 3003 6281 18905 3000 6282 18906 3005 6282 18907 3004 6282 18908 3001 6283 18909 3006 6283 18910 3005 6283 18911 3002 6284 18912 3007 6284 18913 3006 6284 18914 3004 6285 18915 3009 6285 18916 3008 6285 18917 3005 6286 18918 3010 6286 18919 3009 6286 18920 3006 6287 18921 3011 6287 18922 3010 6287 18923 3007 6288 18924 3012 6288 18925 3011 6288 18926 3009 6289 18927 2983 6289 18928 2978 6289 18929 3010 6290 18930 2988 6290 18931 2983 6290 18932 3011 6291 18933 2993 6291 18934 2988 6291 18935 3012 6292 18936 2974 6292 18937 2993 6292 18938 3016 6293 18939 3021 6293 18940 3020 6293 18941 3017 6294 18942 3022 6294 18943 3021 6294 18944 3018 6295 18945 3023 6295 18946 3022 6295 18947 3018 6296 18948 3019 6296 18949 3024 6296 18950 3021 6297 18951 3026 6297 18952 3025 6297 18953 3022 6298 18954 3027 6298 18955 3026 6298 18956 3022 6299 18957 3023 6299 18958 3028 6299 18959 3023 6300 18960 3024 6300 18961 3029 6300 18962 3026 6301 18963 3031 6301 18964 3030 6301 18965 3026 6302 18966 3027 6302 18967 3032 6302 18968 3027 6303 18969 3028 6303 18970 3033 6303 18971 3028 6304 18972 3029 6304 18973 3034 6304 18974 3030 6305 18975 3031 6305 18976 3063 6305 18977 3031 6306 18978 3032 6306 18979 3068 6306 18980 3032 6307 18981 3033 6307 18982 3073 6307 18983 3033 6308 18984 3034 6308 18985 3035 6308 18986 3036 6309 18987 3041 6309 18988 3040 6309 18989 3037 6310 18990 3042 6310 18991 3041 6310 18992 3038 6311 18993 3043 6311 18994 3042 6311 18995 3039 6312 18996 3044 6312 18997 3043 6312 18998 3041 6313 18999 3046 6313 19000 3045 6313 19001 3042 6314 19002 3047 6314 19003 3046 6314 19004 3043 6315 19005 3048 6315 19006 3047 6315 19007 3044 6316 19008 3049 6316 19009 3048 6316 19010 3046 6317 19011 3051 6317 19012 3050 6317 19013 3047 6318 19014 3052 6318 19015 3051 6318 19016 3048 6319 19017 3053 6319 19018 3052 6319 19019 3049 6320 19020 3054 6320 19021 3053 6320 19022 3051 6321 19023 3024 6321 19024 3019 6321 19025 3052 6322 19026 3029 6322 19027 3024 6322 19028 3053 6323 19029 3034 6323 19030 3029 6323 19031 3054 6324 19032 3035 6324 19033 3034 6324 19034 3055 6325 19035 3060 6325 19036 3059 6325 19037 3056 6326 19038 3061 6326 19039 3060 6326 19040 3057 6327 19041 3062 6327 19042 3061 6327 19043 3058 6328 19044 3063 6328 19045 3062 6328 19046 3060 6329 19047 3065 6329 19048 3064 6329 19049 3061 6330 19050 3066 6330 19051 3065 6330 19052 3062 6331 19053 3067 6331 19054 3066 6331 19055 3063 6332 19056 3068 6332 19057 3067 6332 19058 3065 6333 19059 3070 6333 19060 3069 6333 19061 3066 6334 19062 3071 6334 19063 3070 6334 19064 3067 6335 19065 3072 6335 19066 3071 6335 19067 3068 6336 19068 3073 6336 19069 3072 6336 19070 3070 6337 19071 3044 6337 19072 3039 6337 19073 3071 6338 19074 3049 6338 19075 3044 6338 19076 3072 6339 19077 3054 6339 19078 3049 6339 19079 3073 6340 19080 3035 6340 19081 3054 6340 19082 3077 6341 19083 3082 6341 19084 3081 6341 19085 3078 6342 19086 3083 6342 19087 3082 6342 19088 3079 6343 19089 3084 6343 19090 3083 6343 19091 3079 6344 19092 3080 6344 19093 3085 6344 19094 3082 6345 19095 3087 6345 19096 3086 6345 19097 3083 6346 19098 3088 6346 19099 3087 6346 19100 3083 6347 19101 3084 6347 19102 3089 6347 19103 3084 6348 19104 3085 6348 19105 3090 6348 19106 3087 6349 19107 3092 6349 19108 3091 6349 19109 3087 6350 19110 3088 6350 19111 3093 6350 19112 3088 6351 19113 3089 6351 19114 3094 6351 19115 3089 6352 19116 3090 6352 19117 3095 6352 19118 3091 6353 19119 3092 6353 19120 3124 6353 19121 3092 6354 19122 3093 6354 19123 3129 6354 19124 3093 6355 19125 3094 6355 19126 3134 6355 19127 3094 6356 19128 3095 6356 19129 3096 6356 19130 3097 6357 19131 3102 6357 19132 3101 6357 19133 3098 6358 19134 3103 6358 19135 3102 6358 19136 3099 6359 19137 3104 6359 19138 3103 6359 19139 3100 6360 19140 3105 6360 19141 3104 6360 19142 3102 6361 19143 3107 6361 19144 3106 6361 19145 3103 6362 19146 3108 6362 19147 3107 6362 19148 3104 6363 19149 3109 6363 19150 3108 6363 19151 3105 6364 19152 3110 6364 19153 3109 6364 19154 3107 6365 19155 3112 6365 19156 3111 6365 19157 3108 6366 19158 3113 6366 19159 3112 6366 19160 3109 6367 19161 3114 6367 19162 3113 6367 19163 3110 6368 19164 3115 6368 19165 3114 6368 19166 3112 6369 19167 3085 6369 19168 3080 6369 19169 3113 6370 19170 3090 6370 19171 3085 6370 19172 3114 6371 19173 3095 6371 19174 3090 6371 19175 3115 6372 19176 3096 6372 19177 3095 6372 19178 3116 6373 19179 3121 6373 19180 3120 6373 19181 3117 6374 19182 3122 6374 19183 3121 6374 19184 3118 6375 19185 3123 6375 19186 3122 6375 19187 3119 6376 19188 3124 6376 19189 3123 6376 19190 3121 6377 19191 3126 6377 19192 3125 6377 19193 3122 6378 19194 3127 6378 19195 3126 6378 19196 3123 6379 19197 3128 6379 19198 3127 6379 19199 3124 6380 19200 3129 6380 19201 3128 6380 19202 3126 6381 19203 3131 6381 19204 3130 6381 19205 3127 6382 19206 3132 6382 19207 3131 6382 19208 3128 6383 19209 3133 6383 19210 3132 6383 19211 3129 6384 19212 3134 6384 19213 3133 6384 19214 3131 6385 19215 3105 6385 19216 3100 6385 19217 3132 6386 19218 3110 6386 19219 3105 6386 19220 3133 6387 19221 3115 6387 19222 3110 6387 19223 3134 6388 19224 3096 6388 19225 3115 6388 19226 3138 6389 19227 3143 6389 19228 3142 6389 19229 3139 6390 19230 3144 6390 19231 3143 6390 19232 3140 6391 19233 3145 6391 19234 3144 6391 19235 3140 6392 19236 3141 6392 19237 3146 6392 19238 3143 6393 19239 3148 6393 19240 3147 6393 19241 3144 6394 19242 3149 6394 19243 3148 6394 19244 3144 6395 19245 3145 6395 19246 3150 6395 19247 3145 6396 19248 3146 6396 19249 3151 6396 19250 3148 6397 19251 3153 6397 19252 3152 6397 19253 3148 6398 19254 3149 6398 19255 3154 6398 19256 3149 6399 19257 3150 6399 19258 3155 6399 19259 3150 6400 19260 3151 6400 19261 3156 6400 19262 3152 6401 19263 3153 6401 19264 3185 6401 19265 3153 6402 19266 3154 6402 19267 3190 6402 19268 3154 6403 19269 3155 6403 19270 3195 6403 19271 3155 6404 19272 3156 6404 19273 3157 6404 19274 3158 6405 19275 3163 6405 19276 3162 6405 19277 3159 6406 19278 3164 6406 19279 3163 6406 19280 3160 6407 19281 3165 6407 19282 3164 6407 19283 3161 6408 19284 3166 6408 19285 3165 6408 19286 3163 6409 19287 3168 6409 19288 3167 6409 19289 3164 6410 19290 3169 6410 19291 3168 6410 19292 3165 6411 19293 3170 6411 19294 3169 6411 19295 3166 6412 19296 3171 6412 19297 3170 6412 19298 3168 6413 19299 3173 6413 19300 3172 6413 19301 3169 6414 19302 3174 6414 19303 3173 6414 19304 3170 6415 19305 3175 6415 19306 3174 6415 19307 3171 6416 19308 3176 6416 19309 3175 6416 19310 3173 6417 19311 3146 6417 19312 3141 6417 19313 3174 6418 19314 3151 6418 19315 3146 6418 19316 3175 6419 19317 3156 6419 19318 3151 6419 19319 3176 6420 19320 3157 6420 19321 3156 6420 19322 3177 6421 19323 3182 6421 19324 3181 6421 19325 3178 6422 19326 3183 6422 19327 3182 6422 19328 3179 6423 19329 3184 6423 19330 3183 6423 19331 3180 6424 19332 3185 6424 19333 3184 6424 19334 3182 6425 19335 3187 6425 19336 3186 6425 19337 3183 6426 19338 3188 6426 19339 3187 6426 19340 3184 6427 19341 3189 6427 19342 3188 6427 19343 3185 6428 19344 3190 6428 19345 3189 6428 19346 3187 6429 19347 3192 6429 19348 3191 6429 19349 3188 6430 19350 3193 6430 19351 3192 6430 19352 3189 6431 19353 3194 6431 19354 3193 6431 19355 3190 6432 19356 3195 6432 19357 3194 6432 19358 3192 6433 19359 3166 6433 19360 3161 6433 19361 3193 6434 19362 3171 6434 19363 3166 6434 19364 3194 6435 19365 3176 6435 19366 3171 6435 19367 3195 6436 19368 3157 6436 19369 3176 6436 19370 3199 6437 19371 3204 6437 19372 3203 6437 19373 3200 6438 19374 3205 6438 19375 3204 6438 19376 3201 6439 19377 3206 6439 19378 3205 6439 19379 3201 6440 19380 3202 6440 19381 3207 6440 19382 3204 6441 19383 3209 6441 19384 3208 6441 19385 3205 6442 19386 3210 6442 19387 3209 6442 19388 3205 6443 19389 3206 6443 19390 3211 6443 19391 3206 6444 19392 3207 6444 19393 3212 6444 19394 3209 6445 19395 3214 6445 19396 3213 6445 19397 3209 6446 19398 3210 6446 19399 3215 6446 19400 3210 6447 19401 3211 6447 19402 3216 6447 19403 3211 6448 19404 3212 6448 19405 3217 6448 19406 3213 6449 19407 3214 6449 19408 3246 6449 19409 3214 6450 19410 3215 6450 19411 3251 6450 19412 3215 6451 19413 3216 6451 19414 3256 6451 19415 3216 6452 19416 3217 6452 19417 3218 6452 19418 3219 6453 19419 3224 6453 19420 3223 6453 19421 3220 6454 19422 3225 6454 19423 3224 6454 19424 3221 6455 19425 3226 6455 19426 3225 6455 19427 3222 6456 19428 3227 6456 19429 3226 6456 19430 3224 6457 19431 3229 6457 19432 3228 6457 19433 3225 6458 19434 3230 6458 19435 3229 6458 19436 3226 6459 19437 3231 6459 19438 3230 6459 19439 3227 6460 19440 3232 6460 19441 3231 6460 19442 3229 6461 19443 3234 6461 19444 3233 6461 19445 3230 6462 19446 3235 6462 19447 3234 6462 19448 3231 6463 19449 3236 6463 19450 3235 6463 19451 3232 6464 19452 3237 6464 19453 3236 6464 19454 3234 6465 19455 3207 6465 19456 3202 6465 19457 3235 6466 19458 3212 6466 19459 3207 6466 19460 3236 6467 19461 3217 6467 19462 3212 6467 19463 3237 6468 19464 3218 6468 19465 3217 6468 19466 3238 6469 19467 3243 6469 19468 3242 6469 19469 3239 6470 19470 3244 6470 19471 3243 6470 19472 3240 6471 19473 3245 6471 19474 3244 6471 19475 3241 6472 19476 3246 6472 19477 3245 6472 19478 3243 6473 19479 3248 6473 19480 3247 6473 19481 3244 6474 19482 3249 6474 19483 3248 6474 19484 3245 6475 19485 3250 6475 19486 3249 6475 19487 3246 6476 19488 3251 6476 19489 3250 6476 19490 3248 6477 19491 3253 6477 19492 3252 6477 19493 3249 6478 19494 3254 6478 19495 3253 6478 19496 3250 6479 19497 3255 6479 19498 3254 6479 19499 3251 6480 19500 3256 6480 19501 3255 6480 19502 3253 6481 19503 3227 6481 19504 3222 6481 19505 3254 6482 19506 3232 6482 19507 3227 6482 19508 3255 6483 19509 3237 6483 19510 3232 6483 19511 3256 6484 19512 3218 6484 19513 3237 6484 19514 3260 6485 19515 3265 6485 19516 3264 6485 19517 3261 6486 19518 3266 6486 19519 3265 6486 19520 3262 6487 19521 3267 6487 19522 3266 6487 19523 3262 6488 19524 3263 6488 19525 3268 6488 19526 3265 6489 19527 3270 6489 19528 3269 6489 19529 3266 6490 19530 3271 6490 19531 3270 6490 19532 3266 6491 19533 3267 6491 19534 3272 6491 19535 3267 6492 19536 3268 6492 19537 3273 6492 19538 3270 6493 19539 3275 6493 19540 3274 6493 19541 3270 6494 19542 3271 6494 19543 3276 6494 19544 3271 6495 19545 3272 6495 19546 3277 6495 19547 3272 6496 19548 3273 6496 19549 3278 6496 19550 3274 6497 19551 3275 6497 19552 3307 6497 19553 3275 6498 19554 3276 6498 19555 3312 6498 19556 3276 6499 19557 3277 6499 19558 3317 6499 19559 3277 6500 19560 3278 6500 19561 3279 6500 19562 3280 6501 19563 3285 6501 19564 3284 6501 19565 3281 6502 19566 3286 6502 19567 3285 6502 19568 3282 6503 19569 3287 6503 19570 3286 6503 19571 3283 6504 19572 3288 6504 19573 3287 6504 19574 3285 6505 19575 3290 6505 19576 3289 6505 19577 3286 6506 19578 3291 6506 19579 3290 6506 19580 3287 6507 19581 3292 6507 19582 3291 6507 19583 3288 6508 19584 3293 6508 19585 3292 6508 19586 3290 6509 19587 3295 6509 19588 3294 6509 19589 3291 6510 19590 3296 6510 19591 3295 6510 19592 3292 6511 19593 3297 6511 19594 3296 6511 19595 3293 6512 19596 3298 6512 19597 3297 6512 19598 3295 6513 19599 3268 6513 19600 3263 6513 19601 3296 6514 19602 3273 6514 19603 3268 6514 19604 3297 6515 19605 3278 6515 19606 3273 6515 19607 3298 6516 19608 3279 6516 19609 3278 6516 19610 3299 6517 19611 3304 6517 19612 3303 6517 19613 3300 6518 19614 3305 6518 19615 3304 6518 19616 3301 6519 19617 3306 6519 19618 3305 6519 19619 3302 6520 19620 3307 6520 19621 3306 6520 19622 3304 6521 19623 3309 6521 19624 3308 6521 19625 3305 6522 19626 3310 6522 19627 3309 6522 19628 3306 6523 19629 3311 6523 19630 3310 6523 19631 3307 6524 19632 3312 6524 19633 3311 6524 19634 3309 6525 19635 3314 6525 19636 3313 6525 19637 3310 6526 19638 3315 6526 19639 3314 6526 19640 3311 6527 19641 3316 6527 19642 3315 6527 19643 3312 6528 19644 3317 6528 19645 3316 6528 19646 3314 6529 19647 3288 6529 19648 3283 6529 19649 3315 6530 19650 3293 6530 19651 3288 6530 19652 3316 6531 19653 3298 6531 19654 3293 6531 19655 3317 6532 19656 3279 6532 19657 3298 6532 19658 3321 6533 19659 3326 6533 19660 3325 6533 19661 3322 6534 19662 3327 6534 19663 3326 6534 19664 3323 6535 19665 3328 6535 19666 3327 6535 19667 3323 6536 19668 3324 6536 19669 3329 6536 19670 3326 6537 19671 3331 6537 19672 3330 6537 19673 3327 6538 19674 3332 6538 19675 3331 6538 19676 3327 6539 19677 3328 6539 19678 3333 6539 19679 3328 6540 19680 3329 6540 19681 3334 6540 19682 3331 6541 19683 3336 6541 19684 3335 6541 19685 3331 6542 19686 3332 6542 19687 3337 6542 19688 3332 6543 19689 3333 6543 19690 3338 6543 19691 3333 6544 19692 3334 6544 19693 3339 6544 19694 3335 6545 19695 3336 6545 19696 3368 6545 19697 3336 6546 19698 3337 6546 19699 3373 6546 19700 3337 6547 19701 3338 6547 19702 3378 6547 19703 3338 6548 19704 3339 6548 19705 3340 6548 19706 3341 6549 19707 3346 6549 19708 3345 6549 19709 3342 6550 19710 3347 6550 19711 3346 6550 19712 3343 6551 19713 3348 6551 19714 3347 6551 19715 3344 6552 19716 3349 6552 19717 3348 6552 19718 3346 6553 19719 3351 6553 19720 3350 6553 19721 3347 6554 19722 3352 6554 19723 3351 6554 19724 3348 6555 19725 3353 6555 19726 3352 6555 19727 3349 6556 19728 3354 6556 19729 3353 6556 19730 3351 6557 19731 3356 6557 19732 3355 6557 19733 3352 6558 19734 3357 6558 19735 3356 6558 19736 3353 6559 19737 3358 6559 19738 3357 6559 19739 3354 6560 19740 3359 6560 19741 3358 6560 19742 3356 6561 19743 3329 6561 19744 3324 6561 19745 3357 6562 19746 3334 6562 19747 3329 6562 19748 3358 6563 19749 3339 6563 19750 3334 6563 19751 3359 6564 19752 3340 6564 19753 3339 6564 19754 3360 6565 19755 3365 6565 19756 3364 6565 19757 3361 6566 19758 3366 6566 19759 3365 6566 19760 3362 6567 19761 3367 6567 19762 3366 6567 19763 3363 6568 19764 3368 6568 19765 3367 6568 19766 3365 6569 19767 3370 6569 19768 3369 6569 19769 3366 6570 19770 3371 6570 19771 3370 6570 19772 3367 6571 19773 3372 6571 19774 3371 6571 19775 3368 6572 19776 3373 6572 19777 3372 6572 19778 3370 6573 19779 3375 6573 19780 3374 6573 19781 3371 6574 19782 3376 6574 19783 3375 6574 19784 3372 6575 19785 3377 6575 19786 3376 6575 19787 3373 6576 19788 3378 6576 19789 3377 6576 19790 3375 6577 19791 3349 6577 19792 3344 6577 19793 3376 6578 19794 3354 6578 19795 3349 6578 19796 3377 6579 19797 3359 6579 19798 3354 6579 19799 3378 6580 19800 3340 6580 19801 3359 6580 19802 3382 6581 19803 3387 6581 19804 3386 6581 19805 3383 6582 19806 3388 6582 19807 3387 6582 19808 3384 6583 19809 3389 6583 19810 3388 6583 19811 3384 6584 19812 3385 6584 19813 3390 6584 19814 3387 6585 19815 3392 6585 19816 3391 6585 19817 3388 6586 19818 3393 6586 19819 3392 6586 19820 3388 6587 19821 3389 6587 19822 3394 6587 19823 3389 6588 19824 3390 6588 19825 3395 6588 19826 3392 6589 19827 3397 6589 19828 3396 6589 19829 3392 6590 19830 3393 6590 19831 3398 6590 19832 3393 6591 19833 3394 6591 19834 3399 6591 19835 3394 6592 19836 3395 6592 19837 3400 6592 19838 3396 6593 19839 3397 6593 19840 3429 6593 19841 3397 6594 19842 3398 6594 19843 3434 6594 19844 3398 6595 19845 3399 6595 19846 3439 6595 19847 3399 6596 19848 3400 6596 19849 3401 6596 19850 3402 6597 19851 3407 6597 19852 3406 6597 19853 3403 6598 19854 3408 6598 19855 3407 6598 19856 3404 6599 19857 3409 6599 19858 3408 6599 19859 3405 6600 19860 3410 6600 19861 3409 6600 19862 3407 6601 19863 3412 6601 19864 3411 6601 19865 3408 6602 19866 3413 6602 19867 3412 6602 19868 3409 6603 19869 3414 6603 19870 3413 6603 19871 3410 6604 19872 3415 6604 19873 3414 6604 19874 3412 6605 19875 3417 6605 19876 3416 6605 19877 3413 6606 19878 3418 6606 19879 3417 6606 19880 3414 6607 19881 3419 6607 19882 3418 6607 19883 3415 6608 19884 3420 6608 19885 3419 6608 19886 3417 6609 19887 3390 6609 19888 3385 6609 19889 3418 6610 19890 3395 6610 19891 3390 6610 19892 3419 6611 19893 3400 6611 19894 3395 6611 19895 3420 6612 19896 3401 6612 19897 3400 6612 19898 3421 6613 19899 3426 6613 19900 3425 6613 19901 3422 6614 19902 3427 6614 19903 3426 6614 19904 3423 6615 19905 3428 6615 19906 3427 6615 19907 3424 6616 19908 3429 6616 19909 3428 6616 19910 3426 6617 19911 3431 6617 19912 3430 6617 19913 3427 6618 19914 3432 6618 19915 3431 6618 19916 3428 6619 19917 3433 6619 19918 3432 6619 19919 3429 6620 19920 3434 6620 19921 3433 6620 19922 3431 6621 19923 3436 6621 19924 3435 6621 19925 3432 6622 19926 3437 6622 19927 3436 6622 19928 3433 6623 19929 3438 6623 19930 3437 6623 19931 3434 6624 19932 3439 6624 19933 3438 6624 19934 3436 6625 19935 3410 6625 19936 3405 6625 19937 3437 6626 19938 3415 6626 19939 3410 6626 19940 3438 6627 19941 3420 6627 19942 3415 6627 19943 3439 6628 19944 3401 6628 19945 3420 6628 19946 3443 6629 19947 3448 6629 19948 3447 6629 19949 3444 6630 19950 3449 6630 19951 3448 6630 19952 3445 6631 19953 3450 6631 19954 3449 6631 19955 3445 6632 19956 3446 6632 19957 3451 6632 19958 3448 6633 19959 3453 6633 19960 3452 6633 19961 3449 6634 19962 3454 6634 19963 3453 6634 19964 3449 6635 19965 3450 6635 19966 3455 6635 19967 3450 6636 19968 3451 6636 19969 3456 6636 19970 3453 6637 19971 3458 6637 19972 3457 6637 19973 3453 6638 19974 3454 6638 19975 3459 6638 19976 3454 6639 19977 3455 6639 19978 3460 6639 19979 3455 6640 19980 3456 6640 19981 3461 6640 19982 3457 6641 19983 3458 6641 19984 3490 6641 19985 3458 6642 19986 3459 6642 19987 3495 6642 19988 3459 6643 19989 3460 6643 19990 3500 6643 19991 3460 6644 19992 3461 6644 19993 3462 6644 19994 3463 6645 19995 3468 6645 19996 3467 6645 19997 3464 6646 19998 3469 6646 19999 3468 6646 20000 3465 6647 20001 3470 6647 20002 3469 6647 20003 3466 6648 20004 3471 6648 20005 3470 6648 20006 3468 6649 20007 3473 6649 20008 3472 6649 20009 3469 6650 20010 3474 6650 20011 3473 6650 20012 3470 6651 20013 3475 6651 20014 3474 6651 20015 3471 6652 20016 3476 6652 20017 3475 6652 20018 3473 6653 20019 3478 6653 20020 3477 6653 20021 3474 6654 20022 3479 6654 20023 3478 6654 20024 3475 6655 20025 3480 6655 20026 3479 6655 20027 3476 6656 20028 3481 6656 20029 3480 6656 20030 3478 6657 20031 3451 6657 20032 3446 6657 20033 3479 6658 20034 3456 6658 20035 3451 6658 20036 3480 6659 20037 3461 6659 20038 3456 6659 20039 3481 6660 20040 3462 6660 20041 3461 6660 20042 3482 6661 20043 3487 6661 20044 3486 6661 20045 3483 6662 20046 3488 6662 20047 3487 6662 20048 3484 6663 20049 3489 6663 20050 3488 6663 20051 3485 6664 20052 3490 6664 20053 3489 6664 20054 3487 6665 20055 3492 6665 20056 3491 6665 20057 3488 6666 20058 3493 6666 20059 3492 6666 20060 3489 6667 20061 3494 6667 20062 3493 6667 20063 3490 6668 20064 3495 6668 20065 3494 6668 20066 3492 6669 20067 3497 6669 20068 3496 6669 20069 3493 6670 20070 3498 6670 20071 3497 6670 20072 3494 6671 20073 3499 6671 20074 3498 6671 20075 3495 6672 20076 3500 6672 20077 3499 6672 20078 3497 6673 20079 3471 6673 20080 3466 6673 20081 3498 6674 20082 3476 6674 20083 3471 6674 20084 3499 6675 20085 3481 6675 20086 3476 6675 20087 3500 6676 20088 3462 6676 20089 3481 6676 20090 3504 6677 20091 3509 6677 20092 3508 6677 20093 3505 6678 20094 3510 6678 20095 3509 6678 20096 3506 6679 20097 3511 6679 20098 3510 6679 20099 3506 6680 20100 3507 6680 20101 3512 6680 20102 3509 6681 20103 3514 6681 20104 3513 6681 20105 3510 6682 20106 3515 6682 20107 3514 6682 20108 3510 6683 20109 3511 6683 20110 3516 6683 20111 3511 6684 20112 3512 6684 20113 3517 6684 20114 3514 6685 20115 3519 6685 20116 3518 6685 20117 3514 6686 20118 3515 6686 20119 3520 6686 20120 3515 6687 20121 3516 6687 20122 3521 6687 20123 3516 6688 20124 3517 6688 20125 3522 6688 20126 3518 6689 20127 3519 6689 20128 3551 6689 20129 3519 6690 20130 3520 6690 20131 3556 6690 20132 3520 6691 20133 3521 6691 20134 3561 6691 20135 3521 6692 20136 3522 6692 20137 3523 6692 20138 3524 6693 20139 3529 6693 20140 3528 6693 20141 3525 6694 20142 3530 6694 20143 3529 6694 20144 3526 6695 20145 3531 6695 20146 3530 6695 20147 3527 6696 20148 3532 6696 20149 3531 6696 20150 3529 6697 20151 3534 6697 20152 3533 6697 20153 3530 6698 20154 3535 6698 20155 3534 6698 20156 3531 6699 20157 3536 6699 20158 3535 6699 20159 3532 6700 20160 3537 6700 20161 3536 6700 20162 3534 6701 20163 3539 6701 20164 3538 6701 20165 3535 6702 20166 3540 6702 20167 3539 6702 20168 3536 6703 20169 3541 6703 20170 3540 6703 20171 3537 6704 20172 3542 6704 20173 3541 6704 20174 3539 6705 20175 3512 6705 20176 3507 6705 20177 3540 6706 20178 3517 6706 20179 3512 6706 20180 3541 6707 20181 3522 6707 20182 3517 6707 20183 3542 6708 20184 3523 6708 20185 3522 6708 20186 3543 6709 20187 3548 6709 20188 3547 6709 20189 3544 6710 20190 3549 6710 20191 3548 6710 20192 3545 6711 20193 3550 6711 20194 3549 6711 20195 3546 6712 20196 3551 6712 20197 3550 6712 20198 3548 6713 20199 3553 6713 20200 3552 6713 20201 3549 6714 20202 3554 6714 20203 3553 6714 20204 3550 6715 20205 3555 6715 20206 3554 6715 20207 3551 6716 20208 3556 6716 20209 3555 6716 20210 3553 6717 20211 3558 6717 20212 3557 6717 20213 3554 6718 20214 3559 6718 20215 3558 6718 20216 3555 6719 20217 3560 6719 20218 3559 6719 20219 3556 6720 20220 3561 6720 20221 3560 6720 20222 3558 6721 20223 3532 6721 20224 3527 6721 20225 3559 6722 20226 3537 6722 20227 3532 6722 20228 3560 6723 20229 3542 6723 20230 3537 6723 20231 3561 6724 20232 3523 6724 20233 3542 6724 20234 3565 6725 20235 3570 6725 20236 3569 6725 20237 3566 6726 20238 3571 6726 20239 3570 6726 20240 3567 6727 20241 3572 6727 20242 3571 6727 20243 3567 6728 20244 3568 6728 20245 3573 6728 20246 3570 6729 20247 3575 6729 20248 3574 6729 20249 3571 6730 20250 3576 6730 20251 3575 6730 20252 3571 6731 20253 3572 6731 20254 3577 6731 20255 3572 6732 20256 3573 6732 20257 3578 6732 20258 3575 6733 20259 3580 6733 20260 3579 6733 20261 3575 6734 20262 3576 6734 20263 3581 6734 20264 3576 6735 20265 3577 6735 20266 3582 6735 20267 3577 6736 20268 3578 6736 20269 3583 6736 20270 3579 6737 20271 3580 6737 20272 3612 6737 20273 3580 6738 20274 3581 6738 20275 3617 6738 20276 3581 6739 20277 3582 6739 20278 3622 6739 20279 3582 6740 20280 3583 6740 20281 3584 6740 20282 3585 6741 20283 3590 6741 20284 3589 6741 20285 3586 6742 20286 3591 6742 20287 3590 6742 20288 3587 6743 20289 3592 6743 20290 3591 6743 20291 3588 6744 20292 3593 6744 20293 3592 6744 20294 3590 6745 20295 3595 6745 20296 3594 6745 20297 3591 6746 20298 3596 6746 20299 3595 6746 20300 3592 6747 20301 3597 6747 20302 3596 6747 20303 3593 6748 20304 3598 6748 20305 3597 6748 20306 3595 6749 20307 3600 6749 20308 3599 6749 20309 3596 6750 20310 3601 6750 20311 3600 6750 20312 3597 6751 20313 3602 6751 20314 3601 6751 20315 3598 6752 20316 3603 6752 20317 3602 6752 20318 3600 6753 20319 3573 6753 20320 3568 6753 20321 3601 6754 20322 3578 6754 20323 3573 6754 20324 3602 6755 20325 3583 6755 20326 3578 6755 20327 3603 6756 20328 3584 6756 20329 3583 6756 20330 3604 6757 20331 3609 6757 20332 3608 6757 20333 3605 6758 20334 3610 6758 20335 3609 6758 20336 3606 6759 20337 3611 6759 20338 3610 6759 20339 3607 6760 20340 3612 6760 20341 3611 6760 20342 3609 6761 20343 3614 6761 20344 3613 6761 20345 3610 6762 20346 3615 6762 20347 3614 6762 20348 3611 6763 20349 3616 6763 20350 3615 6763 20351 3612 6764 20352 3617 6764 20353 3616 6764 20354 3614 6765 20355 3619 6765 20356 3618 6765 20357 3615 6766 20358 3620 6766 20359 3619 6766 20360 3616 6767 20361 3621 6767 20362 3620 6767 20363 3617 6768 20364 3622 6768 20365 3621 6768 20366 3619 6769 20367 3593 6769 20368 3588 6769 20369 3620 6770 20370 3598 6770 20371 3593 6770 20372 3621 6771 20373 3603 6771 20374 3598 6771 20375 3622 6772 20376 3584 6772 20377 3603 6772 20378 3626 6773 20379 3631 6773 20380 3630 6773 20381 3627 6774 20382 3632 6774 20383 3631 6774 20384 3628 6775 20385 3633 6775 20386 3632 6775 20387 3628 6776 20388 3629 6776 20389 3634 6776 20390 3631 6777 20391 3636 6777 20392 3635 6777 20393 3632 6778 20394 3637 6778 20395 3636 6778 20396 3632 6779 20397 3633 6779 20398 3638 6779 20399 3633 6780 20400 3634 6780 20401 3639 6780 20402 3636 6781 20403 3641 6781 20404 3640 6781 20405 3636 6782 20406 3637 6782 20407 3642 6782 20408 3637 6783 20409 3638 6783 20410 3643 6783 20411 3638 6784 20412 3639 6784 20413 3644 6784 20414 3640 6785 20415 3641 6785 20416 3673 6785 20417 3641 6786 20418 3642 6786 20419 3678 6786 20420 3642 6787 20421 3643 6787 20422 3683 6787 20423 3643 6788 20424 3644 6788 20425 3645 6788 20426 3646 6789 20427 3651 6789 20428 3650 6789 20429 3647 6790 20430 3652 6790 20431 3651 6790 20432 3648 6791 20433 3653 6791 20434 3652 6791 20435 3649 6792 20436 3654 6792 20437 3653 6792 20438 3651 6793 20439 3656 6793 20440 3655 6793 20441 3652 6794 20442 3657 6794 20443 3656 6794 20444 3653 6795 20445 3658 6795 20446 3657 6795 20447 3654 6796 20448 3659 6796 20449 3658 6796 20450 3656 6797 20451 3661 6797 20452 3660 6797 20453 3657 6798 20454 3662 6798 20455 3661 6798 20456 3658 6799 20457 3663 6799 20458 3662 6799 20459 3659 6800 20460 3664 6800 20461 3663 6800 20462 3661 6801 20463 3634 6801 20464 3629 6801 20465 3662 6802 20466 3639 6802 20467 3634 6802 20468 3663 6803 20469 3644 6803 20470 3639 6803 20471 3664 6804 20472 3645 6804 20473 3644 6804 20474 3665 6805 20475 3670 6805 20476 3669 6805 20477 3666 6806 20478 3671 6806 20479 3670 6806 20480 3667 6807 20481 3672 6807 20482 3671 6807 20483 3668 6808 20484 3673 6808 20485 3672 6808 20486 3670 6809 20487 3675 6809 20488 3674 6809 20489 3671 6810 20490 3676 6810 20491 3675 6810 20492 3672 6811 20493 3677 6811 20494 3676 6811 20495 3673 6812 20496 3678 6812 20497 3677 6812 20498 3675 6813 20499 3680 6813 20500 3679 6813 20501 3676 6814 20502 3681 6814 20503 3680 6814 20504 3677 6815 20505 3682 6815 20506 3681 6815 20507 3678 6816 20508 3683 6816 20509 3682 6816 20510 3680 6817 20511 3654 6817 20512 3649 6817 20513 3681 6818 20514 3659 6818 20515 3654 6818 20516 3682 6819 20517 3664 6819 20518 3659 6819 20519 3683 6820 20520 3645 6820 20521 3664 6820 20522 3687 6821 20523 3692 6821 20524 3691 6821 20525 3688 6822 20526 3693 6822 20527 3692 6822 20528 3689 6823 20529 3694 6823 20530 3693 6823 20531 3689 6824 20532 3690 6824 20533 3695 6824 20534 3692 6825 20535 3697 6825 20536 3696 6825 20537 3693 6826 20538 3698 6826 20539 3697 6826 20540 3693 6827 20541 3694 6827 20542 3699 6827 20543 3694 6828 20544 3695 6828 20545 3700 6828 20546 3697 6829 20547 3702 6829 20548 3701 6829 20549 3697 6830 20550 3698 6830 20551 3703 6830 20552 3698 6831 20553 3699 6831 20554 3704 6831 20555 3699 6832 20556 3700 6832 20557 3705 6832 20558 3701 6833 20559 3702 6833 20560 3734 6833 20561 3702 6834 20562 3703 6834 20563 3739 6834 20564 3703 6835 20565 3704 6835 20566 3744 6835 20567 3704 6836 20568 3705 6836 20569 3706 6836 20570 3707 6837 20571 3712 6837 20572 3711 6837 20573 3708 6838 20574 3713 6838 20575 3712 6838 20576 3709 6839 20577 3714 6839 20578 3713 6839 20579 3710 6840 20580 3715 6840 20581 3714 6840 20582 3712 6841 20583 3717 6841 20584 3716 6841 20585 3713 6842 20586 3718 6842 20587 3717 6842 20588 3714 6843 20589 3719 6843 20590 3718 6843 20591 3715 6844 20592 3720 6844 20593 3719 6844 20594 3717 6845 20595 3722 6845 20596 3721 6845 20597 3718 6846 20598 3723 6846 20599 3722 6846 20600 3719 6847 20601 3724 6847 20602 3723 6847 20603 3720 6848 20604 3725 6848 20605 3724 6848 20606 3722 6849 20607 3695 6849 20608 3690 6849 20609 3723 6850 20610 3700 6850 20611 3695 6850 20612 3724 6851 20613 3705 6851 20614 3700 6851 20615 3725 6852 20616 3706 6852 20617 3705 6852 20618 3726 6853 20619 3731 6853 20620 3730 6853 20621 3727 6854 20622 3732 6854 20623 3731 6854 20624 3728 6855 20625 3733 6855 20626 3732 6855 20627 3729 6856 20628 3734 6856 20629 3733 6856 20630 3731 6857 20631 3736 6857 20632 3735 6857 20633 3732 6858 20634 3737 6858 20635 3736 6858 20636 3733 6859 20637 3738 6859 20638 3737 6859 20639 3734 6860 20640 3739 6860 20641 3738 6860 20642 3736 6861 20643 3741 6861 20644 3740 6861 20645 3737 6862 20646 3742 6862 20647 3741 6862 20648 3738 6863 20649 3743 6863 20650 3742 6863 20651 3739 6864 20652 3744 6864 20653 3743 6864 20654 3741 6865 20655 3715 6865 20656 3710 6865 20657 3742 6866 20658 3720 6866 20659 3715 6866 20660 3743 6867 20661 3725 6867 20662 3720 6867 20663 3744 6868 20664 3706 6868 20665 3725 6868 20666 3748 6869 20667 3753 6869 20668 3752 6869 20669 3749 6870 20670 3754 6870 20671 3753 6870 20672 3750 6871 20673 3755 6871 20674 3754 6871 20675 3750 6872 20676 3751 6872 20677 3756 6872 20678 3753 6873 20679 3758 6873 20680 3757 6873 20681 3754 6874 20682 3759 6874 20683 3758 6874 20684 3754 6875 20685 3755 6875 20686 3760 6875 20687 3755 6876 20688 3756 6876 20689 3761 6876 20690 3758 6877 20691 3763 6877 20692 3762 6877 20693 3758 6878 20694 3759 6878 20695 3764 6878 20696 3759 6879 20697 3760 6879 20698 3765 6879 20699 3760 6880 20700 3761 6880 20701 3766 6880 20702 3762 6881 20703 3763 6881 20704 3795 6881 20705 3763 6882 20706 3764 6882 20707 3800 6882 20708 3764 6883 20709 3765 6883 20710 3805 6883 20711 3765 6884 20712 3766 6884 20713 3767 6884 20714 3768 6885 20715 3773 6885 20716 3772 6885 20717 3769 6886 20718 3774 6886 20719 3773 6886 20720 3770 6887 20721 3775 6887 20722 3774 6887 20723 3771 6888 20724 3776 6888 20725 3775 6888 20726 3773 6889 20727 3778 6889 20728 3777 6889 20729 3774 6890 20730 3779 6890 20731 3778 6890 20732 3775 6891 20733 3780 6891 20734 3779 6891 20735 3776 6892 20736 3781 6892 20737 3780 6892 20738 3778 6893 20739 3783 6893 20740 3782 6893 20741 3779 6894 20742 3784 6894 20743 3783 6894 20744 3780 6895 20745 3785 6895 20746 3784 6895 20747 3781 6896 20748 3786 6896 20749 3785 6896 20750 3783 6897 20751 3756 6897 20752 3751 6897 20753 3784 6898 20754 3761 6898 20755 3756 6898 20756 3785 6899 20757 3766 6899 20758 3761 6899 20759 3786 6900 20760 3767 6900 20761 3766 6900 20762 3787 6901 20763 3792 6901 20764 3791 6901 20765 3788 6902 20766 3793 6902 20767 3792 6902 20768 3789 6903 20769 3794 6903 20770 3793 6903 20771 3790 6904 20772 3795 6904 20773 3794 6904 20774 3792 6905 20775 3797 6905 20776 3796 6905 20777 3793 6906 20778 3798 6906 20779 3797 6906 20780 3794 6907 20781 3799 6907 20782 3798 6907 20783 3795 6908 20784 3800 6908 20785 3799 6908 20786 3797 6909 20787 3802 6909 20788 3801 6909 20789 3798 6910 20790 3803 6910 20791 3802 6910 20792 3799 6911 20793 3804 6911 20794 3803 6911 20795 3800 6912 20796 3805 6912 20797 3804 6912 20798 3802 6913 20799 3776 6913 20800 3771 6913 20801 3803 6914 20802 3781 6914 20803 3776 6914 20804 3804 6915 20805 3786 6915 20806 3781 6915 20807 3805 6916 20808 3767 6916 20809 3786 6916 20810 3809 6917 20811 3814 6917 20812 3813 6917 20813 3810 6918 20814 3815 6918 20815 3814 6918 20816 3811 6919 20817 3816 6919 20818 3815 6919 20819 3811 6920 20820 3812 6920 20821 3817 6920 20822 3814 6921 20823 3819 6921 20824 3818 6921 20825 3815 6922 20826 3820 6922 20827 3819 6922 20828 3815 6923 20829 3816 6923 20830 3821 6923 20831 3816 6924 20832 3817 6924 20833 3822 6924 20834 3819 6925 20835 3824 6925 20836 3823 6925 20837 3819 6926 20838 3820 6926 20839 3825 6926 20840 3820 6927 20841 3821 6927 20842 3826 6927 20843 3821 6928 20844 3822 6928 20845 3827 6928 20846 3823 6929 20847 3824 6929 20848 3856 6929 20849 3824 6930 20850 3825 6930 20851 3861 6930 20852 3825 6931 20853 3826 6931 20854 3866 6931 20855 3826 6932 20856 3827 6932 20857 3828 6932 20858 3829 6933 20859 3834 6933 20860 3833 6933 20861 3830 6934 20862 3835 6934 20863 3834 6934 20864 3831 6935 20865 3836 6935 20866 3835 6935 20867 3832 6936 20868 3837 6936 20869 3836 6936 20870 3834 6937 20871 3839 6937 20872 3838 6937 20873 3835 6938 20874 3840 6938 20875 3839 6938 20876 3836 6939 20877 3841 6939 20878 3840 6939 20879 3837 6940 20880 3842 6940 20881 3841 6940 20882 3839 6941 20883 3844 6941 20884 3843 6941 20885 3840 6942 20886 3845 6942 20887 3844 6942 20888 3841 6943 20889 3846 6943 20890 3845 6943 20891 3842 6944 20892 3847 6944 20893 3846 6944 20894 3844 6945 20895 3817 6945 20896 3812 6945 20897 3845 6946 20898 3822 6946 20899 3817 6946 20900 3846 6947 20901 3827 6947 20902 3822 6947 20903 3847 6948 20904 3828 6948 20905 3827 6948 20906 3848 6949 20907 3853 6949 20908 3852 6949 20909 3849 6950 20910 3854 6950 20911 3853 6950 20912 3850 6951 20913 3855 6951 20914 3854 6951 20915 3851 6952 20916 3856 6952 20917 3855 6952 20918 3853 6953 20919 3858 6953 20920 3857 6953 20921 3854 6954 20922 3859 6954 20923 3858 6954 20924 3855 6955 20925 3860 6955 20926 3859 6955 20927 3856 6956 20928 3861 6956 20929 3860 6956 20930 3858 6957 20931 3863 6957 20932 3862 6957 20933 3859 6958 20934 3864 6958 20935 3863 6958 20936 3860 6959 20937 3865 6959 20938 3864 6959 20939 3861 6960 20940 3866 6960 20941 3865 6960 20942 3863 6961 20943 3837 6961 20944 3832 6961 20945 3864 6962 20946 3842 6962 20947 3837 6962 20948 3865 6963 20949 3847 6963 20950 3842 6963 20951 3866 6964 20952 3828 6964 20953 3847 6964 20954 3870 6965 20955 3875 6965 20956 3874 6965 20957 3871 6966 20958 3876 6966 20959 3875 6966 20960 3872 6967 20961 3877 6967 20962 3876 6967 20963 3872 6968 20964 3873 6968 20965 3878 6968 20966 3875 6969 20967 3880 6969 20968 3879 6969 20969 3876 6970 20970 3881 6970 20971 3880 6970 20972 3876 6971 20973 3877 6971 20974 3882 6971 20975 3877 6972 20976 3878 6972 20977 3883 6972 20978 3880 6973 20979 3885 6973 20980 3884 6973 20981 3880 6974 20982 3881 6974 20983 3886 6974 20984 3881 6975 20985 3882 6975 20986 3887 6975 20987 3882 6976 20988 3883 6976 20989 3888 6976 20990 3884 6977 20991 3885 6977 20992 3917 6977 20993 3885 6978 20994 3886 6978 20995 3922 6978 20996 3886 6979 20997 3887 6979 20998 3927 6979 20999 3887 6980 21000 3888 6980 21001 3889 6980 21002 3890 6981 21003 3895 6981 21004 3894 6981 21005 3891 6982 21006 3896 6982 21007 3895 6982 21008 3892 6983 21009 3897 6983 21010 3896 6983 21011 3893 6984 21012 3898 6984 21013 3897 6984 21014 3895 6985 21015 3900 6985 21016 3899 6985 21017 3896 6986 21018 3901 6986 21019 3900 6986 21020 3897 6987 21021 3902 6987 21022 3901 6987 21023 3898 6988 21024 3903 6988 21025 3902 6988 21026 3900 6989 21027 3905 6989 21028 3904 6989 21029 3901 6990 21030 3906 6990 21031 3905 6990 21032 3902 6991 21033 3907 6991 21034 3906 6991 21035 3903 6992 21036 3908 6992 21037 3907 6992 21038 3905 6993 21039 3878 6993 21040 3873 6993 21041 3906 6994 21042 3883 6994 21043 3878 6994 21044 3907 6995 21045 3888 6995 21046 3883 6995 21047 3908 6996 21048 3889 6996 21049 3888 6996 21050 3909 6997 21051 3914 6997 21052 3913 6997 21053 3910 6998 21054 3915 6998 21055 3914 6998 21056 3911 6999 21057 3916 6999 21058 3915 6999 21059 3912 7000 21060 3917 7000 21061 3916 7000 21062 3914 7001 21063 3919 7001 21064 3918 7001 21065 3915 7002 21066 3920 7002 21067 3919 7002 21068 3916 7003 21069 3921 7003 21070 3920 7003 21071 3917 7004 21072 3922 7004 21073 3921 7004 21074 3919 7005 21075 3924 7005 21076 3923 7005 21077 3920 7006 21078 3925 7006 21079 3924 7006 21080 3921 7007 21081 3926 7007 21082 3925 7007 21083 3922 7008 21084 3927 7008 21085 3926 7008 21086 3924 7009 21087 3898 7009 21088 3893 7009 21089 3925 7010 21090 3903 7010 21091 3898 7010 21092 3926 7011 21093 3908 7011 21094 3903 7011 21095 3927 7012 21096 3889 7012 21097 3908 7012 21098 147 7013 21099 173 7013 21100 66 7013 21101 66 7014 21102 173 7014 21103 178 7014 21104 67 7015 21105 178 7015 21106 183 7015 21107 68 7016 21108 183 7016 21109 152 7016 21110 69 7017 21111 152 7017 21112 151 7017 21113 41 7018 21114 151 7018 21115 150 7018 21116 36 7019 21117 150 7019 21118 149 7019 21119 149 7020 21120 146 7020 21121 24 7020 21122 209 7021 21123 86 7021 21124 112 7021 21125 112 7022 21126 117 7022 21127 250 7022 21128 117 7023 21129 122 7023 21130 251 7023 21131 122 7024 21132 91 7024 21133 252 7024 21134 91 7025 21135 90 7025 21136 224 7025 21137 90 7026 21138 89 7026 21139 219 7026 21140 89 7027 21141 88 7027 21142 214 7027 21143 214 7028 21144 88 7028 21145 85 7028 21146 87 7029 21147 131 7029 21148 47 7029 21149 131 7030 21150 136 7030 21151 48 7030 21152 136 7031 21153 141 7031 21154 49 7031 21155 141 3149 21156 111 3149 21157 50 3149 21158 111 7032 21159 110 7032 21160 80 7032 21161 110 7033 21162 109 7033 21163 75 7033 21164 109 7034 21165 108 7034 21166 70 7034 21167 108 7035 21168 86 7035 21169 26 7035 21170 148 7036 21171 192 7036 21172 230 7036 21173 192 3155 21174 197 3155 21175 231 3155 21176 197 7037 21177 202 7037 21178 232 7037 21179 202 7038 21180 172 7038 21181 233 7038 21182 172 7039 21183 171 7039 21184 263 7039 21185 171 7040 21186 170 7040 21187 258 7040 21188 170 7041 21189 169 7041 21190 253 7041 21191 169 7042 21192 147 7042 21193 209 7042 21194 148 7043 21195 269 7043 21196 295 7043 21197 295 7044 21198 300 7044 21199 189 7044 21200 300 7045 21201 305 7045 21202 190 7045 21203 305 7046 21204 274 7046 21205 191 7046 21206 274 7047 21207 273 7047 21208 163 7047 21209 273 7048 21210 272 7048 21211 158 7048 21212 272 7049 21213 271 7049 21214 153 7049 21215 153 7050 21216 271 7050 21217 268 7050 21218 208 7051 21219 234 7051 21220 371 7051 21221 371 7052 21222 234 7052 21223 239 7052 21224 372 7053 21225 239 7053 21226 244 7053 21227 373 7054 21228 244 7054 21229 213 7054 21230 374 7055 21231 213 7055 21232 212 7055 21233 346 7056 21234 212 7056 21235 211 7056 21236 341 7057 21237 211 7057 21238 210 7057 21239 210 7058 21240 207 7058 21241 329 7058 21242 330 7059 21243 270 7059 21244 314 7059 21245 314 7060 21246 319 7060 21247 353 7060 21248 319 7061 21249 324 7061 21250 354 7061 21251 324 7062 21252 294 7062 21253 355 7062 21254 294 7063 21255 293 7063 21256 385 7063 21257 293 7064 21258 292 7064 21259 380 7064 21260 292 7065 21261 291 7065 21262 375 7065 21263 291 7066 21264 269 7066 21265 331 7066 21266 391 7067 21267 417 7067 21268 310 7067 21269 417 7068 21270 422 7068 21271 311 7068 21272 311 7069 21273 422 7069 21274 427 7069 21275 312 7070 21276 427 7070 21277 396 7070 21278 313 7071 21279 396 7071 21280 395 7071 21281 285 7072 21282 395 7072 21283 394 7072 21284 394 7073 21285 393 7073 21286 275 7073 21287 393 7074 21288 390 7074 21289 268 7074 21290 330 7075 21291 356 7075 21292 493 7075 21293 493 7076 21294 356 7076 21295 361 7076 21296 361 7077 21297 366 7077 21298 495 7077 21299 366 7078 21300 335 7078 21301 496 7078 21302 496 7079 21303 335 7079 21304 334 7079 21305 468 7080 21306 334 7080 21307 333 7080 21308 463 7081 21309 333 7081 21310 332 7081 21311 458 7082 21312 332 7082 21313 329 7082 21314 392 7083 21315 436 7083 21316 474 7083 21317 436 7084 21318 441 7084 21319 475 7084 21320 441 7085 21321 446 7085 21322 476 7085 21323 446 7086 21324 416 7086 21325 477 7086 21326 416 7087 21327 415 7087 21328 507 7087 21329 415 7088 21330 414 7088 21331 502 7088 21332 414 7089 21333 413 7089 21334 497 7089 21335 413 7090 21336 391 7090 21337 453 7090 21338 513 7091 21339 539 7091 21340 432 7091 21341 432 7092 21342 539 7092 21343 544 7092 21344 544 7093 21345 549 7093 21346 434 7093 21347 549 7094 21348 518 7094 21349 435 7094 21350 518 7095 21351 517 7095 21352 407 7095 21353 517 7096 21354 516 7096 21355 402 7096 21356 402 7097 21357 516 7097 21358 515 7097 21359 515 7098 21360 512 7098 21361 390 7098 21362 452 7099 21363 478 7099 21364 615 7099 21365 478 7100 21366 483 7100 21367 616 7100 21368 616 7101 21369 483 7101 21370 488 7101 21371 617 7102 21372 488 7102 21373 457 7102 21374 618 7103 21375 457 7103 21376 456 7103 21377 590 7104 21378 456 7104 21379 455 7104 21380 455 7105 21381 454 7105 21382 580 7105 21383 454 7106 21384 451 7106 21385 573 7106 21386 514 7107 21387 558 7107 21388 596 7107 21389 558 7108 21390 563 7108 21391 597 7108 21392 563 7109 21393 568 7109 21394 598 7109 21395 568 7110 21396 538 7110 21397 599 7110 21398 538 7111 21399 537 7111 21400 629 7111 21401 537 7112 21402 536 7112 21403 624 7112 21404 536 7113 21405 535 7113 21406 619 7113 21407 535 7114 21408 513 7114 21409 575 7114 21410 635 7115 21411 661 7115 21412 554 7115 21413 661 7116 21414 666 7116 21415 555 7116 21416 555 7117 21417 666 7117 21418 671 7117 21419 556 7118 21420 671 7118 21421 640 7118 21422 557 7119 21423 640 7119 21424 639 7119 21425 529 7120 21426 639 7120 21427 638 7120 21428 638 7121 21429 637 7121 21430 519 7121 21431 637 7122 21432 634 7122 21433 512 7122 21434 574 7123 21435 600 7123 21436 737 7123 21437 737 7124 21438 600 7124 21439 605 7124 21440 605 7125 21441 610 7125 21442 739 7125 21443 610 7126 21444 579 7126 21445 740 7126 21446 579 7127 21447 578 7127 21448 712 7127 21449 578 7128 21450 577 7128 21451 707 7128 21452 707 7129 21453 577 7129 21454 576 7129 21455 576 7130 21456 573 7130 21457 695 7130 21458 636 3250 21459 680 3250 21460 718 3250 21461 680 3251 21462 685 3251 21463 719 3251 21464 685 7131 21465 690 7131 21466 720 7131 21467 690 7132 21468 660 7132 21469 721 7132 21470 660 7133 21471 659 7133 21472 751 7133 21473 659 3255 21474 658 3255 21475 746 3255 21476 658 7134 21477 657 7134 21478 741 7134 21479 657 7135 21480 635 7135 21481 697 7135 21482 757 7136 21483 783 7136 21484 676 7136 21485 676 7137 21486 783 7137 21487 788 7137 21488 788 7138 21489 793 7138 21490 678 7138 21491 793 7139 21492 762 7139 21493 679 7139 21494 679 7140 21495 762 7140 21496 761 7140 21497 651 7141 21498 761 7141 21499 760 7141 21500 646 7142 21501 760 7142 21502 759 7142 21503 641 7143 21504 759 7143 21505 756 7143 21506 696 7144 21507 722 7144 21508 859 7144 21509 722 7145 21510 727 7145 21511 860 7145 21512 860 7146 21513 727 7146 21514 732 7146 21515 861 7147 21516 732 7147 21517 701 7147 21518 862 7148 21519 701 7148 21520 700 7148 21521 834 7149 21522 700 7149 21523 699 7149 21524 699 7150 21525 698 7150 21526 824 7150 21527 698 7151 21528 695 7151 21529 817 7151 21530 758 7152 21531 802 7152 21532 840 7152 21533 802 7153 21534 807 7153 21535 841 7153 21536 807 7154 21537 812 7154 21538 842 7154 21539 812 7155 21540 782 7155 21541 843 7155 21542 782 7156 21543 781 7156 21544 873 7156 21545 781 7157 21546 780 7157 21547 868 7157 21548 780 7158 21549 779 7158 21550 863 7158 21551 779 7159 21552 757 7159 21553 819 7159 21554 879 7160 21555 905 7160 21556 798 7160 21557 798 7161 21558 905 7161 21559 910 7161 21560 799 7162 21561 910 7162 21562 915 7162 21563 800 7163 21564 915 7163 21565 884 7163 21566 801 7164 21567 884 7164 21568 883 7164 21569 773 7165 21570 883 7165 21571 882 7165 21572 768 7166 21573 882 7166 21574 881 7166 21575 881 7167 21576 878 7167 21577 756 7167 21578 941 7168 21579 818 7168 21580 844 7168 21581 844 7169 21582 849 7169 21583 982 7169 21584 849 7170 21585 854 7170 21586 983 7170 21587 854 7171 21588 823 7171 21589 984 7171 21590 823 7172 21591 822 7172 21592 956 7172 21593 822 7173 21594 821 7173 21595 951 7173 21596 821 7174 21597 820 7174 21598 946 7174 21599 946 7175 21600 820 7175 21601 817 7175 21602 880 7176 21603 924 7176 21604 962 7176 21605 924 7177 21606 929 7177 21607 963 7177 21608 929 7178 21609 934 7178 21610 964 7178 21611 934 7179 21612 904 7179 21613 965 7179 21614 904 7180 21615 903 7180 21616 995 7180 21617 903 7181 21618 902 7181 21619 990 7181 21620 902 7182 21621 901 7182 21622 985 7182 21623 901 7183 21624 879 7183 21625 941 7183 21626 880 7184 21627 1001 7184 21628 1027 7184 21629 1027 7185 21630 1032 7185 21631 921 7185 21632 1032 7186 21633 1037 7186 21634 922 7186 21635 1037 7187 21636 1006 7187 21637 923 7187 21638 1006 7188 21639 1005 7188 21640 895 7188 21641 1005 7189 21642 1004 7189 21643 890 7189 21644 1004 7190 21645 1003 7190 21646 885 7190 21647 885 7191 21648 1003 7191 21649 1000 7191 21650 940 7192 21651 966 7192 21652 1103 7192 21653 1103 7193 21654 966 7193 21655 971 7193 21656 1104 7194 21657 971 7194 21658 976 7194 21659 1105 7195 21660 976 7195 21661 945 7195 21662 1106 7196 21663 945 7196 21664 944 7196 21665 1078 7197 21666 944 7197 21667 943 7197 21668 1073 7198 21669 943 7198 21670 942 7198 21671 942 7199 21672 939 7199 21673 1061 7199 21674 1002 7200 21675 1046 7200 21676 1084 7200 21677 1046 7201 21678 1051 7201 21679 1085 7201 21680 1051 7202 21681 1056 7202 21682 1086 7202 21683 1056 7203 21684 1026 7203 21685 1087 7203 21686 1026 7204 21687 1025 7204 21688 1117 7204 21689 1025 7205 21690 1024 7205 21691 1112 7205 21692 1024 7206 21693 1023 7206 21694 1107 7206 21695 1023 7207 21696 1001 7207 21697 1063 7207 21698 1123 7208 21699 1149 7208 21700 1042 7208 21701 1042 7209 21702 1149 7209 21703 1154 7209 21704 1043 7210 21705 1154 7210 21706 1159 7210 21707 1044 7211 21708 1159 7211 21709 1128 7211 21710 1045 7212 21711 1128 7212 21712 1127 7212 21713 1017 7213 21714 1127 7213 21715 1126 7213 21716 1012 7214 21717 1126 7214 21718 1125 7214 21719 1125 7215 21720 1122 7215 21721 1000 7215 21722 1185 7216 21723 1062 7216 21724 1088 7216 21725 1088 7217 21726 1093 7217 21727 1226 7217 21728 1093 7218 21729 1098 7218 21730 1227 7218 21731 1098 7219 21732 1067 7219 21733 1228 7219 21734 1067 7220 21735 1066 7220 21736 1200 7220 21737 1066 7221 21738 1065 7221 21739 1195 7221 21740 1065 7222 21741 1064 7222 21742 1190 7222 21743 1190 7223 21744 1064 7223 21745 1061 7223 21746 1124 7224 21747 1168 7224 21748 1206 7224 21749 1168 7225 21750 1173 7225 21751 1207 7225 21752 1173 7226 21753 1178 7226 21754 1208 7226 21755 1178 7227 21756 1148 7227 21757 1209 7227 21758 1148 7228 21759 1147 7228 21760 1239 7228 21761 1147 7229 21762 1146 7229 21763 1234 7229 21764 1146 7230 21765 1145 7230 21766 1229 7230 21767 1145 7231 21768 1123 7231 21769 1185 7231 21770 1124 7232 21771 1245 7232 21772 1271 7232 21773 1271 7233 21774 1276 7233 21775 1165 7233 21776 1276 7234 21777 1281 7234 21778 1166 7234 21779 1281 7235 21780 1250 7235 21781 1167 7235 21782 1250 7236 21783 1249 7236 21784 1139 7236 21785 1249 7237 21786 1248 7237 21787 1134 7237 21788 1248 7238 21789 1247 7238 21790 1129 7238 21791 1129 7239 21792 1247 7239 21793 1244 7239 21794 1184 7240 21795 1210 7240 21796 1347 7240 21797 1347 7241 21798 1210 7241 21799 1215 7241 21800 1348 7242 21801 1215 7242 21802 1220 7242 21803 1349 7243 21804 1220 7243 21805 1189 7243 21806 1350 7244 21807 1189 7244 21808 1188 7244 21809 1322 7245 21810 1188 7245 21811 1187 7245 21812 1317 7246 21813 1187 7246 21814 1186 7246 21815 1186 7247 21816 1183 7247 21817 1305 7247 21818 1306 7248 21819 1246 7248 21820 1290 7248 21821 1290 7249 21822 1295 7249 21823 1329 7249 21824 1295 7250 21825 1300 7250 21826 1330 7250 21827 1300 7251 21828 1270 7251 21829 1331 7251 21830 1270 7252 21831 1269 7252 21832 1361 7252 21833 1269 7253 21834 1268 7253 21835 1356 7253 21836 1268 7254 21837 1267 7254 21838 1351 7254 21839 1267 7255 21840 1245 7255 21841 1307 7255 21842 1367 7256 21843 1393 7256 21844 1286 7256 21845 1393 7257 21846 1398 7257 21847 1287 7257 21848 1287 7258 21849 1398 7258 21850 1403 7258 21851 1288 7259 21852 1403 7259 21853 1372 7259 21854 1289 7260 21855 1372 7260 21856 1371 7260 21857 1261 7261 21858 1371 7261 21859 1370 7261 21860 1370 7262 21861 1369 7262 21862 1251 7262 21863 1369 7263 21864 1366 7263 21865 1244 7263 21866 1306 7264 21867 1332 7264 21868 1469 7264 21869 1469 7265 21870 1332 7265 21871 1337 7265 21872 1337 7266 21873 1342 7266 21874 1471 7266 21875 1342 7267 21876 1311 7267 21877 1472 7267 21878 1472 7268 21879 1311 7268 21880 1310 7268 21881 1444 7269 21882 1310 7269 21883 1309 7269 21884 1439 7270 21885 1309 7270 21886 1308 7270 21887 1434 7271 21888 1308 7271 21889 1305 7271 21890 1368 7272 21891 1412 7272 21892 1450 7272 21893 1412 7273 21894 1417 7273 21895 1451 7273 21896 1417 3396 21897 1422 3396 21898 1452 3396 21899 1422 7274 21900 1392 7274 21901 1453 7274 21902 1392 7275 21903 1391 7275 21904 1483 7275 21905 1391 7276 21906 1390 7276 21907 1478 7276 21908 1390 3400 21909 1389 3400 21910 1473 3400 21911 1389 3401 21912 1367 3401 21913 1429 3401 21914 1489 7277 21915 1515 7277 21916 1408 7277 21917 1408 7278 21918 1515 7278 21919 1520 7278 21920 1520 7279 21921 1525 7279 21922 1410 7279 21923 1525 7280 21924 1494 7280 21925 1411 7280 21926 1494 7281 21927 1493 7281 21928 1383 7281 21929 1493 7282 21930 1492 7282 21931 1378 7282 21932 1378 7283 21933 1492 7283 21934 1491 7283 21935 1491 7284 21936 1488 7284 21937 1366 7284 21938 1428 7285 21939 1454 7285 21940 1591 7285 21941 1454 7286 21942 1459 7286 21943 1592 7286 21944 1592 7287 21945 1459 7287 21946 1464 7287 21947 1593 7288 21948 1464 7288 21949 1433 7288 21950 1594 7289 21951 1433 7289 21952 1432 7289 21953 1566 7290 21954 1432 7290 21955 1431 7290 21956 1431 7291 21957 1430 7291 21958 1556 7291 21959 1430 7292 21960 1427 7292 21961 1549 7292 21962 1490 7293 21963 1534 7293 21964 1572 7293 21965 1534 7294 21966 1539 7294 21967 1573 7294 21968 1539 7295 21969 1544 7295 21970 1574 7295 21971 1544 7296 21972 1514 7296 21973 1575 7296 21974 1514 3422 21975 1513 3422 21976 1605 3422 21977 1513 7297 21978 1512 7297 21979 1600 7297 21980 1512 7298 21981 1511 7298 21982 1595 7298 21983 1511 7299 21984 1489 7299 21985 1551 7299 21986 1611 7300 21987 1637 7300 21988 1530 7300 21989 1637 7301 21990 1642 7301 21991 1531 7301 21992 1531 7302 21993 1642 7302 21994 1647 7302 21995 1532 7303 21996 1647 7303 21997 1616 7303 21998 1533 7304 21999 1616 7304 22000 1615 7304 22001 1505 7305 22002 1615 7305 22003 1614 7305 22004 1614 7306 22005 1613 7306 22006 1495 7306 22007 1613 7307 22008 1610 7307 22009 1488 7307 22010 1550 7308 22011 1576 7308 22012 1713 7308 22013 1713 7309 22014 1576 7309 22015 1581 7309 22016 1581 7310 22017 1586 7310 22018 1715 7310 22019 1586 7311 22020 1555 7311 22021 1716 7311 22022 1555 7312 22023 1554 7312 22024 1688 7312 22025 1554 7313 22026 1553 7313 22027 1683 7313 22028 1683 7314 22029 1553 7314 22030 1552 7314 22031 1552 7315 22032 1549 7315 22033 1671 7315 22034 1612 7316 22035 1656 7316 22036 1694 7316 22037 1656 7317 22038 1661 7317 22039 1695 7317 22040 1661 7318 22041 1666 7318 22042 1696 7318 22043 1666 7319 22044 1636 7319 22045 1697 7319 22046 1636 7320 22047 1635 7320 22048 1727 7320 22049 1635 7321 22050 1634 7321 22051 1722 7321 22052 1634 7322 22053 1633 7322 22054 1717 7322 22055 1633 7323 22056 1611 7323 22057 1673 7323 22058 1733 7324 22059 1759 7324 22060 1652 7324 22061 1652 7325 22062 1759 7325 22063 1764 7325 22064 1764 7326 22065 1769 7326 22066 1654 7326 22067 1769 7327 22068 1738 7327 22069 1655 7327 22070 1655 7328 22071 1738 7328 22072 1737 7328 22073 1627 7329 22074 1737 7329 22075 1736 7329 22076 1622 7330 22077 1736 7330 22078 1735 7330 22079 1617 7331 22080 1735 7331 22081 1732 7331 22082 1672 7332 22083 1698 7332 22084 1835 7332 22085 1698 7333 22086 1703 7333 22087 1836 7333 22088 1836 7334 22089 1703 7334 22090 1708 7334 22091 1837 7335 22092 1708 7335 22093 1677 7335 22094 1838 7336 22095 1677 7336 22096 1676 7336 22097 1810 7337 22098 1676 7337 22099 1675 7337 22100 1675 7338 22101 1674 7338 22102 1800 7338 22103 1674 7339 22104 1671 7339 22105 1793 7339 22106 1734 7340 22107 1778 7340 22108 1816 7340 22109 1778 7341 22110 1783 7341 22111 1817 7341 22112 1783 7342 22113 1788 7342 22114 1818 7342 22115 1788 7343 22116 1758 7343 22117 1819 7343 22118 1758 7344 22119 1757 7344 22120 1849 7344 22121 1757 7345 22122 1756 7345 22123 1844 7345 22124 1756 7346 22125 1755 7346 22126 1839 7346 22127 1755 7347 22128 1733 7347 22129 1795 7347 22130 1855 7348 22131 1881 7348 22132 1774 7348 22133 1774 7349 22134 1881 7349 22135 1886 7349 22136 1775 7350 22137 1886 7350 22138 1891 7350 22139 1776 7351 22140 1891 7351 22141 1860 7351 22142 1777 7352 22143 1860 7352 22144 1859 7352 22145 1749 7353 22146 1859 7353 22147 1858 7353 22148 1744 7354 22149 1858 7354 22150 1857 7354 22151 1857 7355 22152 1854 7355 22153 1732 7355 22154 1917 7356 22155 1794 7356 22156 1820 7356 22157 1820 7357 22158 1825 7357 22159 1958 7357 22160 1825 7358 22161 1830 7358 22162 1959 7358 22163 1830 7359 22164 1799 7359 22165 1960 7359 22166 1799 7360 22167 1798 7360 22168 1932 7360 22169 1798 7361 22170 1797 7361 22171 1927 7361 22172 1797 7362 22173 1796 7362 22174 1922 7362 22175 1922 7363 22176 1796 7363 22177 1793 7363 22178 1856 7364 22179 1900 7364 22180 1938 7364 22181 1900 7365 22182 1905 7365 22183 1939 7365 22184 1905 7366 22185 1910 7366 22186 1940 7366 22187 1910 7367 22188 1880 7367 22189 1941 7367 22190 1880 7368 22191 1879 7368 22192 1971 7368 22193 1879 7369 22194 1878 7369 22195 1966 7369 22196 1878 3496 22197 1877 3496 22198 1961 3496 22199 1877 7370 22200 1855 7370 22201 1917 7370 22202 1856 7371 22203 1977 7371 22204 2003 7371 22205 2003 7372 22206 2008 7372 22207 1897 7372 22208 2008 7373 22209 2013 7373 22210 1898 7373 22211 2013 7374 22212 1982 7374 22213 1899 7374 22214 1982 7375 22215 1981 7375 22216 1871 7375 22217 1981 7376 22218 1980 7376 22219 1866 7376 22220 1980 7377 22221 1979 7377 22222 1861 7377 22223 1861 7378 22224 1979 7378 22225 1976 7378 22226 1916 7379 22227 1942 7379 22228 2079 7379 22229 2079 7380 22230 1942 7380 22231 1947 7380 22232 2080 7381 22233 1947 7381 22234 1952 7381 22235 2081 7382 22236 1952 7382 22237 1921 7382 22238 2082 7383 22239 1921 7383 22240 1920 7383 22241 2054 7384 22242 1920 7384 22243 1919 7384 22244 2049 7385 22245 1919 7385 22246 1918 7385 22247 1918 7386 22248 1915 7386 22249 2037 7386 22250 1978 7387 22251 2022 7387 22252 2060 7387 22253 2022 3515 22254 2027 3515 22255 2061 3515 22256 2027 7388 22257 2032 7388 22258 2062 7388 22259 2032 7389 22260 2002 7389 22261 2063 7389 22262 2002 7390 22263 2001 7390 22264 2093 7390 22265 2001 7391 22266 2000 7391 22267 2088 7391 22268 2000 7392 22269 1999 7392 22270 2083 7392 22271 1999 7393 22272 1977 7393 22273 2039 7393 22274 2099 7394 22275 2125 7394 22276 2018 7394 22277 2018 7395 22278 2125 7395 22279 2130 7395 22280 2019 7396 22281 2130 7396 22282 2135 7396 22283 2020 7397 22284 2135 7397 22285 2104 7397 22286 2021 7398 22287 2104 7398 22288 2103 7398 22289 1993 7399 22290 2103 7399 22291 2102 7399 22292 1988 7400 22293 2102 7400 22294 2101 7400 22295 2101 7401 22296 2098 7401 22297 1976 7401 22298 2161 7402 22299 2038 7402 22300 2064 7402 22301 2064 7403 22302 2069 7403 22303 2202 7403 22304 2069 7404 22305 2074 7404 22306 2203 7404 22307 2074 7405 22308 2043 7405 22309 2204 7405 22310 2043 7406 22311 2042 7406 22312 2176 7406 22313 2042 7407 22314 2041 7407 22315 2171 7407 22316 2041 7408 22317 2040 7408 22318 2166 7408 22319 2166 7409 22320 2040 7409 22321 2037 7409 22322 2100 7410 22323 2144 7410 22324 2182 7410 22325 2144 3539 22326 2149 3539 22327 2183 3539 22328 2149 7411 22329 2154 7411 22330 2184 7411 22331 2154 7412 22332 2124 7412 22333 2185 7412 22334 2124 7413 22335 2123 7413 22336 2215 7413 22337 2123 7414 22338 2122 7414 22339 2210 7414 22340 2122 7415 22341 2121 7415 22342 2205 7415 22343 2121 7416 22344 2099 7416 22345 2161 7416 22346 2100 7417 22347 2221 7417 22348 2247 7417 22349 2247 7418 22350 2252 7418 22351 2141 7418 22352 2252 7419 22353 2257 7419 22354 2142 7419 22355 2257 7420 22356 2226 7420 22357 2143 7420 22358 2226 7421 22359 2225 7421 22360 2115 7421 22361 2225 7422 22362 2224 7422 22363 2110 7422 22364 2224 7423 22365 2223 7423 22366 2105 7423 22367 2105 7424 22368 2223 7424 22369 2220 7424 22370 2160 7425 22371 2186 7425 22372 2323 7425 22373 2323 7426 22374 2186 7426 22375 2191 7426 22376 2324 7427 22377 2191 7427 22378 2196 7427 22379 2325 7428 22380 2196 7428 22381 2165 7428 22382 2326 7429 22383 2165 7429 22384 2164 7429 22385 2298 7430 22386 2164 7430 22387 2163 7430 22388 2293 7431 22389 2163 7431 22390 2162 7431 22391 2162 7432 22392 2159 7432 22393 2281 7432 22394 2282 7433 22395 2222 7433 22396 2266 7433 22397 2266 7434 22398 2271 7434 22399 2305 7434 22400 2271 7435 22401 2276 7435 22402 2306 7435 22403 2276 7436 22404 2246 7436 22405 2307 7436 22406 2246 7437 22407 2245 7437 22408 2337 7437 22409 2245 7438 22410 2244 7438 22411 2332 7438 22412 2244 7439 22413 2243 7439 22414 2327 7439 22415 2243 7440 22416 2221 7440 22417 2283 7440 22418 2343 7441 22419 2369 7441 22420 2262 7441 22421 2369 7442 22422 2374 7442 22423 2263 7442 22424 2263 7443 22425 2374 7443 22426 2379 7443 22427 2264 7444 22428 2379 7444 22429 2348 7444 22430 2265 7445 22431 2348 7445 22432 2347 7445 22433 2237 7446 22434 2347 7446 22435 2346 7446 22436 2346 7447 22437 2345 7447 22438 2227 7447 22439 2345 7448 22440 2342 7448 22441 2220 7448 22442 2282 7449 22443 2308 7449 22444 2445 7449 22445 2445 7450 22446 2308 7450 22447 2313 7450 22448 2313 7451 22449 2318 7451 22450 2447 7451 22451 2318 7452 22452 2287 7452 22453 2448 7452 22454 2448 7453 22455 2287 7453 22456 2286 7453 22457 2420 7454 22458 2286 7454 22459 2285 7454 22460 2415 7455 22461 2285 7455 22462 2284 7455 22463 2410 7456 22464 2284 7456 22465 2281 7456 22466 2344 7457 22467 2388 7457 22468 2426 7457 22469 2388 7458 22470 2393 7458 22471 2427 7458 22472 2393 7459 22473 2398 7459 22474 2428 7459 22475 2398 7460 22476 2368 7460 22477 2429 7460 22478 2368 7461 22479 2367 7461 22480 2459 7461 22481 2367 7462 22482 2366 7462 22483 2454 7462 22484 2366 3592 22485 2365 3592 22486 2449 3592 22487 2365 7463 22488 2343 7463 22489 2405 7463 22490 2465 7464 22491 2491 7464 22492 2384 7464 22493 2384 7465 22494 2491 7465 22495 2496 7465 22496 2496 7466 22497 2501 7466 22498 2386 7466 22499 2501 7467 22500 2470 7467 22501 2387 7467 22502 2470 7468 22503 2469 7468 22504 2359 7468 22505 2469 7469 22506 2468 7469 22507 2354 7469 22508 2354 7470 22509 2468 7470 22510 2467 7470 22511 2467 7471 22512 2464 7471 22513 2342 7471 22514 2404 7472 22515 2430 7472 22516 2567 7472 22517 2430 7473 22518 2435 7473 22519 2568 7473 22520 2568 7474 22521 2435 7474 22522 2440 7474 22523 2569 7475 22524 2440 7475 22525 2409 7475 22526 2570 7476 22527 2409 7476 22528 2408 7476 22529 2542 7477 22530 2408 7477 22531 2407 7477 22532 2407 7478 22533 2406 7478 22534 2532 7478 22535 2406 7479 22536 2403 7479 22537 2525 7479 22538 2466 7480 22539 2510 7480 22540 2548 7480 22541 2510 7481 22542 2515 7481 22543 2549 7481 22544 2515 7482 22545 2520 7482 22546 2550 7482 22547 2520 7483 22548 2490 7483 22549 2551 7483 22550 2490 7484 22551 2489 7484 22552 2581 7484 22553 2489 7485 22554 2488 7485 22555 2576 7485 22556 2488 3616 22557 2487 3616 22558 2571 3616 22559 2487 7486 22560 2465 7486 22561 2527 7486 22562 2587 7487 22563 2613 7487 22564 2506 7487 22565 2613 7488 22566 2618 7488 22567 2507 7488 22568 2507 7489 22569 2618 7489 22570 2623 7489 22571 2508 7490 22572 2623 7490 22573 2592 7490 22574 2509 7491 22575 2592 7491 22576 2591 7491 22577 2481 7492 22578 2591 7492 22579 2590 7492 22580 2590 7493 22581 2589 7493 22582 2471 7493 22583 2589 7494 22584 2586 7494 22585 2464 7494 22586 2526 7495 22587 2552 7495 22588 2689 7495 22589 2689 7496 22590 2552 7496 22591 2557 7496 22592 2557 7497 22593 2562 7497 22594 2691 7497 22595 2562 7498 22596 2531 7498 22597 2692 7498 22598 2531 7499 22599 2530 7499 22600 2664 7499 22601 2530 7500 22602 2529 7500 22603 2659 7500 22604 2659 7501 22605 2529 7501 22606 2528 7501 22607 2528 7502 22608 2525 7502 22609 2647 7502 22610 2588 3634 22611 2632 3634 22612 2670 3634 22613 2632 7503 22614 2637 7503 22615 2671 7503 22616 2637 7504 22617 2642 7504 22618 2672 7504 22619 2642 7505 22620 2612 7505 22621 2673 7505 22622 2612 7506 22623 2611 7506 22624 2703 7506 22625 2611 3639 22626 2610 3639 22627 2698 3639 22628 2610 7507 22629 2609 7507 22630 2693 7507 22631 2609 7508 22632 2587 7508 22633 2649 7508 22634 2709 7509 22635 2735 7509 22636 2628 7509 22637 2628 7510 22638 2735 7510 22639 2740 7510 22640 2740 7511 22641 2745 7511 22642 2630 7511 22643 2745 7512 22644 2714 7512 22645 2631 7512 22646 2631 7513 22647 2714 7513 22648 2713 7513 22649 2603 7514 22650 2713 7514 22651 2712 7514 22652 2598 7515 22653 2712 7515 22654 2711 7515 22655 2593 7516 22656 2711 7516 22657 2708 7516 22658 2648 7517 22659 2674 7517 22660 2811 7517 22661 2674 7518 22662 2679 7518 22663 2812 7518 22664 2812 7519 22665 2679 7519 22666 2684 7519 22667 2813 7520 22668 2684 7520 22669 2653 7520 22670 2814 7521 22671 2653 7521 22672 2652 7521 22673 2786 7522 22674 2652 7522 22675 2651 7522 22676 2651 7523 22677 2650 7523 22678 2776 7523 22679 2650 7524 22680 2647 7524 22681 2769 7524 22682 2710 7525 22683 2754 7525 22684 2792 7525 22685 2754 7526 22686 2759 7526 22687 2793 7526 22688 2759 7527 22689 2764 7527 22690 2794 7527 22691 2764 7528 22692 2734 7528 22693 2795 7528 22694 2734 7529 22695 2733 7529 22696 2825 7529 22697 2733 7530 22698 2732 7530 22699 2820 7530 22700 2732 7531 22701 2731 7531 22702 2815 7531 22703 2731 7532 22704 2709 7532 22705 2771 7532 22706 2831 7533 22707 2857 7533 22708 2750 7533 22709 2750 7534 22710 2857 7534 22711 2862 7534 22712 2751 7535 22713 2862 7535 22714 2867 7535 22715 2752 7536 22716 2867 7536 22717 2836 7536 22718 2753 7537 22719 2836 7537 22720 2835 7537 22721 2725 7538 22722 2835 7538 22723 2834 7538 22724 2720 7539 22725 2834 7539 22726 2833 7539 22727 2833 7540 22728 2830 7540 22729 2708 7540 22730 2893 7541 22731 2770 7541 22732 2796 7541 22733 2796 7542 22734 2801 7542 22735 2934 7542 22736 2801 7543 22737 2806 7543 22738 2935 7543 22739 2806 7544 22740 2775 7544 22741 2936 7544 22742 2775 7545 22743 2774 7545 22744 2908 7545 22745 2774 7546 22746 2773 7546 22747 2903 7546 22748 2773 7547 22749 2772 7547 22750 2898 7547 22751 2898 7548 22752 2772 7548 22753 2769 7548 22754 2832 7549 22755 2876 7549 22756 2914 7549 22757 2876 7550 22758 2881 7550 22759 2915 7550 22760 2881 7551 22761 2886 7551 22762 2916 7551 22763 2886 7552 22764 2856 7552 22765 2917 7552 22766 2856 7553 22767 2855 7553 22768 2947 7553 22769 2855 7554 22770 2854 7554 22771 2942 7554 22772 2854 7555 22773 2853 7555 22774 2937 7555 22775 2853 7556 22776 2831 7556 22777 2893 7556 22778 2832 7557 22779 2953 7557 22780 2979 7557 22781 2979 7558 22782 2984 7558 22783 2873 7558 22784 2984 7559 22785 2989 7559 22786 2874 7559 22787 2989 7560 22788 2958 7560 22789 2875 7560 22790 2958 7561 22791 2957 7561 22792 2847 7561 22793 2957 7562 22794 2956 7562 22795 2842 7562 22796 2956 7563 22797 2955 7563 22798 2837 7563 22799 2837 7564 22800 2955 7564 22801 2952 7564 22802 2892 7565 22803 2918 7565 22804 3055 7565 22805 3055 7566 22806 2918 7566 22807 2923 7566 22808 3056 7567 22809 2923 7567 22810 2928 7567 22811 3057 7568 22812 2928 7568 22813 2897 7568 22814 3058 7569 22815 2897 7569 22816 2896 7569 22817 3030 7570 22818 2896 7570 22819 2895 7570 22820 3025 7571 22821 2895 7571 22822 2894 7571 22823 2894 7572 22824 2891 7572 22825 3013 7572 22826 2954 7573 22827 2998 7573 22828 3036 7573 22829 2998 7574 22830 3003 7574 22831 3037 7574 22832 3003 7575 22833 3008 7575 22834 3038 7575 22835 3008 7576 22836 2978 7576 22837 3039 7576 22838 2978 7577 22839 2977 7577 22840 3069 7577 22841 2977 7578 22842 2976 7578 22843 3064 7578 22844 2976 7579 22845 2975 7579 22846 3059 7579 22847 2975 7580 22848 2953 7580 22849 3015 7580 22850 3075 7581 22851 3101 7581 22852 2994 7581 22853 2994 7582 22854 3101 7582 22855 3106 7582 22856 2995 7583 22857 3106 7583 22858 3111 7583 22859 2996 7584 22860 3111 7584 22861 3080 7584 22862 2997 7585 22863 3080 7585 22864 3079 7585 22865 2969 7586 22866 3079 7586 22867 3078 7586 22868 2964 7587 22869 3078 7587 22870 3077 7587 22871 3077 7588 22872 3074 7588 22873 2952 7588 22874 3137 7589 22875 3014 7589 22876 3040 7589 22877 3040 7590 22878 3045 7590 22879 3178 7590 22880 3045 7591 22881 3050 7591 22882 3179 7591 22883 3050 7592 22884 3019 7592 22885 3180 7592 22886 3019 7593 22887 3018 7593 22888 3152 7593 22889 3018 7594 22890 3017 7594 22891 3147 7594 22892 3017 7595 22893 3016 7595 22894 3142 7595 22895 3142 7596 22896 3016 7596 22897 3013 7596 22898 3076 7597 22899 3120 7597 22900 3158 7597 22901 3120 7598 22902 3125 7598 22903 3159 7598 22904 3125 7599 22905 3130 7599 22906 3160 7599 22907 3130 7600 22908 3100 7600 22909 3161 7600 22910 3100 7601 22911 3099 7601 22912 3191 7601 22913 3099 7602 22914 3098 7602 22915 3186 7602 22916 3098 7603 22917 3097 7603 22918 3181 7603 22919 3097 7604 22920 3075 7604 22921 3137 7604 22922 3076 7605 22923 3197 7605 22924 3223 7605 22925 3223 7606 22926 3228 7606 22927 3117 7606 22928 3228 7607 22929 3233 7607 22930 3118 7607 22931 3233 7608 22932 3202 7608 22933 3119 7608 22934 3202 7609 22935 3201 7609 22936 3091 7609 22937 3201 7610 22938 3200 7610 22939 3086 7610 22940 3200 7611 22941 3199 7611 22942 3081 7611 22943 3081 7612 22944 3199 7612 22945 3196 7612 22946 3136 7613 22947 3162 7613 22948 3299 7613 22949 3299 7614 22950 3162 7614 22951 3167 7614 22952 3300 7615 22953 3167 7615 22954 3172 7615 22955 3301 7616 22956 3172 7616 22957 3141 7616 22958 3302 7617 22959 3141 7617 22960 3140 7617 22961 3274 7618 22962 3140 7618 22963 3139 7618 22964 3269 7619 22965 3139 7619 22966 3138 7619 22967 3138 7620 22968 3135 7620 22969 3257 7620 22970 3258 7621 22971 3198 7621 22972 3242 7621 22973 3242 7622 22974 3247 7622 22975 3281 7622 22976 3247 7623 22977 3252 7623 22978 3282 7623 22979 3252 7624 22980 3222 7624 22981 3283 7624 22982 3222 7625 22983 3221 7625 22984 3313 7625 22985 3221 7626 22986 3220 7626 22987 3308 7626 22988 3220 7627 22989 3219 7627 22990 3303 7627 22991 3219 7628 22992 3197 7628 22993 3259 7628 22994 3319 7629 22995 3345 7629 22996 3238 7629 22997 3345 7630 22998 3350 7630 22999 3239 7630 23000 3239 7631 23001 3350 7631 23002 3355 7631 23003 3240 7632 23004 3355 7632 23005 3324 7632 23006 3241 7633 23007 3324 7633 23008 3323 7633 23009 3213 7634 23010 3323 7634 23011 3322 7634 23012 3322 7635 23013 3321 7635 23014 3203 7635 23015 3321 7636 23016 3318 7636 23017 3196 7636 23018 3258 7637 23019 3284 7637 23020 3421 7637 23021 3421 7638 23022 3284 7638 23023 3289 7638 23024 3289 7639 23025 3294 7639 23026 3423 7639 23027 3294 7640 23028 3263 7640 23029 3424 7640 23030 3424 7641 23031 3263 7641 23032 3262 7641 23033 3396 7642 23034 3262 7642 23035 3261 7642 23036 3391 7643 23037 3261 7643 23038 3260 7643 23039 3386 7644 23040 3260 7644 23041 3257 7644 23042 3320 7645 23043 3364 7645 23044 3402 7645 23045 3364 7646 23046 3369 7646 23047 3403 7646 23048 3369 3780 23049 3374 3780 23050 3404 3780 23051 3374 7647 23052 3344 7647 23053 3405 7647 23054 3344 7648 23055 3343 7648 23056 3435 7648 23057 3343 7649 23058 3342 7649 23059 3430 7649 23060 3342 7650 23061 3341 7650 23062 3425 7650 23063 3341 3785 23064 3319 3785 23065 3381 3785 23066 3441 7651 23067 3467 7651 23068 3360 7651 23069 3360 7652 23070 3467 7652 23071 3472 7652 23072 3472 7653 23073 3477 7653 23074 3362 7653 23075 3477 7654 23076 3446 7654 23077 3363 7654 23078 3446 7655 23079 3445 7655 23080 3335 7655 23081 3445 7656 23082 3444 7656 23083 3330 7656 23084 3330 7657 23085 3444 7657 23086 3443 7657 23087 3443 7658 23088 3440 7658 23089 3318 7658 23090 3380 7659 23091 3406 7659 23092 3543 7659 23093 3406 7660 23094 3411 7660 23095 3544 7660 23096 3544 7661 23097 3411 7661 23098 3416 7661 23099 3545 7662 23100 3416 7662 23101 3385 7662 23102 3546 7663 23103 3385 7663 23104 3384 7663 23105 3518 7664 23106 3384 7664 23107 3383 7664 23108 3383 7665 23109 3382 7665 23110 3508 7665 23111 3382 7666 23112 3379 7666 23113 3501 7666 23114 3442 7667 23115 3486 7667 23116 3524 7667 23117 3486 3803 23118 3491 3803 23119 3525 3803 23120 3491 7668 23121 3496 7668 23122 3526 7668 23123 3496 7669 23124 3466 7669 23125 3527 7669 23126 3466 7670 23127 3465 7670 23128 3557 7670 23129 3465 7671 23130 3464 7671 23131 3552 7671 23132 3464 7672 23133 3463 7672 23134 3547 7672 23135 3463 7673 23136 3441 7673 23137 3503 7673 23138 3563 7674 23139 3589 7674 23140 3482 7674 23141 3589 7675 23142 3594 7675 23143 3483 7675 23144 3483 7676 23145 3594 7676 23146 3599 7676 23147 3484 7677 23148 3599 7677 23149 3568 7677 23150 3485 7678 23151 3568 7678 23152 3567 7678 23153 3457 7679 23154 3567 7679 23155 3566 7679 23156 3566 7680 23157 3565 7680 23158 3447 7680 23159 3565 7681 23160 3562 7681 23161 3440 7681 23162 3502 7682 23163 3528 7682 23164 3665 7682 23165 3665 7683 23166 3528 7683 23167 3533 7683 23168 3533 7684 23169 3538 7684 23170 3667 7684 23171 3538 7685 23172 3507 7685 23173 3668 7685 23174 3507 7686 23175 3506 7686 23176 3640 7686 23177 3506 7687 23178 3505 7687 23179 3635 7687 23180 3635 7688 23181 3505 7688 23182 3504 7688 23183 3504 7689 23184 3501 7689 23185 3623 7689 23186 3564 7690 23187 3608 7690 23188 3646 7690 23189 3608 3827 23190 3613 3827 23191 3647 3827 23192 3613 7691 23193 3618 7691 23194 3648 7691 23195 3618 7692 23196 3588 7692 23197 3649 7692 23198 3588 7693 23199 3587 7693 23200 3679 7693 23201 3587 7694 23202 3586 7694 23203 3674 7694 23204 3586 7695 23205 3585 7695 23206 3669 7695 23207 3585 7696 23208 3563 7696 23209 3625 7696 23210 3685 7697 23211 3711 7697 23212 3604 7697 23213 3604 7698 23214 3711 7698 23215 3716 7698 23216 3716 7699 23217 3721 7699 23218 3606 7699 23219 3721 7700 23220 3690 7700 23221 3607 7700 23222 3607 7701 23223 3690 7701 23224 3689 7701 23225 3579 7702 23226 3689 7702 23227 3688 7702 23228 3574 7703 23229 3688 7703 23230 3687 7703 23231 3569 7704 23232 3687 7704 23233 3684 7704 23234 3624 7705 23235 3650 7705 23236 3787 7705 23237 3650 7706 23238 3655 7706 23239 3788 7706 23240 3788 7707 23241 3655 7707 23242 3660 7707 23243 3789 7708 23244 3660 7708 23245 3629 7708 23246 3790 7709 23247 3629 7709 23248 3628 7709 23249 3762 7710 23250 3628 7710 23251 3627 7710 23252 3627 7711 23253 3626 7711 23254 3752 7711 23255 3626 7712 23256 3623 7712 23257 3745 7712 23258 3686 7713 23259 3730 7713 23260 3768 7713 23261 3730 7714 23262 3735 7714 23263 3769 7714 23264 3735 7715 23265 3740 7715 23266 3770 7715 23267 3740 7716 23268 3710 7716 23269 3771 7716 23270 3710 7717 23271 3709 7717 23272 3801 7717 23273 3709 7718 23274 3708 7718 23275 3796 7718 23276 3708 7719 23277 3707 7719 23278 3791 7719 23279 3707 7720 23280 3685 7720 23281 3747 7720 23282 3807 7721 23283 3833 7721 23284 3726 7721 23285 3726 7722 23286 3833 7722 23287 3838 7722 23288 3727 7723 23289 3838 7723 23290 3843 7723 23291 3728 7724 23292 3843 7724 23293 3812 7724 23294 3729 7725 23295 3812 7725 23296 3811 7725 23297 3701 7726 23298 3811 7726 23299 3810 7726 23300 3696 7727 23301 3810 7727 23302 3809 7727 23303 3809 7728 23304 3806 7728 23305 3684 7728 23306 3869 7729 23307 3746 7729 23308 3772 7729 23309 3772 7730 23310 3777 7730 23311 3910 7730 23312 3777 7731 23313 3782 7731 23314 3911 7731 23315 3782 7732 23316 3751 7732 23317 3912 7732 23318 3751 7733 23319 3750 7733 23320 3884 7733 23321 3750 7734 23322 3749 7734 23323 3879 7734 23324 3749 7735 23325 3748 7735 23326 3874 7735 23327 3874 7736 23328 3748 7736 23329 3745 7736 23330 3808 7737 23331 3852 7737 23332 3890 7737 23333 3852 7738 23334 3857 7738 23335 3891 7738 23336 3857 7739 23337 3862 7739 23338 3892 7739 23339 3862 7740 23340 3832 7740 23341 3893 7740 23342 3832 7741 23343 3831 7741 23344 3923 7741 23345 3831 7742 23346 3830 7742 23347 3918 7742 23348 3830 3880 23349 3829 3880 23350 3913 3880 23351 3829 7743 23352 3807 7743 23353 3869 7743 23354 3808 7744 23355 25 7744 23356 51 7744 23357 51 7745 23358 56 7745 23359 3849 7745 23360 56 7746 23361 61 7746 23362 3850 7746 23363 61 7747 23364 30 7747 23365 3851 7747 23366 30 7748 23367 29 7748 23368 3823 7748 23369 29 7749 23370 28 7749 23371 3818 7749 23372 28 7750 23373 27 7750 23374 3813 7750 23375 3813 7751 23376 27 7751 23377 24 7751 23378 3868 7752 23379 3894 7752 23380 127 7752 23381 127 7753 23382 3894 7753 23383 3899 7753 23384 128 7754 23385 3899 7754 23386 3904 7754 23387 129 7755 23388 3904 7755 23389 3873 7755 23390 130 7756 23391 3873 7756 23392 3872 7756 23393 102 7757 23394 3872 7757 23395 3871 7757 23396 97 7758 23397 3871 7758 23398 3870 7758 23399 3870 7759 23400 3867 7759 23401 85 7759 23402 3806 25 23403 24 25 23404 146 25 23405 146 25 23406 268 25 23407 390 25 23408 390 7760 23409 512 7760 23410 634 7760 23411 634 25 23412 756 25 23413 390 25 23414 756 25 23415 878 25 23416 390 25 23417 878 25 23418 1000 25 23419 1122 25 23420 1122 25 23421 1244 25 23422 1366 25 23423 1366 25 23424 1488 25 23425 1610 25 23426 1610 25 23427 1732 25 23428 1366 25 23429 1732 25 23430 1854 25 23431 1366 25 23432 1854 25 23433 1976 25 23434 2098 25 23435 2098 7761 23436 2220 7761 23437 2342 7761 23438 2342 25 23439 2464 25 23440 2586 25 23441 2586 25 23442 2708 25 23443 2342 25 23444 2708 25 23445 2830 25 23446 2342 25 23447 2830 25 23448 2952 25 23449 3074 25 23450 3074 25 23451 3196 25 23452 3318 25 23453 3318 7762 23454 3440 7762 23455 3562 7762 23456 3562 25 23457 3684 25 23458 3318 25 23459 3684 25 23460 3806 25 23461 3318 25 23462 3806 25 23463 146 25 23464 390 25 23465 878 25 23466 1122 25 23467 1366 25 23468 1854 25 23469 2098 25 23470 2342 25 23471 2830 25 23472 3074 25 23473 3318 25 23474 3806 7763 23475 390 7763 23476 878 7763 23477 878 7764 23478 1366 7764 23479 1854 7764 23480 1854 25 23481 2342 25 23482 2830 25 23483 2830 7764 23484 3318 7764 23485 3806 7764 23486 3806 7765 23487 878 7765 23488 1854 7765 23489 16 0 23490 3 0 23491 1 0 23492 22 1 23493 17 1 23494 13 1 23495 9 2 23496 4 2 23497 15 2 23498 5 3 23499 11 3 23500 7 3 23501 10 4 23502 23 4 23503 19 4 23504 0 7766 23505 2 7766 23506 7 7766 23507 3 7767 23508 5 7767 23509 2 7767 23510 9 7768 23511 11 7768 23512 5 7768 23513 8 7769 23514 7 7769 23515 11 7769 23516 6 7770 23517 8 7770 23518 19 7770 23519 21 7771 23520 23 7771 23521 10 7771 23522 20 7772 23523 19 7772 23524 23 7772 23525 18 7773 23526 20 7773 23527 13 7773 23528 15 7774 23529 17 7774 23530 22 7774 23531 14 7775 23532 13 7775 23533 17 7775 23534 12 7776 23535 14 7776 23536 1 7776 23537 4 7777 23538 3 7777 23539 16 7777 23540 18 25 23541 12 25 23542 0 25 23543</p>
        </triangles>
      </mesh>
    </geometry>
  </library_geometries>
  <library_visual_scenes>
    <visual_scene id="Scene" name="Scene">
      <node id="right_ankle" name="right_ankle" type="NODE">
        <matrix sid="transform">-0.01331294 -4.1333e-4 0 9.48781e-4 4.1333e-4 -0.01331294 0 -0.02 0 0 0.01331935 -0.01841752 0 0 0 1</matrix>
        <instance_geometry url="#Cube_002-mesh" name="right_ankle">
          <bind_material>
            <technique_common>
              <instance_material symbol="Material_002-material" target="#Material_002-material"/>
            </technique_common>
          </bind_material>
        </instance_geometry>
      </node>
    </visual_scene>
  </library_visual_scenes>
  <scene>
    <instance_visual_scene url="#Scene"/>
  </scene>
</COLLADA>